-- Auto-generated SQL script from locale files
-- This script populates expressions, meanings, and expression_versions tables

INSERT INTO meanings (id, gloss, description, created_by, updated_by, created_at, updated_at, tags) VALUES (1, 'langmap.home.title', '', 'langmap', 'langmap', datetime('now'), datetime('now'), '["langmap"]');
INSERT INTO meanings (id, gloss, description, created_by, updated_by, created_at, updated_at, tags) VALUES (2, 'langmap.home.subtitle', '', 'langmap', 'langmap', datetime('now'), datetime('now'), '["langmap"]');
INSERT INTO meanings (id, gloss, description, created_by, updated_by, created_at, updated_at, tags) VALUES (3, 'langmap.home.searchPlaceholder', '', 'langmap', 'langmap', datetime('now'), datetime('now'), '["langmap"]');
INSERT INTO meanings (id, gloss, description, created_by, updated_by, created_at, updated_at, tags) VALUES (4, 'langmap.home.searchButton', '', 'langmap', 'langmap', datetime('now'), datetime('now'), '["langmap"]');
INSERT INTO meanings (id, gloss, description, created_by, updated_by, created_at, updated_at, tags) VALUES (5, 'langmap.home.totalExpressions', '', 'langmap', 'langmap', datetime('now'), datetime('now'), '["langmap"]');
INSERT INTO meanings (id, gloss, description, created_by, updated_by, created_at, updated_at, tags) VALUES (6, 'langmap.home.languages', '', 'langmap', 'langmap', datetime('now'), datetime('now'), '["langmap"]');
INSERT INTO meanings (id, gloss, description, created_by, updated_by, created_at, updated_at, tags) VALUES (7, 'langmap.home.regions', '', 'langmap', 'langmap', datetime('now'), datetime('now'), '["langmap"]');
INSERT INTO meanings (id, gloss, description, created_by, updated_by, created_at, updated_at, tags) VALUES (8, 'langmap.home.mapTitle', '', 'langmap', 'langmap', datetime('now'), datetime('now'), '["langmap"]');
INSERT INTO meanings (id, gloss, description, created_by, updated_by, created_at, updated_at, tags) VALUES (9, 'langmap.home.mapDescription', '', 'langmap', 'langmap', datetime('now'), datetime('now'), '["langmap"]');
INSERT INTO meanings (id, gloss, description, created_by, updated_by, created_at, updated_at, tags) VALUES (10, 'langmap.home.expressionDensity', '', 'langmap', 'langmap', datetime('now'), datetime('now'), '["langmap"]');
INSERT INTO meanings (id, gloss, description, created_by, updated_by, created_at, updated_at, tags) VALUES (11, 'langmap.home.getStarted', '', 'langmap', 'langmap', datetime('now'), datetime('now'), '["langmap"]');
INSERT INTO meanings (id, gloss, description, created_by, updated_by, created_at, updated_at, tags) VALUES (12, 'langmap.home.searchExpressions', '', 'langmap', 'langmap', datetime('now'), datetime('now'), '["langmap"]');
INSERT INTO meanings (id, gloss, description, created_by, updated_by, created_at, updated_at, tags) VALUES (13, 'langmap.home.searchExpressionsDesc', '', 'langmap', 'langmap', datetime('now'), datetime('now'), '["langmap"]');
INSERT INTO meanings (id, gloss, description, created_by, updated_by, created_at, updated_at, tags) VALUES (14, 'langmap.home.startSearching', '', 'langmap', 'langmap', datetime('now'), datetime('now'), '["langmap"]');
INSERT INTO meanings (id, gloss, description, created_by, updated_by, created_at, updated_at, tags) VALUES (15, 'langmap.home.addExpression', '', 'langmap', 'langmap', datetime('now'), datetime('now'), '["langmap"]');
INSERT INTO meanings (id, gloss, description, created_by, updated_by, created_at, updated_at, tags) VALUES (16, 'langmap.home.addExpressionDesc', '', 'langmap', 'langmap', datetime('now'), datetime('now'), '["langmap"]');
INSERT INTO meanings (id, gloss, description, created_by, updated_by, created_at, updated_at, tags) VALUES (17, 'langmap.home.heatmap.region', '', 'langmap', 'langmap', datetime('now'), datetime('now'), '["langmap"]');
INSERT INTO meanings (id, gloss, description, created_by, updated_by, created_at, updated_at, tags) VALUES (18, 'langmap.home.heatmap.language', '', 'langmap', 'langmap', datetime('now'), datetime('now'), '["langmap"]');
INSERT INTO meanings (id, gloss, description, created_by, updated_by, created_at, updated_at, tags) VALUES (19, 'langmap.home.heatmap.expressions', '', 'langmap', 'langmap', datetime('now'), datetime('now'), '["langmap"]');
INSERT INTO meanings (id, gloss, description, created_by, updated_by, created_at, updated_at, tags) VALUES (20, 'langmap.home.heatmap.unknown', '', 'langmap', 'langmap', datetime('now'), datetime('now'), '["langmap"]');
INSERT INTO meanings (id, gloss, description, created_by, updated_by, created_at, updated_at, tags) VALUES (21, 'langmap.home.addNew', '', 'langmap', 'langmap', datetime('now'), datetime('now'), '["langmap"]');
INSERT INTO meanings (id, gloss, description, created_by, updated_by, created_at, updated_at, tags) VALUES (22, 'langmap.home.exploreMap', '', 'langmap', 'langmap', datetime('now'), datetime('now'), '["langmap"]');
INSERT INTO meanings (id, gloss, description, created_by, updated_by, created_at, updated_at, tags) VALUES (23, 'langmap.home.exploreMapDesc', '', 'langmap', 'langmap', datetime('now'), datetime('now'), '["langmap"]');
INSERT INTO meanings (id, gloss, description, created_by, updated_by, created_at, updated_at, tags) VALUES (24, 'langmap.home.viewMap', '', 'langmap', 'langmap', datetime('now'), datetime('now'), '["langmap"]');
INSERT INTO meanings (id, gloss, description, created_by, updated_by, created_at, updated_at, tags) VALUES (25, 'langmap.home.loadingMap', '', 'langmap', 'langmap', datetime('now'), datetime('now'), '["langmap"]');
INSERT INTO meanings (id, gloss, description, created_by, updated_by, created_at, updated_at, tags) VALUES (26, 'langmap.nav.home', '', 'langmap', 'langmap', datetime('now'), datetime('now'), '["langmap"]');
INSERT INTO meanings (id, gloss, description, created_by, updated_by, created_at, updated_at, tags) VALUES (27, 'langmap.nav.search', '', 'langmap', 'langmap', datetime('now'), datetime('now'), '["langmap"]');
INSERT INTO meanings (id, gloss, description, created_by, updated_by, created_at, updated_at, tags) VALUES (28, 'langmap.footer.copyright', '', 'langmap', 'langmap', datetime('now'), datetime('now'), '["langmap"]');
INSERT INTO meanings (id, gloss, description, created_by, updated_by, created_at, updated_at, tags) VALUES (29, 'langmap.search.title', '', 'langmap', 'langmap', datetime('now'), datetime('now'), '["langmap"]');
INSERT INTO meanings (id, gloss, description, created_by, updated_by, created_at, updated_at, tags) VALUES (30, 'langmap.search.description', '', 'langmap', 'langmap', datetime('now'), datetime('now'), '["langmap"]');
INSERT INTO meanings (id, gloss, description, created_by, updated_by, created_at, updated_at, tags) VALUES (31, 'langmap.search.placeholder', '', 'langmap', 'langmap', datetime('now'), datetime('now'), '["langmap"]');
INSERT INTO meanings (id, gloss, description, created_by, updated_by, created_at, updated_at, tags) VALUES (32, 'langmap.search.button', '', 'langmap', 'langmap', datetime('now'), datetime('now'), '["langmap"]');
INSERT INTO meanings (id, gloss, description, created_by, updated_by, created_at, updated_at, tags) VALUES (33, 'langmap.search.searching', '', 'langmap', 'langmap', datetime('now'), datetime('now'), '["langmap"]');
INSERT INTO meanings (id, gloss, description, created_by, updated_by, created_at, updated_at, tags) VALUES (34, 'langmap.search.noResults', '', 'langmap', 'langmap', datetime('now'), datetime('now'), '["langmap"]');
INSERT INTO meanings (id, gloss, description, created_by, updated_by, created_at, updated_at, tags) VALUES (35, 'langmap.search.tryDifferent', '', 'langmap', 'langmap', datetime('now'), datetime('now'), '["langmap"]');
INSERT INTO meanings (id, gloss, description, created_by, updated_by, created_at, updated_at, tags) VALUES (36, 'langmap.search.addExpression', '', 'langmap', 'langmap', datetime('now'), datetime('now'), '["langmap"]');
INSERT INTO meanings (id, gloss, description, created_by, updated_by, created_at, updated_at, tags) VALUES (37, 'langmap.search.newExpression', '', 'langmap', 'langmap', datetime('now'), datetime('now'), '["langmap"]');
INSERT INTO meanings (id, gloss, description, created_by, updated_by, created_at, updated_at, tags) VALUES (38, 'langmap.search.foundExpressions', '', 'langmap', 'langmap', datetime('now'), datetime('now'), '["langmap"]');
INSERT INTO meanings (id, gloss, description, created_by, updated_by, created_at, updated_at, tags) VALUES (39, 'langmap.create.back', '', 'langmap', 'langmap', datetime('now'), datetime('now'), '["langmap"]');
INSERT INTO meanings (id, gloss, description, created_by, updated_by, created_at, updated_at, tags) VALUES (40, 'langmap.create.title', '', 'langmap', 'langmap', datetime('now'), datetime('now'), '["langmap"]');
INSERT INTO meanings (id, gloss, description, created_by, updated_by, created_at, updated_at, tags) VALUES (41, 'langmap.create.text', '', 'langmap', 'langmap', datetime('now'), datetime('now'), '["langmap"]');
INSERT INTO meanings (id, gloss, description, created_by, updated_by, created_at, updated_at, tags) VALUES (42, 'langmap.create.textPlaceholder', '', 'langmap', 'langmap', datetime('now'), datetime('now'), '["langmap"]');
INSERT INTO meanings (id, gloss, description, created_by, updated_by, created_at, updated_at, tags) VALUES (43, 'langmap.create.textHelp', '', 'langmap', 'langmap', datetime('now'), datetime('now'), '["langmap"]');
INSERT INTO meanings (id, gloss, description, created_by, updated_by, created_at, updated_at, tags) VALUES (44, 'langmap.create.language', '', 'langmap', 'langmap', datetime('now'), datetime('now'), '["langmap"]');
INSERT INTO meanings (id, gloss, description, created_by, updated_by, created_at, updated_at, tags) VALUES (45, 'langmap.create.languagePlaceholder', '', 'langmap', 'langmap', datetime('now'), datetime('now'), '["langmap"]');
INSERT INTO meanings (id, gloss, description, created_by, updated_by, created_at, updated_at, tags) VALUES (46, 'langmap.create.languageHelp', '', 'langmap', 'langmap', datetime('now'), datetime('now'), '["langmap"]');
INSERT INTO meanings (id, gloss, description, created_by, updated_by, created_at, updated_at, tags) VALUES (47, 'langmap.create.selectLanguage', '', 'langmap', 'langmap', datetime('now'), datetime('now'), '["langmap"]');
INSERT INTO meanings (id, gloss, description, created_by, updated_by, created_at, updated_at, tags) VALUES (48, 'langmap.create.loadingLanguages', '', 'langmap', 'langmap', datetime('now'), datetime('now'), '["langmap"]');
INSERT INTO meanings (id, gloss, description, created_by, updated_by, created_at, updated_at, tags) VALUES (49, 'langmap.create.region', '', 'langmap', 'langmap', datetime('now'), datetime('now'), '["langmap"]');
INSERT INTO meanings (id, gloss, description, created_by, updated_by, created_at, updated_at, tags) VALUES (50, 'langmap.create.regionPlaceholder', '', 'langmap', 'langmap', datetime('now'), datetime('now'), '["langmap"]');
INSERT INTO meanings (id, gloss, description, created_by, updated_by, created_at, updated_at, tags) VALUES (51, 'langmap.create.regionHelp', '', 'langmap', 'langmap', datetime('now'), datetime('now'), '["langmap"]');
INSERT INTO meanings (id, gloss, description, created_by, updated_by, created_at, updated_at, tags) VALUES (52, 'langmap.create.detectLocation', '', 'langmap', 'langmap', datetime('now'), datetime('now'), '["langmap"]');
INSERT INTO meanings (id, gloss, description, created_by, updated_by, created_at, updated_at, tags) VALUES (53, 'langmap.create.selectOnMap', '', 'langmap', 'langmap', datetime('now'), datetime('now'), '["langmap"]');
INSERT INTO meanings (id, gloss, description, created_by, updated_by, created_at, updated_at, tags) VALUES (54, 'langmap.create.clickOnMapToSelect', '', 'langmap', 'langmap', datetime('now'), datetime('now'), '["langmap"]');
INSERT INTO meanings (id, gloss, description, created_by, updated_by, created_at, updated_at, tags) VALUES (55, 'langmap.create.geolocationNotSupported', '', 'langmap', 'langmap', datetime('now'), datetime('now'), '["langmap"]');
INSERT INTO meanings (id, gloss, description, created_by, updated_by, created_at, updated_at, tags) VALUES (56, 'langmap.create.locationDetectionFailed', '', 'langmap', 'langmap', datetime('now'), datetime('now'), '["langmap"]');
INSERT INTO meanings (id, gloss, description, created_by, updated_by, created_at, updated_at, tags) VALUES (57, 'langmap.create.parsingLocation', '', 'langmap', 'langmap', datetime('now'), datetime('now'), '["langmap"]');
INSERT INTO meanings (id, gloss, description, created_by, updated_by, created_at, updated_at, tags) VALUES (58, 'langmap.create.locationParsingFailed', '', 'langmap', 'langmap', datetime('now'), datetime('now'), '["langmap"]');
INSERT INTO meanings (id, gloss, description, created_by, updated_by, created_at, updated_at, tags) VALUES (59, 'langmap.create.source', '', 'langmap', 'langmap', datetime('now'), datetime('now'), '["langmap"]');
INSERT INTO meanings (id, gloss, description, created_by, updated_by, created_at, updated_at, tags) VALUES (60, 'langmap.create.sourcePlaceholder', '', 'langmap', 'langmap', datetime('now'), datetime('now'), '["langmap"]');
INSERT INTO meanings (id, gloss, description, created_by, updated_by, created_at, updated_at, tags) VALUES (61, 'langmap.create.sourceHelp', '', 'langmap', 'langmap', datetime('now'), datetime('now'), '["langmap"]');
INSERT INTO meanings (id, gloss, description, created_by, updated_by, created_at, updated_at, tags) VALUES (62, 'langmap.create.submit', '', 'langmap', 'langmap', datetime('now'), datetime('now'), '["langmap"]');
INSERT INTO meanings (id, gloss, description, created_by, updated_by, created_at, updated_at, tags) VALUES (63, 'langmap.create.submitting', '', 'langmap', 'langmap', datetime('now'), datetime('now'), '["langmap"]');
INSERT INTO meanings (id, gloss, description, created_by, updated_by, created_at, updated_at, tags) VALUES (64, 'langmap.create.cancel', '', 'langmap', 'langmap', datetime('now'), datetime('now'), '["langmap"]');
INSERT INTO meanings (id, gloss, description, created_by, updated_by, created_at, updated_at, tags) VALUES (65, 'langmap.create.requiredError', '', 'langmap', 'langmap', datetime('now'), datetime('now'), '["langmap"]');
INSERT INTO meanings (id, gloss, description, created_by, updated_by, created_at, updated_at, tags) VALUES (66, 'langmap.create.associateWithMeaning', '', 'langmap', 'langmap', datetime('now'), datetime('now'), '["langmap"]');
INSERT INTO meanings (id, gloss, description, created_by, updated_by, created_at, updated_at, tags) VALUES (67, 'langmap.create.associateWithExistingMeaning', '', 'langmap', 'langmap', datetime('now'), datetime('now'), '["langmap"]');
INSERT INTO meanings (id, gloss, description, created_by, updated_by, created_at, updated_at, tags) VALUES (68, 'langmap.create.associateWithNewMeaning', '', 'langmap', 'langmap', datetime('now'), datetime('now'), '["langmap"]');
INSERT INTO meanings (id, gloss, description, created_by, updated_by, created_at, updated_at, tags) VALUES (69, 'langmap.create.selectedExpression', '', 'langmap', 'langmap', datetime('now'), datetime('now'), '["langmap"]');
INSERT INTO meanings (id, gloss, description, created_by, updated_by, created_at, updated_at, tags) VALUES (70, 'langmap.create.meaningGloss', '', 'langmap', 'langmap', datetime('now'), datetime('now'), '["langmap"]');
INSERT INTO meanings (id, gloss, description, created_by, updated_by, created_at, updated_at, tags) VALUES (71, 'langmap.create.meaningGlossPlaceholder', '', 'langmap', 'langmap', datetime('now'), datetime('now'), '["langmap"]');
INSERT INTO meanings (id, gloss, description, created_by, updated_by, created_at, updated_at, tags) VALUES (72, 'langmap.create.meaningGlossHelp', '', 'langmap', 'langmap', datetime('now'), datetime('now'), '["langmap"]');
INSERT INTO meanings (id, gloss, description, created_by, updated_by, created_at, updated_at, tags) VALUES (73, 'langmap.create.meaningDescription', '', 'langmap', 'langmap', datetime('now'), datetime('now'), '["langmap"]');
INSERT INTO meanings (id, gloss, description, created_by, updated_by, created_at, updated_at, tags) VALUES (74, 'langmap.create.meaningDescriptionPlaceholder', '', 'langmap', 'langmap', datetime('now'), datetime('now'), '["langmap"]');
INSERT INTO meanings (id, gloss, description, created_by, updated_by, created_at, updated_at, tags) VALUES (75, 'langmap.create.meaningDescriptionHelp', '', 'langmap', 'langmap', datetime('now'), datetime('now'), '["langmap"]');
INSERT INTO meanings (id, gloss, description, created_by, updated_by, created_at, updated_at, tags) VALUES (76, 'langmap.create.meaningTags', '', 'langmap', 'langmap', datetime('now'), datetime('now'), '["langmap"]');
INSERT INTO meanings (id, gloss, description, created_by, updated_by, created_at, updated_at, tags) VALUES (77, 'langmap.create.meaningTagsPlaceholder', '', 'langmap', 'langmap', datetime('now'), datetime('now'), '["langmap"]');
INSERT INTO meanings (id, gloss, description, created_by, updated_by, created_at, updated_at, tags) VALUES (78, 'langmap.create.meaningTagsHelp', '', 'langmap', 'langmap', datetime('now'), datetime('now'), '["langmap"]');
INSERT INTO meanings (id, gloss, description, created_by, updated_by, created_at, updated_at, tags) VALUES (79, 'langmap.create.addLanguage', '', 'langmap', 'langmap', datetime('now'), datetime('now'), '["langmap"]');
INSERT INTO meanings (id, gloss, description, created_by, updated_by, created_at, updated_at, tags) VALUES (80, 'langmap.create.languageCode', '', 'langmap', 'langmap', datetime('now'), datetime('now'), '["langmap"]');
INSERT INTO meanings (id, gloss, description, created_by, updated_by, created_at, updated_at, tags) VALUES (81, 'langmap.create.languageCodePlaceholder', '', 'langmap', 'langmap', datetime('now'), datetime('now'), '["langmap"]');
INSERT INTO meanings (id, gloss, description, created_by, updated_by, created_at, updated_at, tags) VALUES (82, 'langmap.create.languageCodeHelp', '', 'langmap', 'langmap', datetime('now'), datetime('now'), '["langmap"]');
INSERT INTO meanings (id, gloss, description, created_by, updated_by, created_at, updated_at, tags) VALUES (83, 'langmap.create.languageName', '', 'langmap', 'langmap', datetime('now'), datetime('now'), '["langmap"]');
INSERT INTO meanings (id, gloss, description, created_by, updated_by, created_at, updated_at, tags) VALUES (84, 'langmap.create.languageNamePlaceholder', '', 'langmap', 'langmap', datetime('now'), datetime('now'), '["langmap"]');
INSERT INTO meanings (id, gloss, description, created_by, updated_by, created_at, updated_at, tags) VALUES (85, 'langmap.create.nativeName', '', 'langmap', 'langmap', datetime('now'), datetime('now'), '["langmap"]');
INSERT INTO meanings (id, gloss, description, created_by, updated_by, created_at, updated_at, tags) VALUES (86, 'langmap.create.nativeNamePlaceholder', '', 'langmap', 'langmap', datetime('now'), datetime('now'), '["langmap"]');
INSERT INTO meanings (id, gloss, description, created_by, updated_by, created_at, updated_at, tags) VALUES (87, 'langmap.create.regionInformation', '', 'langmap', 'langmap', datetime('now'), datetime('now'), '["langmap"]');
INSERT INTO meanings (id, gloss, description, created_by, updated_by, created_at, updated_at, tags) VALUES (88, 'langmap.create.regionName', '', 'langmap', 'langmap', datetime('now'), datetime('now'), '["langmap"]');
INSERT INTO meanings (id, gloss, description, created_by, updated_by, created_at, updated_at, tags) VALUES (89, 'langmap.create.regionNamePlaceholder', '', 'langmap', 'langmap', datetime('now'), datetime('now'), '["langmap"]');
INSERT INTO meanings (id, gloss, description, created_by, updated_by, created_at, updated_at, tags) VALUES (90, 'langmap.create.nativeRegionName', '', 'langmap', 'langmap', datetime('now'), datetime('now'), '["langmap"]');
INSERT INTO meanings (id, gloss, description, created_by, updated_by, created_at, updated_at, tags) VALUES (91, 'langmap.create.nativeRegionNamePlaceholder', '', 'langmap', 'langmap', datetime('now'), datetime('now'), '["langmap"]');
INSERT INTO meanings (id, gloss, description, created_by, updated_by, created_at, updated_at, tags) VALUES (92, 'langmap.create.latitude', '', 'langmap', 'langmap', datetime('now'), datetime('now'), '["langmap"]');
INSERT INTO meanings (id, gloss, description, created_by, updated_by, created_at, updated_at, tags) VALUES (93, 'langmap.create.latitudePlaceholder', '', 'langmap', 'langmap', datetime('now'), datetime('now'), '["langmap"]');
INSERT INTO meanings (id, gloss, description, created_by, updated_by, created_at, updated_at, tags) VALUES (94, 'langmap.create.longitude', '', 'langmap', 'langmap', datetime('now'), datetime('now'), '["langmap"]');
INSERT INTO meanings (id, gloss, description, created_by, updated_by, created_at, updated_at, tags) VALUES (95, 'langmap.create.longitudePlaceholder', '', 'langmap', 'langmap', datetime('now'), datetime('now'), '["langmap"]');
INSERT INTO meanings (id, gloss, description, created_by, updated_by, created_at, updated_at, tags) VALUES (96, 'langmap.create.hideMap', '', 'langmap', 'langmap', datetime('now'), datetime('now'), '["langmap"]');
INSERT INTO meanings (id, gloss, description, created_by, updated_by, created_at, updated_at, tags) VALUES (97, 'langmap.create.textDirection', '', 'langmap', 'langmap', datetime('now'), datetime('now'), '["langmap"]');
INSERT INTO meanings (id, gloss, description, created_by, updated_by, created_at, updated_at, tags) VALUES (98, 'langmap.create.ltr', '', 'langmap', 'langmap', datetime('now'), datetime('now'), '["langmap"]');
INSERT INTO meanings (id, gloss, description, created_by, updated_by, created_at, updated_at, tags) VALUES (99, 'langmap.create.rtl', '', 'langmap', 'langmap', datetime('now'), datetime('now'), '["langmap"]');
INSERT INTO meanings (id, gloss, description, created_by, updated_by, created_at, updated_at, tags) VALUES (100, 'langmap.create.addingLanguage', '', 'langmap', 'langmap', datetime('now'), datetime('now'), '["langmap"]');
INSERT INTO meanings (id, gloss, description, created_by, updated_by, created_at, updated_at, tags) VALUES (101, 'langmap.create.addLanguageFailed', '', 'langmap', 'langmap', datetime('now'), datetime('now'), '["langmap"]');
INSERT INTO meanings (id, gloss, description, created_by, updated_by, created_at, updated_at, tags) VALUES (102, 'langmap.detail.backToSearch', '', 'langmap', 'langmap', datetime('now'), datetime('now'), '["langmap"]');
INSERT INTO meanings (id, gloss, description, created_by, updated_by, created_at, updated_at, tags) VALUES (103, 'langmap.detail.loading', '', 'langmap', 'langmap', datetime('now'), datetime('now'), '["langmap"]');
INSERT INTO meanings (id, gloss, description, created_by, updated_by, created_at, updated_at, tags) VALUES (104, 'langmap.detail.expressionDetails', '', 'langmap', 'langmap', datetime('now'), datetime('now'), '["langmap"]');
INSERT INTO meanings (id, gloss, description, created_by, updated_by, created_at, updated_at, tags) VALUES (105, 'langmap.detail.associatedMeanings', '', 'langmap', 'langmap', datetime('now'), datetime('now'), '["langmap"]');
INSERT INTO meanings (id, gloss, description, created_by, updated_by, created_at, updated_at, tags) VALUES (106, 'langmap.detail.associateExpressions', '', 'langmap', 'langmap', datetime('now'), datetime('now'), '["langmap"]');
INSERT INTO meanings (id, gloss, description, created_by, updated_by, created_at, updated_at, tags) VALUES (107, 'langmap.detail.cancel', '', 'langmap', 'langmap', datetime('now'), datetime('now'), '["langmap"]');
INSERT INTO meanings (id, gloss, description, created_by, updated_by, created_at, updated_at, tags) VALUES (108, 'langmap.detail.searchPlaceholder', '', 'langmap', 'langmap', datetime('now'), datetime('now'), '["langmap"]');
INSERT INTO meanings (id, gloss, description, created_by, updated_by, created_at, updated_at, tags) VALUES (109, 'langmap.detail.search', '', 'langmap', 'langmap', datetime('now'), datetime('now'), '["langmap"]');
INSERT INTO meanings (id, gloss, description, created_by, updated_by, created_at, updated_at, tags) VALUES (110, 'langmap.detail.searching', '', 'langmap', 'langmap', datetime('now'), datetime('now'), '["langmap"]');
INSERT INTO meanings (id, gloss, description, created_by, updated_by, created_at, updated_at, tags) VALUES (111, 'langmap.detail.noExpressionsFound', '', 'langmap', 'langmap', datetime('now'), datetime('now'), '["langmap"]');
INSERT INTO meanings (id, gloss, description, created_by, updated_by, created_at, updated_at, tags) VALUES (112, 'langmap.detail.link', '', 'langmap', 'langmap', datetime('now'), datetime('now'), '["langmap"]');
INSERT INTO meanings (id, gloss, description, created_by, updated_by, created_at, updated_at, tags) VALUES (113, 'langmap.detail.alreadyLinked', '', 'langmap', 'langmap', datetime('now'), datetime('now'), '["langmap"]');
INSERT INTO meanings (id, gloss, description, created_by, updated_by, created_at, updated_at, tags) VALUES (114, 'langmap.detail.includesCurrent', '', 'langmap', 'langmap', datetime('now'), datetime('now'), '["langmap"]');
INSERT INTO meanings (id, gloss, description, created_by, updated_by, created_at, updated_at, tags) VALUES (115, 'langmap.detail.linkToMeaning', '', 'langmap', 'langmap', datetime('now'), datetime('now'), '["langmap"]');
INSERT INTO meanings (id, gloss, description, created_by, updated_by, created_at, updated_at, tags) VALUES (116, 'langmap.detail.selectMeaning', '', 'langmap', 'langmap', datetime('now'), datetime('now'), '["langmap"]');
INSERT INTO meanings (id, gloss, description, created_by, updated_by, created_at, updated_at, tags) VALUES (117, 'langmap.detail.createNew', '', 'langmap', 'langmap', datetime('now'), datetime('now'), '["langmap"]');
INSERT INTO meanings (id, gloss, description, created_by, updated_by, created_at, updated_at, tags) VALUES (118, 'langmap.detail.newMeaningGloss', '', 'langmap', 'langmap', datetime('now'), datetime('now'), '["langmap"]');
INSERT INTO meanings (id, gloss, description, created_by, updated_by, created_at, updated_at, tags) VALUES (119, 'langmap.detail.createMeaning', '', 'langmap', 'langmap', datetime('now'), datetime('now'), '["langmap"]');
INSERT INTO meanings (id, gloss, description, created_by, updated_by, created_at, updated_at, tags) VALUES (120, 'langmap.detail.noMeanings', '', 'langmap', 'langmap', datetime('now'), datetime('now'), '["langmap"]');
INSERT INTO meanings (id, gloss, description, created_by, updated_by, created_at, updated_at, tags) VALUES (121, 'langmap.detail.associateWithMeanings', '', 'langmap', 'langmap', datetime('now'), datetime('now'), '["langmap"]');
INSERT INTO meanings (id, gloss, description, created_by, updated_by, created_at, updated_at, tags) VALUES (122, 'langmap.expressionCard.global', '', 'langmap', 'langmap', datetime('now'), datetime('now'), '["langmap"]');
INSERT INTO meanings (id, gloss, description, created_by, updated_by, created_at, updated_at, tags) VALUES (123, 'langmap.expressionCard.play', '', 'langmap', 'langmap', datetime('now'), datetime('now'), '["langmap"]');
INSERT INTO meanings (id, gloss, description, created_by, updated_by, created_at, updated_at, tags) VALUES (124, 'langmap.expressionCard.auto', '', 'langmap', 'langmap', datetime('now'), datetime('now'), '["langmap"]');
INSERT INTO meanings (id, gloss, description, created_by, updated_by, created_at, updated_at, tags) VALUES (125, 'langmap.versionHistory.title', '', 'langmap', 'langmap', datetime('now'), datetime('now'), '["langmap"]');
INSERT INTO meanings (id, gloss, description, created_by, updated_by, created_at, updated_at, tags) VALUES (126, 'langmap.versionHistory.loading', '', 'langmap', 'langmap', datetime('now'), datetime('now'), '["langmap"]');
INSERT INTO meanings (id, gloss, description, created_by, updated_by, created_at, updated_at, tags) VALUES (127, 'langmap.versionHistory.noVersions', '', 'langmap', 'langmap', datetime('now'), datetime('now'), '["langmap"]');
INSERT INTO meanings (id, gloss, description, created_by, updated_by, created_at, updated_at, tags) VALUES (128, 'langmap.versionHistory.auto', '', 'langmap', 'langmap', datetime('now'), datetime('now'), '["langmap"]');
INSERT INTO meanings (id, gloss, description, created_by, updated_by, created_at, updated_at, tags) VALUES (129, 'langmap.versionHistory.anonymous', '', 'langmap', 'langmap', datetime('now'), datetime('now'), '["langmap"]');
INSERT INTO meanings (id, gloss, description, created_by, updated_by, created_at, updated_at, tags) VALUES (130, 'langmap.home.low', '', 'langmap', 'langmap', datetime('now'), datetime('now'), '["langmap"]');
INSERT INTO meanings (id, gloss, description, created_by, updated_by, created_at, updated_at, tags) VALUES (131, 'langmap.home.medium', '', 'langmap', 'langmap', datetime('now'), datetime('now'), '["langmap"]');
INSERT INTO meanings (id, gloss, description, created_by, updated_by, created_at, updated_at, tags) VALUES (132, 'langmap.home.high', '', 'langmap', 'langmap', datetime('now'), datetime('now'), '["langmap"]');
INSERT INTO meanings (id, gloss, description, created_by, updated_by, created_at, updated_at, tags) VALUES (133, 'langmap.search.plural', '', 'langmap', 'langmap', datetime('now'), datetime('now'), '["langmap"]');
INSERT INTO expressions (id, text, language_code, created_by, updated_by, created_at, updated_at, tags, source_type, review_status, auto_approved) VALUES (1, '世界の言語を探求する', 'ja', 'langmap', 'langmap', datetime('now'), datetime('now'), '["langmap"]', 'ai', 'approved', 1);
INSERT INTO expression_meanings (expression_id, meaning_id, created_by, updated_by, created_at, updated_at) VALUES (1, 1, 'langmap', 'langmap', datetime('now'), datetime('now'));
INSERT INTO expression_versions (expression_id, text, created_by, created_at) VALUES (1, '世界の言語を探求する', 'langmap', datetime('now'));
INSERT INTO expressions (id, text, language_code, created_by, updated_by, created_at, updated_at, tags, source_type, review_status, auto_approved) VALUES (2, '地域や文化によって表現方法がどう異なるかを発見する', 'ja', 'langmap', 'langmap', datetime('now'), datetime('now'), '["langmap"]', 'ai', 'approved', 1);
INSERT INTO expression_meanings (expression_id, meaning_id, created_by, updated_by, created_at, updated_at) VALUES (2, 2, 'langmap', 'langmap', datetime('now'), datetime('now'));
INSERT INTO expression_versions (expression_id, text, created_by, created_at) VALUES (2, '地域や文化によって表現方法がどう異なるかを発見する', 'langmap', datetime('now'));
INSERT INTO expressions (id, text, language_code, created_by, updated_by, created_at, updated_at, tags, source_type, review_status, auto_approved) VALUES (3, '表現を検索...', 'ja', 'langmap', 'langmap', datetime('now'), datetime('now'), '["langmap"]', 'ai', 'approved', 1);
INSERT INTO expression_meanings (expression_id, meaning_id, created_by, updated_by, created_at, updated_at) VALUES (3, 3, 'langmap', 'langmap', datetime('now'), datetime('now'));
INSERT INTO expression_versions (expression_id, text, created_by, created_at) VALUES (3, '表現を検索...', 'langmap', datetime('now'));
INSERT INTO expressions (id, text, language_code, created_by, updated_by, created_at, updated_at, tags, source_type, review_status, auto_approved) VALUES (4, '検索', 'ja', 'langmap', 'langmap', datetime('now'), datetime('now'), '["langmap"]', 'ai', 'approved', 1);
INSERT INTO expression_meanings (expression_id, meaning_id, created_by, updated_by, created_at, updated_at) VALUES (4, 4, 'langmap', 'langmap', datetime('now'), datetime('now'));
INSERT INTO expression_versions (expression_id, text, created_by, created_at) VALUES (4, '検索', 'langmap', datetime('now'));
INSERT INTO expressions (id, text, language_code, created_by, updated_by, created_at, updated_at, tags, source_type, review_status, auto_approved) VALUES (5, '総表現数', 'ja', 'langmap', 'langmap', datetime('now'), datetime('now'), '["langmap"]', 'ai', 'approved', 1);
INSERT INTO expression_meanings (expression_id, meaning_id, created_by, updated_by, created_at, updated_at) VALUES (5, 5, 'langmap', 'langmap', datetime('now'), datetime('now'));
INSERT INTO expression_versions (expression_id, text, created_by, created_at) VALUES (5, '総表現数', 'langmap', datetime('now'));
INSERT INTO expressions (id, text, language_code, created_by, updated_by, created_at, updated_at, tags, source_type, review_status, auto_approved) VALUES (6, '言語', 'ja', 'langmap', 'langmap', datetime('now'), datetime('now'), '["langmap"]', 'ai', 'approved', 1);
INSERT INTO expression_meanings (expression_id, meaning_id, created_by, updated_by, created_at, updated_at) VALUES (6, 6, 'langmap', 'langmap', datetime('now'), datetime('now'));
INSERT INTO expression_versions (expression_id, text, created_by, created_at) VALUES (6, '言語', 'langmap', datetime('now'));
INSERT INTO expressions (id, text, language_code, created_by, updated_by, created_at, updated_at, tags, source_type, review_status, auto_approved) VALUES (7, '地域', 'ja', 'langmap', 'langmap', datetime('now'), datetime('now'), '["langmap"]', 'ai', 'approved', 1);
INSERT INTO expression_meanings (expression_id, meaning_id, created_by, updated_by, created_at, updated_at) VALUES (7, 7, 'langmap', 'langmap', datetime('now'), datetime('now'));
INSERT INTO expression_versions (expression_id, text, created_by, created_at) VALUES (7, '地域', 'langmap', datetime('now'));
INSERT INTO expressions (id, text, language_code, created_by, updated_by, created_at, updated_at, tags, source_type, review_status, auto_approved) VALUES (8, 'グローバル言語分布', 'ja', 'langmap', 'langmap', datetime('now'), datetime('now'), '["langmap"]', 'ai', 'approved', 1);
INSERT INTO expression_meanings (expression_id, meaning_id, created_by, updated_by, created_at, updated_at) VALUES (8, 8, 'langmap', 'langmap', datetime('now'), datetime('now'));
INSERT INTO expression_versions (expression_id, text, created_by, created_at) VALUES (8, 'グローバル言語分布', 'langmap', datetime('now'));
INSERT INTO expressions (id, text, language_code, created_by, updated_by, created_at, updated_at, tags, source_type, review_status, auto_approved) VALUES (9, 'さまざまな地域における言語表現の豊かさを探求します。円が大きいほど、その地域の表現がより多くなっています。', 'ja', 'langmap', 'langmap', datetime('now'), datetime('now'), '["langmap"]', 'ai', 'approved', 1);
INSERT INTO expression_meanings (expression_id, meaning_id, created_by, updated_by, created_at, updated_at) VALUES (9, 9, 'langmap', 'langmap', datetime('now'), datetime('now'));
INSERT INTO expression_versions (expression_id, text, created_by, created_at) VALUES (9, 'さまざまな地域における言語表現の豊かさを探求します。円が大きいほど、その地域の表現がより多くなっています。', 'langmap', datetime('now'));
INSERT INTO expressions (id, text, language_code, created_by, updated_by, created_at, updated_at, tags, source_type, review_status, auto_approved) VALUES (10, '表現密度', 'ja', 'langmap', 'langmap', datetime('now'), datetime('now'), '["langmap"]', 'ai', 'approved', 1);
INSERT INTO expression_meanings (expression_id, meaning_id, created_by, updated_by, created_at, updated_at) VALUES (10, 10, 'langmap', 'langmap', datetime('now'), datetime('now'));
INSERT INTO expression_versions (expression_id, text, created_by, created_at) VALUES (10, '表現密度', 'langmap', datetime('now'));
INSERT INTO expressions (id, text, language_code, created_by, updated_by, created_at, updated_at, tags, source_type, review_status, auto_approved) VALUES (11, '始めましょう', 'ja', 'langmap', 'langmap', datetime('now'), datetime('now'), '["langmap"]', 'ai', 'approved', 1);
INSERT INTO expression_meanings (expression_id, meaning_id, created_by, updated_by, created_at, updated_at) VALUES (11, 11, 'langmap', 'langmap', datetime('now'), datetime('now'));
INSERT INTO expression_versions (expression_id, text, created_by, created_at) VALUES (11, '始めましょう', 'langmap', datetime('now'));
INSERT INTO expressions (id, text, language_code, created_by, updated_by, created_at, updated_at, tags, source_type, review_status, auto_approved) VALUES (12, '表現を検索', 'ja', 'langmap', 'langmap', datetime('now'), datetime('now'), '["langmap"]', 'ai', 'approved', 1);
INSERT INTO expression_meanings (expression_id, meaning_id, created_by, updated_by, created_at, updated_at) VALUES (12, 12, 'langmap', 'langmap', datetime('now'), datetime('now'));
INSERT INTO expression_versions (expression_id, text, created_by, created_at) VALUES (12, '表現を検索', 'langmap', datetime('now'));
INSERT INTO expressions (id, text, language_code, created_by, updated_by, created_at, updated_at, tags, source_type, review_status, auto_approved) VALUES (13, 'さまざまな言語や地域で単語や文がどのように表現されているかを見つけます。', 'ja', 'langmap', 'langmap', datetime('now'), datetime('now'), '["langmap"]', 'ai', 'approved', 1);
INSERT INTO expression_meanings (expression_id, meaning_id, created_by, updated_by, created_at, updated_at) VALUES (13, 13, 'langmap', 'langmap', datetime('now'), datetime('now'));
INSERT INTO expression_versions (expression_id, text, created_by, created_at) VALUES (13, 'さまざまな言語や地域で単語や文がどのように表現されているかを見つけます。', 'langmap', datetime('now'));
INSERT INTO expressions (id, text, language_code, created_by, updated_by, created_at, updated_at, tags, source_type, review_status, auto_approved) VALUES (14, '検索を開始 →', 'ja', 'langmap', 'langmap', datetime('now'), datetime('now'), '["langmap"]', 'ai', 'approved', 1);
INSERT INTO expression_meanings (expression_id, meaning_id, created_by, updated_by, created_at, updated_at) VALUES (14, 14, 'langmap', 'langmap', datetime('now'), datetime('now'));
INSERT INTO expression_versions (expression_id, text, created_by, created_at) VALUES (14, '検索を開始 →', 'langmap', datetime('now'));
INSERT INTO expressions (id, text, language_code, created_by, updated_by, created_at, updated_at, tags, source_type, review_status, auto_approved) VALUES (15, '表現を追加', 'ja', 'langmap', 'langmap', datetime('now'), datetime('now'), '["langmap"]', 'ai', 'approved', 1);
INSERT INTO expression_meanings (expression_id, meaning_id, created_by, updated_by, created_at, updated_at) VALUES (15, 15, 'langmap', 'langmap', datetime('now'), datetime('now'));
INSERT INTO expression_versions (expression_id, text, created_by, created_at) VALUES (15, '表現を追加', 'langmap', datetime('now'));
INSERT INTO expressions (id, text, language_code, created_by, updated_by, created_at, updated_at, tags, source_type, review_status, auto_approved) VALUES (16, 'あなたの言語や地域の表現を追加して、私たちのデータベースに貢献してください。', 'ja', 'langmap', 'langmap', datetime('now'), datetime('now'), '["langmap"]', 'ai', 'approved', 1);
INSERT INTO expression_meanings (expression_id, meaning_id, created_by, updated_by, created_at, updated_at) VALUES (16, 16, 'langmap', 'langmap', datetime('now'), datetime('now'));
INSERT INTO expression_versions (expression_id, text, created_by, created_at) VALUES (16, 'あなたの言語や地域の表現を追加して、私たちのデータベースに貢献してください。', 'langmap', datetime('now'));
INSERT INTO expressions (id, text, language_code, created_by, updated_by, created_at, updated_at, tags, source_type, review_status, auto_approved) VALUES (17, '地域', 'ja', 'langmap', 'langmap', datetime('now'), datetime('now'), '["langmap"]', 'ai', 'approved', 1);
INSERT INTO expression_meanings (expression_id, meaning_id, created_by, updated_by, created_at, updated_at) VALUES (17, 17, 'langmap', 'langmap', datetime('now'), datetime('now'));
INSERT INTO expression_versions (expression_id, text, created_by, created_at) VALUES (17, '地域', 'langmap', datetime('now'));
INSERT INTO expressions (id, text, language_code, created_by, updated_by, created_at, updated_at, tags, source_type, review_status, auto_approved) VALUES (18, '言語', 'ja', 'langmap', 'langmap', datetime('now'), datetime('now'), '["langmap"]', 'ai', 'approved', 1);
INSERT INTO expression_meanings (expression_id, meaning_id, created_by, updated_by, created_at, updated_at) VALUES (18, 18, 'langmap', 'langmap', datetime('now'), datetime('now'));
INSERT INTO expression_versions (expression_id, text, created_by, created_at) VALUES (18, '言語', 'langmap', datetime('now'));
INSERT INTO expressions (id, text, language_code, created_by, updated_by, created_at, updated_at, tags, source_type, review_status, auto_approved) VALUES (19, '表現数', 'ja', 'langmap', 'langmap', datetime('now'), datetime('now'), '["langmap"]', 'ai', 'approved', 1);
INSERT INTO expression_meanings (expression_id, meaning_id, created_by, updated_by, created_at, updated_at) VALUES (19, 19, 'langmap', 'langmap', datetime('now'), datetime('now'));
INSERT INTO expression_versions (expression_id, text, created_by, created_at) VALUES (19, '表現数', 'langmap', datetime('now'));
INSERT INTO expressions (id, text, language_code, created_by, updated_by, created_at, updated_at, tags, source_type, review_status, auto_approved) VALUES (20, '不明', 'ja', 'langmap', 'langmap', datetime('now'), datetime('now'), '["langmap"]', 'ai', 'approved', 1);
INSERT INTO expression_meanings (expression_id, meaning_id, created_by, updated_by, created_at, updated_at) VALUES (20, 20, 'langmap', 'langmap', datetime('now'), datetime('now'));
INSERT INTO expression_versions (expression_id, text, created_by, created_at) VALUES (20, '不明', 'langmap', datetime('now'));
INSERT INTO expressions (id, text, language_code, created_by, updated_by, created_at, updated_at, tags, source_type, review_status, auto_approved) VALUES (21, '新規追加 →', 'ja', 'langmap', 'langmap', datetime('now'), datetime('now'), '["langmap"]', 'ai', 'approved', 1);
INSERT INTO expression_meanings (expression_id, meaning_id, created_by, updated_by, created_at, updated_at) VALUES (21, 21, 'langmap', 'langmap', datetime('now'), datetime('now'));
INSERT INTO expression_versions (expression_id, text, created_by, created_at) VALUES (21, '新規追加 →', 'langmap', datetime('now'));
INSERT INTO expressions (id, text, language_code, created_by, updated_by, created_at, updated_at, tags, source_type, review_status, auto_approved) VALUES (22, '地図を探索', 'ja', 'langmap', 'langmap', datetime('now'), datetime('now'), '["langmap"]', 'ai', 'approved', 1);
INSERT INTO expression_meanings (expression_id, meaning_id, created_by, updated_by, created_at, updated_at) VALUES (22, 22, 'langmap', 'langmap', datetime('now'), datetime('now'));
INSERT INTO expression_versions (expression_id, text, created_by, created_at) VALUES (22, '地図を探索', 'langmap', datetime('now'));
INSERT INTO expressions (id, text, language_code, created_by, updated_by, created_at, updated_at, tags, source_type, review_status, auto_approved) VALUES (23, 'インタラクティブな世界地図で言語の多様性を可視化。', 'ja', 'langmap', 'langmap', datetime('now'), datetime('now'), '["langmap"]', 'ai', 'approved', 1);
INSERT INTO expression_meanings (expression_id, meaning_id, created_by, updated_by, created_at, updated_at) VALUES (23, 23, 'langmap', 'langmap', datetime('now'), datetime('now'));
INSERT INTO expression_versions (expression_id, text, created_by, created_at) VALUES (23, 'インタラクティブな世界地図で言語の多様性を可視化。', 'langmap', datetime('now'));
INSERT INTO expressions (id, text, language_code, created_by, updated_by, created_at, updated_at, tags, source_type, review_status, auto_approved) VALUES (24, '地図を表示 →', 'ja', 'langmap', 'langmap', datetime('now'), datetime('now'), '["langmap"]', 'ai', 'approved', 1);
INSERT INTO expression_meanings (expression_id, meaning_id, created_by, updated_by, created_at, updated_at) VALUES (24, 24, 'langmap', 'langmap', datetime('now'), datetime('now'));
INSERT INTO expression_versions (expression_id, text, created_by, created_at) VALUES (24, '地図を表示 →', 'langmap', datetime('now'));
INSERT INTO expressions (id, text, language_code, created_by, updated_by, created_at, updated_at, tags, source_type, review_status, auto_approved) VALUES (25, '地図を読み込み中...', 'ja', 'langmap', 'langmap', datetime('now'), datetime('now'), '["langmap"]', 'ai', 'approved', 1);
INSERT INTO expression_meanings (expression_id, meaning_id, created_by, updated_by, created_at, updated_at) VALUES (25, 25, 'langmap', 'langmap', datetime('now'), datetime('now'));
INSERT INTO expression_versions (expression_id, text, created_by, created_at) VALUES (25, '地図を読み込み中...', 'langmap', datetime('now'));
INSERT INTO expressions (id, text, language_code, created_by, updated_by, created_at, updated_at, tags, source_type, review_status, auto_approved) VALUES (26, 'ホーム', 'ja', 'langmap', 'langmap', datetime('now'), datetime('now'), '["langmap"]', 'ai', 'approved', 1);
INSERT INTO expression_meanings (expression_id, meaning_id, created_by, updated_by, created_at, updated_at) VALUES (26, 26, 'langmap', 'langmap', datetime('now'), datetime('now'));
INSERT INTO expression_versions (expression_id, text, created_by, created_at) VALUES (26, 'ホーム', 'langmap', datetime('now'));
INSERT INTO expressions (id, text, language_code, created_by, updated_by, created_at, updated_at, tags, source_type, review_status, auto_approved) VALUES (27, '検索', 'ja', 'langmap', 'langmap', datetime('now'), datetime('now'), '["langmap"]', 'ai', 'approved', 1);
INSERT INTO expression_meanings (expression_id, meaning_id, created_by, updated_by, created_at, updated_at) VALUES (27, 27, 'langmap', 'langmap', datetime('now'), datetime('now'));
INSERT INTO expression_versions (expression_id, text, created_by, created_at) VALUES (27, '検索', 'langmap', datetime('now'));
INSERT INTO expressions (id, text, language_code, created_by, updated_by, created_at, updated_at, tags, source_type, review_status, auto_approved) VALUES (28, '© {year} langmap - 言語表現マッピングプラットフォーム', 'ja', 'langmap', 'langmap', datetime('now'), datetime('now'), '["langmap"]', 'ai', 'approved', 1);
INSERT INTO expression_meanings (expression_id, meaning_id, created_by, updated_by, created_at, updated_at) VALUES (28, 28, 'langmap', 'langmap', datetime('now'), datetime('now'));
INSERT INTO expression_versions (expression_id, text, created_by, created_at) VALUES (28, '© {year} langmap - 言語表現マッピングプラットフォーム', 'langmap', datetime('now'));
INSERT INTO expressions (id, text, language_code, created_by, updated_by, created_at, updated_at, tags, source_type, review_status, auto_approved) VALUES (29, '表現を検索', 'ja', 'langmap', 'langmap', datetime('now'), datetime('now'), '["langmap"]', 'ai', 'approved', 1);
INSERT INTO expression_meanings (expression_id, meaning_id, created_by, updated_by, created_at, updated_at) VALUES (29, 29, 'langmap', 'langmap', datetime('now'), datetime('now'));
INSERT INTO expression_versions (expression_id, text, created_by, created_at) VALUES (29, '表現を検索', 'langmap', datetime('now'));
INSERT INTO expressions (id, text, language_code, created_by, updated_by, created_at, updated_at, tags, source_type, review_status, auto_approved) VALUES (30, 'さまざまな言語や地域の言語表現を見つける', 'ja', 'langmap', 'langmap', datetime('now'), datetime('now'), '["langmap"]', 'ai', 'approved', 1);
INSERT INTO expression_meanings (expression_id, meaning_id, created_by, updated_by, created_at, updated_at) VALUES (30, 30, 'langmap', 'langmap', datetime('now'), datetime('now'));
INSERT INTO expression_versions (expression_id, text, created_by, created_at) VALUES (30, 'さまざまな言語や地域の言語表現を見つける', 'langmap', datetime('now'));
INSERT INTO expressions (id, text, language_code, created_by, updated_by, created_at, updated_at, tags, source_type, review_status, auto_approved) VALUES (31, '単語や文を入力...', 'ja', 'langmap', 'langmap', datetime('now'), datetime('now'), '["langmap"]', 'ai', 'approved', 1);
INSERT INTO expression_meanings (expression_id, meaning_id, created_by, updated_by, created_at, updated_at) VALUES (31, 31, 'langmap', 'langmap', datetime('now'), datetime('now'));
INSERT INTO expression_versions (expression_id, text, created_by, created_at) VALUES (31, '単語や文を入力...', 'langmap', datetime('now'));
INSERT INTO expressions (id, text, language_code, created_by, updated_by, created_at, updated_at, tags, source_type, review_status, auto_approved) VALUES (32, '検索', 'ja', 'langmap', 'langmap', datetime('now'), datetime('now'), '["langmap"]', 'ai', 'approved', 1);
INSERT INTO expression_meanings (expression_id, meaning_id, created_by, updated_by, created_at, updated_at) VALUES (32, 32, 'langmap', 'langmap', datetime('now'), datetime('now'));
INSERT INTO expression_versions (expression_id, text, created_by, created_at) VALUES (32, '検索', 'langmap', datetime('now'));
INSERT INTO expressions (id, text, language_code, created_by, updated_by, created_at, updated_at, tags, source_type, review_status, auto_approved) VALUES (33, '表現を検索中...', 'ja', 'langmap', 'langmap', datetime('now'), datetime('now'), '["langmap"]', 'ai', 'approved', 1);
INSERT INTO expression_meanings (expression_id, meaning_id, created_by, updated_by, created_at, updated_at) VALUES (33, 33, 'langmap', 'langmap', datetime('now'), datetime('now'));
INSERT INTO expression_versions (expression_id, text, created_by, created_at) VALUES (33, '表現を検索中...', 'langmap', datetime('now'));
INSERT INTO expressions (id, text, language_code, created_by, updated_by, created_at, updated_at, tags, source_type, review_status, auto_approved) VALUES (34, '結果が見つかりません', 'ja', 'langmap', 'langmap', datetime('now'), datetime('now'), '["langmap"]', 'ai', 'approved', 1);
INSERT INTO expression_meanings (expression_id, meaning_id, created_by, updated_by, created_at, updated_at) VALUES (34, 34, 'langmap', 'langmap', datetime('now'), datetime('now'));
INSERT INTO expression_versions (expression_id, text, created_by, created_at) VALUES (34, '結果が見つかりません', 'langmap', datetime('now'));
INSERT INTO expressions (id, text, language_code, created_by, updated_by, created_at, updated_at, tags, source_type, review_status, auto_approved) VALUES (35, '別の検語を試すか、新しい表現を追加してください', 'ja', 'langmap', 'langmap', datetime('now'), datetime('now'), '["langmap"]', 'ai', 'approved', 1);
INSERT INTO expression_meanings (expression_id, meaning_id, created_by, updated_by, created_at, updated_at) VALUES (35, 35, 'langmap', 'langmap', datetime('now'), datetime('now'));
INSERT INTO expression_versions (expression_id, text, created_by, created_at) VALUES (35, '別の検語を試すか、新しい表現を追加してください', 'langmap', datetime('now'));
INSERT INTO expressions (id, text, language_code, created_by, updated_by, created_at, updated_at, tags, source_type, review_status, auto_approved) VALUES (36, '"{expression}" を追加', 'ja', 'langmap', 'langmap', datetime('now'), datetime('now'), '["langmap"]', 'ai', 'approved', 1);
INSERT INTO expression_meanings (expression_id, meaning_id, created_by, updated_by, created_at, updated_at) VALUES (36, 36, 'langmap', 'langmap', datetime('now'), datetime('now'));
INSERT INTO expression_versions (expression_id, text, created_by, created_at) VALUES (36, '"{expression}" を追加', 'langmap', datetime('now'));
INSERT INTO expressions (id, text, language_code, created_by, updated_by, created_at, updated_at, tags, source_type, review_status, auto_approved) VALUES (37, '新しい表現', 'ja', 'langmap', 'langmap', datetime('now'), datetime('now'), '["langmap"]', 'ai', 'approved', 1);
INSERT INTO expression_meanings (expression_id, meaning_id, created_by, updated_by, created_at, updated_at) VALUES (37, 37, 'langmap', 'langmap', datetime('now'), datetime('now'));
INSERT INTO expression_versions (expression_id, text, created_by, created_at) VALUES (37, '新しい表現', 'langmap', datetime('now'));
INSERT INTO expressions (id, text, language_code, created_by, updated_by, created_at, updated_at, tags, source_type, review_status, auto_approved) VALUES (38, '{count} 件の表現が見つかりました', 'ja', 'langmap', 'langmap', datetime('now'), datetime('now'), '["langmap"]', 'ai', 'approved', 1);
INSERT INTO expression_meanings (expression_id, meaning_id, created_by, updated_by, created_at, updated_at) VALUES (38, 38, 'langmap', 'langmap', datetime('now'), datetime('now'));
INSERT INTO expression_versions (expression_id, text, created_by, created_at) VALUES (38, '{count} 件の表現が見つかりました', 'langmap', datetime('now'));
INSERT INTO expressions (id, text, language_code, created_by, updated_by, created_at, updated_at, tags, source_type, review_status, auto_approved) VALUES (39, '戻る', 'ja', 'langmap', 'langmap', datetime('now'), datetime('now'), '["langmap"]', 'ai', 'approved', 1);
INSERT INTO expression_meanings (expression_id, meaning_id, created_by, updated_by, created_at, updated_at) VALUES (39, 39, 'langmap', 'langmap', datetime('now'), datetime('now'));
INSERT INTO expression_versions (expression_id, text, created_by, created_at) VALUES (39, '戻る', 'langmap', datetime('now'));
INSERT INTO expressions (id, text, language_code, created_by, updated_by, created_at, updated_at, tags, source_type, review_status, auto_approved) VALUES (40, '新しい表現を追加', 'ja', 'langmap', 'langmap', datetime('now'), datetime('now'), '["langmap"]', 'ai', 'approved', 1);
INSERT INTO expression_meanings (expression_id, meaning_id, created_by, updated_by, created_at, updated_at) VALUES (40, 40, 'langmap', 'langmap', datetime('now'), datetime('now'));
INSERT INTO expression_versions (expression_id, text, created_by, created_at) VALUES (40, '新しい表現を追加', 'langmap', datetime('now'));
INSERT INTO expressions (id, text, language_code, created_by, updated_by, created_at, updated_at, tags, source_type, review_status, auto_approved) VALUES (41, 'テキスト', 'ja', 'langmap', 'langmap', datetime('now'), datetime('now'), '["langmap"]', 'ai', 'approved', 1);
INSERT INTO expression_meanings (expression_id, meaning_id, created_by, updated_by, created_at, updated_at) VALUES (41, 41, 'langmap', 'langmap', datetime('now'), datetime('now'));
INSERT INTO expression_versions (expression_id, text, created_by, created_at) VALUES (41, 'テキスト', 'langmap', datetime('now'));
INSERT INTO expressions (id, text, language_code, created_by, updated_by, created_at, updated_at, tags, source_type, review_status, auto_approved) VALUES (42, '言語表現を入力', 'ja', 'langmap', 'langmap', datetime('now'), datetime('now'), '["langmap"]', 'ai', 'approved', 1);
INSERT INTO expression_meanings (expression_id, meaning_id, created_by, updated_by, created_at, updated_at) VALUES (42, 42, 'langmap', 'langmap', datetime('now'), datetime('now'));
INSERT INTO expression_versions (expression_id, text, created_by, created_at) VALUES (42, '言語表現を入力', 'langmap', datetime('now'));
INSERT INTO expressions (id, text, language_code, created_by, updated_by, created_at, updated_at, tags, source_type, review_status, auto_approved) VALUES (43, '言語における実際の単語や文', 'ja', 'langmap', 'langmap', datetime('now'), datetime('now'), '["langmap"]', 'ai', 'approved', 1);
INSERT INTO expression_meanings (expression_id, meaning_id, created_by, updated_by, created_at, updated_at) VALUES (43, 43, 'langmap', 'langmap', datetime('now'), datetime('now'));
INSERT INTO expression_versions (expression_id, text, created_by, created_at) VALUES (43, '言語における実際の単語や文', 'langmap', datetime('now'));
INSERT INTO expressions (id, text, language_code, created_by, updated_by, created_at, updated_at, tags, source_type, review_status, auto_approved) VALUES (44, '言語', 'ja', 'langmap', 'langmap', datetime('now'), datetime('now'), '["langmap"]', 'ai', 'approved', 1);
INSERT INTO expression_meanings (expression_id, meaning_id, created_by, updated_by, created_at, updated_at) VALUES (44, 44, 'langmap', 'langmap', datetime('now'), datetime('now'));
INSERT INTO expression_versions (expression_id, text, created_by, created_at) VALUES (44, '言語', 'langmap', datetime('now'));
INSERT INTO expressions (id, text, language_code, created_by, updated_by, created_at, updated_at, tags, source_type, review_status, auto_approved) VALUES (45, '言語を選択', 'ja', 'langmap', 'langmap', datetime('now'), datetime('now'), '["langmap"]', 'ai', 'approved', 1);
INSERT INTO expression_meanings (expression_id, meaning_id, created_by, updated_by, created_at, updated_at) VALUES (45, 45, 'langmap', 'langmap', datetime('now'), datetime('now'));
INSERT INTO expression_versions (expression_id, text, created_by, created_at) VALUES (45, '言語を選択', 'langmap', datetime('now'));
INSERT INTO expressions (id, text, language_code, created_by, updated_by, created_at, updated_at, tags, source_type, review_status, auto_approved) VALUES (46, 'この表現の言語を選択', 'ja', 'langmap', 'langmap', datetime('now'), datetime('now'), '["langmap"]', 'ai', 'approved', 1);
INSERT INTO expression_meanings (expression_id, meaning_id, created_by, updated_by, created_at, updated_at) VALUES (46, 46, 'langmap', 'langmap', datetime('now'), datetime('now'));
INSERT INTO expression_versions (expression_id, text, created_by, created_at) VALUES (46, 'この表現の言語を選択', 'langmap', datetime('now'));
INSERT INTO expressions (id, text, language_code, created_by, updated_by, created_at, updated_at, tags, source_type, review_status, auto_approved) VALUES (47, '言語を選択...', 'ja', 'langmap', 'langmap', datetime('now'), datetime('now'), '["langmap"]', 'ai', 'approved', 1);
INSERT INTO expression_meanings (expression_id, meaning_id, created_by, updated_by, created_at, updated_at) VALUES (47, 47, 'langmap', 'langmap', datetime('now'), datetime('now'));
INSERT INTO expression_versions (expression_id, text, created_by, created_at) VALUES (47, '言語を選択...', 'langmap', datetime('now'));
INSERT INTO expressions (id, text, language_code, created_by, updated_by, created_at, updated_at, tags, source_type, review_status, auto_approved) VALUES (48, '言語を読み込み中...', 'ja', 'langmap', 'langmap', datetime('now'), datetime('now'), '["langmap"]', 'ai', 'approved', 1);
INSERT INTO expression_meanings (expression_id, meaning_id, created_by, updated_by, created_at, updated_at) VALUES (48, 48, 'langmap', 'langmap', datetime('now'), datetime('now'));
INSERT INTO expression_versions (expression_id, text, created_by, created_at) VALUES (48, '言語を読み込み中...', 'langmap', datetime('now'));
INSERT INTO expressions (id, text, language_code, created_by, updated_by, created_at, updated_at, tags, source_type, review_status, auto_approved) VALUES (49, '地域 (任意)', 'ja', 'langmap', 'langmap', datetime('now'), datetime('now'), '["langmap"]', 'ai', 'approved', 1);
INSERT INTO expression_meanings (expression_id, meaning_id, created_by, updated_by, created_at, updated_at) VALUES (49, 49, 'langmap', 'langmap', datetime('now'), datetime('now'));
INSERT INTO expression_versions (expression_id, text, created_by, created_at) VALUES (49, '地域 (任意)', 'langmap', datetime('now'));
INSERT INTO expressions (id, text, language_code, created_by, updated_by, created_at, updated_at, tags, source_type, review_status, auto_approved) VALUES (50, '例: 中国, スペイン, グローバル', 'ja', 'langmap', 'langmap', datetime('now'), datetime('now'), '["langmap"]', 'ai', 'approved', 1);
INSERT INTO expression_meanings (expression_id, meaning_id, created_by, updated_by, created_at, updated_at) VALUES (50, 50, 'langmap', 'langmap', datetime('now'), datetime('now'));
INSERT INTO expression_versions (expression_id, text, created_by, created_at) VALUES (50, '例: 中国, スペイン, グローバル', 'langmap', datetime('now'));
INSERT INTO expressions (id, text, language_code, created_by, updated_by, created_at, updated_at, tags, source_type, review_status, auto_approved) VALUES (51, '地理的地域またはエリア', 'ja', 'langmap', 'langmap', datetime('now'), datetime('now'), '["langmap"]', 'ai', 'approved', 1);
INSERT INTO expression_meanings (expression_id, meaning_id, created_by, updated_by, created_at, updated_at) VALUES (51, 51, 'langmap', 'langmap', datetime('now'), datetime('now'));
INSERT INTO expression_versions (expression_id, text, created_by, created_at) VALUES (51, '地理的地域またはエリア', 'langmap', datetime('now'));
INSERT INTO expressions (id, text, language_code, created_by, updated_by, created_at, updated_at, tags, source_type, review_status, auto_approved) VALUES (52, '現在地を検出', 'ja', 'langmap', 'langmap', datetime('now'), datetime('now'), '["langmap"]', 'ai', 'approved', 1);
INSERT INTO expression_meanings (expression_id, meaning_id, created_by, updated_by, created_at, updated_at) VALUES (52, 52, 'langmap', 'langmap', datetime('now'), datetime('now'));
INSERT INTO expression_versions (expression_id, text, created_by, created_at) VALUES (52, '現在地を検出', 'langmap', datetime('now'));
INSERT INTO expressions (id, text, language_code, created_by, updated_by, created_at, updated_at, tags, source_type, review_status, auto_approved) VALUES (53, '地図上で選択', 'ja', 'langmap', 'langmap', datetime('now'), datetime('now'), '["langmap"]', 'ai', 'approved', 1);
INSERT INTO expression_meanings (expression_id, meaning_id, created_by, updated_by, created_at, updated_at) VALUES (53, 53, 'langmap', 'langmap', datetime('now'), datetime('now'));
INSERT INTO expression_versions (expression_id, text, created_by, created_at) VALUES (53, '地図上で選択', 'langmap', datetime('now'));
INSERT INTO expressions (id, text, language_code, created_by, updated_by, created_at, updated_at, tags, source_type, review_status, auto_approved) VALUES (54, '地図をクリックして地域を選択', 'ja', 'langmap', 'langmap', datetime('now'), datetime('now'), '["langmap"]', 'ai', 'approved', 1);
INSERT INTO expression_meanings (expression_id, meaning_id, created_by, updated_by, created_at, updated_at) VALUES (54, 54, 'langmap', 'langmap', datetime('now'), datetime('now'));
INSERT INTO expression_versions (expression_id, text, created_by, created_at) VALUES (54, '地図をクリックして地域を選択', 'langmap', datetime('now'));
INSERT INTO expressions (id, text, language_code, created_by, updated_by, created_at, updated_at, tags, source_type, review_status, auto_approved) VALUES (55, 'お使いのブラウザはジオロケーションをサポートしていません', 'ja', 'langmap', 'langmap', datetime('now'), datetime('now'), '["langmap"]', 'ai', 'approved', 1);
INSERT INTO expression_meanings (expression_id, meaning_id, created_by, updated_by, created_at, updated_at) VALUES (55, 55, 'langmap', 'langmap', datetime('now'), datetime('now'));
INSERT INTO expression_versions (expression_id, text, created_by, created_at) VALUES (55, 'お使いのブラウザはジオロケーションをサポートしていません', 'langmap', datetime('now'));
INSERT INTO expressions (id, text, language_code, created_by, updated_by, created_at, updated_at, tags, source_type, review_status, auto_approved) VALUES (56, '位置情報の検出に失敗しました', 'ja', 'langmap', 'langmap', datetime('now'), datetime('now'), '["langmap"]', 'ai', 'approved', 1);
INSERT INTO expression_meanings (expression_id, meaning_id, created_by, updated_by, created_at, updated_at) VALUES (56, 56, 'langmap', 'langmap', datetime('now'), datetime('now'));
INSERT INTO expression_versions (expression_id, text, created_by, created_at) VALUES (56, '位置情報の検出に失敗しました', 'langmap', datetime('now'));
INSERT INTO expressions (id, text, language_code, created_by, updated_by, created_at, updated_at, tags, source_type, review_status, auto_approved) VALUES (57, '位置情報を解析中...', 'ja', 'langmap', 'langmap', datetime('now'), datetime('now'), '["langmap"]', 'ai', 'approved', 1);
INSERT INTO expression_meanings (expression_id, meaning_id, created_by, updated_by, created_at, updated_at) VALUES (57, 57, 'langmap', 'langmap', datetime('now'), datetime('now'));
INSERT INTO expression_versions (expression_id, text, created_by, created_at) VALUES (57, '位置情報を解析中...', 'langmap', datetime('now'));
INSERT INTO expressions (id, text, language_code, created_by, updated_by, created_at, updated_at, tags, source_type, review_status, auto_approved) VALUES (58, '位置情報の解析に失敗しました', 'ja', 'langmap', 'langmap', datetime('now'), datetime('now'), '["langmap"]', 'ai', 'approved', 1);
INSERT INTO expression_meanings (expression_id, meaning_id, created_by, updated_by, created_at, updated_at) VALUES (58, 58, 'langmap', 'langmap', datetime('now'), datetime('now'));
INSERT INTO expression_versions (expression_id, text, created_by, created_at) VALUES (58, '位置情報の解析に失敗しました', 'langmap', datetime('now'));
INSERT INTO expressions (id, text, language_code, created_by, updated_by, created_at, updated_at, tags, source_type, review_status, auto_approved) VALUES (59, 'ソース参照 (任意)', 'ja', 'langmap', 'langmap', datetime('now'), datetime('now'), '["langmap"]', 'ai', 'approved', 1);
INSERT INTO expression_meanings (expression_id, meaning_id, created_by, updated_by, created_at, updated_at) VALUES (59, 59, 'langmap', 'langmap', datetime('now'), datetime('now'));
INSERT INTO expression_versions (expression_id, text, created_by, created_at) VALUES (59, 'ソース参照 (任意)', 'langmap', datetime('now'));
INSERT INTO expressions (id, text, language_code, created_by, updated_by, created_at, updated_at, tags, source_type, review_status, auto_approved) VALUES (60, '例: Wiktionary, Dictionary.com, またはURL', 'ja', 'langmap', 'langmap', datetime('now'), datetime('now'), '["langmap"]', 'ai', 'approved', 1);
INSERT INTO expression_meanings (expression_id, meaning_id, created_by, updated_by, created_at, updated_at) VALUES (60, 60, 'langmap', 'langmap', datetime('now'), datetime('now'));
INSERT INTO expression_versions (expression_id, text, created_by, created_at) VALUES (60, '例: Wiktionary, Dictionary.com, またはURL', 'langmap', datetime('now'));
INSERT INTO expressions (id, text, language_code, created_by, updated_by, created_at, updated_at, tags, source_type, review_status, auto_approved) VALUES (61, 'この表現の出典または参照', 'ja', 'langmap', 'langmap', datetime('now'), datetime('now'), '["langmap"]', 'ai', 'approved', 1);
INSERT INTO expression_meanings (expression_id, meaning_id, created_by, updated_by, created_at, updated_at) VALUES (61, 61, 'langmap', 'langmap', datetime('now'), datetime('now'));
INSERT INTO expression_versions (expression_id, text, created_by, created_at) VALUES (61, 'この表現の出典または参照', 'langmap', datetime('now'));
INSERT INTO expressions (id, text, language_code, created_by, updated_by, created_at, updated_at, tags, source_type, review_status, auto_approved) VALUES (62, '表現を作成', 'ja', 'langmap', 'langmap', datetime('now'), datetime('now'), '["langmap"]', 'ai', 'approved', 1);
INSERT INTO expression_meanings (expression_id, meaning_id, created_by, updated_by, created_at, updated_at) VALUES (62, 62, 'langmap', 'langmap', datetime('now'), datetime('now'));
INSERT INTO expression_versions (expression_id, text, created_by, created_at) VALUES (62, '表現を作成', 'langmap', datetime('now'));
INSERT INTO expressions (id, text, language_code, created_by, updated_by, created_at, updated_at, tags, source_type, review_status, auto_approved) VALUES (63, '送信中...', 'ja', 'langmap', 'langmap', datetime('now'), datetime('now'), '["langmap"]', 'ai', 'approved', 1);
INSERT INTO expression_meanings (expression_id, meaning_id, created_by, updated_by, created_at, updated_at) VALUES (63, 63, 'langmap', 'langmap', datetime('now'), datetime('now'));
INSERT INTO expression_versions (expression_id, text, created_by, created_at) VALUES (63, '送信中...', 'langmap', datetime('now'));
INSERT INTO expressions (id, text, language_code, created_by, updated_by, created_at, updated_at, tags, source_type, review_status, auto_approved) VALUES (64, 'キャンセル', 'ja', 'langmap', 'langmap', datetime('now'), datetime('now'), '["langmap"]', 'ai', 'approved', 1);
INSERT INTO expression_meanings (expression_id, meaning_id, created_by, updated_by, created_at, updated_at) VALUES (64, 64, 'langmap', 'langmap', datetime('now'), datetime('now'));
INSERT INTO expression_versions (expression_id, text, created_by, created_at) VALUES (64, 'キャンセル', 'langmap', datetime('now'));
INSERT INTO expressions (id, text, language_code, created_by, updated_by, created_at, updated_at, tags, source_type, review_status, auto_approved) VALUES (65, '言語とテキストは必須です。', 'ja', 'langmap', 'langmap', datetime('now'), datetime('now'), '["langmap"]', 'ai', 'approved', 1);
INSERT INTO expression_meanings (expression_id, meaning_id, created_by, updated_by, created_at, updated_at) VALUES (65, 65, 'langmap', 'langmap', datetime('now'), datetime('now'));
INSERT INTO expression_versions (expression_id, text, created_by, created_at) VALUES (65, '言語とテキストは必須です。', 'langmap', datetime('now'));
INSERT INTO expressions (id, text, language_code, created_by, updated_by, created_at, updated_at, tags, source_type, review_status, auto_approved) VALUES (66, '意味に関連付ける', 'ja', 'langmap', 'langmap', datetime('now'), datetime('now'), '["langmap"]', 'ai', 'approved', 1);
INSERT INTO expression_meanings (expression_id, meaning_id, created_by, updated_by, created_at, updated_at) VALUES (66, 66, 'langmap', 'langmap', datetime('now'), datetime('now'));
INSERT INTO expression_versions (expression_id, text, created_by, created_at) VALUES (66, '意味に関連付ける', 'langmap', datetime('now'));
INSERT INTO expressions (id, text, language_code, created_by, updated_by, created_at, updated_at, tags, source_type, review_status, auto_approved) VALUES (67, '既存の意味に関連付ける', 'ja', 'langmap', 'langmap', datetime('now'), datetime('now'), '["langmap"]', 'ai', 'approved', 1);
INSERT INTO expression_meanings (expression_id, meaning_id, created_by, updated_by, created_at, updated_at) VALUES (67, 67, 'langmap', 'langmap', datetime('now'), datetime('now'));
INSERT INTO expression_versions (expression_id, text, created_by, created_at) VALUES (67, '既存の意味に関連付ける', 'langmap', datetime('now'));
INSERT INTO expressions (id, text, language_code, created_by, updated_by, created_at, updated_at, tags, source_type, review_status, auto_approved) VALUES (68, '新しい意味に関連付ける', 'ja', 'langmap', 'langmap', datetime('now'), datetime('now'), '["langmap"]', 'ai', 'approved', 1);
INSERT INTO expression_meanings (expression_id, meaning_id, created_by, updated_by, created_at, updated_at) VALUES (68, 68, 'langmap', 'langmap', datetime('now'), datetime('now'));
INSERT INTO expression_versions (expression_id, text, created_by, created_at) VALUES (68, '新しい意味に関連付ける', 'langmap', datetime('now'));
INSERT INTO expressions (id, text, language_code, created_by, updated_by, created_at, updated_at, tags, source_type, review_status, auto_approved) VALUES (69, '選択された表現:', 'ja', 'langmap', 'langmap', datetime('now'), datetime('now'), '["langmap"]', 'ai', 'approved', 1);
INSERT INTO expression_meanings (expression_id, meaning_id, created_by, updated_by, created_at, updated_at) VALUES (69, 69, 'langmap', 'langmap', datetime('now'), datetime('now'));
INSERT INTO expression_versions (expression_id, text, created_by, created_at) VALUES (69, '選択された表現:', 'langmap', datetime('now'));
INSERT INTO expressions (id, text, language_code, created_by, updated_by, created_at, updated_at, tags, source_type, review_status, auto_approved) VALUES (70, '意味の語彙', 'ja', 'langmap', 'langmap', datetime('now'), datetime('now'), '["langmap"]', 'ai', 'approved', 1);
INSERT INTO expression_meanings (expression_id, meaning_id, created_by, updated_by, created_at, updated_at) VALUES (70, 70, 'langmap', 'langmap', datetime('now'), datetime('now'));
INSERT INTO expression_versions (expression_id, text, created_by, created_at) VALUES (70, '意味の語彙', 'langmap', datetime('now'));
INSERT INTO expressions (id, text, language_code, created_by, updated_by, created_at, updated_at, tags, source_type, review_status, auto_approved) VALUES (71, 'この意味の簡単な識別子', 'ja', 'langmap', 'langmap', datetime('now'), datetime('now'), '["langmap"]', 'ai', 'approved', 1);
INSERT INTO expression_meanings (expression_id, meaning_id, created_by, updated_by, created_at, updated_at) VALUES (71, 71, 'langmap', 'langmap', datetime('now'), datetime('now'));
INSERT INTO expression_versions (expression_id, text, created_by, created_at) VALUES (71, 'この意味の簡単な識別子', 'langmap', datetime('now'));
INSERT INTO expressions (id, text, language_code, created_by, updated_by, created_at, updated_at, tags, source_type, review_status, auto_approved) VALUES (72, 'この意味の本質を捉えた短いフレーズ', 'ja', 'langmap', 'langmap', datetime('now'), datetime('now'), '["langmap"]', 'ai', 'approved', 1);
INSERT INTO expression_meanings (expression_id, meaning_id, created_by, updated_by, created_at, updated_at) VALUES (72, 72, 'langmap', 'langmap', datetime('now'), datetime('now'));
INSERT INTO expression_versions (expression_id, text, created_by, created_at) VALUES (72, 'この意味の本質を捉えた短いフレーズ', 'langmap', datetime('now'));
INSERT INTO expressions (id, text, language_code, created_by, updated_by, created_at, updated_at, tags, source_type, review_status, auto_approved) VALUES (73, '意味の説明', 'ja', 'langmap', 'langmap', datetime('now'), datetime('now'), '["langmap"]', 'ai', 'approved', 1);
INSERT INTO expression_meanings (expression_id, meaning_id, created_by, updated_by, created_at, updated_at) VALUES (73, 73, 'langmap', 'langmap', datetime('now'), datetime('now'));
INSERT INTO expression_versions (expression_id, text, created_by, created_at) VALUES (73, '意味の説明', 'langmap', datetime('now'));
INSERT INTO expressions (id, text, language_code, created_by, updated_by, created_at, updated_at, tags, source_type, review_status, auto_approved) VALUES (74, 'この意味の詳細な説明', 'ja', 'langmap', 'langmap', datetime('now'), datetime('now'), '["langmap"]', 'ai', 'approved', 1);
INSERT INTO expression_meanings (expression_id, meaning_id, created_by, updated_by, created_at, updated_at) VALUES (74, 74, 'langmap', 'langmap', datetime('now'), datetime('now'));
INSERT INTO expression_versions (expression_id, text, created_by, created_at) VALUES (74, 'この意味の詳細な説明', 'langmap', datetime('now'));
INSERT INTO expressions (id, text, language_code, created_by, updated_by, created_at, updated_at, tags, source_type, review_status, auto_approved) VALUES (75, 'この意味が何を表しているかの包括的な説明', 'ja', 'langmap', 'langmap', datetime('now'), datetime('now'), '["langmap"]', 'ai', 'approved', 1);
INSERT INTO expression_meanings (expression_id, meaning_id, created_by, updated_by, created_at, updated_at) VALUES (75, 75, 'langmap', 'langmap', datetime('now'), datetime('now'));
INSERT INTO expression_versions (expression_id, text, created_by, created_at) VALUES (75, 'この意味が何を表しているかの包括的な説明', 'langmap', datetime('now'));
INSERT INTO expressions (id, text, language_code, created_by, updated_by, created_at, updated_at, tags, source_type, review_status, auto_approved) VALUES (76, 'タグ', 'ja', 'langmap', 'langmap', datetime('now'), datetime('now'), '["langmap"]', 'ai', 'approved', 1);
INSERT INTO expression_meanings (expression_id, meaning_id, created_by, updated_by, created_at, updated_at) VALUES (76, 76, 'langmap', 'langmap', datetime('now'), datetime('now'));
INSERT INTO expression_versions (expression_id, text, created_by, created_at) VALUES (76, 'タグ', 'langmap', datetime('now'));
INSERT INTO expressions (id, text, language_code, created_by, updated_by, created_at, updated_at, tags, source_type, review_status, auto_approved) VALUES (77, 'タグを追加...', 'ja', 'langmap', 'langmap', datetime('now'), datetime('now'), '["langmap"]', 'ai', 'approved', 1);
INSERT INTO expression_meanings (expression_id, meaning_id, created_by, updated_by, created_at, updated_at) VALUES (77, 77, 'langmap', 'langmap', datetime('now'), datetime('now'));
INSERT INTO expression_versions (expression_id, text, created_by, created_at) VALUES (77, 'タグを追加...', 'langmap', datetime('now'));
INSERT INTO expressions (id, text, language_code, created_by, updated_by, created_at, updated_at, tags, source_type, review_status, auto_approved) VALUES (78, 'タグは意味の分類と検索に役立ちます（Enterキーまたはカンマで追加）', 'ja', 'langmap', 'langmap', datetime('now'), datetime('now'), '["langmap"]', 'ai', 'approved', 1);
INSERT INTO expression_meanings (expression_id, meaning_id, created_by, updated_by, created_at, updated_at) VALUES (78, 78, 'langmap', 'langmap', datetime('now'), datetime('now'));
INSERT INTO expression_versions (expression_id, text, created_by, created_at) VALUES (78, 'タグは意味の分類と検索に役立ちます（Enterキーまたはカンマで追加）', 'langmap', datetime('now'));
INSERT INTO expressions (id, text, language_code, created_by, updated_by, created_at, updated_at, tags, source_type, review_status, auto_approved) VALUES (79, '+ 新しい言語を追加', 'ja', 'langmap', 'langmap', datetime('now'), datetime('now'), '["langmap"]', 'ai', 'approved', 1);
INSERT INTO expression_meanings (expression_id, meaning_id, created_by, updated_by, created_at, updated_at) VALUES (79, 79, 'langmap', 'langmap', datetime('now'), datetime('now'));
INSERT INTO expression_versions (expression_id, text, created_by, created_at) VALUES (79, '+ 新しい言語を追加', 'langmap', datetime('now'));
INSERT INTO expressions (id, text, language_code, created_by, updated_by, created_at, updated_at, tags, source_type, review_status, auto_approved) VALUES (80, '言語コード', 'ja', 'langmap', 'langmap', datetime('now'), datetime('now'), '["langmap"]', 'ai', 'approved', 1);
INSERT INTO expression_meanings (expression_id, meaning_id, created_by, updated_by, created_at, updated_at) VALUES (80, 80, 'langmap', 'langmap', datetime('now'), datetime('now'));
INSERT INTO expression_versions (expression_id, text, created_by, created_at) VALUES (80, '言語コード', 'langmap', datetime('now'));
INSERT INTO expressions (id, text, language_code, created_by, updated_by, created_at, updated_at, tags, source_type, review_status, auto_approved) VALUES (81, '例：custom-lang, toki-pona', 'ja', 'langmap', 'langmap', datetime('now'), datetime('now'), '["langmap"]', 'ai', 'approved', 1);
INSERT INTO expression_meanings (expression_id, meaning_id, created_by, updated_by, created_at, updated_at) VALUES (81, 81, 'langmap', 'langmap', datetime('now'), datetime('now'));
INSERT INTO expression_versions (expression_id, text, created_by, created_at) VALUES (81, '例：custom-lang, toki-pona', 'langmap', datetime('now'));
INSERT INTO expressions (id, text, language_code, created_by, updated_by, created_at, updated_at, tags, source_type, review_status, auto_approved) VALUES (82, 'あなたの言語のカスタムコード（非標準でも可）', 'ja', 'langmap', 'langmap', datetime('now'), datetime('now'), '["langmap"]', 'ai', 'approved', 1);
INSERT INTO expression_meanings (expression_id, meaning_id, created_by, updated_by, created_at, updated_at) VALUES (82, 82, 'langmap', 'langmap', datetime('now'), datetime('now'));
INSERT INTO expression_versions (expression_id, text, created_by, created_at) VALUES (82, 'あなたの言語のカスタムコード（非標準でも可）', 'langmap', datetime('now'));
INSERT INTO expressions (id, text, language_code, created_by, updated_by, created_at, updated_at, tags, source_type, review_status, auto_approved) VALUES (83, '言語名', 'ja', 'langmap', 'langmap', datetime('now'), datetime('now'), '["langmap"]', 'ai', 'approved', 1);
INSERT INTO expression_meanings (expression_id, meaning_id, created_by, updated_by, created_at, updated_at) VALUES (83, 83, 'langmap', 'langmap', datetime('now'), datetime('now'));
INSERT INTO expression_versions (expression_id, text, created_by, created_at) VALUES (83, '言語名', 'langmap', datetime('now'));
INSERT INTO expressions (id, text, language_code, created_by, updated_by, created_at, updated_at, tags, source_type, review_status, auto_approved) VALUES (84, '例：カスタム言語', 'ja', 'langmap', 'langmap', datetime('now'), datetime('now'), '["langmap"]', 'ai', 'approved', 1);
INSERT INTO expression_meanings (expression_id, meaning_id, created_by, updated_by, created_at, updated_at) VALUES (84, 84, 'langmap', 'langmap', datetime('now'), datetime('now'));
INSERT INTO expression_versions (expression_id, text, created_by, created_at) VALUES (84, '例：カスタム言語', 'langmap', datetime('now'));
INSERT INTO expressions (id, text, language_code, created_by, updated_by, created_at, updated_at, tags, source_type, review_status, auto_approved) VALUES (85, 'ネイティブ名', 'ja', 'langmap', 'langmap', datetime('now'), datetime('now'), '["langmap"]', 'ai', 'approved', 1);
INSERT INTO expression_meanings (expression_id, meaning_id, created_by, updated_by, created_at, updated_at) VALUES (85, 85, 'langmap', 'langmap', datetime('now'), datetime('now'));
INSERT INTO expression_versions (expression_id, text, created_by, created_at) VALUES (85, 'ネイティブ名', 'langmap', datetime('now'));
INSERT INTO expressions (id, text, language_code, created_by, updated_by, created_at, updated_at, tags, source_type, review_status, auto_approved) VALUES (86, '例：ネイティブ言語名', 'ja', 'langmap', 'langmap', datetime('now'), datetime('now'), '["langmap"]', 'ai', 'approved', 1);
INSERT INTO expression_meanings (expression_id, meaning_id, created_by, updated_by, created_at, updated_at) VALUES (86, 86, 'langmap', 'langmap', datetime('now'), datetime('now'));
INSERT INTO expression_versions (expression_id, text, created_by, created_at) VALUES (86, '例：ネイティブ言語名', 'langmap', datetime('now'));
INSERT INTO expressions (id, text, language_code, created_by, updated_by, created_at, updated_at, tags, source_type, review_status, auto_approved) VALUES (87, '地域情報', 'ja', 'langmap', 'langmap', datetime('now'), datetime('now'), '["langmap"]', 'ai', 'approved', 1);
INSERT INTO expression_meanings (expression_id, meaning_id, created_by, updated_by, created_at, updated_at) VALUES (87, 87, 'langmap', 'langmap', datetime('now'), datetime('now'));
INSERT INTO expression_versions (expression_id, text, created_by, created_at) VALUES (87, '地域情報', 'langmap', datetime('now'));
INSERT INTO expressions (id, text, language_code, created_by, updated_by, created_at, updated_at, tags, source_type, review_status, auto_approved) VALUES (88, '地域名', 'ja', 'langmap', 'langmap', datetime('now'), datetime('now'), '["langmap"]', 'ai', 'approved', 1);
INSERT INTO expression_meanings (expression_id, meaning_id, created_by, updated_by, created_at, updated_at) VALUES (88, 88, 'langmap', 'langmap', datetime('now'), datetime('now'));
INSERT INTO expression_versions (expression_id, text, created_by, created_at) VALUES (88, '地域名', 'langmap', datetime('now'));
INSERT INTO expressions (id, text, language_code, created_by, updated_by, created_at, updated_at, tags, source_type, review_status, auto_approved) VALUES (89, '例：ロンドン、イギリス', 'ja', 'langmap', 'langmap', datetime('now'), datetime('now'), '["langmap"]', 'ai', 'approved', 1);
INSERT INTO expression_meanings (expression_id, meaning_id, created_by, updated_by, created_at, updated_at) VALUES (89, 89, 'langmap', 'langmap', datetime('now'), datetime('now'));
INSERT INTO expression_versions (expression_id, text, created_by, created_at) VALUES (89, '例：ロンドン、イギリス', 'langmap', datetime('now'));
INSERT INTO expressions (id, text, language_code, created_by, updated_by, created_at, updated_at, tags, source_type, review_status, auto_approved) VALUES (90, 'ネイティブ地域名', 'ja', 'langmap', 'langmap', datetime('now'), datetime('now'), '["langmap"]', 'ai', 'approved', 1);
INSERT INTO expression_meanings (expression_id, meaning_id, created_by, updated_by, created_at, updated_at) VALUES (90, 90, 'langmap', 'langmap', datetime('now'), datetime('now'));
INSERT INTO expression_versions (expression_id, text, created_by, created_at) VALUES (90, 'ネイティブ地域名', 'langmap', datetime('now'));
INSERT INTO expressions (id, text, language_code, created_by, updated_by, created_at, updated_at, tags, source_type, review_status, auto_approved) VALUES (91, '例：ロンドン、イギリス', 'ja', 'langmap', 'langmap', datetime('now'), datetime('now'), '["langmap"]', 'ai', 'approved', 1);
INSERT INTO expression_meanings (expression_id, meaning_id, created_by, updated_by, created_at, updated_at) VALUES (91, 91, 'langmap', 'langmap', datetime('now'), datetime('now'));
INSERT INTO expression_versions (expression_id, text, created_by, created_at) VALUES (91, '例：ロンドン、イギリス', 'langmap', datetime('now'));
INSERT INTO expressions (id, text, language_code, created_by, updated_by, created_at, updated_at, tags, source_type, review_status, auto_approved) VALUES (92, '緯度', 'ja', 'langmap', 'langmap', datetime('now'), datetime('now'), '["langmap"]', 'ai', 'approved', 1);
INSERT INTO expression_meanings (expression_id, meaning_id, created_by, updated_by, created_at, updated_at) VALUES (92, 92, 'langmap', 'langmap', datetime('now'), datetime('now'));
INSERT INTO expression_versions (expression_id, text, created_by, created_at) VALUES (92, '緯度', 'langmap', datetime('now'));
INSERT INTO expressions (id, text, language_code, created_by, updated_by, created_at, updated_at, tags, source_type, review_status, auto_approved) VALUES (93, '例：51.5074', 'ja', 'langmap', 'langmap', datetime('now'), datetime('now'), '["langmap"]', 'ai', 'approved', 1);
INSERT INTO expression_meanings (expression_id, meaning_id, created_by, updated_by, created_at, updated_at) VALUES (93, 93, 'langmap', 'langmap', datetime('now'), datetime('now'));
INSERT INTO expression_versions (expression_id, text, created_by, created_at) VALUES (93, '例：51.5074', 'langmap', datetime('now'));
INSERT INTO expressions (id, text, language_code, created_by, updated_by, created_at, updated_at, tags, source_type, review_status, auto_approved) VALUES (94, '経度', 'ja', 'langmap', 'langmap', datetime('now'), datetime('now'), '["langmap"]', 'ai', 'approved', 1);
INSERT INTO expression_meanings (expression_id, meaning_id, created_by, updated_by, created_at, updated_at) VALUES (94, 94, 'langmap', 'langmap', datetime('now'), datetime('now'));
INSERT INTO expression_versions (expression_id, text, created_by, created_at) VALUES (94, '経度', 'langmap', datetime('now'));
INSERT INTO expressions (id, text, language_code, created_by, updated_by, created_at, updated_at, tags, source_type, review_status, auto_approved) VALUES (95, '例：-0.1278', 'ja', 'langmap', 'langmap', datetime('now'), datetime('now'), '["langmap"]', 'ai', 'approved', 1);
INSERT INTO expression_meanings (expression_id, meaning_id, created_by, updated_by, created_at, updated_at) VALUES (95, 95, 'langmap', 'langmap', datetime('now'), datetime('now'));
INSERT INTO expression_versions (expression_id, text, created_by, created_at) VALUES (95, '例：-0.1278', 'langmap', datetime('now'));
INSERT INTO expressions (id, text, language_code, created_by, updated_by, created_at, updated_at, tags, source_type, review_status, auto_approved) VALUES (96, '地図を隠す', 'ja', 'langmap', 'langmap', datetime('now'), datetime('now'), '["langmap"]', 'ai', 'approved', 1);
INSERT INTO expression_meanings (expression_id, meaning_id, created_by, updated_by, created_at, updated_at) VALUES (96, 96, 'langmap', 'langmap', datetime('now'), datetime('now'));
INSERT INTO expression_versions (expression_id, text, created_by, created_at) VALUES (96, '地図を隠す', 'langmap', datetime('now'));
INSERT INTO expressions (id, text, language_code, created_by, updated_by, created_at, updated_at, tags, source_type, review_status, auto_approved) VALUES (97, '文字方向', 'ja', 'langmap', 'langmap', datetime('now'), datetime('now'), '["langmap"]', 'ai', 'approved', 1);
INSERT INTO expression_meanings (expression_id, meaning_id, created_by, updated_by, created_at, updated_at) VALUES (97, 97, 'langmap', 'langmap', datetime('now'), datetime('now'));
INSERT INTO expression_versions (expression_id, text, created_by, created_at) VALUES (97, '文字方向', 'langmap', datetime('now'));
INSERT INTO expressions (id, text, language_code, created_by, updated_by, created_at, updated_at, tags, source_type, review_status, auto_approved) VALUES (98, '左から右（LTR）', 'ja', 'langmap', 'langmap', datetime('now'), datetime('now'), '["langmap"]', 'ai', 'approved', 1);
INSERT INTO expression_meanings (expression_id, meaning_id, created_by, updated_by, created_at, updated_at) VALUES (98, 98, 'langmap', 'langmap', datetime('now'), datetime('now'));
INSERT INTO expression_versions (expression_id, text, created_by, created_at) VALUES (98, '左から右（LTR）', 'langmap', datetime('now'));
INSERT INTO expressions (id, text, language_code, created_by, updated_by, created_at, updated_at, tags, source_type, review_status, auto_approved) VALUES (99, '右から左（RTL）', 'ja', 'langmap', 'langmap', datetime('now'), datetime('now'), '["langmap"]', 'ai', 'approved', 1);
INSERT INTO expression_meanings (expression_id, meaning_id, created_by, updated_by, created_at, updated_at) VALUES (99, 99, 'langmap', 'langmap', datetime('now'), datetime('now'));
INSERT INTO expression_versions (expression_id, text, created_by, created_at) VALUES (99, '右から左（RTL）', 'langmap', datetime('now'));
INSERT INTO expressions (id, text, language_code, created_by, updated_by, created_at, updated_at, tags, source_type, review_status, auto_approved) VALUES (100, '追加中...', 'ja', 'langmap', 'langmap', datetime('now'), datetime('now'), '["langmap"]', 'ai', 'approved', 1);
INSERT INTO expression_meanings (expression_id, meaning_id, created_by, updated_by, created_at, updated_at) VALUES (100, 100, 'langmap', 'langmap', datetime('now'), datetime('now'));
INSERT INTO expression_versions (expression_id, text, created_by, created_at) VALUES (100, '追加中...', 'langmap', datetime('now'));
INSERT INTO expressions (id, text, language_code, created_by, updated_by, created_at, updated_at, tags, source_type, review_status, auto_approved) VALUES (101, '言語の追加に失敗しました。もう一度お試しください。', 'ja', 'langmap', 'langmap', datetime('now'), datetime('now'), '["langmap"]', 'ai', 'approved', 1);
INSERT INTO expression_meanings (expression_id, meaning_id, created_by, updated_by, created_at, updated_at) VALUES (101, 101, 'langmap', 'langmap', datetime('now'), datetime('now'));
INSERT INTO expression_versions (expression_id, text, created_by, created_at) VALUES (101, '言語の追加に失敗しました。もう一度お試しください。', 'langmap', datetime('now'));
INSERT INTO expressions (id, text, language_code, created_by, updated_by, created_at, updated_at, tags, source_type, review_status, auto_approved) VALUES (102, '検索に戻る', 'ja', 'langmap', 'langmap', datetime('now'), datetime('now'), '["langmap"]', 'ai', 'approved', 1);
INSERT INTO expression_meanings (expression_id, meaning_id, created_by, updated_by, created_at, updated_at) VALUES (102, 102, 'langmap', 'langmap', datetime('now'), datetime('now'));
INSERT INTO expression_versions (expression_id, text, created_by, created_at) VALUES (102, '検索に戻る', 'langmap', datetime('now'));
INSERT INTO expressions (id, text, language_code, created_by, updated_by, created_at, updated_at, tags, source_type, review_status, auto_approved) VALUES (103, '表現の詳細を読み込み中...', 'ja', 'langmap', 'langmap', datetime('now'), datetime('now'), '["langmap"]', 'ai', 'approved', 1);
INSERT INTO expression_meanings (expression_id, meaning_id, created_by, updated_by, created_at, updated_at) VALUES (103, 103, 'langmap', 'langmap', datetime('now'), datetime('now'));
INSERT INTO expression_versions (expression_id, text, created_by, created_at) VALUES (103, '表現の詳細を読み込み中...', 'langmap', datetime('now'));
INSERT INTO expressions (id, text, language_code, created_by, updated_by, created_at, updated_at, tags, source_type, review_status, auto_approved) VALUES (104, '表現の詳細', 'ja', 'langmap', 'langmap', datetime('now'), datetime('now'), '["langmap"]', 'ai', 'approved', 1);
INSERT INTO expression_meanings (expression_id, meaning_id, created_by, updated_by, created_at, updated_at) VALUES (104, 104, 'langmap', 'langmap', datetime('now'), datetime('now'));
INSERT INTO expression_versions (expression_id, text, created_by, created_at) VALUES (104, '表現の詳細', 'langmap', datetime('now'));
INSERT INTO expressions (id, text, language_code, created_by, updated_by, created_at, updated_at, tags, source_type, review_status, auto_approved) VALUES (105, '関連する意味', 'ja', 'langmap', 'langmap', datetime('now'), datetime('now'), '["langmap"]', 'ai', 'approved', 1);
INSERT INTO expression_meanings (expression_id, meaning_id, created_by, updated_by, created_at, updated_at) VALUES (105, 105, 'langmap', 'langmap', datetime('now'), datetime('now'));
INSERT INTO expression_versions (expression_id, text, created_by, created_at) VALUES (105, '関連する意味', 'langmap', datetime('now'));
INSERT INTO expressions (id, text, language_code, created_by, updated_by, created_at, updated_at, tags, source_type, review_status, auto_approved) VALUES (106, '表現を関連付ける', 'ja', 'langmap', 'langmap', datetime('now'), datetime('now'), '["langmap"]', 'ai', 'approved', 1);
INSERT INTO expression_meanings (expression_id, meaning_id, created_by, updated_by, created_at, updated_at) VALUES (106, 106, 'langmap', 'langmap', datetime('now'), datetime('now'));
INSERT INTO expression_versions (expression_id, text, created_by, created_at) VALUES (106, '表現を関連付ける', 'langmap', datetime('now'));
INSERT INTO expressions (id, text, language_code, created_by, updated_by, created_at, updated_at, tags, source_type, review_status, auto_approved) VALUES (107, 'キャンセル', 'ja', 'langmap', 'langmap', datetime('now'), datetime('now'), '["langmap"]', 'ai', 'approved', 1);
INSERT INTO expression_meanings (expression_id, meaning_id, created_by, updated_by, created_at, updated_at) VALUES (107, 107, 'langmap', 'langmap', datetime('now'), datetime('now'));
INSERT INTO expression_versions (expression_id, text, created_by, created_at) VALUES (107, 'キャンセル', 'langmap', datetime('now'));
INSERT INTO expressions (id, text, language_code, created_by, updated_by, created_at, updated_at, tags, source_type, review_status, auto_approved) VALUES (108, '関連付ける表現を検索...', 'ja', 'langmap', 'langmap', datetime('now'), datetime('now'), '["langmap"]', 'ai', 'approved', 1);
INSERT INTO expression_meanings (expression_id, meaning_id, created_by, updated_by, created_at, updated_at) VALUES (108, 108, 'langmap', 'langmap', datetime('now'), datetime('now'));
INSERT INTO expression_versions (expression_id, text, created_by, created_at) VALUES (108, '関連付ける表現を検索...', 'langmap', datetime('now'));
INSERT INTO expressions (id, text, language_code, created_by, updated_by, created_at, updated_at, tags, source_type, review_status, auto_approved) VALUES (109, '検索', 'ja', 'langmap', 'langmap', datetime('now'), datetime('now'), '["langmap"]', 'ai', 'approved', 1);
INSERT INTO expression_meanings (expression_id, meaning_id, created_by, updated_by, created_at, updated_at) VALUES (109, 109, 'langmap', 'langmap', datetime('now'), datetime('now'));
INSERT INTO expression_versions (expression_id, text, created_by, created_at) VALUES (109, '検索', 'langmap', datetime('now'));
INSERT INTO expressions (id, text, language_code, created_by, updated_by, created_at, updated_at, tags, source_type, review_status, auto_approved) VALUES (110, '検索中...', 'ja', 'langmap', 'langmap', datetime('now'), datetime('now'), '["langmap"]', 'ai', 'approved', 1);
INSERT INTO expression_meanings (expression_id, meaning_id, created_by, updated_by, created_at, updated_at) VALUES (110, 110, 'langmap', 'langmap', datetime('now'), datetime('now'));
INSERT INTO expression_versions (expression_id, text, created_by, created_at) VALUES (110, '検索中...', 'langmap', datetime('now'));
INSERT INTO expressions (id, text, language_code, created_by, updated_by, created_at, updated_at, tags, source_type, review_status, auto_approved) VALUES (111, '表現が見つかりません。別の検索語を試してください。', 'ja', 'langmap', 'langmap', datetime('now'), datetime('now'), '["langmap"]', 'ai', 'approved', 1);
INSERT INTO expression_meanings (expression_id, meaning_id, created_by, updated_by, created_at, updated_at) VALUES (111, 111, 'langmap', 'langmap', datetime('now'), datetime('now'));
INSERT INTO expression_versions (expression_id, text, created_by, created_at) VALUES (111, '表現が見つかりません。別の検索語を試してください。', 'langmap', datetime('now'));
INSERT INTO expressions (id, text, language_code, created_by, updated_by, created_at, updated_at, tags, source_type, review_status, auto_approved) VALUES (112, 'リンク', 'ja', 'langmap', 'langmap', datetime('now'), datetime('now'), '["langmap"]', 'ai', 'approved', 1);
INSERT INTO expression_meanings (expression_id, meaning_id, created_by, updated_by, created_at, updated_at) VALUES (112, 112, 'langmap', 'langmap', datetime('now'), datetime('now'));
INSERT INTO expression_versions (expression_id, text, created_by, created_at) VALUES (112, 'リンク', 'langmap', datetime('now'));
INSERT INTO expressions (id, text, language_code, created_by, updated_by, created_at, updated_at, tags, source_type, review_status, auto_approved) VALUES (113, 'すでにリンク済み', 'ja', 'langmap', 'langmap', datetime('now'), datetime('now'), '["langmap"]', 'ai', 'approved', 1);
INSERT INTO expression_meanings (expression_id, meaning_id, created_by, updated_by, created_at, updated_at) VALUES (113, 113, 'langmap', 'langmap', datetime('now'), datetime('now'));
INSERT INTO expression_versions (expression_id, text, created_by, created_at) VALUES (113, 'すでにリンク済み', 'langmap', datetime('now'));
INSERT INTO expressions (id, text, language_code, created_by, updated_by, created_at, updated_at, tags, source_type, review_status, auto_approved) VALUES (114, '検索結果に現在の表現が含まれています。', 'ja', 'langmap', 'langmap', datetime('now'), datetime('now'), '["langmap"]', 'ai', 'approved', 1);
INSERT INTO expression_meanings (expression_id, meaning_id, created_by, updated_by, created_at, updated_at) VALUES (114, 114, 'langmap', 'langmap', datetime('now'), datetime('now'));
INSERT INTO expression_versions (expression_id, text, created_by, created_at) VALUES (114, '検索結果に現在の表現が含まれています。', 'langmap', datetime('now'));
INSERT INTO expressions (id, text, language_code, created_by, updated_by, created_at, updated_at, tags, source_type, review_status, auto_approved) VALUES (115, '意味にリンク:', 'ja', 'langmap', 'langmap', datetime('now'), datetime('now'), '["langmap"]', 'ai', 'approved', 1);
INSERT INTO expression_meanings (expression_id, meaning_id, created_by, updated_by, created_at, updated_at) VALUES (115, 115, 'langmap', 'langmap', datetime('now'), datetime('now'));
INSERT INTO expression_versions (expression_id, text, created_by, created_at) VALUES (115, '意味にリンク:', 'langmap', datetime('now'));
INSERT INTO expressions (id, text, language_code, created_by, updated_by, created_at, updated_at, tags, source_type, review_status, auto_approved) VALUES (116, '-- 意味を選択 --', 'ja', 'langmap', 'langmap', datetime('now'), datetime('now'), '["langmap"]', 'ai', 'approved', 1);
INSERT INTO expression_meanings (expression_id, meaning_id, created_by, updated_by, created_at, updated_at) VALUES (116, 116, 'langmap', 'langmap', datetime('now'), datetime('now'));
INSERT INTO expression_versions (expression_id, text, created_by, created_at) VALUES (116, '-- 意味を選択 --', 'langmap', datetime('now'));
INSERT INTO expressions (id, text, language_code, created_by, updated_by, created_at, updated_at, tags, source_type, review_status, auto_approved) VALUES (117, '新しい意味を作成…', 'ja', 'langmap', 'langmap', datetime('now'), datetime('now'), '["langmap"]', 'ai', 'approved', 1);
INSERT INTO expression_meanings (expression_id, meaning_id, created_by, updated_by, created_at, updated_at) VALUES (117, 117, 'langmap', 'langmap', datetime('now'), datetime('now'));
INSERT INTO expression_versions (expression_id, text, created_by, created_at) VALUES (117, '新しい意味を作成…', 'langmap', datetime('now'));
INSERT INTO expressions (id, text, language_code, created_by, updated_by, created_at, updated_at, tags, source_type, review_status, auto_approved) VALUES (118, '新しい意味の語彙', 'ja', 'langmap', 'langmap', datetime('now'), datetime('now'), '["langmap"]', 'ai', 'approved', 1);
INSERT INTO expression_meanings (expression_id, meaning_id, created_by, updated_by, created_at, updated_at) VALUES (118, 118, 'langmap', 'langmap', datetime('now'), datetime('now'));
INSERT INTO expression_versions (expression_id, text, created_by, created_at) VALUES (118, '新しい意味の語彙', 'langmap', datetime('now'));
INSERT INTO expressions (id, text, language_code, created_by, updated_by, created_at, updated_at, tags, source_type, review_status, auto_approved) VALUES (119, '意味を作成', 'ja', 'langmap', 'langmap', datetime('now'), datetime('now'), '["langmap"]', 'ai', 'approved', 1);
INSERT INTO expression_meanings (expression_id, meaning_id, created_by, updated_by, created_at, updated_at) VALUES (119, 119, 'langmap', 'langmap', datetime('now'), datetime('now'));
INSERT INTO expression_versions (expression_id, text, created_by, created_at) VALUES (119, '意味を作成', 'langmap', datetime('now'));
INSERT INTO expressions (id, text, language_code, created_by, updated_by, created_at, updated_at, tags, source_type, review_status, auto_approved) VALUES (120, 'この表現に関連する意味はありません', 'ja', 'langmap', 'langmap', datetime('now'), datetime('now'), '["langmap"]', 'ai', 'approved', 1);
INSERT INTO expression_meanings (expression_id, meaning_id, created_by, updated_by, created_at, updated_at) VALUES (120, 120, 'langmap', 'langmap', datetime('now'), datetime('now'));
INSERT INTO expression_versions (expression_id, text, created_by, created_at) VALUES (120, 'この表現に関連する意味はありません', 'langmap', datetime('now'));
INSERT INTO expressions (id, text, language_code, created_by, updated_by, created_at, updated_at, tags, source_type, review_status, auto_approved) VALUES (121, '意味と関連付ける', 'ja', 'langmap', 'langmap', datetime('now'), datetime('now'), '["langmap"]', 'ai', 'approved', 1);
INSERT INTO expression_meanings (expression_id, meaning_id, created_by, updated_by, created_at, updated_at) VALUES (121, 121, 'langmap', 'langmap', datetime('now'), datetime('now'));
INSERT INTO expression_versions (expression_id, text, created_by, created_at) VALUES (121, '意味と関連付ける', 'langmap', datetime('now'));
INSERT INTO expressions (id, text, language_code, created_by, updated_by, created_at, updated_at, tags, source_type, review_status, auto_approved) VALUES (122, 'グローバル', 'ja', 'langmap', 'langmap', datetime('now'), datetime('now'), '["langmap"]', 'ai', 'approved', 1);
INSERT INTO expression_meanings (expression_id, meaning_id, created_by, updated_by, created_at, updated_at) VALUES (122, 122, 'langmap', 'langmap', datetime('now'), datetime('now'));
INSERT INTO expression_versions (expression_id, text, created_by, created_at) VALUES (122, 'グローバル', 'langmap', datetime('now'));
INSERT INTO expressions (id, text, language_code, created_by, updated_by, created_at, updated_at, tags, source_type, review_status, auto_approved) VALUES (123, '再生', 'ja', 'langmap', 'langmap', datetime('now'), datetime('now'), '["langmap"]', 'ai', 'approved', 1);
INSERT INTO expression_meanings (expression_id, meaning_id, created_by, updated_by, created_at, updated_at) VALUES (123, 123, 'langmap', 'langmap', datetime('now'), datetime('now'));
INSERT INTO expression_versions (expression_id, text, created_by, created_at) VALUES (123, '再生', 'langmap', datetime('now'));
INSERT INTO expressions (id, text, language_code, created_by, updated_by, created_at, updated_at, tags, source_type, review_status, auto_approved) VALUES (124, '自動', 'ja', 'langmap', 'langmap', datetime('now'), datetime('now'), '["langmap"]', 'ai', 'approved', 1);
INSERT INTO expression_meanings (expression_id, meaning_id, created_by, updated_by, created_at, updated_at) VALUES (124, 124, 'langmap', 'langmap', datetime('now'), datetime('now'));
INSERT INTO expression_versions (expression_id, text, created_by, created_at) VALUES (124, '自動', 'langmap', datetime('now'));
INSERT INTO expressions (id, text, language_code, created_by, updated_by, created_at, updated_at, tags, source_type, review_status, auto_approved) VALUES (125, 'バージョン履歴', 'ja', 'langmap', 'langmap', datetime('now'), datetime('now'), '["langmap"]', 'ai', 'approved', 1);
INSERT INTO expression_meanings (expression_id, meaning_id, created_by, updated_by, created_at, updated_at) VALUES (125, 125, 'langmap', 'langmap', datetime('now'), datetime('now'));
INSERT INTO expression_versions (expression_id, text, created_by, created_at) VALUES (125, 'バージョン履歴', 'langmap', datetime('now'));
INSERT INTO expressions (id, text, language_code, created_by, updated_by, created_at, updated_at, tags, source_type, review_status, auto_approved) VALUES (126, 'バージョンを読み込み中...', 'ja', 'langmap', 'langmap', datetime('now'), datetime('now'), '["langmap"]', 'ai', 'approved', 1);
INSERT INTO expression_meanings (expression_id, meaning_id, created_by, updated_by, created_at, updated_at) VALUES (126, 126, 'langmap', 'langmap', datetime('now'), datetime('now'));
INSERT INTO expression_versions (expression_id, text, created_by, created_at) VALUES (126, 'バージョンを読み込み中...', 'langmap', datetime('now'));
INSERT INTO expressions (id, text, language_code, created_by, updated_by, created_at, updated_at, tags, source_type, review_status, auto_approved) VALUES (127, '利用可能なバージョンがありません', 'ja', 'langmap', 'langmap', datetime('now'), datetime('now'), '["langmap"]', 'ai', 'approved', 1);
INSERT INTO expression_meanings (expression_id, meaning_id, created_by, updated_by, created_at, updated_at) VALUES (127, 127, 'langmap', 'langmap', datetime('now'), datetime('now'));
INSERT INTO expression_versions (expression_id, text, created_by, created_at) VALUES (127, '利用可能なバージョンがありません', 'langmap', datetime('now'));
INSERT INTO expressions (id, text, language_code, created_by, updated_by, created_at, updated_at, tags, source_type, review_status, auto_approved) VALUES (128, '自動', 'ja', 'langmap', 'langmap', datetime('now'), datetime('now'), '["langmap"]', 'ai', 'approved', 1);
INSERT INTO expression_meanings (expression_id, meaning_id, created_by, updated_by, created_at, updated_at) VALUES (128, 128, 'langmap', 'langmap', datetime('now'), datetime('now'));
INSERT INTO expression_versions (expression_id, text, created_by, created_at) VALUES (128, '自動', 'langmap', datetime('now'));
INSERT INTO expressions (id, text, language_code, created_by, updated_by, created_at, updated_at, tags, source_type, review_status, auto_approved) VALUES (129, '匿名', 'ja', 'langmap', 'langmap', datetime('now'), datetime('now'), '["langmap"]', 'ai', 'approved', 1);
INSERT INTO expression_meanings (expression_id, meaning_id, created_by, updated_by, created_at, updated_at) VALUES (129, 129, 'langmap', 'langmap', datetime('now'), datetime('now'));
INSERT INTO expression_versions (expression_id, text, created_by, created_at) VALUES (129, '匿名', 'langmap', datetime('now'));
INSERT INTO expressions (id, text, language_code, created_by, updated_by, created_at, updated_at, tags, source_type, review_status, auto_approved) VALUES (130, '探索世界语言', 'zh-CN', 'langmap', 'langmap', datetime('now'), datetime('now'), '["langmap"]', 'ai', 'approved', 1);
INSERT INTO expression_meanings (expression_id, meaning_id, created_by, updated_by, created_at, updated_at) VALUES (130, 1, 'langmap', 'langmap', datetime('now'), datetime('now'));
INSERT INTO expression_versions (expression_id, text, created_by, created_at) VALUES (130, '探索世界语言', 'langmap', datetime('now'));
INSERT INTO expressions (id, text, language_code, created_by, updated_by, created_at, updated_at, tags, source_type, review_status, auto_approved) VALUES (131, '发现各地区和文化的语言差异', 'zh-CN', 'langmap', 'langmap', datetime('now'), datetime('now'), '["langmap"]', 'ai', 'approved', 1);
INSERT INTO expression_meanings (expression_id, meaning_id, created_by, updated_by, created_at, updated_at) VALUES (131, 2, 'langmap', 'langmap', datetime('now'), datetime('now'));
INSERT INTO expression_versions (expression_id, text, created_by, created_at) VALUES (131, '发现各地区和文化的语言差异', 'langmap', datetime('now'));
INSERT INTO expressions (id, text, language_code, created_by, updated_by, created_at, updated_at, tags, source_type, review_status, auto_approved) VALUES (132, '搜索词句...', 'zh-CN', 'langmap', 'langmap', datetime('now'), datetime('now'), '["langmap"]', 'ai', 'approved', 1);
INSERT INTO expression_meanings (expression_id, meaning_id, created_by, updated_by, created_at, updated_at) VALUES (132, 3, 'langmap', 'langmap', datetime('now'), datetime('now'));
INSERT INTO expression_versions (expression_id, text, created_by, created_at) VALUES (132, '搜索词句...', 'langmap', datetime('now'));
INSERT INTO expressions (id, text, language_code, created_by, updated_by, created_at, updated_at, tags, source_type, review_status, auto_approved) VALUES (133, '搜索', 'zh-CN', 'langmap', 'langmap', datetime('now'), datetime('now'), '["langmap"]', 'ai', 'approved', 1);
INSERT INTO expression_meanings (expression_id, meaning_id, created_by, updated_by, created_at, updated_at) VALUES (133, 4, 'langmap', 'langmap', datetime('now'), datetime('now'));
INSERT INTO expression_versions (expression_id, text, created_by, created_at) VALUES (133, '搜索', 'langmap', datetime('now'));
INSERT INTO expressions (id, text, language_code, created_by, updated_by, created_at, updated_at, tags, source_type, review_status, auto_approved) VALUES (134, '总词句数', 'zh-CN', 'langmap', 'langmap', datetime('now'), datetime('now'), '["langmap"]', 'ai', 'approved', 1);
INSERT INTO expression_meanings (expression_id, meaning_id, created_by, updated_by, created_at, updated_at) VALUES (134, 5, 'langmap', 'langmap', datetime('now'), datetime('now'));
INSERT INTO expression_versions (expression_id, text, created_by, created_at) VALUES (134, '总词句数', 'langmap', datetime('now'));
INSERT INTO expressions (id, text, language_code, created_by, updated_by, created_at, updated_at, tags, source_type, review_status, auto_approved) VALUES (135, '语言', 'zh-CN', 'langmap', 'langmap', datetime('now'), datetime('now'), '["langmap"]', 'ai', 'approved', 1);
INSERT INTO expression_meanings (expression_id, meaning_id, created_by, updated_by, created_at, updated_at) VALUES (135, 6, 'langmap', 'langmap', datetime('now'), datetime('now'));
INSERT INTO expression_versions (expression_id, text, created_by, created_at) VALUES (135, '语言', 'langmap', datetime('now'));
INSERT INTO expressions (id, text, language_code, created_by, updated_by, created_at, updated_at, tags, source_type, review_status, auto_approved) VALUES (136, '地区', 'zh-CN', 'langmap', 'langmap', datetime('now'), datetime('now'), '["langmap"]', 'ai', 'approved', 1);
INSERT INTO expression_meanings (expression_id, meaning_id, created_by, updated_by, created_at, updated_at) VALUES (136, 7, 'langmap', 'langmap', datetime('now'), datetime('now'));
INSERT INTO expression_versions (expression_id, text, created_by, created_at) VALUES (136, '地区', 'langmap', datetime('now'));
INSERT INTO expressions (id, text, language_code, created_by, updated_by, created_at, updated_at, tags, source_type, review_status, auto_approved) VALUES (137, '全球语言分布', 'zh-CN', 'langmap', 'langmap', datetime('now'), datetime('now'), '["langmap"]', 'ai', 'approved', 1);
INSERT INTO expression_meanings (expression_id, meaning_id, created_by, updated_by, created_at, updated_at) VALUES (137, 8, 'langmap', 'langmap', datetime('now'), datetime('now'));
INSERT INTO expression_versions (expression_id, text, created_by, created_at) VALUES (137, '全球语言分布', 'langmap', datetime('now'));
INSERT INTO expressions (id, text, language_code, created_by, updated_by, created_at, updated_at, tags, source_type, review_status, auto_approved) VALUES (138, '探索不同地区的语言丰富性。圆圈越大表示该地区词句越多。', 'zh-CN', 'langmap', 'langmap', datetime('now'), datetime('now'), '["langmap"]', 'ai', 'approved', 1);
INSERT INTO expression_meanings (expression_id, meaning_id, created_by, updated_by, created_at, updated_at) VALUES (138, 9, 'langmap', 'langmap', datetime('now'), datetime('now'));
INSERT INTO expression_versions (expression_id, text, created_by, created_at) VALUES (138, '探索不同地区的语言丰富性。圆圈越大表示该地区词句越多。', 'langmap', datetime('now'));
INSERT INTO expressions (id, text, language_code, created_by, updated_by, created_at, updated_at, tags, source_type, review_status, auto_approved) VALUES (139, '词句密度', 'zh-CN', 'langmap', 'langmap', datetime('now'), datetime('now'), '["langmap"]', 'ai', 'approved', 1);
INSERT INTO expression_meanings (expression_id, meaning_id, created_by, updated_by, created_at, updated_at) VALUES (139, 10, 'langmap', 'langmap', datetime('now'), datetime('now'));
INSERT INTO expression_versions (expression_id, text, created_by, created_at) VALUES (139, '词句密度', 'langmap', datetime('now'));
INSERT INTO expressions (id, text, language_code, created_by, updated_by, created_at, updated_at, tags, source_type, review_status, auto_approved) VALUES (140, '开始使用', 'zh-CN', 'langmap', 'langmap', datetime('now'), datetime('now'), '["langmap"]', 'ai', 'approved', 1);
INSERT INTO expression_meanings (expression_id, meaning_id, created_by, updated_by, created_at, updated_at) VALUES (140, 11, 'langmap', 'langmap', datetime('now'), datetime('now'));
INSERT INTO expression_versions (expression_id, text, created_by, created_at) VALUES (140, '开始使用', 'langmap', datetime('now'));
INSERT INTO expressions (id, text, language_code, created_by, updated_by, created_at, updated_at, tags, source_type, review_status, auto_approved) VALUES (141, '搜索词句', 'zh-CN', 'langmap', 'langmap', datetime('now'), datetime('now'), '["langmap"]', 'ai', 'approved', 1);
INSERT INTO expression_meanings (expression_id, meaning_id, created_by, updated_by, created_at, updated_at) VALUES (141, 12, 'langmap', 'langmap', datetime('now'), datetime('now'));
INSERT INTO expression_versions (expression_id, text, created_by, created_at) VALUES (141, '搜索词句', 'langmap', datetime('now'));
INSERT INTO expressions (id, text, language_code, created_by, updated_by, created_at, updated_at, tags, source_type, review_status, auto_approved) VALUES (142, '查找不同语言和地区中词语和句子的表达方式。', 'zh-CN', 'langmap', 'langmap', datetime('now'), datetime('now'), '["langmap"]', 'ai', 'approved', 1);
INSERT INTO expression_meanings (expression_id, meaning_id, created_by, updated_by, created_at, updated_at) VALUES (142, 13, 'langmap', 'langmap', datetime('now'), datetime('now'));
INSERT INTO expression_versions (expression_id, text, created_by, created_at) VALUES (142, '查找不同语言和地区中词语和句子的表达方式。', 'langmap', datetime('now'));
INSERT INTO expressions (id, text, language_code, created_by, updated_by, created_at, updated_at, tags, source_type, review_status, auto_approved) VALUES (143, '开始搜索 →', 'zh-CN', 'langmap', 'langmap', datetime('now'), datetime('now'), '["langmap"]', 'ai', 'approved', 1);
INSERT INTO expression_meanings (expression_id, meaning_id, created_by, updated_by, created_at, updated_at) VALUES (143, 14, 'langmap', 'langmap', datetime('now'), datetime('now'));
INSERT INTO expression_versions (expression_id, text, created_by, created_at) VALUES (143, '开始搜索 →', 'langmap', datetime('now'));
INSERT INTO expressions (id, text, language_code, created_by, updated_by, created_at, updated_at, tags, source_type, review_status, auto_approved) VALUES (144, '添加词句', 'zh-CN', 'langmap', 'langmap', datetime('now'), datetime('now'), '["langmap"]', 'ai', 'approved', 1);
INSERT INTO expression_meanings (expression_id, meaning_id, created_by, updated_by, created_at, updated_at) VALUES (144, 15, 'langmap', 'langmap', datetime('now'), datetime('now'));
INSERT INTO expression_versions (expression_id, text, created_by, created_at) VALUES (144, '添加词句', 'langmap', datetime('now'));
INSERT INTO expressions (id, text, language_code, created_by, updated_by, created_at, updated_at, tags, source_type, review_status, auto_approved) VALUES (145, '通过添加您语言或地区的词句为我们的数据库做贡献。', 'zh-CN', 'langmap', 'langmap', datetime('now'), datetime('now'), '["langmap"]', 'ai', 'approved', 1);
INSERT INTO expression_meanings (expression_id, meaning_id, created_by, updated_by, created_at, updated_at) VALUES (145, 16, 'langmap', 'langmap', datetime('now'), datetime('now'));
INSERT INTO expression_versions (expression_id, text, created_by, created_at) VALUES (145, '通过添加您语言或地区的词句为我们的数据库做贡献。', 'langmap', datetime('now'));
INSERT INTO expressions (id, text, language_code, created_by, updated_by, created_at, updated_at, tags, source_type, review_status, auto_approved) VALUES (146, '地区', 'zh-CN', 'langmap', 'langmap', datetime('now'), datetime('now'), '["langmap"]', 'ai', 'approved', 1);
INSERT INTO expression_meanings (expression_id, meaning_id, created_by, updated_by, created_at, updated_at) VALUES (146, 17, 'langmap', 'langmap', datetime('now'), datetime('now'));
INSERT INTO expression_versions (expression_id, text, created_by, created_at) VALUES (146, '地区', 'langmap', datetime('now'));
INSERT INTO expressions (id, text, language_code, created_by, updated_by, created_at, updated_at, tags, source_type, review_status, auto_approved) VALUES (147, '语言', 'zh-CN', 'langmap', 'langmap', datetime('now'), datetime('now'), '["langmap"]', 'ai', 'approved', 1);
INSERT INTO expression_meanings (expression_id, meaning_id, created_by, updated_by, created_at, updated_at) VALUES (147, 18, 'langmap', 'langmap', datetime('now'), datetime('now'));
INSERT INTO expression_versions (expression_id, text, created_by, created_at) VALUES (147, '语言', 'langmap', datetime('now'));
INSERT INTO expressions (id, text, language_code, created_by, updated_by, created_at, updated_at, tags, source_type, review_status, auto_approved) VALUES (148, '词句数', 'zh-CN', 'langmap', 'langmap', datetime('now'), datetime('now'), '["langmap"]', 'ai', 'approved', 1);
INSERT INTO expression_meanings (expression_id, meaning_id, created_by, updated_by, created_at, updated_at) VALUES (148, 19, 'langmap', 'langmap', datetime('now'), datetime('now'));
INSERT INTO expression_versions (expression_id, text, created_by, created_at) VALUES (148, '词句数', 'langmap', datetime('now'));
INSERT INTO expressions (id, text, language_code, created_by, updated_by, created_at, updated_at, tags, source_type, review_status, auto_approved) VALUES (149, '未知', 'zh-CN', 'langmap', 'langmap', datetime('now'), datetime('now'), '["langmap"]', 'ai', 'approved', 1);
INSERT INTO expression_meanings (expression_id, meaning_id, created_by, updated_by, created_at, updated_at) VALUES (149, 20, 'langmap', 'langmap', datetime('now'), datetime('now'));
INSERT INTO expression_versions (expression_id, text, created_by, created_at) VALUES (149, '未知', 'langmap', datetime('now'));
INSERT INTO expressions (id, text, language_code, created_by, updated_by, created_at, updated_at, tags, source_type, review_status, auto_approved) VALUES (150, '添加新词 →', 'zh-CN', 'langmap', 'langmap', datetime('now'), datetime('now'), '["langmap"]', 'ai', 'approved', 1);
INSERT INTO expression_meanings (expression_id, meaning_id, created_by, updated_by, created_at, updated_at) VALUES (150, 21, 'langmap', 'langmap', datetime('now'), datetime('now'));
INSERT INTO expression_versions (expression_id, text, created_by, created_at) VALUES (150, '添加新词 →', 'langmap', datetime('now'));
INSERT INTO expressions (id, text, language_code, created_by, updated_by, created_at, updated_at, tags, source_type, review_status, auto_approved) VALUES (151, '探索地图', 'zh-CN', 'langmap', 'langmap', datetime('now'), datetime('now'), '["langmap"]', 'ai', 'approved', 1);
INSERT INTO expression_meanings (expression_id, meaning_id, created_by, updated_by, created_at, updated_at) VALUES (151, 22, 'langmap', 'langmap', datetime('now'), datetime('now'));
INSERT INTO expression_versions (expression_id, text, created_by, created_at) VALUES (151, '探索地图', 'langmap', datetime('now'));
INSERT INTO expressions (id, text, language_code, created_by, updated_by, created_at, updated_at, tags, source_type, review_status, auto_approved) VALUES (152, '在交互式世界地图上可视化语言多样性。', 'zh-CN', 'langmap', 'langmap', datetime('now'), datetime('now'), '["langmap"]', 'ai', 'approved', 1);
INSERT INTO expression_meanings (expression_id, meaning_id, created_by, updated_by, created_at, updated_at) VALUES (152, 23, 'langmap', 'langmap', datetime('now'), datetime('now'));
INSERT INTO expression_versions (expression_id, text, created_by, created_at) VALUES (152, '在交互式世界地图上可视化语言多样性。', 'langmap', datetime('now'));
INSERT INTO expressions (id, text, language_code, created_by, updated_by, created_at, updated_at, tags, source_type, review_status, auto_approved) VALUES (153, '查看地图 →', 'zh-CN', 'langmap', 'langmap', datetime('now'), datetime('now'), '["langmap"]', 'ai', 'approved', 1);
INSERT INTO expression_meanings (expression_id, meaning_id, created_by, updated_by, created_at, updated_at) VALUES (153, 24, 'langmap', 'langmap', datetime('now'), datetime('now'));
INSERT INTO expression_versions (expression_id, text, created_by, created_at) VALUES (153, '查看地图 →', 'langmap', datetime('now'));
INSERT INTO expressions (id, text, language_code, created_by, updated_by, created_at, updated_at, tags, source_type, review_status, auto_approved) VALUES (154, '正在加载地图...', 'zh-CN', 'langmap', 'langmap', datetime('now'), datetime('now'), '["langmap"]', 'ai', 'approved', 1);
INSERT INTO expression_meanings (expression_id, meaning_id, created_by, updated_by, created_at, updated_at) VALUES (154, 25, 'langmap', 'langmap', datetime('now'), datetime('now'));
INSERT INTO expression_versions (expression_id, text, created_by, created_at) VALUES (154, '正在加载地图...', 'langmap', datetime('now'));
INSERT INTO expressions (id, text, language_code, created_by, updated_by, created_at, updated_at, tags, source_type, review_status, auto_approved) VALUES (155, '主页', 'zh-CN', 'langmap', 'langmap', datetime('now'), datetime('now'), '["langmap"]', 'ai', 'approved', 1);
INSERT INTO expression_meanings (expression_id, meaning_id, created_by, updated_by, created_at, updated_at) VALUES (155, 26, 'langmap', 'langmap', datetime('now'), datetime('now'));
INSERT INTO expression_versions (expression_id, text, created_by, created_at) VALUES (155, '主页', 'langmap', datetime('now'));
INSERT INTO expressions (id, text, language_code, created_by, updated_by, created_at, updated_at, tags, source_type, review_status, auto_approved) VALUES (156, '搜索', 'zh-CN', 'langmap', 'langmap', datetime('now'), datetime('now'), '["langmap"]', 'ai', 'approved', 1);
INSERT INTO expression_meanings (expression_id, meaning_id, created_by, updated_by, created_at, updated_at) VALUES (156, 27, 'langmap', 'langmap', datetime('now'), datetime('now'));
INSERT INTO expression_versions (expression_id, text, created_by, created_at) VALUES (156, '搜索', 'langmap', datetime('now'));
INSERT INTO expressions (id, text, language_code, created_by, updated_by, created_at, updated_at, tags, source_type, review_status, auto_approved) VALUES (157, '© {year} langmap - 语言词句地图平台', 'zh-CN', 'langmap', 'langmap', datetime('now'), datetime('now'), '["langmap"]', 'ai', 'approved', 1);
INSERT INTO expression_meanings (expression_id, meaning_id, created_by, updated_by, created_at, updated_at) VALUES (157, 28, 'langmap', 'langmap', datetime('now'), datetime('now'));
INSERT INTO expression_versions (expression_id, text, created_by, created_at) VALUES (157, '© {year} langmap - 语言词句地图平台', 'langmap', datetime('now'));
INSERT INTO expressions (id, text, language_code, created_by, updated_by, created_at, updated_at, tags, source_type, review_status, auto_approved) VALUES (158, '搜索词句', 'zh-CN', 'langmap', 'langmap', datetime('now'), datetime('now'), '["langmap"]', 'ai', 'approved', 1);
INSERT INTO expression_meanings (expression_id, meaning_id, created_by, updated_by, created_at, updated_at) VALUES (158, 29, 'langmap', 'langmap', datetime('now'), datetime('now'));
INSERT INTO expression_versions (expression_id, text, created_by, created_at) VALUES (158, '搜索词句', 'langmap', datetime('now'));
INSERT INTO expressions (id, text, language_code, created_by, updated_by, created_at, updated_at, tags, source_type, review_status, auto_approved) VALUES (159, '跨语言和地区查找语言词句', 'zh-CN', 'langmap', 'langmap', datetime('now'), datetime('now'), '["langmap"]', 'ai', 'approved', 1);
INSERT INTO expression_meanings (expression_id, meaning_id, created_by, updated_by, created_at, updated_at) VALUES (159, 30, 'langmap', 'langmap', datetime('now'), datetime('now'));
INSERT INTO expression_versions (expression_id, text, created_by, created_at) VALUES (159, '跨语言和地区查找语言词句', 'langmap', datetime('now'));
INSERT INTO expressions (id, text, language_code, created_by, updated_by, created_at, updated_at, tags, source_type, review_status, auto_approved) VALUES (160, '输入词语或句子...', 'zh-CN', 'langmap', 'langmap', datetime('now'), datetime('now'), '["langmap"]', 'ai', 'approved', 1);
INSERT INTO expression_meanings (expression_id, meaning_id, created_by, updated_by, created_at, updated_at) VALUES (160, 31, 'langmap', 'langmap', datetime('now'), datetime('now'));
INSERT INTO expression_versions (expression_id, text, created_by, created_at) VALUES (160, '输入词语或句子...', 'langmap', datetime('now'));
INSERT INTO expressions (id, text, language_code, created_by, updated_by, created_at, updated_at, tags, source_type, review_status, auto_approved) VALUES (161, '搜索', 'zh-CN', 'langmap', 'langmap', datetime('now'), datetime('now'), '["langmap"]', 'ai', 'approved', 1);
INSERT INTO expression_meanings (expression_id, meaning_id, created_by, updated_by, created_at, updated_at) VALUES (161, 32, 'langmap', 'langmap', datetime('now'), datetime('now'));
INSERT INTO expression_versions (expression_id, text, created_by, created_at) VALUES (161, '搜索', 'langmap', datetime('now'));
INSERT INTO expressions (id, text, language_code, created_by, updated_by, created_at, updated_at, tags, source_type, review_status, auto_approved) VALUES (162, '正在搜索词句...', 'zh-CN', 'langmap', 'langmap', datetime('now'), datetime('now'), '["langmap"]', 'ai', 'approved', 1);
INSERT INTO expression_meanings (expression_id, meaning_id, created_by, updated_by, created_at, updated_at) VALUES (162, 33, 'langmap', 'langmap', datetime('now'), datetime('now'));
INSERT INTO expression_versions (expression_id, text, created_by, created_at) VALUES (162, '正在搜索词句...', 'langmap', datetime('now'));
INSERT INTO expressions (id, text, language_code, created_by, updated_by, created_at, updated_at, tags, source_type, review_status, auto_approved) VALUES (163, '未找到结果', 'zh-CN', 'langmap', 'langmap', datetime('now'), datetime('now'), '["langmap"]', 'ai', 'approved', 1);
INSERT INTO expression_meanings (expression_id, meaning_id, created_by, updated_by, created_at, updated_at) VALUES (163, 34, 'langmap', 'langmap', datetime('now'), datetime('now'));
INSERT INTO expression_versions (expression_id, text, created_by, created_at) VALUES (163, '未找到结果', 'langmap', datetime('now'));
INSERT INTO expressions (id, text, language_code, created_by, updated_by, created_at, updated_at, tags, source_type, review_status, auto_approved) VALUES (164, '尝试不同的搜索词或添加新词句', 'zh-CN', 'langmap', 'langmap', datetime('now'), datetime('now'), '["langmap"]', 'ai', 'approved', 1);
INSERT INTO expression_meanings (expression_id, meaning_id, created_by, updated_by, created_at, updated_at) VALUES (164, 35, 'langmap', 'langmap', datetime('now'), datetime('now'));
INSERT INTO expression_versions (expression_id, text, created_by, created_at) VALUES (164, '尝试不同的搜索词或添加新词句', 'langmap', datetime('now'));
INSERT INTO expressions (id, text, language_code, created_by, updated_by, created_at, updated_at, tags, source_type, review_status, auto_approved) VALUES (165, '添加"{expression}"', 'zh-CN', 'langmap', 'langmap', datetime('now'), datetime('now'), '["langmap"]', 'ai', 'approved', 1);
INSERT INTO expression_meanings (expression_id, meaning_id, created_by, updated_by, created_at, updated_at) VALUES (165, 36, 'langmap', 'langmap', datetime('now'), datetime('now'));
INSERT INTO expression_versions (expression_id, text, created_by, created_at) VALUES (165, '添加"{expression}"', 'langmap', datetime('now'));
INSERT INTO expressions (id, text, language_code, created_by, updated_by, created_at, updated_at, tags, source_type, review_status, auto_approved) VALUES (166, '新词句', 'zh-CN', 'langmap', 'langmap', datetime('now'), datetime('now'), '["langmap"]', 'ai', 'approved', 1);
INSERT INTO expression_meanings (expression_id, meaning_id, created_by, updated_by, created_at, updated_at) VALUES (166, 37, 'langmap', 'langmap', datetime('now'), datetime('now'));
INSERT INTO expression_versions (expression_id, text, created_by, created_at) VALUES (166, '新词句', 'langmap', datetime('now'));
INSERT INTO expressions (id, text, language_code, created_by, updated_by, created_at, updated_at, tags, source_type, review_status, auto_approved) VALUES (167, '找到 {count} 条词句', 'zh-CN', 'langmap', 'langmap', datetime('now'), datetime('now'), '["langmap"]', 'ai', 'approved', 1);
INSERT INTO expression_meanings (expression_id, meaning_id, created_by, updated_by, created_at, updated_at) VALUES (167, 38, 'langmap', 'langmap', datetime('now'), datetime('now'));
INSERT INTO expression_versions (expression_id, text, created_by, created_at) VALUES (167, '找到 {count} 条词句', 'langmap', datetime('now'));
INSERT INTO expressions (id, text, language_code, created_by, updated_by, created_at, updated_at, tags, source_type, review_status, auto_approved) VALUES (168, '返回', 'zh-CN', 'langmap', 'langmap', datetime('now'), datetime('now'), '["langmap"]', 'ai', 'approved', 1);
INSERT INTO expression_meanings (expression_id, meaning_id, created_by, updated_by, created_at, updated_at) VALUES (168, 39, 'langmap', 'langmap', datetime('now'), datetime('now'));
INSERT INTO expression_versions (expression_id, text, created_by, created_at) VALUES (168, '返回', 'langmap', datetime('now'));
INSERT INTO expressions (id, text, language_code, created_by, updated_by, created_at, updated_at, tags, source_type, review_status, auto_approved) VALUES (169, '添加新词句', 'zh-CN', 'langmap', 'langmap', datetime('now'), datetime('now'), '["langmap"]', 'ai', 'approved', 1);
INSERT INTO expression_meanings (expression_id, meaning_id, created_by, updated_by, created_at, updated_at) VALUES (169, 40, 'langmap', 'langmap', datetime('now'), datetime('now'));
INSERT INTO expression_versions (expression_id, text, created_by, created_at) VALUES (169, '添加新词句', 'langmap', datetime('now'));
INSERT INTO expressions (id, text, language_code, created_by, updated_by, created_at, updated_at, tags, source_type, review_status, auto_approved) VALUES (170, '文本', 'zh-CN', 'langmap', 'langmap', datetime('now'), datetime('now'), '["langmap"]', 'ai', 'approved', 1);
INSERT INTO expression_meanings (expression_id, meaning_id, created_by, updated_by, created_at, updated_at) VALUES (170, 41, 'langmap', 'langmap', datetime('now'), datetime('now'));
INSERT INTO expression_versions (expression_id, text, created_by, created_at) VALUES (170, '文本', 'langmap', datetime('now'));
INSERT INTO expressions (id, text, language_code, created_by, updated_by, created_at, updated_at, tags, source_type, review_status, auto_approved) VALUES (171, '输入语言词句', 'zh-CN', 'langmap', 'langmap', datetime('now'), datetime('now'), '["langmap"]', 'ai', 'approved', 1);
INSERT INTO expression_meanings (expression_id, meaning_id, created_by, updated_by, created_at, updated_at) VALUES (171, 42, 'langmap', 'langmap', datetime('now'), datetime('now'));
INSERT INTO expression_versions (expression_id, text, created_by, created_at) VALUES (171, '输入语言词句', 'langmap', datetime('now'));
INSERT INTO expressions (id, text, language_code, created_by, updated_by, created_at, updated_at, tags, source_type, review_status, auto_approved) VALUES (172, '该语言中的实际词语或句子', 'zh-CN', 'langmap', 'langmap', datetime('now'), datetime('now'), '["langmap"]', 'ai', 'approved', 1);
INSERT INTO expression_meanings (expression_id, meaning_id, created_by, updated_by, created_at, updated_at) VALUES (172, 43, 'langmap', 'langmap', datetime('now'), datetime('now'));
INSERT INTO expression_versions (expression_id, text, created_by, created_at) VALUES (172, '该语言中的实际词语或句子', 'langmap', datetime('now'));
INSERT INTO expressions (id, text, language_code, created_by, updated_by, created_at, updated_at, tags, source_type, review_status, auto_approved) VALUES (173, '语言', 'zh-CN', 'langmap', 'langmap', datetime('now'), datetime('now'), '["langmap"]', 'ai', 'approved', 1);
INSERT INTO expression_meanings (expression_id, meaning_id, created_by, updated_by, created_at, updated_at) VALUES (173, 44, 'langmap', 'langmap', datetime('now'), datetime('now'));
INSERT INTO expression_versions (expression_id, text, created_by, created_at) VALUES (173, '语言', 'langmap', datetime('now'));
INSERT INTO expressions (id, text, language_code, created_by, updated_by, created_at, updated_at, tags, source_type, review_status, auto_approved) VALUES (174, '选择语言', 'zh-CN', 'langmap', 'langmap', datetime('now'), datetime('now'), '["langmap"]', 'ai', 'approved', 1);
INSERT INTO expression_meanings (expression_id, meaning_id, created_by, updated_by, created_at, updated_at) VALUES (174, 45, 'langmap', 'langmap', datetime('now'), datetime('now'));
INSERT INTO expression_versions (expression_id, text, created_by, created_at) VALUES (174, '选择语言', 'langmap', datetime('now'));
INSERT INTO expressions (id, text, language_code, created_by, updated_by, created_at, updated_at, tags, source_type, review_status, auto_approved) VALUES (175, '为此词句选择语言', 'zh-CN', 'langmap', 'langmap', datetime('now'), datetime('now'), '["langmap"]', 'ai', 'approved', 1);
INSERT INTO expression_meanings (expression_id, meaning_id, created_by, updated_by, created_at, updated_at) VALUES (175, 46, 'langmap', 'langmap', datetime('now'), datetime('now'));
INSERT INTO expression_versions (expression_id, text, created_by, created_at) VALUES (175, '为此词句选择语言', 'langmap', datetime('now'));
INSERT INTO expressions (id, text, language_code, created_by, updated_by, created_at, updated_at, tags, source_type, review_status, auto_approved) VALUES (176, '选择语言...', 'zh-CN', 'langmap', 'langmap', datetime('now'), datetime('now'), '["langmap"]', 'ai', 'approved', 1);
INSERT INTO expression_meanings (expression_id, meaning_id, created_by, updated_by, created_at, updated_at) VALUES (176, 47, 'langmap', 'langmap', datetime('now'), datetime('now'));
INSERT INTO expression_versions (expression_id, text, created_by, created_at) VALUES (176, '选择语言...', 'langmap', datetime('now'));
INSERT INTO expressions (id, text, language_code, created_by, updated_by, created_at, updated_at, tags, source_type, review_status, auto_approved) VALUES (177, '正在加载语言...', 'zh-CN', 'langmap', 'langmap', datetime('now'), datetime('now'), '["langmap"]', 'ai', 'approved', 1);
INSERT INTO expression_meanings (expression_id, meaning_id, created_by, updated_by, created_at, updated_at) VALUES (177, 48, 'langmap', 'langmap', datetime('now'), datetime('now'));
INSERT INTO expression_versions (expression_id, text, created_by, created_at) VALUES (177, '正在加载语言...', 'langmap', datetime('now'));
INSERT INTO expressions (id, text, language_code, created_by, updated_by, created_at, updated_at, tags, source_type, review_status, auto_approved) VALUES (178, '地区（可选）', 'zh-CN', 'langmap', 'langmap', datetime('now'), datetime('now'), '["langmap"]', 'ai', 'approved', 1);
INSERT INTO expression_meanings (expression_id, meaning_id, created_by, updated_by, created_at, updated_at) VALUES (178, 49, 'langmap', 'langmap', datetime('now'), datetime('now'));
INSERT INTO expression_versions (expression_id, text, created_by, created_at) VALUES (178, '地区（可选）', 'langmap', datetime('now'));
INSERT INTO expressions (id, text, language_code, created_by, updated_by, created_at, updated_at, tags, source_type, review_status, auto_approved) VALUES (179, '例如：中国、西班牙、全球', 'zh-CN', 'langmap', 'langmap', datetime('now'), datetime('now'), '["langmap"]', 'ai', 'approved', 1);
INSERT INTO expression_meanings (expression_id, meaning_id, created_by, updated_by, created_at, updated_at) VALUES (179, 50, 'langmap', 'langmap', datetime('now'), datetime('now'));
INSERT INTO expression_versions (expression_id, text, created_by, created_at) VALUES (179, '例如：中国、西班牙、全球', 'langmap', datetime('now'));
INSERT INTO expressions (id, text, language_code, created_by, updated_by, created_at, updated_at, tags, source_type, review_status, auto_approved) VALUES (180, '地理位置或区域', 'zh-CN', 'langmap', 'langmap', datetime('now'), datetime('now'), '["langmap"]', 'ai', 'approved', 1);
INSERT INTO expression_meanings (expression_id, meaning_id, created_by, updated_by, created_at, updated_at) VALUES (180, 51, 'langmap', 'langmap', datetime('now'), datetime('now'));
INSERT INTO expression_versions (expression_id, text, created_by, created_at) VALUES (180, '地理位置或区域', 'langmap', datetime('now'));
INSERT INTO expressions (id, text, language_code, created_by, updated_by, created_at, updated_at, tags, source_type, review_status, auto_approved) VALUES (181, '检测我的位置', 'zh-CN', 'langmap', 'langmap', datetime('now'), datetime('now'), '["langmap"]', 'ai', 'approved', 1);
INSERT INTO expression_meanings (expression_id, meaning_id, created_by, updated_by, created_at, updated_at) VALUES (181, 52, 'langmap', 'langmap', datetime('now'), datetime('now'));
INSERT INTO expression_versions (expression_id, text, created_by, created_at) VALUES (181, '检测我的位置', 'langmap', datetime('now'));
INSERT INTO expressions (id, text, language_code, created_by, updated_by, created_at, updated_at, tags, source_type, review_status, auto_approved) VALUES (182, '在地图上选择', 'zh-CN', 'langmap', 'langmap', datetime('now'), datetime('now'), '["langmap"]', 'ai', 'approved', 1);
INSERT INTO expression_meanings (expression_id, meaning_id, created_by, updated_by, created_at, updated_at) VALUES (182, 53, 'langmap', 'langmap', datetime('now'), datetime('now'));
INSERT INTO expression_versions (expression_id, text, created_by, created_at) VALUES (182, '在地图上选择', 'langmap', datetime('now'));
INSERT INTO expressions (id, text, language_code, created_by, updated_by, created_at, updated_at, tags, source_type, review_status, auto_approved) VALUES (183, '点击地图选择区域', 'zh-CN', 'langmap', 'langmap', datetime('now'), datetime('now'), '["langmap"]', 'ai', 'approved', 1);
INSERT INTO expression_meanings (expression_id, meaning_id, created_by, updated_by, created_at, updated_at) VALUES (183, 54, 'langmap', 'langmap', datetime('now'), datetime('now'));
INSERT INTO expression_versions (expression_id, text, created_by, created_at) VALUES (183, '点击地图选择区域', 'langmap', datetime('now'));
INSERT INTO expressions (id, text, language_code, created_by, updated_by, created_at, updated_at, tags, source_type, review_status, auto_approved) VALUES (184, '您的浏览器不支持地理位置', 'zh-CN', 'langmap', 'langmap', datetime('now'), datetime('now'), '["langmap"]', 'ai', 'approved', 1);
INSERT INTO expression_meanings (expression_id, meaning_id, created_by, updated_by, created_at, updated_at) VALUES (184, 55, 'langmap', 'langmap', datetime('now'), datetime('now'));
INSERT INTO expression_versions (expression_id, text, created_by, created_at) VALUES (184, '您的浏览器不支持地理位置', 'langmap', datetime('now'));
INSERT INTO expressions (id, text, language_code, created_by, updated_by, created_at, updated_at, tags, source_type, review_status, auto_approved) VALUES (185, '无法检测您的位置', 'zh-CN', 'langmap', 'langmap', datetime('now'), datetime('now'), '["langmap"]', 'ai', 'approved', 1);
INSERT INTO expression_meanings (expression_id, meaning_id, created_by, updated_by, created_at, updated_at) VALUES (185, 56, 'langmap', 'langmap', datetime('now'), datetime('now'));
INSERT INTO expression_versions (expression_id, text, created_by, created_at) VALUES (185, '无法检测您的位置', 'langmap', datetime('now'));
INSERT INTO expressions (id, text, language_code, created_by, updated_by, created_at, updated_at, tags, source_type, review_status, auto_approved) VALUES (186, '正在解析位置信息...', 'zh-CN', 'langmap', 'langmap', datetime('now'), datetime('now'), '["langmap"]', 'ai', 'approved', 1);
INSERT INTO expression_meanings (expression_id, meaning_id, created_by, updated_by, created_at, updated_at) VALUES (186, 57, 'langmap', 'langmap', datetime('now'), datetime('now'));
INSERT INTO expression_versions (expression_id, text, created_by, created_at) VALUES (186, '正在解析位置信息...', 'langmap', datetime('now'));
INSERT INTO expressions (id, text, language_code, created_by, updated_by, created_at, updated_at, tags, source_type, review_status, auto_approved) VALUES (187, '无法解析位置信息', 'zh-CN', 'langmap', 'langmap', datetime('now'), datetime('now'), '["langmap"]', 'ai', 'approved', 1);
INSERT INTO expression_meanings (expression_id, meaning_id, created_by, updated_by, created_at, updated_at) VALUES (187, 58, 'langmap', 'langmap', datetime('now'), datetime('now'));
INSERT INTO expression_versions (expression_id, text, created_by, created_at) VALUES (187, '无法解析位置信息', 'langmap', datetime('now'));
INSERT INTO expressions (id, text, language_code, created_by, updated_by, created_at, updated_at, tags, source_type, review_status, auto_approved) VALUES (188, '来源参考（可选）', 'zh-CN', 'langmap', 'langmap', datetime('now'), datetime('now'), '["langmap"]', 'ai', 'approved', 1);
INSERT INTO expression_meanings (expression_id, meaning_id, created_by, updated_by, created_at, updated_at) VALUES (188, 59, 'langmap', 'langmap', datetime('now'), datetime('now'));
INSERT INTO expression_versions (expression_id, text, created_by, created_at) VALUES (188, '来源参考（可选）', 'langmap', datetime('now'));
INSERT INTO expressions (id, text, language_code, created_by, updated_by, created_at, updated_at, tags, source_type, review_status, auto_approved) VALUES (189, '例如：维基词典、Dictionary.com 或 URL', 'zh-CN', 'langmap', 'langmap', datetime('now'), datetime('now'), '["langmap"]', 'ai', 'approved', 1);
INSERT INTO expression_meanings (expression_id, meaning_id, created_by, updated_by, created_at, updated_at) VALUES (189, 60, 'langmap', 'langmap', datetime('now'), datetime('now'));
INSERT INTO expression_versions (expression_id, text, created_by, created_at) VALUES (189, '例如：维基词典、Dictionary.com 或 URL', 'langmap', datetime('now'));
INSERT INTO expressions (id, text, language_code, created_by, updated_by, created_at, updated_at, tags, source_type, review_status, auto_approved) VALUES (190, '此词句的来源或参考', 'zh-CN', 'langmap', 'langmap', datetime('now'), datetime('now'), '["langmap"]', 'ai', 'approved', 1);
INSERT INTO expression_meanings (expression_id, meaning_id, created_by, updated_by, created_at, updated_at) VALUES (190, 61, 'langmap', 'langmap', datetime('now'), datetime('now'));
INSERT INTO expression_versions (expression_id, text, created_by, created_at) VALUES (190, '此词句的来源或参考', 'langmap', datetime('now'));
INSERT INTO expressions (id, text, language_code, created_by, updated_by, created_at, updated_at, tags, source_type, review_status, auto_approved) VALUES (191, '创建词句', 'zh-CN', 'langmap', 'langmap', datetime('now'), datetime('now'), '["langmap"]', 'ai', 'approved', 1);
INSERT INTO expression_meanings (expression_id, meaning_id, created_by, updated_by, created_at, updated_at) VALUES (191, 62, 'langmap', 'langmap', datetime('now'), datetime('now'));
INSERT INTO expression_versions (expression_id, text, created_by, created_at) VALUES (191, '创建词句', 'langmap', datetime('now'));
INSERT INTO expressions (id, text, language_code, created_by, updated_by, created_at, updated_at, tags, source_type, review_status, auto_approved) VALUES (192, '取消', 'zh-CN', 'langmap', 'langmap', datetime('now'), datetime('now'), '["langmap"]', 'ai', 'approved', 1);
INSERT INTO expression_meanings (expression_id, meaning_id, created_by, updated_by, created_at, updated_at) VALUES (192, 64, 'langmap', 'langmap', datetime('now'), datetime('now'));
INSERT INTO expression_versions (expression_id, text, created_by, created_at) VALUES (192, '取消', 'langmap', datetime('now'));
INSERT INTO expressions (id, text, language_code, created_by, updated_by, created_at, updated_at, tags, source_type, review_status, auto_approved) VALUES (193, '语言和文本为必填项。', 'zh-CN', 'langmap', 'langmap', datetime('now'), datetime('now'), '["langmap"]', 'ai', 'approved', 1);
INSERT INTO expression_meanings (expression_id, meaning_id, created_by, updated_by, created_at, updated_at) VALUES (193, 65, 'langmap', 'langmap', datetime('now'), datetime('now'));
INSERT INTO expression_versions (expression_id, text, created_by, created_at) VALUES (193, '语言和文本为必填项。', 'langmap', datetime('now'));
INSERT INTO expressions (id, text, language_code, created_by, updated_by, created_at, updated_at, tags, source_type, review_status, auto_approved) VALUES (194, '关联含义', 'zh-CN', 'langmap', 'langmap', datetime('now'), datetime('now'), '["langmap"]', 'ai', 'approved', 1);
INSERT INTO expression_meanings (expression_id, meaning_id, created_by, updated_by, created_at, updated_at) VALUES (194, 66, 'langmap', 'langmap', datetime('now'), datetime('now'));
INSERT INTO expression_versions (expression_id, text, created_by, created_at) VALUES (194, '关联含义', 'langmap', datetime('now'));
INSERT INTO expressions (id, text, language_code, created_by, updated_by, created_at, updated_at, tags, source_type, review_status, auto_approved) VALUES (195, '关联现有含义', 'zh-CN', 'langmap', 'langmap', datetime('now'), datetime('now'), '["langmap"]', 'ai', 'approved', 1);
INSERT INTO expression_meanings (expression_id, meaning_id, created_by, updated_by, created_at, updated_at) VALUES (195, 67, 'langmap', 'langmap', datetime('now'), datetime('now'));
INSERT INTO expression_versions (expression_id, text, created_by, created_at) VALUES (195, '关联现有含义', 'langmap', datetime('now'));
INSERT INTO expressions (id, text, language_code, created_by, updated_by, created_at, updated_at, tags, source_type, review_status, auto_approved) VALUES (196, '关联新含义', 'zh-CN', 'langmap', 'langmap', datetime('now'), datetime('now'), '["langmap"]', 'ai', 'approved', 1);
INSERT INTO expression_meanings (expression_id, meaning_id, created_by, updated_by, created_at, updated_at) VALUES (196, 68, 'langmap', 'langmap', datetime('now'), datetime('now'));
INSERT INTO expression_versions (expression_id, text, created_by, created_at) VALUES (196, '关联新含义', 'langmap', datetime('now'));
INSERT INTO expressions (id, text, language_code, created_by, updated_by, created_at, updated_at, tags, source_type, review_status, auto_approved) VALUES (197, '已选词句：', 'zh-CN', 'langmap', 'langmap', datetime('now'), datetime('now'), '["langmap"]', 'ai', 'approved', 1);
INSERT INTO expression_meanings (expression_id, meaning_id, created_by, updated_by, created_at, updated_at) VALUES (197, 69, 'langmap', 'langmap', datetime('now'), datetime('now'));
INSERT INTO expression_versions (expression_id, text, created_by, created_at) VALUES (197, '已选词句：', 'langmap', datetime('now'));
INSERT INTO expressions (id, text, language_code, created_by, updated_by, created_at, updated_at, tags, source_type, review_status, auto_approved) VALUES (198, '含义标题', 'zh-CN', 'langmap', 'langmap', datetime('now'), datetime('now'), '["langmap"]', 'ai', 'approved', 1);
INSERT INTO expression_meanings (expression_id, meaning_id, created_by, updated_by, created_at, updated_at) VALUES (198, 70, 'langmap', 'langmap', datetime('now'), datetime('now'));
INSERT INTO expression_versions (expression_id, text, created_by, created_at) VALUES (198, '含义标题', 'langmap', datetime('now'));
INSERT INTO expressions (id, text, language_code, created_by, updated_by, created_at, updated_at, tags, source_type, review_status, auto_approved) VALUES (199, '此含义的简要标识', 'zh-CN', 'langmap', 'langmap', datetime('now'), datetime('now'), '["langmap"]', 'ai', 'approved', 1);
INSERT INTO expression_meanings (expression_id, meaning_id, created_by, updated_by, created_at, updated_at) VALUES (199, 71, 'langmap', 'langmap', datetime('now'), datetime('now'));
INSERT INTO expression_versions (expression_id, text, created_by, created_at) VALUES (199, '此含义的简要标识', 'langmap', datetime('now'));
INSERT INTO expressions (id, text, language_code, created_by, updated_by, created_at, updated_at, tags, source_type, review_status, auto_approved) VALUES (200, '捕捉此含义本质的短语', 'zh-CN', 'langmap', 'langmap', datetime('now'), datetime('now'), '["langmap"]', 'ai', 'approved', 1);
INSERT INTO expression_meanings (expression_id, meaning_id, created_by, updated_by, created_at, updated_at) VALUES (200, 72, 'langmap', 'langmap', datetime('now'), datetime('now'));
INSERT INTO expression_versions (expression_id, text, created_by, created_at) VALUES (200, '捕捉此含义本质的短语', 'langmap', datetime('now'));
INSERT INTO expressions (id, text, language_code, created_by, updated_by, created_at, updated_at, tags, source_type, review_status, auto_approved) VALUES (201, '含义描述', 'zh-CN', 'langmap', 'langmap', datetime('now'), datetime('now'), '["langmap"]', 'ai', 'approved', 1);
INSERT INTO expression_meanings (expression_id, meaning_id, created_by, updated_by, created_at, updated_at) VALUES (201, 73, 'langmap', 'langmap', datetime('now'), datetime('now'));
INSERT INTO expression_versions (expression_id, text, created_by, created_at) VALUES (201, '含义描述', 'langmap', datetime('now'));
INSERT INTO expressions (id, text, language_code, created_by, updated_by, created_at, updated_at, tags, source_type, review_status, auto_approved) VALUES (202, '此含义的详细解释', 'zh-CN', 'langmap', 'langmap', datetime('now'), datetime('now'), '["langmap"]', 'ai', 'approved', 1);
INSERT INTO expression_meanings (expression_id, meaning_id, created_by, updated_by, created_at, updated_at) VALUES (202, 74, 'langmap', 'langmap', datetime('now'), datetime('now'));
INSERT INTO expression_versions (expression_id, text, created_by, created_at) VALUES (202, '此含义的详细解释', 'langmap', datetime('now'));
INSERT INTO expressions (id, text, language_code, created_by, updated_by, created_at, updated_at, tags, source_type, review_status, auto_approved) VALUES (203, '对此含义所代表内容的全面描述', 'zh-CN', 'langmap', 'langmap', datetime('now'), datetime('now'), '["langmap"]', 'ai', 'approved', 1);
INSERT INTO expression_meanings (expression_id, meaning_id, created_by, updated_by, created_at, updated_at) VALUES (203, 75, 'langmap', 'langmap', datetime('now'), datetime('now'));
INSERT INTO expression_versions (expression_id, text, created_by, created_at) VALUES (203, '对此含义所代表内容的全面描述', 'langmap', datetime('now'));
INSERT INTO expressions (id, text, language_code, created_by, updated_by, created_at, updated_at, tags, source_type, review_status, auto_approved) VALUES (204, '标签', 'zh-CN', 'langmap', 'langmap', datetime('now'), datetime('now'), '["langmap"]', 'ai', 'approved', 1);
INSERT INTO expression_meanings (expression_id, meaning_id, created_by, updated_by, created_at, updated_at) VALUES (204, 76, 'langmap', 'langmap', datetime('now'), datetime('now'));
INSERT INTO expression_versions (expression_id, text, created_by, created_at) VALUES (204, '标签', 'langmap', datetime('now'));
INSERT INTO expressions (id, text, language_code, created_by, updated_by, created_at, updated_at, tags, source_type, review_status, auto_approved) VALUES (205, '添加标签...', 'zh-CN', 'langmap', 'langmap', datetime('now'), datetime('now'), '["langmap"]', 'ai', 'approved', 1);
INSERT INTO expression_meanings (expression_id, meaning_id, created_by, updated_by, created_at, updated_at) VALUES (205, 77, 'langmap', 'langmap', datetime('now'), datetime('now'));
INSERT INTO expression_versions (expression_id, text, created_by, created_at) VALUES (205, '添加标签...', 'langmap', datetime('now'));
INSERT INTO expressions (id, text, language_code, created_by, updated_by, created_at, updated_at, tags, source_type, review_status, auto_approved) VALUES (206, '标签有助于分类和查找含义（按回车键或逗号添加）', 'zh-CN', 'langmap', 'langmap', datetime('now'), datetime('now'), '["langmap"]', 'ai', 'approved', 1);
INSERT INTO expression_meanings (expression_id, meaning_id, created_by, updated_by, created_at, updated_at) VALUES (206, 78, 'langmap', 'langmap', datetime('now'), datetime('now'));
INSERT INTO expression_versions (expression_id, text, created_by, created_at) VALUES (206, '标签有助于分类和查找含义（按回车键或逗号添加）', 'langmap', datetime('now'));
INSERT INTO expressions (id, text, language_code, created_by, updated_by, created_at, updated_at, tags, source_type, review_status, auto_approved) VALUES (207, '添加语言', 'zh-CN', 'langmap', 'langmap', datetime('now'), datetime('now'), '["langmap"]', 'ai', 'approved', 1);
INSERT INTO expression_meanings (expression_id, meaning_id, created_by, updated_by, created_at, updated_at) VALUES (207, 79, 'langmap', 'langmap', datetime('now'), datetime('now'));
INSERT INTO expression_versions (expression_id, text, created_by, created_at) VALUES (207, '添加语言', 'langmap', datetime('now'));
INSERT INTO expressions (id, text, language_code, created_by, updated_by, created_at, updated_at, tags, source_type, review_status, auto_approved) VALUES (208, '语言代码', 'zh-CN', 'langmap', 'langmap', datetime('now'), datetime('now'), '["langmap"]', 'ai', 'approved', 1);
INSERT INTO expression_meanings (expression_id, meaning_id, created_by, updated_by, created_at, updated_at) VALUES (208, 80, 'langmap', 'langmap', datetime('now'), datetime('now'));
INSERT INTO expression_versions (expression_id, text, created_by, created_at) VALUES (208, '语言代码', 'langmap', datetime('now'));
INSERT INTO expressions (id, text, language_code, created_by, updated_by, created_at, updated_at, tags, source_type, review_status, auto_approved) VALUES (209, '例如：custom-lang、toki-pona', 'zh-CN', 'langmap', 'langmap', datetime('now'), datetime('now'), '["langmap"]', 'ai', 'approved', 1);
INSERT INTO expression_meanings (expression_id, meaning_id, created_by, updated_by, created_at, updated_at) VALUES (209, 81, 'langmap', 'langmap', datetime('now'), datetime('now'));
INSERT INTO expression_versions (expression_id, text, created_by, created_at) VALUES (209, '例如：custom-lang、toki-pona', 'langmap', datetime('now'));
INSERT INTO expressions (id, text, language_code, created_by, updated_by, created_at, updated_at, tags, source_type, review_status, auto_approved) VALUES (210, '您语言的自定义代码（可以是非标准的）', 'zh-CN', 'langmap', 'langmap', datetime('now'), datetime('now'), '["langmap"]', 'ai', 'approved', 1);
INSERT INTO expression_meanings (expression_id, meaning_id, created_by, updated_by, created_at, updated_at) VALUES (210, 82, 'langmap', 'langmap', datetime('now'), datetime('now'));
INSERT INTO expression_versions (expression_id, text, created_by, created_at) VALUES (210, '您语言的自定义代码（可以是非标准的）', 'langmap', datetime('now'));
INSERT INTO expressions (id, text, language_code, created_by, updated_by, created_at, updated_at, tags, source_type, review_status, auto_approved) VALUES (211, '语言名称', 'zh-CN', 'langmap', 'langmap', datetime('now'), datetime('now'), '["langmap"]', 'ai', 'approved', 1);
INSERT INTO expression_meanings (expression_id, meaning_id, created_by, updated_by, created_at, updated_at) VALUES (211, 83, 'langmap', 'langmap', datetime('now'), datetime('now'));
INSERT INTO expression_versions (expression_id, text, created_by, created_at) VALUES (211, '语言名称', 'langmap', datetime('now'));
INSERT INTO expressions (id, text, language_code, created_by, updated_by, created_at, updated_at, tags, source_type, review_status, auto_approved) VALUES (212, '例如：自定义语言', 'zh-CN', 'langmap', 'langmap', datetime('now'), datetime('now'), '["langmap"]', 'ai', 'approved', 1);
INSERT INTO expression_meanings (expression_id, meaning_id, created_by, updated_by, created_at, updated_at) VALUES (212, 84, 'langmap', 'langmap', datetime('now'), datetime('now'));
INSERT INTO expression_versions (expression_id, text, created_by, created_at) VALUES (212, '例如：自定义语言', 'langmap', datetime('now'));
INSERT INTO expressions (id, text, language_code, created_by, updated_by, created_at, updated_at, tags, source_type, review_status, auto_approved) VALUES (213, '本地名称', 'zh-CN', 'langmap', 'langmap', datetime('now'), datetime('now'), '["langmap"]', 'ai', 'approved', 1);
INSERT INTO expression_meanings (expression_id, meaning_id, created_by, updated_by, created_at, updated_at) VALUES (213, 85, 'langmap', 'langmap', datetime('now'), datetime('now'));
INSERT INTO expression_versions (expression_id, text, created_by, created_at) VALUES (213, '本地名称', 'langmap', datetime('now'));
INSERT INTO expressions (id, text, language_code, created_by, updated_by, created_at, updated_at, tags, source_type, review_status, auto_approved) VALUES (214, '例如：本地语言名称', 'zh-CN', 'langmap', 'langmap', datetime('now'), datetime('now'), '["langmap"]', 'ai', 'approved', 1);
INSERT INTO expression_meanings (expression_id, meaning_id, created_by, updated_by, created_at, updated_at) VALUES (214, 86, 'langmap', 'langmap', datetime('now'), datetime('now'));
INSERT INTO expression_versions (expression_id, text, created_by, created_at) VALUES (214, '例如：本地语言名称', 'langmap', datetime('now'));
INSERT INTO expressions (id, text, language_code, created_by, updated_by, created_at, updated_at, tags, source_type, review_status, auto_approved) VALUES (215, '文字方向', 'zh-CN', 'langmap', 'langmap', datetime('now'), datetime('now'), '["langmap"]', 'ai', 'approved', 1);
INSERT INTO expression_meanings (expression_id, meaning_id, created_by, updated_by, created_at, updated_at) VALUES (215, 97, 'langmap', 'langmap', datetime('now'), datetime('now'));
INSERT INTO expression_versions (expression_id, text, created_by, created_at) VALUES (215, '文字方向', 'langmap', datetime('now'));
INSERT INTO expressions (id, text, language_code, created_by, updated_by, created_at, updated_at, tags, source_type, review_status, auto_approved) VALUES (216, '从左到右 (LTR)', 'zh-CN', 'langmap', 'langmap', datetime('now'), datetime('now'), '["langmap"]', 'ai', 'approved', 1);
INSERT INTO expression_meanings (expression_id, meaning_id, created_by, updated_by, created_at, updated_at) VALUES (216, 98, 'langmap', 'langmap', datetime('now'), datetime('now'));
INSERT INTO expression_versions (expression_id, text, created_by, created_at) VALUES (216, '从左到右 (LTR)', 'langmap', datetime('now'));
INSERT INTO expressions (id, text, language_code, created_by, updated_by, created_at, updated_at, tags, source_type, review_status, auto_approved) VALUES (217, '从右到左 (RTL)', 'zh-CN', 'langmap', 'langmap', datetime('now'), datetime('now'), '["langmap"]', 'ai', 'approved', 1);
INSERT INTO expression_meanings (expression_id, meaning_id, created_by, updated_by, created_at, updated_at) VALUES (217, 99, 'langmap', 'langmap', datetime('now'), datetime('now'));
INSERT INTO expression_versions (expression_id, text, created_by, created_at) VALUES (217, '从右到左 (RTL)', 'langmap', datetime('now'));
INSERT INTO expressions (id, text, language_code, created_by, updated_by, created_at, updated_at, tags, source_type, review_status, auto_approved) VALUES (218, '正在添加...', 'zh-CN', 'langmap', 'langmap', datetime('now'), datetime('now'), '["langmap"]', 'ai', 'approved', 1);
INSERT INTO expression_meanings (expression_id, meaning_id, created_by, updated_by, created_at, updated_at) VALUES (218, 100, 'langmap', 'langmap', datetime('now'), datetime('now'));
INSERT INTO expression_versions (expression_id, text, created_by, created_at) VALUES (218, '正在添加...', 'langmap', datetime('now'));
INSERT INTO expressions (id, text, language_code, created_by, updated_by, created_at, updated_at, tags, source_type, review_status, auto_approved) VALUES (219, '添加语言失败，请重试。', 'zh-CN', 'langmap', 'langmap', datetime('now'), datetime('now'), '["langmap"]', 'ai', 'approved', 1);
INSERT INTO expression_meanings (expression_id, meaning_id, created_by, updated_by, created_at, updated_at) VALUES (219, 101, 'langmap', 'langmap', datetime('now'), datetime('now'));
INSERT INTO expression_versions (expression_id, text, created_by, created_at) VALUES (219, '添加语言失败，请重试。', 'langmap', datetime('now'));
INSERT INTO expressions (id, text, language_code, created_by, updated_by, created_at, updated_at, tags, source_type, review_status, auto_approved) VALUES (220, '纬度', 'zh-CN', 'langmap', 'langmap', datetime('now'), datetime('now'), '["langmap"]', 'ai', 'approved', 1);
INSERT INTO expression_meanings (expression_id, meaning_id, created_by, updated_by, created_at, updated_at) VALUES (220, 92, 'langmap', 'langmap', datetime('now'), datetime('now'));
INSERT INTO expression_versions (expression_id, text, created_by, created_at) VALUES (220, '纬度', 'langmap', datetime('now'));
INSERT INTO expressions (id, text, language_code, created_by, updated_by, created_at, updated_at, tags, source_type, review_status, auto_approved) VALUES (221, '例如：51.5074', 'zh-CN', 'langmap', 'langmap', datetime('now'), datetime('now'), '["langmap"]', 'ai', 'approved', 1);
INSERT INTO expression_meanings (expression_id, meaning_id, created_by, updated_by, created_at, updated_at) VALUES (221, 93, 'langmap', 'langmap', datetime('now'), datetime('now'));
INSERT INTO expression_versions (expression_id, text, created_by, created_at) VALUES (221, '例如：51.5074', 'langmap', datetime('now'));
INSERT INTO expressions (id, text, language_code, created_by, updated_by, created_at, updated_at, tags, source_type, review_status, auto_approved) VALUES (222, '经度', 'zh-CN', 'langmap', 'langmap', datetime('now'), datetime('now'), '["langmap"]', 'ai', 'approved', 1);
INSERT INTO expression_meanings (expression_id, meaning_id, created_by, updated_by, created_at, updated_at) VALUES (222, 94, 'langmap', 'langmap', datetime('now'), datetime('now'));
INSERT INTO expression_versions (expression_id, text, created_by, created_at) VALUES (222, '经度', 'langmap', datetime('now'));
INSERT INTO expressions (id, text, language_code, created_by, updated_by, created_at, updated_at, tags, source_type, review_status, auto_approved) VALUES (223, '例如：-0.1278', 'zh-CN', 'langmap', 'langmap', datetime('now'), datetime('now'), '["langmap"]', 'ai', 'approved', 1);
INSERT INTO expression_meanings (expression_id, meaning_id, created_by, updated_by, created_at, updated_at) VALUES (223, 95, 'langmap', 'langmap', datetime('now'), datetime('now'));
INSERT INTO expression_versions (expression_id, text, created_by, created_at) VALUES (223, '例如：-0.1278', 'langmap', datetime('now'));
INSERT INTO expressions (id, text, language_code, created_by, updated_by, created_at, updated_at, tags, source_type, review_status, auto_approved) VALUES (224, '地区信息', 'zh-CN', 'langmap', 'langmap', datetime('now'), datetime('now'), '["langmap"]', 'ai', 'approved', 1);
INSERT INTO expression_meanings (expression_id, meaning_id, created_by, updated_by, created_at, updated_at) VALUES (224, 87, 'langmap', 'langmap', datetime('now'), datetime('now'));
INSERT INTO expression_versions (expression_id, text, created_by, created_at) VALUES (224, '地区信息', 'langmap', datetime('now'));
INSERT INTO expressions (id, text, language_code, created_by, updated_by, created_at, updated_at, tags, source_type, review_status, auto_approved) VALUES (225, '地区名称', 'zh-CN', 'langmap', 'langmap', datetime('now'), datetime('now'), '["langmap"]', 'ai', 'approved', 1);
INSERT INTO expression_meanings (expression_id, meaning_id, created_by, updated_by, created_at, updated_at) VALUES (225, 88, 'langmap', 'langmap', datetime('now'), datetime('now'));
INSERT INTO expression_versions (expression_id, text, created_by, created_at) VALUES (225, '地区名称', 'langmap', datetime('now'));
INSERT INTO expressions (id, text, language_code, created_by, updated_by, created_at, updated_at, tags, source_type, review_status, auto_approved) VALUES (226, '例如：伦敦，英国', 'zh-CN', 'langmap', 'langmap', datetime('now'), datetime('now'), '["langmap"]', 'ai', 'approved', 1);
INSERT INTO expression_meanings (expression_id, meaning_id, created_by, updated_by, created_at, updated_at) VALUES (226, 89, 'langmap', 'langmap', datetime('now'), datetime('now'));
INSERT INTO expression_versions (expression_id, text, created_by, created_at) VALUES (226, '例如：伦敦，英国', 'langmap', datetime('now'));
INSERT INTO expressions (id, text, language_code, created_by, updated_by, created_at, updated_at, tags, source_type, review_status, auto_approved) VALUES (227, '本地地区名称', 'zh-CN', 'langmap', 'langmap', datetime('now'), datetime('now'), '["langmap"]', 'ai', 'approved', 1);
INSERT INTO expression_meanings (expression_id, meaning_id, created_by, updated_by, created_at, updated_at) VALUES (227, 90, 'langmap', 'langmap', datetime('now'), datetime('now'));
INSERT INTO expression_versions (expression_id, text, created_by, created_at) VALUES (227, '本地地区名称', 'langmap', datetime('now'));
INSERT INTO expressions (id, text, language_code, created_by, updated_by, created_at, updated_at, tags, source_type, review_status, auto_approved) VALUES (228, '例如：伦德雷斯，英国', 'zh-CN', 'langmap', 'langmap', datetime('now'), datetime('now'), '["langmap"]', 'ai', 'approved', 1);
INSERT INTO expression_meanings (expression_id, meaning_id, created_by, updated_by, created_at, updated_at) VALUES (228, 91, 'langmap', 'langmap', datetime('now'), datetime('now'));
INSERT INTO expression_versions (expression_id, text, created_by, created_at) VALUES (228, '例如：伦德雷斯，英国', 'langmap', datetime('now'));
INSERT INTO expressions (id, text, language_code, created_by, updated_by, created_at, updated_at, tags, source_type, review_status, auto_approved) VALUES (229, '隐藏地图', 'zh-CN', 'langmap', 'langmap', datetime('now'), datetime('now'), '["langmap"]', 'ai', 'approved', 1);
INSERT INTO expression_meanings (expression_id, meaning_id, created_by, updated_by, created_at, updated_at) VALUES (229, 96, 'langmap', 'langmap', datetime('now'), datetime('now'));
INSERT INTO expression_versions (expression_id, text, created_by, created_at) VALUES (229, '隐藏地图', 'langmap', datetime('now'));
INSERT INTO expressions (id, text, language_code, created_by, updated_by, created_at, updated_at, tags, source_type, review_status, auto_approved) VALUES (230, '返回搜索', 'zh-CN', 'langmap', 'langmap', datetime('now'), datetime('now'), '["langmap"]', 'ai', 'approved', 1);
INSERT INTO expression_meanings (expression_id, meaning_id, created_by, updated_by, created_at, updated_at) VALUES (230, 102, 'langmap', 'langmap', datetime('now'), datetime('now'));
INSERT INTO expression_versions (expression_id, text, created_by, created_at) VALUES (230, '返回搜索', 'langmap', datetime('now'));
INSERT INTO expressions (id, text, language_code, created_by, updated_by, created_at, updated_at, tags, source_type, review_status, auto_approved) VALUES (231, '正在加载词句详情...', 'zh-CN', 'langmap', 'langmap', datetime('now'), datetime('now'), '["langmap"]', 'ai', 'approved', 1);
INSERT INTO expression_meanings (expression_id, meaning_id, created_by, updated_by, created_at, updated_at) VALUES (231, 103, 'langmap', 'langmap', datetime('now'), datetime('now'));
INSERT INTO expression_versions (expression_id, text, created_by, created_at) VALUES (231, '正在加载词句详情...', 'langmap', datetime('now'));
INSERT INTO expressions (id, text, language_code, created_by, updated_by, created_at, updated_at, tags, source_type, review_status, auto_approved) VALUES (232, '词句详情', 'zh-CN', 'langmap', 'langmap', datetime('now'), datetime('now'), '["langmap"]', 'ai', 'approved', 1);
INSERT INTO expression_meanings (expression_id, meaning_id, created_by, updated_by, created_at, updated_at) VALUES (232, 104, 'langmap', 'langmap', datetime('now'), datetime('now'));
INSERT INTO expression_versions (expression_id, text, created_by, created_at) VALUES (232, '词句详情', 'langmap', datetime('now'));
INSERT INTO expressions (id, text, language_code, created_by, updated_by, created_at, updated_at, tags, source_type, review_status, auto_approved) VALUES (233, '关联含义', 'zh-CN', 'langmap', 'langmap', datetime('now'), datetime('now'), '["langmap"]', 'ai', 'approved', 1);
INSERT INTO expression_meanings (expression_id, meaning_id, created_by, updated_by, created_at, updated_at) VALUES (233, 105, 'langmap', 'langmap', datetime('now'), datetime('now'));
INSERT INTO expression_versions (expression_id, text, created_by, created_at) VALUES (233, '关联含义', 'langmap', datetime('now'));
INSERT INTO expressions (id, text, language_code, created_by, updated_by, created_at, updated_at, tags, source_type, review_status, auto_approved) VALUES (234, '关联词句', 'zh-CN', 'langmap', 'langmap', datetime('now'), datetime('now'), '["langmap"]', 'ai', 'approved', 1);
INSERT INTO expression_meanings (expression_id, meaning_id, created_by, updated_by, created_at, updated_at) VALUES (234, 106, 'langmap', 'langmap', datetime('now'), datetime('now'));
INSERT INTO expression_versions (expression_id, text, created_by, created_at) VALUES (234, '关联词句', 'langmap', datetime('now'));
INSERT INTO expressions (id, text, language_code, created_by, updated_by, created_at, updated_at, tags, source_type, review_status, auto_approved) VALUES (235, '取消', 'zh-CN', 'langmap', 'langmap', datetime('now'), datetime('now'), '["langmap"]', 'ai', 'approved', 1);
INSERT INTO expression_meanings (expression_id, meaning_id, created_by, updated_by, created_at, updated_at) VALUES (235, 107, 'langmap', 'langmap', datetime('now'), datetime('now'));
INSERT INTO expression_versions (expression_id, text, created_by, created_at) VALUES (235, '取消', 'langmap', datetime('now'));
INSERT INTO expressions (id, text, language_code, created_by, updated_by, created_at, updated_at, tags, source_type, review_status, auto_approved) VALUES (236, '搜索要关联的词句...', 'zh-CN', 'langmap', 'langmap', datetime('now'), datetime('now'), '["langmap"]', 'ai', 'approved', 1);
INSERT INTO expression_meanings (expression_id, meaning_id, created_by, updated_by, created_at, updated_at) VALUES (236, 108, 'langmap', 'langmap', datetime('now'), datetime('now'));
INSERT INTO expression_versions (expression_id, text, created_by, created_at) VALUES (236, '搜索要关联的词句...', 'langmap', datetime('now'));
INSERT INTO expressions (id, text, language_code, created_by, updated_by, created_at, updated_at, tags, source_type, review_status, auto_approved) VALUES (237, '搜索', 'zh-CN', 'langmap', 'langmap', datetime('now'), datetime('now'), '["langmap"]', 'ai', 'approved', 1);
INSERT INTO expression_meanings (expression_id, meaning_id, created_by, updated_by, created_at, updated_at) VALUES (237, 109, 'langmap', 'langmap', datetime('now'), datetime('now'));
INSERT INTO expression_versions (expression_id, text, created_by, created_at) VALUES (237, '搜索', 'langmap', datetime('now'));
INSERT INTO expressions (id, text, language_code, created_by, updated_by, created_at, updated_at, tags, source_type, review_status, auto_approved) VALUES (238, '正在搜索...', 'zh-CN', 'langmap', 'langmap', datetime('now'), datetime('now'), '["langmap"]', 'ai', 'approved', 1);
INSERT INTO expression_meanings (expression_id, meaning_id, created_by, updated_by, created_at, updated_at) VALUES (238, 110, 'langmap', 'langmap', datetime('now'), datetime('now'));
INSERT INTO expression_versions (expression_id, text, created_by, created_at) VALUES (238, '正在搜索...', 'langmap', datetime('now'));
INSERT INTO expressions (id, text, language_code, created_by, updated_by, created_at, updated_at, tags, source_type, review_status, auto_approved) VALUES (239, '未找到词句。请尝试不同的搜索词。', 'zh-CN', 'langmap', 'langmap', datetime('now'), datetime('now'), '["langmap"]', 'ai', 'approved', 1);
INSERT INTO expression_meanings (expression_id, meaning_id, created_by, updated_by, created_at, updated_at) VALUES (239, 111, 'langmap', 'langmap', datetime('now'), datetime('now'));
INSERT INTO expression_versions (expression_id, text, created_by, created_at) VALUES (239, '未找到词句。请尝试不同的搜索词。', 'langmap', datetime('now'));
INSERT INTO expressions (id, text, language_code, created_by, updated_by, created_at, updated_at, tags, source_type, review_status, auto_approved) VALUES (240, '链接', 'zh-CN', 'langmap', 'langmap', datetime('now'), datetime('now'), '["langmap"]', 'ai', 'approved', 1);
INSERT INTO expression_meanings (expression_id, meaning_id, created_by, updated_by, created_at, updated_at) VALUES (240, 112, 'langmap', 'langmap', datetime('now'), datetime('now'));
INSERT INTO expression_versions (expression_id, text, created_by, created_at) VALUES (240, '链接', 'langmap', datetime('now'));
INSERT INTO expressions (id, text, language_code, created_by, updated_by, created_at, updated_at, tags, source_type, review_status, auto_approved) VALUES (241, '已链接', 'zh-CN', 'langmap', 'langmap', datetime('now'), datetime('now'), '["langmap"]', 'ai', 'approved', 1);
INSERT INTO expression_meanings (expression_id, meaning_id, created_by, updated_by, created_at, updated_at) VALUES (241, 113, 'langmap', 'langmap', datetime('now'), datetime('now'));
INSERT INTO expression_versions (expression_id, text, created_by, created_at) VALUES (241, '已链接', 'langmap', datetime('now'));
INSERT INTO expressions (id, text, language_code, created_by, updated_by, created_at, updated_at, tags, source_type, review_status, auto_approved) VALUES (242, '搜索结果包含当前词句。', 'zh-CN', 'langmap', 'langmap', datetime('now'), datetime('now'), '["langmap"]', 'ai', 'approved', 1);
INSERT INTO expression_meanings (expression_id, meaning_id, created_by, updated_by, created_at, updated_at) VALUES (242, 114, 'langmap', 'langmap', datetime('now'), datetime('now'));
INSERT INTO expression_versions (expression_id, text, created_by, created_at) VALUES (242, '搜索结果包含当前词句。', 'langmap', datetime('now'));
INSERT INTO expressions (id, text, language_code, created_by, updated_by, created_at, updated_at, tags, source_type, review_status, auto_approved) VALUES (243, '链接到含义：', 'zh-CN', 'langmap', 'langmap', datetime('now'), datetime('now'), '["langmap"]', 'ai', 'approved', 1);
INSERT INTO expression_meanings (expression_id, meaning_id, created_by, updated_by, created_at, updated_at) VALUES (243, 115, 'langmap', 'langmap', datetime('now'), datetime('now'));
INSERT INTO expression_versions (expression_id, text, created_by, created_at) VALUES (243, '链接到含义：', 'langmap', datetime('now'));
INSERT INTO expressions (id, text, language_code, created_by, updated_by, created_at, updated_at, tags, source_type, review_status, auto_approved) VALUES (244, '-- 选择含义 --', 'zh-CN', 'langmap', 'langmap', datetime('now'), datetime('now'), '["langmap"]', 'ai', 'approved', 1);
INSERT INTO expression_meanings (expression_id, meaning_id, created_by, updated_by, created_at, updated_at) VALUES (244, 116, 'langmap', 'langmap', datetime('now'), datetime('now'));
INSERT INTO expression_versions (expression_id, text, created_by, created_at) VALUES (244, '-- 选择含义 --', 'langmap', datetime('now'));
INSERT INTO expressions (id, text, language_code, created_by, updated_by, created_at, updated_at, tags, source_type, review_status, auto_approved) VALUES (245, '创建新含义…', 'zh-CN', 'langmap', 'langmap', datetime('now'), datetime('now'), '["langmap"]', 'ai', 'approved', 1);
INSERT INTO expression_meanings (expression_id, meaning_id, created_by, updated_by, created_at, updated_at) VALUES (245, 117, 'langmap', 'langmap', datetime('now'), datetime('now'));
INSERT INTO expression_versions (expression_id, text, created_by, created_at) VALUES (245, '创建新含义…', 'langmap', datetime('now'));
INSERT INTO expressions (id, text, language_code, created_by, updated_by, created_at, updated_at, tags, source_type, review_status, auto_approved) VALUES (246, '新含义标题', 'zh-CN', 'langmap', 'langmap', datetime('now'), datetime('now'), '["langmap"]', 'ai', 'approved', 1);
INSERT INTO expression_meanings (expression_id, meaning_id, created_by, updated_by, created_at, updated_at) VALUES (246, 118, 'langmap', 'langmap', datetime('now'), datetime('now'));
INSERT INTO expression_versions (expression_id, text, created_by, created_at) VALUES (246, '新含义标题', 'langmap', datetime('now'));
INSERT INTO expressions (id, text, language_code, created_by, updated_by, created_at, updated_at, tags, source_type, review_status, auto_approved) VALUES (247, '创建含义', 'zh-CN', 'langmap', 'langmap', datetime('now'), datetime('now'), '["langmap"]', 'ai', 'approved', 1);
INSERT INTO expression_meanings (expression_id, meaning_id, created_by, updated_by, created_at, updated_at) VALUES (247, 119, 'langmap', 'langmap', datetime('now'), datetime('now'));
INSERT INTO expression_versions (expression_id, text, created_by, created_at) VALUES (247, '创建含义', 'langmap', datetime('now'));
INSERT INTO expressions (id, text, language_code, created_by, updated_by, created_at, updated_at, tags, source_type, review_status, auto_approved) VALUES (248, '此词句未关联任何含义', 'zh-CN', 'langmap', 'langmap', datetime('now'), datetime('now'), '["langmap"]', 'ai', 'approved', 1);
INSERT INTO expression_meanings (expression_id, meaning_id, created_by, updated_by, created_at, updated_at) VALUES (248, 120, 'langmap', 'langmap', datetime('now'), datetime('now'));
INSERT INTO expression_versions (expression_id, text, created_by, created_at) VALUES (248, '此词句未关联任何含义', 'langmap', datetime('now'));
INSERT INTO expressions (id, text, language_code, created_by, updated_by, created_at, updated_at, tags, source_type, review_status, auto_approved) VALUES (249, '关联含义', 'zh-CN', 'langmap', 'langmap', datetime('now'), datetime('now'), '["langmap"]', 'ai', 'approved', 1);
INSERT INTO expression_meanings (expression_id, meaning_id, created_by, updated_by, created_at, updated_at) VALUES (249, 121, 'langmap', 'langmap', datetime('now'), datetime('now'));
INSERT INTO expression_versions (expression_id, text, created_by, created_at) VALUES (249, '关联含义', 'langmap', datetime('now'));
INSERT INTO expressions (id, text, language_code, created_by, updated_by, created_at, updated_at, tags, source_type, review_status, auto_approved) VALUES (250, '全球', 'zh-CN', 'langmap', 'langmap', datetime('now'), datetime('now'), '["langmap"]', 'ai', 'approved', 1);
INSERT INTO expression_meanings (expression_id, meaning_id, created_by, updated_by, created_at, updated_at) VALUES (250, 122, 'langmap', 'langmap', datetime('now'), datetime('now'));
INSERT INTO expression_versions (expression_id, text, created_by, created_at) VALUES (250, '全球', 'langmap', datetime('now'));
INSERT INTO expressions (id, text, language_code, created_by, updated_by, created_at, updated_at, tags, source_type, review_status, auto_approved) VALUES (251, '播放', 'zh-CN', 'langmap', 'langmap', datetime('now'), datetime('now'), '["langmap"]', 'ai', 'approved', 1);
INSERT INTO expression_meanings (expression_id, meaning_id, created_by, updated_by, created_at, updated_at) VALUES (251, 123, 'langmap', 'langmap', datetime('now'), datetime('now'));
INSERT INTO expression_versions (expression_id, text, created_by, created_at) VALUES (251, '播放', 'langmap', datetime('now'));
INSERT INTO expressions (id, text, language_code, created_by, updated_by, created_at, updated_at, tags, source_type, review_status, auto_approved) VALUES (252, '自动', 'zh-CN', 'langmap', 'langmap', datetime('now'), datetime('now'), '["langmap"]', 'ai', 'approved', 1);
INSERT INTO expression_meanings (expression_id, meaning_id, created_by, updated_by, created_at, updated_at) VALUES (252, 124, 'langmap', 'langmap', datetime('now'), datetime('now'));
INSERT INTO expression_versions (expression_id, text, created_by, created_at) VALUES (252, '自动', 'langmap', datetime('now'));
INSERT INTO expressions (id, text, language_code, created_by, updated_by, created_at, updated_at, tags, source_type, review_status, auto_approved) VALUES (253, '版本历史', 'zh-CN', 'langmap', 'langmap', datetime('now'), datetime('now'), '["langmap"]', 'ai', 'approved', 1);
INSERT INTO expression_meanings (expression_id, meaning_id, created_by, updated_by, created_at, updated_at) VALUES (253, 125, 'langmap', 'langmap', datetime('now'), datetime('now'));
INSERT INTO expression_versions (expression_id, text, created_by, created_at) VALUES (253, '版本历史', 'langmap', datetime('now'));
INSERT INTO expressions (id, text, language_code, created_by, updated_by, created_at, updated_at, tags, source_type, review_status, auto_approved) VALUES (254, '正在加载版本...', 'zh-CN', 'langmap', 'langmap', datetime('now'), datetime('now'), '["langmap"]', 'ai', 'approved', 1);
INSERT INTO expression_meanings (expression_id, meaning_id, created_by, updated_by, created_at, updated_at) VALUES (254, 126, 'langmap', 'langmap', datetime('now'), datetime('now'));
INSERT INTO expression_versions (expression_id, text, created_by, created_at) VALUES (254, '正在加载版本...', 'langmap', datetime('now'));
INSERT INTO expressions (id, text, language_code, created_by, updated_by, created_at, updated_at, tags, source_type, review_status, auto_approved) VALUES (255, '无可用版本', 'zh-CN', 'langmap', 'langmap', datetime('now'), datetime('now'), '["langmap"]', 'ai', 'approved', 1);
INSERT INTO expression_meanings (expression_id, meaning_id, created_by, updated_by, created_at, updated_at) VALUES (255, 127, 'langmap', 'langmap', datetime('now'), datetime('now'));
INSERT INTO expression_versions (expression_id, text, created_by, created_at) VALUES (255, '无可用版本', 'langmap', datetime('now'));
INSERT INTO expressions (id, text, language_code, created_by, updated_by, created_at, updated_at, tags, source_type, review_status, auto_approved) VALUES (256, '自动', 'zh-CN', 'langmap', 'langmap', datetime('now'), datetime('now'), '["langmap"]', 'ai', 'approved', 1);
INSERT INTO expression_meanings (expression_id, meaning_id, created_by, updated_by, created_at, updated_at) VALUES (256, 128, 'langmap', 'langmap', datetime('now'), datetime('now'));
INSERT INTO expression_versions (expression_id, text, created_by, created_at) VALUES (256, '自动', 'langmap', datetime('now'));
INSERT INTO expressions (id, text, language_code, created_by, updated_by, created_at, updated_at, tags, source_type, review_status, auto_approved) VALUES (257, '匿名', 'zh-CN', 'langmap', 'langmap', datetime('now'), datetime('now'), '["langmap"]', 'ai', 'approved', 1);
INSERT INTO expression_meanings (expression_id, meaning_id, created_by, updated_by, created_at, updated_at) VALUES (257, 129, 'langmap', 'langmap', datetime('now'), datetime('now'));
INSERT INTO expression_versions (expression_id, text, created_by, created_at) VALUES (257, '匿名', 'langmap', datetime('now'));
INSERT INTO expressions (id, text, language_code, created_by, updated_by, created_at, updated_at, tags, source_type, review_status, auto_approved) VALUES (258, 'Explore the World of Languages', 'en', 'langmap', 'langmap', datetime('now'), datetime('now'), '["langmap"]', 'ai', 'approved', 1);
INSERT INTO expression_meanings (expression_id, meaning_id, created_by, updated_by, created_at, updated_at) VALUES (258, 1, 'langmap', 'langmap', datetime('now'), datetime('now'));
INSERT INTO expression_versions (expression_id, text, created_by, created_at) VALUES (258, 'Explore the World of Languages', 'langmap', datetime('now'));
INSERT INTO expressions (id, text, language_code, created_by, updated_by, created_at, updated_at, tags, source_type, review_status, auto_approved) VALUES (259, 'Discover how expressions vary across regions and cultures', 'en', 'langmap', 'langmap', datetime('now'), datetime('now'), '["langmap"]', 'ai', 'approved', 1);
INSERT INTO expression_meanings (expression_id, meaning_id, created_by, updated_by, created_at, updated_at) VALUES (259, 2, 'langmap', 'langmap', datetime('now'), datetime('now'));
INSERT INTO expression_versions (expression_id, text, created_by, created_at) VALUES (259, 'Discover how expressions vary across regions and cultures', 'langmap', datetime('now'));
INSERT INTO expressions (id, text, language_code, created_by, updated_by, created_at, updated_at, tags, source_type, review_status, auto_approved) VALUES (260, 'Search for an expression...', 'en', 'langmap', 'langmap', datetime('now'), datetime('now'), '["langmap"]', 'ai', 'approved', 1);
INSERT INTO expression_meanings (expression_id, meaning_id, created_by, updated_by, created_at, updated_at) VALUES (260, 3, 'langmap', 'langmap', datetime('now'), datetime('now'));
INSERT INTO expression_versions (expression_id, text, created_by, created_at) VALUES (260, 'Search for an expression...', 'langmap', datetime('now'));
INSERT INTO expressions (id, text, language_code, created_by, updated_by, created_at, updated_at, tags, source_type, review_status, auto_approved) VALUES (261, 'Search', 'en', 'langmap', 'langmap', datetime('now'), datetime('now'), '["langmap"]', 'ai', 'approved', 1);
INSERT INTO expression_meanings (expression_id, meaning_id, created_by, updated_by, created_at, updated_at) VALUES (261, 4, 'langmap', 'langmap', datetime('now'), datetime('now'));
INSERT INTO expression_versions (expression_id, text, created_by, created_at) VALUES (261, 'Search', 'langmap', datetime('now'));
INSERT INTO expressions (id, text, language_code, created_by, updated_by, created_at, updated_at, tags, source_type, review_status, auto_approved) VALUES (262, 'Total Expressions', 'en', 'langmap', 'langmap', datetime('now'), datetime('now'), '["langmap"]', 'ai', 'approved', 1);
INSERT INTO expression_meanings (expression_id, meaning_id, created_by, updated_by, created_at, updated_at) VALUES (262, 5, 'langmap', 'langmap', datetime('now'), datetime('now'));
INSERT INTO expression_versions (expression_id, text, created_by, created_at) VALUES (262, 'Total Expressions', 'langmap', datetime('now'));
INSERT INTO expressions (id, text, language_code, created_by, updated_by, created_at, updated_at, tags, source_type, review_status, auto_approved) VALUES (263, 'Languages', 'en', 'langmap', 'langmap', datetime('now'), datetime('now'), '["langmap"]', 'ai', 'approved', 1);
INSERT INTO expression_meanings (expression_id, meaning_id, created_by, updated_by, created_at, updated_at) VALUES (263, 6, 'langmap', 'langmap', datetime('now'), datetime('now'));
INSERT INTO expression_versions (expression_id, text, created_by, created_at) VALUES (263, 'Languages', 'langmap', datetime('now'));
INSERT INTO expressions (id, text, language_code, created_by, updated_by, created_at, updated_at, tags, source_type, review_status, auto_approved) VALUES (264, 'Regions', 'en', 'langmap', 'langmap', datetime('now'), datetime('now'), '["langmap"]', 'ai', 'approved', 1);
INSERT INTO expression_meanings (expression_id, meaning_id, created_by, updated_by, created_at, updated_at) VALUES (264, 7, 'langmap', 'langmap', datetime('now'), datetime('now'));
INSERT INTO expression_versions (expression_id, text, created_by, created_at) VALUES (264, 'Regions', 'langmap', datetime('now'));
INSERT INTO expressions (id, text, language_code, created_by, updated_by, created_at, updated_at, tags, source_type, review_status, auto_approved) VALUES (265, 'Global Language Distribution', 'en', 'langmap', 'langmap', datetime('now'), datetime('now'), '["langmap"]', 'ai', 'approved', 1);
INSERT INTO expression_meanings (expression_id, meaning_id, created_by, updated_by, created_at, updated_at) VALUES (265, 8, 'langmap', 'langmap', datetime('now'), datetime('now'));
INSERT INTO expression_versions (expression_id, text, created_by, created_at) VALUES (265, 'Global Language Distribution', 'langmap', datetime('now'));
INSERT INTO expressions (id, text, language_code, created_by, updated_by, created_at, updated_at, tags, source_type, review_status, auto_approved) VALUES (266, 'Explore the richness of linguistic expressions across different regions. Larger circles indicate more expressions in that area.', 'en', 'langmap', 'langmap', datetime('now'), datetime('now'), '["langmap"]', 'ai', 'approved', 1);
INSERT INTO expression_meanings (expression_id, meaning_id, created_by, updated_by, created_at, updated_at) VALUES (266, 9, 'langmap', 'langmap', datetime('now'), datetime('now'));
INSERT INTO expression_versions (expression_id, text, created_by, created_at) VALUES (266, 'Explore the richness of linguistic expressions across different regions. Larger circles indicate more expressions in that area.', 'langmap', datetime('now'));
INSERT INTO expressions (id, text, language_code, created_by, updated_by, created_at, updated_at, tags, source_type, review_status, auto_approved) VALUES (267, 'Expression Density', 'en', 'langmap', 'langmap', datetime('now'), datetime('now'), '["langmap"]', 'ai', 'approved', 1);
INSERT INTO expression_meanings (expression_id, meaning_id, created_by, updated_by, created_at, updated_at) VALUES (267, 10, 'langmap', 'langmap', datetime('now'), datetime('now'));
INSERT INTO expression_versions (expression_id, text, created_by, created_at) VALUES (267, 'Expression Density', 'langmap', datetime('now'));
INSERT INTO expressions (id, text, language_code, created_by, updated_by, created_at, updated_at, tags, source_type, review_status, auto_approved) VALUES (268, 'Low', 'en', 'langmap', 'langmap', datetime('now'), datetime('now'), '["langmap"]', 'ai', 'approved', 1);
INSERT INTO expression_meanings (expression_id, meaning_id, created_by, updated_by, created_at, updated_at) VALUES (268, 130, 'langmap', 'langmap', datetime('now'), datetime('now'));
INSERT INTO expression_versions (expression_id, text, created_by, created_at) VALUES (268, 'Low', 'langmap', datetime('now'));
INSERT INTO expressions (id, text, language_code, created_by, updated_by, created_at, updated_at, tags, source_type, review_status, auto_approved) VALUES (269, 'Medium', 'en', 'langmap', 'langmap', datetime('now'), datetime('now'), '["langmap"]', 'ai', 'approved', 1);
INSERT INTO expression_meanings (expression_id, meaning_id, created_by, updated_by, created_at, updated_at) VALUES (269, 131, 'langmap', 'langmap', datetime('now'), datetime('now'));
INSERT INTO expression_versions (expression_id, text, created_by, created_at) VALUES (269, 'Medium', 'langmap', datetime('now'));
INSERT INTO expressions (id, text, language_code, created_by, updated_by, created_at, updated_at, tags, source_type, review_status, auto_approved) VALUES (270, 'High', 'en', 'langmap', 'langmap', datetime('now'), datetime('now'), '["langmap"]', 'ai', 'approved', 1);
INSERT INTO expression_meanings (expression_id, meaning_id, created_by, updated_by, created_at, updated_at) VALUES (270, 132, 'langmap', 'langmap', datetime('now'), datetime('now'));
INSERT INTO expression_versions (expression_id, text, created_by, created_at) VALUES (270, 'High', 'langmap', datetime('now'));
INSERT INTO expressions (id, text, language_code, created_by, updated_by, created_at, updated_at, tags, source_type, review_status, auto_approved) VALUES (271, 'Get Started', 'en', 'langmap', 'langmap', datetime('now'), datetime('now'), '["langmap"]', 'ai', 'approved', 1);
INSERT INTO expression_meanings (expression_id, meaning_id, created_by, updated_by, created_at, updated_at) VALUES (271, 11, 'langmap', 'langmap', datetime('now'), datetime('now'));
INSERT INTO expression_versions (expression_id, text, created_by, created_at) VALUES (271, 'Get Started', 'langmap', datetime('now'));
INSERT INTO expressions (id, text, language_code, created_by, updated_by, created_at, updated_at, tags, source_type, review_status, auto_approved) VALUES (272, 'Search Expressions', 'en', 'langmap', 'langmap', datetime('now'), datetime('now'), '["langmap"]', 'ai', 'approved', 1);
INSERT INTO expression_meanings (expression_id, meaning_id, created_by, updated_by, created_at, updated_at) VALUES (272, 12, 'langmap', 'langmap', datetime('now'), datetime('now'));
INSERT INTO expression_versions (expression_id, text, created_by, created_at) VALUES (272, 'Search Expressions', 'langmap', datetime('now'));
INSERT INTO expressions (id, text, language_code, created_by, updated_by, created_at, updated_at, tags, source_type, review_status, auto_approved) VALUES (273, 'Find how words and sentences are expressed across different languages and regions.', 'en', 'langmap', 'langmap', datetime('now'), datetime('now'), '["langmap"]', 'ai', 'approved', 1);
INSERT INTO expression_meanings (expression_id, meaning_id, created_by, updated_by, created_at, updated_at) VALUES (273, 13, 'langmap', 'langmap', datetime('now'), datetime('now'));
INSERT INTO expression_versions (expression_id, text, created_by, created_at) VALUES (273, 'Find how words and sentences are expressed across different languages and regions.', 'langmap', datetime('now'));
INSERT INTO expressions (id, text, language_code, created_by, updated_by, created_at, updated_at, tags, source_type, review_status, auto_approved) VALUES (274, 'Start Searching →', 'en', 'langmap', 'langmap', datetime('now'), datetime('now'), '["langmap"]', 'ai', 'approved', 1);
INSERT INTO expression_meanings (expression_id, meaning_id, created_by, updated_by, created_at, updated_at) VALUES (274, 14, 'langmap', 'langmap', datetime('now'), datetime('now'));
INSERT INTO expression_versions (expression_id, text, created_by, created_at) VALUES (274, 'Start Searching →', 'langmap', datetime('now'));
INSERT INTO expressions (id, text, language_code, created_by, updated_by, created_at, updated_at, tags, source_type, review_status, auto_approved) VALUES (275, 'Add Expression', 'en', 'langmap', 'langmap', datetime('now'), datetime('now'), '["langmap"]', 'ai', 'approved', 1);
INSERT INTO expression_meanings (expression_id, meaning_id, created_by, updated_by, created_at, updated_at) VALUES (275, 15, 'langmap', 'langmap', datetime('now'), datetime('now'));
INSERT INTO expression_versions (expression_id, text, created_by, created_at) VALUES (275, 'Add Expression', 'langmap', datetime('now'));
INSERT INTO expressions (id, text, language_code, created_by, updated_by, created_at, updated_at, tags, source_type, review_status, auto_approved) VALUES (276, 'Contribute to our database by adding expressions from your language or region.', 'en', 'langmap', 'langmap', datetime('now'), datetime('now'), '["langmap"]', 'ai', 'approved', 1);
INSERT INTO expression_meanings (expression_id, meaning_id, created_by, updated_by, created_at, updated_at) VALUES (276, 16, 'langmap', 'langmap', datetime('now'), datetime('now'));
INSERT INTO expression_versions (expression_id, text, created_by, created_at) VALUES (276, 'Contribute to our database by adding expressions from your language or region.', 'langmap', datetime('now'));
INSERT INTO expressions (id, text, language_code, created_by, updated_by, created_at, updated_at, tags, source_type, review_status, auto_approved) VALUES (277, 'Region', 'en', 'langmap', 'langmap', datetime('now'), datetime('now'), '["langmap"]', 'ai', 'approved', 1);
INSERT INTO expression_meanings (expression_id, meaning_id, created_by, updated_by, created_at, updated_at) VALUES (277, 17, 'langmap', 'langmap', datetime('now'), datetime('now'));
INSERT INTO expression_versions (expression_id, text, created_by, created_at) VALUES (277, 'Region', 'langmap', datetime('now'));
INSERT INTO expressions (id, text, language_code, created_by, updated_by, created_at, updated_at, tags, source_type, review_status, auto_approved) VALUES (278, 'Language', 'en', 'langmap', 'langmap', datetime('now'), datetime('now'), '["langmap"]', 'ai', 'approved', 1);
INSERT INTO expression_meanings (expression_id, meaning_id, created_by, updated_by, created_at, updated_at) VALUES (278, 18, 'langmap', 'langmap', datetime('now'), datetime('now'));
INSERT INTO expression_versions (expression_id, text, created_by, created_at) VALUES (278, 'Language', 'langmap', datetime('now'));
INSERT INTO expressions (id, text, language_code, created_by, updated_by, created_at, updated_at, tags, source_type, review_status, auto_approved) VALUES (279, 'Expressions', 'en', 'langmap', 'langmap', datetime('now'), datetime('now'), '["langmap"]', 'ai', 'approved', 1);
INSERT INTO expression_meanings (expression_id, meaning_id, created_by, updated_by, created_at, updated_at) VALUES (279, 19, 'langmap', 'langmap', datetime('now'), datetime('now'));
INSERT INTO expression_versions (expression_id, text, created_by, created_at) VALUES (279, 'Expressions', 'langmap', datetime('now'));
INSERT INTO expressions (id, text, language_code, created_by, updated_by, created_at, updated_at, tags, source_type, review_status, auto_approved) VALUES (280, 'Unknown', 'en', 'langmap', 'langmap', datetime('now'), datetime('now'), '["langmap"]', 'ai', 'approved', 1);
INSERT INTO expression_meanings (expression_id, meaning_id, created_by, updated_by, created_at, updated_at) VALUES (280, 20, 'langmap', 'langmap', datetime('now'), datetime('now'));
INSERT INTO expression_versions (expression_id, text, created_by, created_at) VALUES (280, 'Unknown', 'langmap', datetime('now'));
INSERT INTO expressions (id, text, language_code, created_by, updated_by, created_at, updated_at, tags, source_type, review_status, auto_approved) VALUES (281, 'Add New →', 'en', 'langmap', 'langmap', datetime('now'), datetime('now'), '["langmap"]', 'ai', 'approved', 1);
INSERT INTO expression_meanings (expression_id, meaning_id, created_by, updated_by, created_at, updated_at) VALUES (281, 21, 'langmap', 'langmap', datetime('now'), datetime('now'));
INSERT INTO expression_versions (expression_id, text, created_by, created_at) VALUES (281, 'Add New →', 'langmap', datetime('now'));
INSERT INTO expressions (id, text, language_code, created_by, updated_by, created_at, updated_at, tags, source_type, review_status, auto_approved) VALUES (282, 'Explore Map', 'en', 'langmap', 'langmap', datetime('now'), datetime('now'), '["langmap"]', 'ai', 'approved', 1);
INSERT INTO expression_meanings (expression_id, meaning_id, created_by, updated_by, created_at, updated_at) VALUES (282, 22, 'langmap', 'langmap', datetime('now'), datetime('now'));
INSERT INTO expression_versions (expression_id, text, created_by, created_at) VALUES (282, 'Explore Map', 'langmap', datetime('now'));
INSERT INTO expressions (id, text, language_code, created_by, updated_by, created_at, updated_at, tags, source_type, review_status, auto_approved) VALUES (283, 'Visualize linguistic diversity on an interactive world map.', 'en', 'langmap', 'langmap', datetime('now'), datetime('now'), '["langmap"]', 'ai', 'approved', 1);
INSERT INTO expression_meanings (expression_id, meaning_id, created_by, updated_by, created_at, updated_at) VALUES (283, 23, 'langmap', 'langmap', datetime('now'), datetime('now'));
INSERT INTO expression_versions (expression_id, text, created_by, created_at) VALUES (283, 'Visualize linguistic diversity on an interactive world map.', 'langmap', datetime('now'));
INSERT INTO expressions (id, text, language_code, created_by, updated_by, created_at, updated_at, tags, source_type, review_status, auto_approved) VALUES (284, 'View Map →', 'en', 'langmap', 'langmap', datetime('now'), datetime('now'), '["langmap"]', 'ai', 'approved', 1);
INSERT INTO expression_meanings (expression_id, meaning_id, created_by, updated_by, created_at, updated_at) VALUES (284, 24, 'langmap', 'langmap', datetime('now'), datetime('now'));
INSERT INTO expression_versions (expression_id, text, created_by, created_at) VALUES (284, 'View Map →', 'langmap', datetime('now'));
INSERT INTO expressions (id, text, language_code, created_by, updated_by, created_at, updated_at, tags, source_type, review_status, auto_approved) VALUES (285, 'Loading map...', 'en', 'langmap', 'langmap', datetime('now'), datetime('now'), '["langmap"]', 'ai', 'approved', 1);
INSERT INTO expression_meanings (expression_id, meaning_id, created_by, updated_by, created_at, updated_at) VALUES (285, 25, 'langmap', 'langmap', datetime('now'), datetime('now'));
INSERT INTO expression_versions (expression_id, text, created_by, created_at) VALUES (285, 'Loading map...', 'langmap', datetime('now'));
INSERT INTO expressions (id, text, language_code, created_by, updated_by, created_at, updated_at, tags, source_type, review_status, auto_approved) VALUES (286, 'Home', 'en', 'langmap', 'langmap', datetime('now'), datetime('now'), '["langmap"]', 'ai', 'approved', 1);
INSERT INTO expression_meanings (expression_id, meaning_id, created_by, updated_by, created_at, updated_at) VALUES (286, 26, 'langmap', 'langmap', datetime('now'), datetime('now'));
INSERT INTO expression_versions (expression_id, text, created_by, created_at) VALUES (286, 'Home', 'langmap', datetime('now'));
INSERT INTO expressions (id, text, language_code, created_by, updated_by, created_at, updated_at, tags, source_type, review_status, auto_approved) VALUES (287, 'Search', 'en', 'langmap', 'langmap', datetime('now'), datetime('now'), '["langmap"]', 'ai', 'approved', 1);
INSERT INTO expression_meanings (expression_id, meaning_id, created_by, updated_by, created_at, updated_at) VALUES (287, 27, 'langmap', 'langmap', datetime('now'), datetime('now'));
INSERT INTO expression_versions (expression_id, text, created_by, created_at) VALUES (287, 'Search', 'langmap', datetime('now'));
INSERT INTO expressions (id, text, language_code, created_by, updated_by, created_at, updated_at, tags, source_type, review_status, auto_approved) VALUES (288, '© {year} langmap - Linguistic Expression Mapping Platform', 'en', 'langmap', 'langmap', datetime('now'), datetime('now'), '["langmap"]', 'ai', 'approved', 1);
INSERT INTO expression_meanings (expression_id, meaning_id, created_by, updated_by, created_at, updated_at) VALUES (288, 28, 'langmap', 'langmap', datetime('now'), datetime('now'));
INSERT INTO expression_versions (expression_id, text, created_by, created_at) VALUES (288, '© {year} langmap - Linguistic Expression Mapping Platform', 'langmap', datetime('now'));
INSERT INTO expressions (id, text, language_code, created_by, updated_by, created_at, updated_at, tags, source_type, review_status, auto_approved) VALUES (289, 'Search Expressions', 'en', 'langmap', 'langmap', datetime('now'), datetime('now'), '["langmap"]', 'ai', 'approved', 1);
INSERT INTO expression_meanings (expression_id, meaning_id, created_by, updated_by, created_at, updated_at) VALUES (289, 29, 'langmap', 'langmap', datetime('now'), datetime('now'));
INSERT INTO expression_versions (expression_id, text, created_by, created_at) VALUES (289, 'Search Expressions', 'langmap', datetime('now'));
INSERT INTO expressions (id, text, language_code, created_by, updated_by, created_at, updated_at, tags, source_type, review_status, auto_approved) VALUES (290, 'Find linguistic expressions across languages and regions', 'en', 'langmap', 'langmap', datetime('now'), datetime('now'), '["langmap"]', 'ai', 'approved', 1);
INSERT INTO expression_meanings (expression_id, meaning_id, created_by, updated_by, created_at, updated_at) VALUES (290, 30, 'langmap', 'langmap', datetime('now'), datetime('now'));
INSERT INTO expression_versions (expression_id, text, created_by, created_at) VALUES (290, 'Find linguistic expressions across languages and regions', 'langmap', datetime('now'));
INSERT INTO expressions (id, text, language_code, created_by, updated_by, created_at, updated_at, tags, source_type, review_status, auto_approved) VALUES (291, 'Enter a word or sentence...', 'en', 'langmap', 'langmap', datetime('now'), datetime('now'), '["langmap"]', 'ai', 'approved', 1);
INSERT INTO expression_meanings (expression_id, meaning_id, created_by, updated_by, created_at, updated_at) VALUES (291, 31, 'langmap', 'langmap', datetime('now'), datetime('now'));
INSERT INTO expression_versions (expression_id, text, created_by, created_at) VALUES (291, 'Enter a word or sentence...', 'langmap', datetime('now'));
INSERT INTO expressions (id, text, language_code, created_by, updated_by, created_at, updated_at, tags, source_type, review_status, auto_approved) VALUES (292, 'Search', 'en', 'langmap', 'langmap', datetime('now'), datetime('now'), '["langmap"]', 'ai', 'approved', 1);
INSERT INTO expression_meanings (expression_id, meaning_id, created_by, updated_by, created_at, updated_at) VALUES (292, 32, 'langmap', 'langmap', datetime('now'), datetime('now'));
INSERT INTO expression_versions (expression_id, text, created_by, created_at) VALUES (292, 'Search', 'langmap', datetime('now'));
INSERT INTO expressions (id, text, language_code, created_by, updated_by, created_at, updated_at, tags, source_type, review_status, auto_approved) VALUES (293, 'Searching expressions...', 'en', 'langmap', 'langmap', datetime('now'), datetime('now'), '["langmap"]', 'ai', 'approved', 1);
INSERT INTO expression_meanings (expression_id, meaning_id, created_by, updated_by, created_at, updated_at) VALUES (293, 33, 'langmap', 'langmap', datetime('now'), datetime('now'));
INSERT INTO expression_versions (expression_id, text, created_by, created_at) VALUES (293, 'Searching expressions...', 'langmap', datetime('now'));
INSERT INTO expressions (id, text, language_code, created_by, updated_by, created_at, updated_at, tags, source_type, review_status, auto_approved) VALUES (294, 'No results found', 'en', 'langmap', 'langmap', datetime('now'), datetime('now'), '["langmap"]', 'ai', 'approved', 1);
INSERT INTO expression_meanings (expression_id, meaning_id, created_by, updated_by, created_at, updated_at) VALUES (294, 34, 'langmap', 'langmap', datetime('now'), datetime('now'));
INSERT INTO expression_versions (expression_id, text, created_by, created_at) VALUES (294, 'No results found', 'langmap', datetime('now'));
INSERT INTO expressions (id, text, language_code, created_by, updated_by, created_at, updated_at, tags, source_type, review_status, auto_approved) VALUES (295, 'Try different search terms or add a new expression', 'en', 'langmap', 'langmap', datetime('now'), datetime('now'), '["langmap"]', 'ai', 'approved', 1);
INSERT INTO expression_meanings (expression_id, meaning_id, created_by, updated_by, created_at, updated_at) VALUES (295, 35, 'langmap', 'langmap', datetime('now'), datetime('now'));
INSERT INTO expression_versions (expression_id, text, created_by, created_at) VALUES (295, 'Try different search terms or add a new expression', 'langmap', datetime('now'));
INSERT INTO expressions (id, text, language_code, created_by, updated_by, created_at, updated_at, tags, source_type, review_status, auto_approved) VALUES (296, 'Add "{expression}"', 'en', 'langmap', 'langmap', datetime('now'), datetime('now'), '["langmap"]', 'ai', 'approved', 1);
INSERT INTO expression_meanings (expression_id, meaning_id, created_by, updated_by, created_at, updated_at) VALUES (296, 36, 'langmap', 'langmap', datetime('now'), datetime('now'));
INSERT INTO expression_versions (expression_id, text, created_by, created_at) VALUES (296, 'Add "{expression}"', 'langmap', datetime('now'));
INSERT INTO expressions (id, text, language_code, created_by, updated_by, created_at, updated_at, tags, source_type, review_status, auto_approved) VALUES (297, 'new expression', 'en', 'langmap', 'langmap', datetime('now'), datetime('now'), '["langmap"]', 'ai', 'approved', 1);
INSERT INTO expression_meanings (expression_id, meaning_id, created_by, updated_by, created_at, updated_at) VALUES (297, 37, 'langmap', 'langmap', datetime('now'), datetime('now'));
INSERT INTO expression_versions (expression_id, text, created_by, created_at) VALUES (297, 'new expression', 'langmap', datetime('now'));
INSERT INTO expressions (id, text, language_code, created_by, updated_by, created_at, updated_at, tags, source_type, review_status, auto_approved) VALUES (298, 'Found {count} expression{plural}', 'en', 'langmap', 'langmap', datetime('now'), datetime('now'), '["langmap"]', 'ai', 'approved', 1);
INSERT INTO expression_meanings (expression_id, meaning_id, created_by, updated_by, created_at, updated_at) VALUES (298, 38, 'langmap', 'langmap', datetime('now'), datetime('now'));
INSERT INTO expression_versions (expression_id, text, created_by, created_at) VALUES (298, 'Found {count} expression{plural}', 'langmap', datetime('now'));
INSERT INTO expressions (id, text, language_code, created_by, updated_by, created_at, updated_at, tags, source_type, review_status, auto_approved) VALUES (299, 'Back', 'en', 'langmap', 'langmap', datetime('now'), datetime('now'), '["langmap"]', 'ai', 'approved', 1);
INSERT INTO expression_meanings (expression_id, meaning_id, created_by, updated_by, created_at, updated_at) VALUES (299, 39, 'langmap', 'langmap', datetime('now'), datetime('now'));
INSERT INTO expression_versions (expression_id, text, created_by, created_at) VALUES (299, 'Back', 'langmap', datetime('now'));
INSERT INTO expressions (id, text, language_code, created_by, updated_by, created_at, updated_at, tags, source_type, review_status, auto_approved) VALUES (300, 'Add New Expression', 'en', 'langmap', 'langmap', datetime('now'), datetime('now'), '["langmap"]', 'ai', 'approved', 1);
INSERT INTO expression_meanings (expression_id, meaning_id, created_by, updated_by, created_at, updated_at) VALUES (300, 40, 'langmap', 'langmap', datetime('now'), datetime('now'));
INSERT INTO expression_versions (expression_id, text, created_by, created_at) VALUES (300, 'Add New Expression', 'langmap', datetime('now'));
INSERT INTO expressions (id, text, language_code, created_by, updated_by, created_at, updated_at, tags, source_type, review_status, auto_approved) VALUES (301, 'Text', 'en', 'langmap', 'langmap', datetime('now'), datetime('now'), '["langmap"]', 'ai', 'approved', 1);
INSERT INTO expression_meanings (expression_id, meaning_id, created_by, updated_by, created_at, updated_at) VALUES (301, 41, 'langmap', 'langmap', datetime('now'), datetime('now'));
INSERT INTO expression_versions (expression_id, text, created_by, created_at) VALUES (301, 'Text', 'langmap', datetime('now'));
INSERT INTO expressions (id, text, language_code, created_by, updated_by, created_at, updated_at, tags, source_type, review_status, auto_approved) VALUES (302, 'Enter the linguistic expression', 'en', 'langmap', 'langmap', datetime('now'), datetime('now'), '["langmap"]', 'ai', 'approved', 1);
INSERT INTO expression_meanings (expression_id, meaning_id, created_by, updated_by, created_at, updated_at) VALUES (302, 42, 'langmap', 'langmap', datetime('now'), datetime('now'));
INSERT INTO expression_versions (expression_id, text, created_by, created_at) VALUES (302, 'Enter the linguistic expression', 'langmap', datetime('now'));
INSERT INTO expressions (id, text, language_code, created_by, updated_by, created_at, updated_at, tags, source_type, review_status, auto_approved) VALUES (303, 'The actual word or sentence in the language', 'en', 'langmap', 'langmap', datetime('now'), datetime('now'), '["langmap"]', 'ai', 'approved', 1);
INSERT INTO expression_meanings (expression_id, meaning_id, created_by, updated_by, created_at, updated_at) VALUES (303, 43, 'langmap', 'langmap', datetime('now'), datetime('now'));
INSERT INTO expression_versions (expression_id, text, created_by, created_at) VALUES (303, 'The actual word or sentence in the language', 'langmap', datetime('now'));
INSERT INTO expressions (id, text, language_code, created_by, updated_by, created_at, updated_at, tags, source_type, review_status, auto_approved) VALUES (304, 'Language', 'en', 'langmap', 'langmap', datetime('now'), datetime('now'), '["langmap"]', 'ai', 'approved', 1);
INSERT INTO expression_meanings (expression_id, meaning_id, created_by, updated_by, created_at, updated_at) VALUES (304, 44, 'langmap', 'langmap', datetime('now'), datetime('now'));
INSERT INTO expression_versions (expression_id, text, created_by, created_at) VALUES (304, 'Language', 'langmap', datetime('now'));
INSERT INTO expressions (id, text, language_code, created_by, updated_by, created_at, updated_at, tags, source_type, review_status, auto_approved) VALUES (305, 'Select language', 'en', 'langmap', 'langmap', datetime('now'), datetime('now'), '["langmap"]', 'ai', 'approved', 1);
INSERT INTO expression_meanings (expression_id, meaning_id, created_by, updated_by, created_at, updated_at) VALUES (305, 45, 'langmap', 'langmap', datetime('now'), datetime('now'));
INSERT INTO expression_versions (expression_id, text, created_by, created_at) VALUES (305, 'Select language', 'langmap', datetime('now'));
INSERT INTO expressions (id, text, language_code, created_by, updated_by, created_at, updated_at, tags, source_type, review_status, auto_approved) VALUES (306, 'Select the language for this expression', 'en', 'langmap', 'langmap', datetime('now'), datetime('now'), '["langmap"]', 'ai', 'approved', 1);
INSERT INTO expression_meanings (expression_id, meaning_id, created_by, updated_by, created_at, updated_at) VALUES (306, 46, 'langmap', 'langmap', datetime('now'), datetime('now'));
INSERT INTO expression_versions (expression_id, text, created_by, created_at) VALUES (306, 'Select the language for this expression', 'langmap', datetime('now'));
INSERT INTO expressions (id, text, language_code, created_by, updated_by, created_at, updated_at, tags, source_type, review_status, auto_approved) VALUES (307, 'Select language...', 'en', 'langmap', 'langmap', datetime('now'), datetime('now'), '["langmap"]', 'ai', 'approved', 1);
INSERT INTO expression_meanings (expression_id, meaning_id, created_by, updated_by, created_at, updated_at) VALUES (307, 47, 'langmap', 'langmap', datetime('now'), datetime('now'));
INSERT INTO expression_versions (expression_id, text, created_by, created_at) VALUES (307, 'Select language...', 'langmap', datetime('now'));
INSERT INTO expressions (id, text, language_code, created_by, updated_by, created_at, updated_at, tags, source_type, review_status, auto_approved) VALUES (308, 'Loading languages...', 'en', 'langmap', 'langmap', datetime('now'), datetime('now'), '["langmap"]', 'ai', 'approved', 1);
INSERT INTO expression_meanings (expression_id, meaning_id, created_by, updated_by, created_at, updated_at) VALUES (308, 48, 'langmap', 'langmap', datetime('now'), datetime('now'));
INSERT INTO expression_versions (expression_id, text, created_by, created_at) VALUES (308, 'Loading languages...', 'langmap', datetime('now'));
INSERT INTO expressions (id, text, language_code, created_by, updated_by, created_at, updated_at, tags, source_type, review_status, auto_approved) VALUES (309, 'Region (optional)', 'en', 'langmap', 'langmap', datetime('now'), datetime('now'), '["langmap"]', 'ai', 'approved', 1);
INSERT INTO expression_meanings (expression_id, meaning_id, created_by, updated_by, created_at, updated_at) VALUES (309, 49, 'langmap', 'langmap', datetime('now'), datetime('now'));
INSERT INTO expression_versions (expression_id, text, created_by, created_at) VALUES (309, 'Region (optional)', 'langmap', datetime('now'));
INSERT INTO expressions (id, text, language_code, created_by, updated_by, created_at, updated_at, tags, source_type, review_status, auto_approved) VALUES (310, 'e.g. China, Spain, Global', 'en', 'langmap', 'langmap', datetime('now'), datetime('now'), '["langmap"]', 'ai', 'approved', 1);
INSERT INTO expression_meanings (expression_id, meaning_id, created_by, updated_by, created_at, updated_at) VALUES (310, 50, 'langmap', 'langmap', datetime('now'), datetime('now'));
INSERT INTO expression_versions (expression_id, text, created_by, created_at) VALUES (310, 'e.g. China, Spain, Global', 'langmap', datetime('now'));
INSERT INTO expressions (id, text, language_code, created_by, updated_by, created_at, updated_at, tags, source_type, review_status, auto_approved) VALUES (311, 'Geographic region or area', 'en', 'langmap', 'langmap', datetime('now'), datetime('now'), '["langmap"]', 'ai', 'approved', 1);
INSERT INTO expression_meanings (expression_id, meaning_id, created_by, updated_by, created_at, updated_at) VALUES (311, 51, 'langmap', 'langmap', datetime('now'), datetime('now'));
INSERT INTO expression_versions (expression_id, text, created_by, created_at) VALUES (311, 'Geographic region or area', 'langmap', datetime('now'));
INSERT INTO expressions (id, text, language_code, created_by, updated_by, created_at, updated_at, tags, source_type, review_status, auto_approved) VALUES (312, 'Detect my location', 'en', 'langmap', 'langmap', datetime('now'), datetime('now'), '["langmap"]', 'ai', 'approved', 1);
INSERT INTO expression_meanings (expression_id, meaning_id, created_by, updated_by, created_at, updated_at) VALUES (312, 52, 'langmap', 'langmap', datetime('now'), datetime('now'));
INSERT INTO expression_versions (expression_id, text, created_by, created_at) VALUES (312, 'Detect my location', 'langmap', datetime('now'));
INSERT INTO expressions (id, text, language_code, created_by, updated_by, created_at, updated_at, tags, source_type, review_status, auto_approved) VALUES (313, 'Select on map', 'en', 'langmap', 'langmap', datetime('now'), datetime('now'), '["langmap"]', 'ai', 'approved', 1);
INSERT INTO expression_meanings (expression_id, meaning_id, created_by, updated_by, created_at, updated_at) VALUES (313, 53, 'langmap', 'langmap', datetime('now'), datetime('now'));
INSERT INTO expression_versions (expression_id, text, created_by, created_at) VALUES (313, 'Select on map', 'langmap', datetime('now'));
INSERT INTO expressions (id, text, language_code, created_by, updated_by, created_at, updated_at, tags, source_type, review_status, auto_approved) VALUES (314, 'Click on the map to select a region', 'en', 'langmap', 'langmap', datetime('now'), datetime('now'), '["langmap"]', 'ai', 'approved', 1);
INSERT INTO expression_meanings (expression_id, meaning_id, created_by, updated_by, created_at, updated_at) VALUES (314, 54, 'langmap', 'langmap', datetime('now'), datetime('now'));
INSERT INTO expression_versions (expression_id, text, created_by, created_at) VALUES (314, 'Click on the map to select a region', 'langmap', datetime('now'));
INSERT INTO expressions (id, text, language_code, created_by, updated_by, created_at, updated_at, tags, source_type, review_status, auto_approved) VALUES (315, 'Geolocation is not supported by your browser', 'en', 'langmap', 'langmap', datetime('now'), datetime('now'), '["langmap"]', 'ai', 'approved', 1);
INSERT INTO expression_meanings (expression_id, meaning_id, created_by, updated_by, created_at, updated_at) VALUES (315, 55, 'langmap', 'langmap', datetime('now'), datetime('now'));
INSERT INTO expression_versions (expression_id, text, created_by, created_at) VALUES (315, 'Geolocation is not supported by your browser', 'langmap', datetime('now'));
INSERT INTO expressions (id, text, language_code, created_by, updated_by, created_at, updated_at, tags, source_type, review_status, auto_approved) VALUES (316, 'Failed to detect your location', 'en', 'langmap', 'langmap', datetime('now'), datetime('now'), '["langmap"]', 'ai', 'approved', 1);
INSERT INTO expression_meanings (expression_id, meaning_id, created_by, updated_by, created_at, updated_at) VALUES (316, 56, 'langmap', 'langmap', datetime('now'), datetime('now'));
INSERT INTO expression_versions (expression_id, text, created_by, created_at) VALUES (316, 'Failed to detect your location', 'langmap', datetime('now'));
INSERT INTO expressions (id, text, language_code, created_by, updated_by, created_at, updated_at, tags, source_type, review_status, auto_approved) VALUES (317, 'Parsing location information...', 'en', 'langmap', 'langmap', datetime('now'), datetime('now'), '["langmap"]', 'ai', 'approved', 1);
INSERT INTO expression_meanings (expression_id, meaning_id, created_by, updated_by, created_at, updated_at) VALUES (317, 57, 'langmap', 'langmap', datetime('now'), datetime('now'));
INSERT INTO expression_versions (expression_id, text, created_by, created_at) VALUES (317, 'Parsing location information...', 'langmap', datetime('now'));
INSERT INTO expressions (id, text, language_code, created_by, updated_by, created_at, updated_at, tags, source_type, review_status, auto_approved) VALUES (318, 'Failed to parse location information', 'en', 'langmap', 'langmap', datetime('now'), datetime('now'), '["langmap"]', 'ai', 'approved', 1);
INSERT INTO expression_meanings (expression_id, meaning_id, created_by, updated_by, created_at, updated_at) VALUES (318, 58, 'langmap', 'langmap', datetime('now'), datetime('now'));
INSERT INTO expression_versions (expression_id, text, created_by, created_at) VALUES (318, 'Failed to parse location information', 'langmap', datetime('now'));
INSERT INTO expressions (id, text, language_code, created_by, updated_by, created_at, updated_at, tags, source_type, review_status, auto_approved) VALUES (319, 'Source reference (optional)', 'en', 'langmap', 'langmap', datetime('now'), datetime('now'), '["langmap"]', 'ai', 'approved', 1);
INSERT INTO expression_meanings (expression_id, meaning_id, created_by, updated_by, created_at, updated_at) VALUES (319, 59, 'langmap', 'langmap', datetime('now'), datetime('now'));
INSERT INTO expression_versions (expression_id, text, created_by, created_at) VALUES (319, 'Source reference (optional)', 'langmap', datetime('now'));
INSERT INTO expressions (id, text, language_code, created_by, updated_by, created_at, updated_at, tags, source_type, review_status, auto_approved) VALUES (320, 'e.g. Wiktionary, Dictionary.com, or a URL', 'en', 'langmap', 'langmap', datetime('now'), datetime('now'), '["langmap"]', 'ai', 'approved', 1);
INSERT INTO expression_meanings (expression_id, meaning_id, created_by, updated_by, created_at, updated_at) VALUES (320, 60, 'langmap', 'langmap', datetime('now'), datetime('now'));
INSERT INTO expression_versions (expression_id, text, created_by, created_at) VALUES (320, 'e.g. Wiktionary, Dictionary.com, or a URL', 'langmap', datetime('now'));
INSERT INTO expressions (id, text, language_code, created_by, updated_by, created_at, updated_at, tags, source_type, review_status, auto_approved) VALUES (321, 'Origin or reference for this expression', 'en', 'langmap', 'langmap', datetime('now'), datetime('now'), '["langmap"]', 'ai', 'approved', 1);
INSERT INTO expression_meanings (expression_id, meaning_id, created_by, updated_by, created_at, updated_at) VALUES (321, 61, 'langmap', 'langmap', datetime('now'), datetime('now'));
INSERT INTO expression_versions (expression_id, text, created_by, created_at) VALUES (321, 'Origin or reference for this expression', 'langmap', datetime('now'));
INSERT INTO expressions (id, text, language_code, created_by, updated_by, created_at, updated_at, tags, source_type, review_status, auto_approved) VALUES (322, 'Create Expression', 'en', 'langmap', 'langmap', datetime('now'), datetime('now'), '["langmap"]', 'ai', 'approved', 1);
INSERT INTO expression_meanings (expression_id, meaning_id, created_by, updated_by, created_at, updated_at) VALUES (322, 62, 'langmap', 'langmap', datetime('now'), datetime('now'));
INSERT INTO expression_versions (expression_id, text, created_by, created_at) VALUES (322, 'Create Expression', 'langmap', datetime('now'));
INSERT INTO expressions (id, text, language_code, created_by, updated_by, created_at, updated_at, tags, source_type, review_status, auto_approved) VALUES (323, 'Cancel', 'en', 'langmap', 'langmap', datetime('now'), datetime('now'), '["langmap"]', 'ai', 'approved', 1);
INSERT INTO expression_meanings (expression_id, meaning_id, created_by, updated_by, created_at, updated_at) VALUES (323, 64, 'langmap', 'langmap', datetime('now'), datetime('now'));
INSERT INTO expression_versions (expression_id, text, created_by, created_at) VALUES (323, 'Cancel', 'langmap', datetime('now'));
INSERT INTO expressions (id, text, language_code, created_by, updated_by, created_at, updated_at, tags, source_type, review_status, auto_approved) VALUES (324, 'Language and text are required.', 'en', 'langmap', 'langmap', datetime('now'), datetime('now'), '["langmap"]', 'ai', 'approved', 1);
INSERT INTO expression_meanings (expression_id, meaning_id, created_by, updated_by, created_at, updated_at) VALUES (324, 65, 'langmap', 'langmap', datetime('now'), datetime('now'));
INSERT INTO expression_versions (expression_id, text, created_by, created_at) VALUES (324, 'Language and text are required.', 'langmap', datetime('now'));
INSERT INTO expressions (id, text, language_code, created_by, updated_by, created_at, updated_at, tags, source_type, review_status, auto_approved) VALUES (325, 'Associate with Meaning', 'en', 'langmap', 'langmap', datetime('now'), datetime('now'), '["langmap"]', 'ai', 'approved', 1);
INSERT INTO expression_meanings (expression_id, meaning_id, created_by, updated_by, created_at, updated_at) VALUES (325, 66, 'langmap', 'langmap', datetime('now'), datetime('now'));
INSERT INTO expression_versions (expression_id, text, created_by, created_at) VALUES (325, 'Associate with Meaning', 'langmap', datetime('now'));
INSERT INTO expressions (id, text, language_code, created_by, updated_by, created_at, updated_at, tags, source_type, review_status, auto_approved) VALUES (326, 'Associate with Existing Meaning', 'en', 'langmap', 'langmap', datetime('now'), datetime('now'), '["langmap"]', 'ai', 'approved', 1);
INSERT INTO expression_meanings (expression_id, meaning_id, created_by, updated_by, created_at, updated_at) VALUES (326, 67, 'langmap', 'langmap', datetime('now'), datetime('now'));
INSERT INTO expression_versions (expression_id, text, created_by, created_at) VALUES (326, 'Associate with Existing Meaning', 'langmap', datetime('now'));
INSERT INTO expressions (id, text, language_code, created_by, updated_by, created_at, updated_at, tags, source_type, review_status, auto_approved) VALUES (327, 'Associate with New Meaning', 'en', 'langmap', 'langmap', datetime('now'), datetime('now'), '["langmap"]', 'ai', 'approved', 1);
INSERT INTO expression_meanings (expression_id, meaning_id, created_by, updated_by, created_at, updated_at) VALUES (327, 68, 'langmap', 'langmap', datetime('now'), datetime('now'));
INSERT INTO expression_versions (expression_id, text, created_by, created_at) VALUES (327, 'Associate with New Meaning', 'langmap', datetime('now'));
INSERT INTO expressions (id, text, language_code, created_by, updated_by, created_at, updated_at, tags, source_type, review_status, auto_approved) VALUES (328, 'Selected expression:', 'en', 'langmap', 'langmap', datetime('now'), datetime('now'), '["langmap"]', 'ai', 'approved', 1);
INSERT INTO expression_meanings (expression_id, meaning_id, created_by, updated_by, created_at, updated_at) VALUES (328, 69, 'langmap', 'langmap', datetime('now'), datetime('now'));
INSERT INTO expression_versions (expression_id, text, created_by, created_at) VALUES (328, 'Selected expression:', 'langmap', datetime('now'));
INSERT INTO expressions (id, text, language_code, created_by, updated_by, created_at, updated_at, tags, source_type, review_status, auto_approved) VALUES (329, 'Meaning Gloss', 'en', 'langmap', 'langmap', datetime('now'), datetime('now'), '["langmap"]', 'ai', 'approved', 1);
INSERT INTO expression_meanings (expression_id, meaning_id, created_by, updated_by, created_at, updated_at) VALUES (329, 70, 'langmap', 'langmap', datetime('now'), datetime('now'));
INSERT INTO expression_versions (expression_id, text, created_by, created_at) VALUES (329, 'Meaning Gloss', 'langmap', datetime('now'));
INSERT INTO expressions (id, text, language_code, created_by, updated_by, created_at, updated_at, tags, source_type, review_status, auto_approved) VALUES (330, 'Brief identifier for this meaning', 'en', 'langmap', 'langmap', datetime('now'), datetime('now'), '["langmap"]', 'ai', 'approved', 1);
INSERT INTO expression_meanings (expression_id, meaning_id, created_by, updated_by, created_at, updated_at) VALUES (330, 71, 'langmap', 'langmap', datetime('now'), datetime('now'));
INSERT INTO expression_versions (expression_id, text, created_by, created_at) VALUES (330, 'Brief identifier for this meaning', 'langmap', datetime('now'));
INSERT INTO expressions (id, text, language_code, created_by, updated_by, created_at, updated_at, tags, source_type, review_status, auto_approved) VALUES (331, 'A short phrase that captures the essence of this meaning', 'en', 'langmap', 'langmap', datetime('now'), datetime('now'), '["langmap"]', 'ai', 'approved', 1);
INSERT INTO expression_meanings (expression_id, meaning_id, created_by, updated_by, created_at, updated_at) VALUES (331, 72, 'langmap', 'langmap', datetime('now'), datetime('now'));
INSERT INTO expression_versions (expression_id, text, created_by, created_at) VALUES (331, 'A short phrase that captures the essence of this meaning', 'langmap', datetime('now'));
INSERT INTO expressions (id, text, language_code, created_by, updated_by, created_at, updated_at, tags, source_type, review_status, auto_approved) VALUES (332, 'Meaning Description', 'en', 'langmap', 'langmap', datetime('now'), datetime('now'), '["langmap"]', 'ai', 'approved', 1);
INSERT INTO expression_meanings (expression_id, meaning_id, created_by, updated_by, created_at, updated_at) VALUES (332, 73, 'langmap', 'langmap', datetime('now'), datetime('now'));
INSERT INTO expression_versions (expression_id, text, created_by, created_at) VALUES (332, 'Meaning Description', 'langmap', datetime('now'));
INSERT INTO expressions (id, text, language_code, created_by, updated_by, created_at, updated_at, tags, source_type, review_status, auto_approved) VALUES (333, 'Detailed explanation of this meaning', 'en', 'langmap', 'langmap', datetime('now'), datetime('now'), '["langmap"]', 'ai', 'approved', 1);
INSERT INTO expression_meanings (expression_id, meaning_id, created_by, updated_by, created_at, updated_at) VALUES (333, 74, 'langmap', 'langmap', datetime('now'), datetime('now'));
INSERT INTO expression_versions (expression_id, text, created_by, created_at) VALUES (333, 'Detailed explanation of this meaning', 'langmap', datetime('now'));
INSERT INTO expressions (id, text, language_code, created_by, updated_by, created_at, updated_at, tags, source_type, review_status, auto_approved) VALUES (334, 'A comprehensive description of what this meaning represents', 'en', 'langmap', 'langmap', datetime('now'), datetime('now'), '["langmap"]', 'ai', 'approved', 1);
INSERT INTO expression_meanings (expression_id, meaning_id, created_by, updated_by, created_at, updated_at) VALUES (334, 75, 'langmap', 'langmap', datetime('now'), datetime('now'));
INSERT INTO expression_versions (expression_id, text, created_by, created_at) VALUES (334, 'A comprehensive description of what this meaning represents', 'langmap', datetime('now'));
INSERT INTO expressions (id, text, language_code, created_by, updated_by, created_at, updated_at, tags, source_type, review_status, auto_approved) VALUES (335, 'Tags', 'en', 'langmap', 'langmap', datetime('now'), datetime('now'), '["langmap"]', 'ai', 'approved', 1);
INSERT INTO expression_meanings (expression_id, meaning_id, created_by, updated_by, created_at, updated_at) VALUES (335, 76, 'langmap', 'langmap', datetime('now'), datetime('now'));
INSERT INTO expression_versions (expression_id, text, created_by, created_at) VALUES (335, 'Tags', 'langmap', datetime('now'));
INSERT INTO expressions (id, text, language_code, created_by, updated_by, created_at, updated_at, tags, source_type, review_status, auto_approved) VALUES (336, 'Add a tag...', 'en', 'langmap', 'langmap', datetime('now'), datetime('now'), '["langmap"]', 'ai', 'approved', 1);
INSERT INTO expression_meanings (expression_id, meaning_id, created_by, updated_by, created_at, updated_at) VALUES (336, 77, 'langmap', 'langmap', datetime('now'), datetime('now'));
INSERT INTO expression_versions (expression_id, text, created_by, created_at) VALUES (336, 'Add a tag...', 'langmap', datetime('now'));
INSERT INTO expressions (id, text, language_code, created_by, updated_by, created_at, updated_at, tags, source_type, review_status, auto_approved) VALUES (337, 'Tags help categorize and find meanings (press Enter or comma to add)', 'en', 'langmap', 'langmap', datetime('now'), datetime('now'), '["langmap"]', 'ai', 'approved', 1);
INSERT INTO expression_meanings (expression_id, meaning_id, created_by, updated_by, created_at, updated_at) VALUES (337, 78, 'langmap', 'langmap', datetime('now'), datetime('now'));
INSERT INTO expression_versions (expression_id, text, created_by, created_at) VALUES (337, 'Tags help categorize and find meanings (press Enter or comma to add)', 'langmap', datetime('now'));
INSERT INTO expressions (id, text, language_code, created_by, updated_by, created_at, updated_at, tags, source_type, review_status, auto_approved) VALUES (338, 'Add Language', 'en', 'langmap', 'langmap', datetime('now'), datetime('now'), '["langmap"]', 'ai', 'approved', 1);
INSERT INTO expression_meanings (expression_id, meaning_id, created_by, updated_by, created_at, updated_at) VALUES (338, 79, 'langmap', 'langmap', datetime('now'), datetime('now'));
INSERT INTO expression_versions (expression_id, text, created_by, created_at) VALUES (338, 'Add Language', 'langmap', datetime('now'));
INSERT INTO expressions (id, text, language_code, created_by, updated_by, created_at, updated_at, tags, source_type, review_status, auto_approved) VALUES (339, 'Language Code', 'en', 'langmap', 'langmap', datetime('now'), datetime('now'), '["langmap"]', 'ai', 'approved', 1);
INSERT INTO expression_meanings (expression_id, meaning_id, created_by, updated_by, created_at, updated_at) VALUES (339, 80, 'langmap', 'langmap', datetime('now'), datetime('now'));
INSERT INTO expression_versions (expression_id, text, created_by, created_at) VALUES (339, 'Language Code', 'langmap', datetime('now'));
INSERT INTO expressions (id, text, language_code, created_by, updated_by, created_at, updated_at, tags, source_type, review_status, auto_approved) VALUES (340, 'e.g. custom-lang, toki-pona', 'en', 'langmap', 'langmap', datetime('now'), datetime('now'), '["langmap"]', 'ai', 'approved', 1);
INSERT INTO expression_meanings (expression_id, meaning_id, created_by, updated_by, created_at, updated_at) VALUES (340, 81, 'langmap', 'langmap', datetime('now'), datetime('now'));
INSERT INTO expression_versions (expression_id, text, created_by, created_at) VALUES (340, 'e.g. custom-lang, toki-pona', 'langmap', datetime('now'));
INSERT INTO expressions (id, text, language_code, created_by, updated_by, created_at, updated_at, tags, source_type, review_status, auto_approved) VALUES (341, 'Custom code for your language (can be non-standard)', 'en', 'langmap', 'langmap', datetime('now'), datetime('now'), '["langmap"]', 'ai', 'approved', 1);
INSERT INTO expression_meanings (expression_id, meaning_id, created_by, updated_by, created_at, updated_at) VALUES (341, 82, 'langmap', 'langmap', datetime('now'), datetime('now'));
INSERT INTO expression_versions (expression_id, text, created_by, created_at) VALUES (341, 'Custom code for your language (can be non-standard)', 'langmap', datetime('now'));
INSERT INTO expressions (id, text, language_code, created_by, updated_by, created_at, updated_at, tags, source_type, review_status, auto_approved) VALUES (342, 'Language Name', 'en', 'langmap', 'langmap', datetime('now'), datetime('now'), '["langmap"]', 'ai', 'approved', 1);
INSERT INTO expression_meanings (expression_id, meaning_id, created_by, updated_by, created_at, updated_at) VALUES (342, 83, 'langmap', 'langmap', datetime('now'), datetime('now'));
INSERT INTO expression_versions (expression_id, text, created_by, created_at) VALUES (342, 'Language Name', 'langmap', datetime('now'));
INSERT INTO expressions (id, text, language_code, created_by, updated_by, created_at, updated_at, tags, source_type, review_status, auto_approved) VALUES (343, 'e.g. Custom Language', 'en', 'langmap', 'langmap', datetime('now'), datetime('now'), '["langmap"]', 'ai', 'approved', 1);
INSERT INTO expression_meanings (expression_id, meaning_id, created_by, updated_by, created_at, updated_at) VALUES (343, 84, 'langmap', 'langmap', datetime('now'), datetime('now'));
INSERT INTO expression_versions (expression_id, text, created_by, created_at) VALUES (343, 'e.g. Custom Language', 'langmap', datetime('now'));
INSERT INTO expressions (id, text, language_code, created_by, updated_by, created_at, updated_at, tags, source_type, review_status, auto_approved) VALUES (344, 'Native Name', 'en', 'langmap', 'langmap', datetime('now'), datetime('now'), '["langmap"]', 'ai', 'approved', 1);
INSERT INTO expression_meanings (expression_id, meaning_id, created_by, updated_by, created_at, updated_at) VALUES (344, 85, 'langmap', 'langmap', datetime('now'), datetime('now'));
INSERT INTO expression_versions (expression_id, text, created_by, created_at) VALUES (344, 'Native Name', 'langmap', datetime('now'));
INSERT INTO expressions (id, text, language_code, created_by, updated_by, created_at, updated_at, tags, source_type, review_status, auto_approved) VALUES (345, 'e.g. Native Language Name', 'en', 'langmap', 'langmap', datetime('now'), datetime('now'), '["langmap"]', 'ai', 'approved', 1);
INSERT INTO expression_meanings (expression_id, meaning_id, created_by, updated_by, created_at, updated_at) VALUES (345, 86, 'langmap', 'langmap', datetime('now'), datetime('now'));
INSERT INTO expression_versions (expression_id, text, created_by, created_at) VALUES (345, 'e.g. Native Language Name', 'langmap', datetime('now'));
INSERT INTO expressions (id, text, language_code, created_by, updated_by, created_at, updated_at, tags, source_type, review_status, auto_approved) VALUES (346, 'Text Direction', 'en', 'langmap', 'langmap', datetime('now'), datetime('now'), '["langmap"]', 'ai', 'approved', 1);
INSERT INTO expression_meanings (expression_id, meaning_id, created_by, updated_by, created_at, updated_at) VALUES (346, 97, 'langmap', 'langmap', datetime('now'), datetime('now'));
INSERT INTO expression_versions (expression_id, text, created_by, created_at) VALUES (346, 'Text Direction', 'langmap', datetime('now'));
INSERT INTO expressions (id, text, language_code, created_by, updated_by, created_at, updated_at, tags, source_type, review_status, auto_approved) VALUES (347, 'Left to Right (LTR)', 'en', 'langmap', 'langmap', datetime('now'), datetime('now'), '["langmap"]', 'ai', 'approved', 1);
INSERT INTO expression_meanings (expression_id, meaning_id, created_by, updated_by, created_at, updated_at) VALUES (347, 98, 'langmap', 'langmap', datetime('now'), datetime('now'));
INSERT INTO expression_versions (expression_id, text, created_by, created_at) VALUES (347, 'Left to Right (LTR)', 'langmap', datetime('now'));
INSERT INTO expressions (id, text, language_code, created_by, updated_by, created_at, updated_at, tags, source_type, review_status, auto_approved) VALUES (348, 'Right to Left (RTL)', 'en', 'langmap', 'langmap', datetime('now'), datetime('now'), '["langmap"]', 'ai', 'approved', 1);
INSERT INTO expression_meanings (expression_id, meaning_id, created_by, updated_by, created_at, updated_at) VALUES (348, 99, 'langmap', 'langmap', datetime('now'), datetime('now'));
INSERT INTO expression_versions (expression_id, text, created_by, created_at) VALUES (348, 'Right to Left (RTL)', 'langmap', datetime('now'));
INSERT INTO expressions (id, text, language_code, created_by, updated_by, created_at, updated_at, tags, source_type, review_status, auto_approved) VALUES (349, 'Adding...', 'en', 'langmap', 'langmap', datetime('now'), datetime('now'), '["langmap"]', 'ai', 'approved', 1);
INSERT INTO expression_meanings (expression_id, meaning_id, created_by, updated_by, created_at, updated_at) VALUES (349, 100, 'langmap', 'langmap', datetime('now'), datetime('now'));
INSERT INTO expression_versions (expression_id, text, created_by, created_at) VALUES (349, 'Adding...', 'langmap', datetime('now'));
INSERT INTO expressions (id, text, language_code, created_by, updated_by, created_at, updated_at, tags, source_type, review_status, auto_approved) VALUES (350, 'Failed to add language. Please try again.', 'en', 'langmap', 'langmap', datetime('now'), datetime('now'), '["langmap"]', 'ai', 'approved', 1);
INSERT INTO expression_meanings (expression_id, meaning_id, created_by, updated_by, created_at, updated_at) VALUES (350, 101, 'langmap', 'langmap', datetime('now'), datetime('now'));
INSERT INTO expression_versions (expression_id, text, created_by, created_at) VALUES (350, 'Failed to add language. Please try again.', 'langmap', datetime('now'));
INSERT INTO expressions (id, text, language_code, created_by, updated_by, created_at, updated_at, tags, source_type, review_status, auto_approved) VALUES (351, 'Latitude', 'en', 'langmap', 'langmap', datetime('now'), datetime('now'), '["langmap"]', 'ai', 'approved', 1);
INSERT INTO expression_meanings (expression_id, meaning_id, created_by, updated_by, created_at, updated_at) VALUES (351, 92, 'langmap', 'langmap', datetime('now'), datetime('now'));
INSERT INTO expression_versions (expression_id, text, created_by, created_at) VALUES (351, 'Latitude', 'langmap', datetime('now'));
INSERT INTO expressions (id, text, language_code, created_by, updated_by, created_at, updated_at, tags, source_type, review_status, auto_approved) VALUES (352, 'e.g. 51.5074', 'en', 'langmap', 'langmap', datetime('now'), datetime('now'), '["langmap"]', 'ai', 'approved', 1);
INSERT INTO expression_meanings (expression_id, meaning_id, created_by, updated_by, created_at, updated_at) VALUES (352, 93, 'langmap', 'langmap', datetime('now'), datetime('now'));
INSERT INTO expression_versions (expression_id, text, created_by, created_at) VALUES (352, 'e.g. 51.5074', 'langmap', datetime('now'));
INSERT INTO expressions (id, text, language_code, created_by, updated_by, created_at, updated_at, tags, source_type, review_status, auto_approved) VALUES (353, 'Longitude', 'en', 'langmap', 'langmap', datetime('now'), datetime('now'), '["langmap"]', 'ai', 'approved', 1);
INSERT INTO expression_meanings (expression_id, meaning_id, created_by, updated_by, created_at, updated_at) VALUES (353, 94, 'langmap', 'langmap', datetime('now'), datetime('now'));
INSERT INTO expression_versions (expression_id, text, created_by, created_at) VALUES (353, 'Longitude', 'langmap', datetime('now'));
INSERT INTO expressions (id, text, language_code, created_by, updated_by, created_at, updated_at, tags, source_type, review_status, auto_approved) VALUES (354, 'e.g. -0.1278', 'en', 'langmap', 'langmap', datetime('now'), datetime('now'), '["langmap"]', 'ai', 'approved', 1);
INSERT INTO expression_meanings (expression_id, meaning_id, created_by, updated_by, created_at, updated_at) VALUES (354, 95, 'langmap', 'langmap', datetime('now'), datetime('now'));
INSERT INTO expression_versions (expression_id, text, created_by, created_at) VALUES (354, 'e.g. -0.1278', 'langmap', datetime('now'));
INSERT INTO expressions (id, text, language_code, created_by, updated_by, created_at, updated_at, tags, source_type, review_status, auto_approved) VALUES (355, 'Region Information', 'en', 'langmap', 'langmap', datetime('now'), datetime('now'), '["langmap"]', 'ai', 'approved', 1);
INSERT INTO expression_meanings (expression_id, meaning_id, created_by, updated_by, created_at, updated_at) VALUES (355, 87, 'langmap', 'langmap', datetime('now'), datetime('now'));
INSERT INTO expression_versions (expression_id, text, created_by, created_at) VALUES (355, 'Region Information', 'langmap', datetime('now'));
INSERT INTO expressions (id, text, language_code, created_by, updated_by, created_at, updated_at, tags, source_type, review_status, auto_approved) VALUES (356, 'Region Name', 'en', 'langmap', 'langmap', datetime('now'), datetime('now'), '["langmap"]', 'ai', 'approved', 1);
INSERT INTO expression_meanings (expression_id, meaning_id, created_by, updated_by, created_at, updated_at) VALUES (356, 88, 'langmap', 'langmap', datetime('now'), datetime('now'));
INSERT INTO expression_versions (expression_id, text, created_by, created_at) VALUES (356, 'Region Name', 'langmap', datetime('now'));
INSERT INTO expressions (id, text, language_code, created_by, updated_by, created_at, updated_at, tags, source_type, review_status, auto_approved) VALUES (357, 'e.g. London, UK', 'en', 'langmap', 'langmap', datetime('now'), datetime('now'), '["langmap"]', 'ai', 'approved', 1);
INSERT INTO expression_meanings (expression_id, meaning_id, created_by, updated_by, created_at, updated_at) VALUES (357, 89, 'langmap', 'langmap', datetime('now'), datetime('now'));
INSERT INTO expression_versions (expression_id, text, created_by, created_at) VALUES (357, 'e.g. London, UK', 'langmap', datetime('now'));
INSERT INTO expressions (id, text, language_code, created_by, updated_by, created_at, updated_at, tags, source_type, review_status, auto_approved) VALUES (358, 'Native Region Name', 'en', 'langmap', 'langmap', datetime('now'), datetime('now'), '["langmap"]', 'ai', 'approved', 1);
INSERT INTO expression_meanings (expression_id, meaning_id, created_by, updated_by, created_at, updated_at) VALUES (358, 90, 'langmap', 'langmap', datetime('now'), datetime('now'));
INSERT INTO expression_versions (expression_id, text, created_by, created_at) VALUES (358, 'Native Region Name', 'langmap', datetime('now'));
INSERT INTO expressions (id, text, language_code, created_by, updated_by, created_at, updated_at, tags, source_type, review_status, auto_approved) VALUES (359, 'e.g. Londres, R.-U.', 'en', 'langmap', 'langmap', datetime('now'), datetime('now'), '["langmap"]', 'ai', 'approved', 1);
INSERT INTO expression_meanings (expression_id, meaning_id, created_by, updated_by, created_at, updated_at) VALUES (359, 91, 'langmap', 'langmap', datetime('now'), datetime('now'));
INSERT INTO expression_versions (expression_id, text, created_by, created_at) VALUES (359, 'e.g. Londres, R.-U.', 'langmap', datetime('now'));
INSERT INTO expressions (id, text, language_code, created_by, updated_by, created_at, updated_at, tags, source_type, review_status, auto_approved) VALUES (360, 'Hide Map', 'en', 'langmap', 'langmap', datetime('now'), datetime('now'), '["langmap"]', 'ai', 'approved', 1);
INSERT INTO expression_meanings (expression_id, meaning_id, created_by, updated_by, created_at, updated_at) VALUES (360, 96, 'langmap', 'langmap', datetime('now'), datetime('now'));
INSERT INTO expression_versions (expression_id, text, created_by, created_at) VALUES (360, 'Hide Map', 'langmap', datetime('now'));
INSERT INTO expressions (id, text, language_code, created_by, updated_by, created_at, updated_at, tags, source_type, review_status, auto_approved) VALUES (361, 'Back to Search', 'en', 'langmap', 'langmap', datetime('now'), datetime('now'), '["langmap"]', 'ai', 'approved', 1);
INSERT INTO expression_meanings (expression_id, meaning_id, created_by, updated_by, created_at, updated_at) VALUES (361, 102, 'langmap', 'langmap', datetime('now'), datetime('now'));
INSERT INTO expression_versions (expression_id, text, created_by, created_at) VALUES (361, 'Back to Search', 'langmap', datetime('now'));
INSERT INTO expressions (id, text, language_code, created_by, updated_by, created_at, updated_at, tags, source_type, review_status, auto_approved) VALUES (362, 'Loading expression details...', 'en', 'langmap', 'langmap', datetime('now'), datetime('now'), '["langmap"]', 'ai', 'approved', 1);
INSERT INTO expression_meanings (expression_id, meaning_id, created_by, updated_by, created_at, updated_at) VALUES (362, 103, 'langmap', 'langmap', datetime('now'), datetime('now'));
INSERT INTO expression_versions (expression_id, text, created_by, created_at) VALUES (362, 'Loading expression details...', 'langmap', datetime('now'));
INSERT INTO expressions (id, text, language_code, created_by, updated_by, created_at, updated_at, tags, source_type, review_status, auto_approved) VALUES (363, 'Expression Details', 'en', 'langmap', 'langmap', datetime('now'), datetime('now'), '["langmap"]', 'ai', 'approved', 1);
INSERT INTO expression_meanings (expression_id, meaning_id, created_by, updated_by, created_at, updated_at) VALUES (363, 104, 'langmap', 'langmap', datetime('now'), datetime('now'));
INSERT INTO expression_versions (expression_id, text, created_by, created_at) VALUES (363, 'Expression Details', 'langmap', datetime('now'));
INSERT INTO expressions (id, text, language_code, created_by, updated_by, created_at, updated_at, tags, source_type, review_status, auto_approved) VALUES (364, 'Associated Meanings', 'en', 'langmap', 'langmap', datetime('now'), datetime('now'), '["langmap"]', 'ai', 'approved', 1);
INSERT INTO expression_meanings (expression_id, meaning_id, created_by, updated_by, created_at, updated_at) VALUES (364, 105, 'langmap', 'langmap', datetime('now'), datetime('now'));
INSERT INTO expression_versions (expression_id, text, created_by, created_at) VALUES (364, 'Associated Meanings', 'langmap', datetime('now'));
INSERT INTO expressions (id, text, language_code, created_by, updated_by, created_at, updated_at, tags, source_type, review_status, auto_approved) VALUES (365, 'Associate Expressions', 'en', 'langmap', 'langmap', datetime('now'), datetime('now'), '["langmap"]', 'ai', 'approved', 1);
INSERT INTO expression_meanings (expression_id, meaning_id, created_by, updated_by, created_at, updated_at) VALUES (365, 106, 'langmap', 'langmap', datetime('now'), datetime('now'));
INSERT INTO expression_versions (expression_id, text, created_by, created_at) VALUES (365, 'Associate Expressions', 'langmap', datetime('now'));
INSERT INTO expressions (id, text, language_code, created_by, updated_by, created_at, updated_at, tags, source_type, review_status, auto_approved) VALUES (366, 'Cancel', 'en', 'langmap', 'langmap', datetime('now'), datetime('now'), '["langmap"]', 'ai', 'approved', 1);
INSERT INTO expression_meanings (expression_id, meaning_id, created_by, updated_by, created_at, updated_at) VALUES (366, 107, 'langmap', 'langmap', datetime('now'), datetime('now'));
INSERT INTO expression_versions (expression_id, text, created_by, created_at) VALUES (366, 'Cancel', 'langmap', datetime('now'));
INSERT INTO expressions (id, text, language_code, created_by, updated_by, created_at, updated_at, tags, source_type, review_status, auto_approved) VALUES (367, 'Search expressions to associate...', 'en', 'langmap', 'langmap', datetime('now'), datetime('now'), '["langmap"]', 'ai', 'approved', 1);
INSERT INTO expression_meanings (expression_id, meaning_id, created_by, updated_by, created_at, updated_at) VALUES (367, 108, 'langmap', 'langmap', datetime('now'), datetime('now'));
INSERT INTO expression_versions (expression_id, text, created_by, created_at) VALUES (367, 'Search expressions to associate...', 'langmap', datetime('now'));
INSERT INTO expressions (id, text, language_code, created_by, updated_by, created_at, updated_at, tags, source_type, review_status, auto_approved) VALUES (368, 'Search', 'en', 'langmap', 'langmap', datetime('now'), datetime('now'), '["langmap"]', 'ai', 'approved', 1);
INSERT INTO expression_meanings (expression_id, meaning_id, created_by, updated_by, created_at, updated_at) VALUES (368, 109, 'langmap', 'langmap', datetime('now'), datetime('now'));
INSERT INTO expression_versions (expression_id, text, created_by, created_at) VALUES (368, 'Search', 'langmap', datetime('now'));
INSERT INTO expressions (id, text, language_code, created_by, updated_by, created_at, updated_at, tags, source_type, review_status, auto_approved) VALUES (369, 'Searching...', 'en', 'langmap', 'langmap', datetime('now'), datetime('now'), '["langmap"]', 'ai', 'approved', 1);
INSERT INTO expression_meanings (expression_id, meaning_id, created_by, updated_by, created_at, updated_at) VALUES (369, 110, 'langmap', 'langmap', datetime('now'), datetime('now'));
INSERT INTO expression_versions (expression_id, text, created_by, created_at) VALUES (369, 'Searching...', 'langmap', datetime('now'));
INSERT INTO expressions (id, text, language_code, created_by, updated_by, created_at, updated_at, tags, source_type, review_status, auto_approved) VALUES (370, 'No expressions found. Try different search terms.', 'en', 'langmap', 'langmap', datetime('now'), datetime('now'), '["langmap"]', 'ai', 'approved', 1);
INSERT INTO expression_meanings (expression_id, meaning_id, created_by, updated_by, created_at, updated_at) VALUES (370, 111, 'langmap', 'langmap', datetime('now'), datetime('now'));
INSERT INTO expression_versions (expression_id, text, created_by, created_at) VALUES (370, 'No expressions found. Try different search terms.', 'langmap', datetime('now'));
INSERT INTO expressions (id, text, language_code, created_by, updated_by, created_at, updated_at, tags, source_type, review_status, auto_approved) VALUES (371, 'Link', 'en', 'langmap', 'langmap', datetime('now'), datetime('now'), '["langmap"]', 'ai', 'approved', 1);
INSERT INTO expression_meanings (expression_id, meaning_id, created_by, updated_by, created_at, updated_at) VALUES (371, 112, 'langmap', 'langmap', datetime('now'), datetime('now'));
INSERT INTO expression_versions (expression_id, text, created_by, created_at) VALUES (371, 'Link', 'langmap', datetime('now'));
INSERT INTO expressions (id, text, language_code, created_by, updated_by, created_at, updated_at, tags, source_type, review_status, auto_approved) VALUES (372, 'Already linked', 'en', 'langmap', 'langmap', datetime('now'), datetime('now'), '["langmap"]', 'ai', 'approved', 1);
INSERT INTO expression_meanings (expression_id, meaning_id, created_by, updated_by, created_at, updated_at) VALUES (372, 113, 'langmap', 'langmap', datetime('now'), datetime('now'));
INSERT INTO expression_versions (expression_id, text, created_by, created_at) VALUES (372, 'Already linked', 'langmap', datetime('now'));
INSERT INTO expressions (id, text, language_code, created_by, updated_by, created_at, updated_at, tags, source_type, review_status, auto_approved) VALUES (373, 'Search results include the current expression.', 'en', 'langmap', 'langmap', datetime('now'), datetime('now'), '["langmap"]', 'ai', 'approved', 1);
INSERT INTO expression_meanings (expression_id, meaning_id, created_by, updated_by, created_at, updated_at) VALUES (373, 114, 'langmap', 'langmap', datetime('now'), datetime('now'));
INSERT INTO expression_versions (expression_id, text, created_by, created_at) VALUES (373, 'Search results include the current expression.', 'langmap', datetime('now'));
INSERT INTO expressions (id, text, language_code, created_by, updated_by, created_at, updated_at, tags, source_type, review_status, auto_approved) VALUES (374, 'Link to meaning:', 'en', 'langmap', 'langmap', datetime('now'), datetime('now'), '["langmap"]', 'ai', 'approved', 1);
INSERT INTO expression_meanings (expression_id, meaning_id, created_by, updated_by, created_at, updated_at) VALUES (374, 115, 'langmap', 'langmap', datetime('now'), datetime('now'));
INSERT INTO expression_versions (expression_id, text, created_by, created_at) VALUES (374, 'Link to meaning:', 'langmap', datetime('now'));
INSERT INTO expressions (id, text, language_code, created_by, updated_by, created_at, updated_at, tags, source_type, review_status, auto_approved) VALUES (375, '-- Select meaning --', 'en', 'langmap', 'langmap', datetime('now'), datetime('now'), '["langmap"]', 'ai', 'approved', 1);
INSERT INTO expression_meanings (expression_id, meaning_id, created_by, updated_by, created_at, updated_at) VALUES (375, 116, 'langmap', 'langmap', datetime('now'), datetime('now'));
INSERT INTO expression_versions (expression_id, text, created_by, created_at) VALUES (375, '-- Select meaning --', 'langmap', datetime('now'));
INSERT INTO expressions (id, text, language_code, created_by, updated_by, created_at, updated_at, tags, source_type, review_status, auto_approved) VALUES (376, 'Create new meaning…', 'en', 'langmap', 'langmap', datetime('now'), datetime('now'), '["langmap"]', 'ai', 'approved', 1);
INSERT INTO expression_meanings (expression_id, meaning_id, created_by, updated_by, created_at, updated_at) VALUES (376, 117, 'langmap', 'langmap', datetime('now'), datetime('now'));
INSERT INTO expression_versions (expression_id, text, created_by, created_at) VALUES (376, 'Create new meaning…', 'langmap', datetime('now'));
INSERT INTO expressions (id, text, language_code, created_by, updated_by, created_at, updated_at, tags, source_type, review_status, auto_approved) VALUES (377, 'New meaning gloss', 'en', 'langmap', 'langmap', datetime('now'), datetime('now'), '["langmap"]', 'ai', 'approved', 1);
INSERT INTO expression_meanings (expression_id, meaning_id, created_by, updated_by, created_at, updated_at) VALUES (377, 118, 'langmap', 'langmap', datetime('now'), datetime('now'));
INSERT INTO expression_versions (expression_id, text, created_by, created_at) VALUES (377, 'New meaning gloss', 'langmap', datetime('now'));
INSERT INTO expressions (id, text, language_code, created_by, updated_by, created_at, updated_at, tags, source_type, review_status, auto_approved) VALUES (378, 'Create Meaning', 'en', 'langmap', 'langmap', datetime('now'), datetime('now'), '["langmap"]', 'ai', 'approved', 1);
INSERT INTO expression_meanings (expression_id, meaning_id, created_by, updated_by, created_at, updated_at) VALUES (378, 119, 'langmap', 'langmap', datetime('now'), datetime('now'));
INSERT INTO expression_versions (expression_id, text, created_by, created_at) VALUES (378, 'Create Meaning', 'langmap', datetime('now'));
INSERT INTO expressions (id, text, language_code, created_by, updated_by, created_at, updated_at, tags, source_type, review_status, auto_approved) VALUES (379, 'No meanings associated with this expression', 'en', 'langmap', 'langmap', datetime('now'), datetime('now'), '["langmap"]', 'ai', 'approved', 1);
INSERT INTO expression_meanings (expression_id, meaning_id, created_by, updated_by, created_at, updated_at) VALUES (379, 120, 'langmap', 'langmap', datetime('now'), datetime('now'));
INSERT INTO expression_versions (expression_id, text, created_by, created_at) VALUES (379, 'No meanings associated with this expression', 'langmap', datetime('now'));
INSERT INTO expressions (id, text, language_code, created_by, updated_by, created_at, updated_at, tags, source_type, review_status, auto_approved) VALUES (380, 'Associate with meanings', 'en', 'langmap', 'langmap', datetime('now'), datetime('now'), '["langmap"]', 'ai', 'approved', 1);
INSERT INTO expression_meanings (expression_id, meaning_id, created_by, updated_by, created_at, updated_at) VALUES (380, 121, 'langmap', 'langmap', datetime('now'), datetime('now'));
INSERT INTO expression_versions (expression_id, text, created_by, created_at) VALUES (380, 'Associate with meanings', 'langmap', datetime('now'));
INSERT INTO expressions (id, text, language_code, created_by, updated_by, created_at, updated_at, tags, source_type, review_status, auto_approved) VALUES (381, 'Global', 'en', 'langmap', 'langmap', datetime('now'), datetime('now'), '["langmap"]', 'ai', 'approved', 1);
INSERT INTO expression_meanings (expression_id, meaning_id, created_by, updated_by, created_at, updated_at) VALUES (381, 122, 'langmap', 'langmap', datetime('now'), datetime('now'));
INSERT INTO expression_versions (expression_id, text, created_by, created_at) VALUES (381, 'Global', 'langmap', datetime('now'));
INSERT INTO expressions (id, text, language_code, created_by, updated_by, created_at, updated_at, tags, source_type, review_status, auto_approved) VALUES (382, 'Play', 'en', 'langmap', 'langmap', datetime('now'), datetime('now'), '["langmap"]', 'ai', 'approved', 1);
INSERT INTO expression_meanings (expression_id, meaning_id, created_by, updated_by, created_at, updated_at) VALUES (382, 123, 'langmap', 'langmap', datetime('now'), datetime('now'));
INSERT INTO expression_versions (expression_id, text, created_by, created_at) VALUES (382, 'Play', 'langmap', datetime('now'));
INSERT INTO expressions (id, text, language_code, created_by, updated_by, created_at, updated_at, tags, source_type, review_status, auto_approved) VALUES (383, 'auto', 'en', 'langmap', 'langmap', datetime('now'), datetime('now'), '["langmap"]', 'ai', 'approved', 1);
INSERT INTO expression_meanings (expression_id, meaning_id, created_by, updated_by, created_at, updated_at) VALUES (383, 124, 'langmap', 'langmap', datetime('now'), datetime('now'));
INSERT INTO expression_versions (expression_id, text, created_by, created_at) VALUES (383, 'auto', 'langmap', datetime('now'));
INSERT INTO expressions (id, text, language_code, created_by, updated_by, created_at, updated_at, tags, source_type, review_status, auto_approved) VALUES (384, 'Version History', 'en', 'langmap', 'langmap', datetime('now'), datetime('now'), '["langmap"]', 'ai', 'approved', 1);
INSERT INTO expression_meanings (expression_id, meaning_id, created_by, updated_by, created_at, updated_at) VALUES (384, 125, 'langmap', 'langmap', datetime('now'), datetime('now'));
INSERT INTO expression_versions (expression_id, text, created_by, created_at) VALUES (384, 'Version History', 'langmap', datetime('now'));
INSERT INTO expressions (id, text, language_code, created_by, updated_by, created_at, updated_at, tags, source_type, review_status, auto_approved) VALUES (385, 'Loading versions...', 'en', 'langmap', 'langmap', datetime('now'), datetime('now'), '["langmap"]', 'ai', 'approved', 1);
INSERT INTO expression_meanings (expression_id, meaning_id, created_by, updated_by, created_at, updated_at) VALUES (385, 126, 'langmap', 'langmap', datetime('now'), datetime('now'));
INSERT INTO expression_versions (expression_id, text, created_by, created_at) VALUES (385, 'Loading versions...', 'langmap', datetime('now'));
INSERT INTO expressions (id, text, language_code, created_by, updated_by, created_at, updated_at, tags, source_type, review_status, auto_approved) VALUES (386, 'No versions available', 'en', 'langmap', 'langmap', datetime('now'), datetime('now'), '["langmap"]', 'ai', 'approved', 1);
INSERT INTO expression_meanings (expression_id, meaning_id, created_by, updated_by, created_at, updated_at) VALUES (386, 127, 'langmap', 'langmap', datetime('now'), datetime('now'));
INSERT INTO expression_versions (expression_id, text, created_by, created_at) VALUES (386, 'No versions available', 'langmap', datetime('now'));
INSERT INTO expressions (id, text, language_code, created_by, updated_by, created_at, updated_at, tags, source_type, review_status, auto_approved) VALUES (387, 'auto', 'en', 'langmap', 'langmap', datetime('now'), datetime('now'), '["langmap"]', 'ai', 'approved', 1);
INSERT INTO expression_meanings (expression_id, meaning_id, created_by, updated_by, created_at, updated_at) VALUES (387, 128, 'langmap', 'langmap', datetime('now'), datetime('now'));
INSERT INTO expression_versions (expression_id, text, created_by, created_at) VALUES (387, 'auto', 'langmap', datetime('now'));
INSERT INTO expressions (id, text, language_code, created_by, updated_by, created_at, updated_at, tags, source_type, review_status, auto_approved) VALUES (388, 'Anonymous', 'en', 'langmap', 'langmap', datetime('now'), datetime('now'), '["langmap"]', 'ai', 'approved', 1);
INSERT INTO expression_meanings (expression_id, meaning_id, created_by, updated_by, created_at, updated_at) VALUES (388, 129, 'langmap', 'langmap', datetime('now'), datetime('now'));
INSERT INTO expression_versions (expression_id, text, created_by, created_at) VALUES (388, 'Anonymous', 'langmap', datetime('now'));
INSERT INTO expressions (id, text, language_code, created_by, updated_by, created_at, updated_at, tags, source_type, review_status, auto_approved) VALUES (389, 'Explorer le monde des langues', 'fr', 'langmap', 'langmap', datetime('now'), datetime('now'), '["langmap"]', 'ai', 'approved', 1);
INSERT INTO expression_meanings (expression_id, meaning_id, created_by, updated_by, created_at, updated_at) VALUES (389, 1, 'langmap', 'langmap', datetime('now'), datetime('now'));
INSERT INTO expression_versions (expression_id, text, created_by, created_at) VALUES (389, 'Explorer le monde des langues', 'langmap', datetime('now'));
INSERT INTO expressions (id, text, language_code, created_by, updated_by, created_at, updated_at, tags, source_type, review_status, auto_approved) VALUES (390, 'Découvrez comment les expressions varient selon les régions et les cultures', 'fr', 'langmap', 'langmap', datetime('now'), datetime('now'), '["langmap"]', 'ai', 'approved', 1);
INSERT INTO expression_meanings (expression_id, meaning_id, created_by, updated_by, created_at, updated_at) VALUES (390, 2, 'langmap', 'langmap', datetime('now'), datetime('now'));
INSERT INTO expression_versions (expression_id, text, created_by, created_at) VALUES (390, 'Découvrez comment les expressions varient selon les régions et les cultures', 'langmap', datetime('now'));
INSERT INTO expressions (id, text, language_code, created_by, updated_by, created_at, updated_at, tags, source_type, review_status, auto_approved) VALUES (391, 'Rechercher une expression...', 'fr', 'langmap', 'langmap', datetime('now'), datetime('now'), '["langmap"]', 'ai', 'approved', 1);
INSERT INTO expression_meanings (expression_id, meaning_id, created_by, updated_by, created_at, updated_at) VALUES (391, 3, 'langmap', 'langmap', datetime('now'), datetime('now'));
INSERT INTO expression_versions (expression_id, text, created_by, created_at) VALUES (391, 'Rechercher une expression...', 'langmap', datetime('now'));
INSERT INTO expressions (id, text, language_code, created_by, updated_by, created_at, updated_at, tags, source_type, review_status, auto_approved) VALUES (392, 'Recherche', 'fr', 'langmap', 'langmap', datetime('now'), datetime('now'), '["langmap"]', 'ai', 'approved', 1);
INSERT INTO expression_meanings (expression_id, meaning_id, created_by, updated_by, created_at, updated_at) VALUES (392, 4, 'langmap', 'langmap', datetime('now'), datetime('now'));
INSERT INTO expression_versions (expression_id, text, created_by, created_at) VALUES (392, 'Recherche', 'langmap', datetime('now'));
INSERT INTO expressions (id, text, language_code, created_by, updated_by, created_at, updated_at, tags, source_type, review_status, auto_approved) VALUES (393, 'Total des expressions', 'fr', 'langmap', 'langmap', datetime('now'), datetime('now'), '["langmap"]', 'ai', 'approved', 1);
INSERT INTO expression_meanings (expression_id, meaning_id, created_by, updated_by, created_at, updated_at) VALUES (393, 5, 'langmap', 'langmap', datetime('now'), datetime('now'));
INSERT INTO expression_versions (expression_id, text, created_by, created_at) VALUES (393, 'Total des expressions', 'langmap', datetime('now'));
INSERT INTO expressions (id, text, language_code, created_by, updated_by, created_at, updated_at, tags, source_type, review_status, auto_approved) VALUES (394, 'Langues', 'fr', 'langmap', 'langmap', datetime('now'), datetime('now'), '["langmap"]', 'ai', 'approved', 1);
INSERT INTO expression_meanings (expression_id, meaning_id, created_by, updated_by, created_at, updated_at) VALUES (394, 6, 'langmap', 'langmap', datetime('now'), datetime('now'));
INSERT INTO expression_versions (expression_id, text, created_by, created_at) VALUES (394, 'Langues', 'langmap', datetime('now'));
INSERT INTO expressions (id, text, language_code, created_by, updated_by, created_at, updated_at, tags, source_type, review_status, auto_approved) VALUES (395, 'Régions', 'fr', 'langmap', 'langmap', datetime('now'), datetime('now'), '["langmap"]', 'ai', 'approved', 1);
INSERT INTO expression_meanings (expression_id, meaning_id, created_by, updated_by, created_at, updated_at) VALUES (395, 7, 'langmap', 'langmap', datetime('now'), datetime('now'));
INSERT INTO expression_versions (expression_id, text, created_by, created_at) VALUES (395, 'Régions', 'langmap', datetime('now'));
INSERT INTO expressions (id, text, language_code, created_by, updated_by, created_at, updated_at, tags, source_type, review_status, auto_approved) VALUES (396, 'Distribution mondiale des langues', 'fr', 'langmap', 'langmap', datetime('now'), datetime('now'), '["langmap"]', 'ai', 'approved', 1);
INSERT INTO expression_meanings (expression_id, meaning_id, created_by, updated_by, created_at, updated_at) VALUES (396, 8, 'langmap', 'langmap', datetime('now'), datetime('now'));
INSERT INTO expression_versions (expression_id, text, created_by, created_at) VALUES (396, 'Distribution mondiale des langues', 'langmap', datetime('now'));
INSERT INTO expressions (id, text, language_code, created_by, updated_by, created_at, updated_at, tags, source_type, review_status, auto_approved) VALUES (397, 'Explorez la richesse des expressions linguistiques dans différentes régions. Les cercles plus grands indiquent davantage d''expressions dans cette zone.', 'fr', 'langmap', 'langmap', datetime('now'), datetime('now'), '["langmap"]', 'ai', 'approved', 1);
INSERT INTO expression_meanings (expression_id, meaning_id, created_by, updated_by, created_at, updated_at) VALUES (397, 9, 'langmap', 'langmap', datetime('now'), datetime('now'));
INSERT INTO expression_versions (expression_id, text, created_by, created_at) VALUES (397, 'Explorez la richesse des expressions linguistiques dans différentes régions. Les cercles plus grands indiquent davantage d''expressions dans cette zone.', 'langmap', datetime('now'));
INSERT INTO expressions (id, text, language_code, created_by, updated_by, created_at, updated_at, tags, source_type, review_status, auto_approved) VALUES (398, 'Densité des expressions', 'fr', 'langmap', 'langmap', datetime('now'), datetime('now'), '["langmap"]', 'ai', 'approved', 1);
INSERT INTO expression_meanings (expression_id, meaning_id, created_by, updated_by, created_at, updated_at) VALUES (398, 10, 'langmap', 'langmap', datetime('now'), datetime('now'));
INSERT INTO expression_versions (expression_id, text, created_by, created_at) VALUES (398, 'Densité des expressions', 'langmap', datetime('now'));
INSERT INTO expressions (id, text, language_code, created_by, updated_by, created_at, updated_at, tags, source_type, review_status, auto_approved) VALUES (399, 'Faible', 'fr', 'langmap', 'langmap', datetime('now'), datetime('now'), '["langmap"]', 'ai', 'approved', 1);
INSERT INTO expression_meanings (expression_id, meaning_id, created_by, updated_by, created_at, updated_at) VALUES (399, 130, 'langmap', 'langmap', datetime('now'), datetime('now'));
INSERT INTO expression_versions (expression_id, text, created_by, created_at) VALUES (399, 'Faible', 'langmap', datetime('now'));
INSERT INTO expressions (id, text, language_code, created_by, updated_by, created_at, updated_at, tags, source_type, review_status, auto_approved) VALUES (400, 'Moyen', 'fr', 'langmap', 'langmap', datetime('now'), datetime('now'), '["langmap"]', 'ai', 'approved', 1);
INSERT INTO expression_meanings (expression_id, meaning_id, created_by, updated_by, created_at, updated_at) VALUES (400, 131, 'langmap', 'langmap', datetime('now'), datetime('now'));
INSERT INTO expression_versions (expression_id, text, created_by, created_at) VALUES (400, 'Moyen', 'langmap', datetime('now'));
INSERT INTO expressions (id, text, language_code, created_by, updated_by, created_at, updated_at, tags, source_type, review_status, auto_approved) VALUES (401, 'Élevé', 'fr', 'langmap', 'langmap', datetime('now'), datetime('now'), '["langmap"]', 'ai', 'approved', 1);
INSERT INTO expression_meanings (expression_id, meaning_id, created_by, updated_by, created_at, updated_at) VALUES (401, 132, 'langmap', 'langmap', datetime('now'), datetime('now'));
INSERT INTO expression_versions (expression_id, text, created_by, created_at) VALUES (401, 'Élevé', 'langmap', datetime('now'));
INSERT INTO expressions (id, text, language_code, created_by, updated_by, created_at, updated_at, tags, source_type, review_status, auto_approved) VALUES (402, 'Commencer', 'fr', 'langmap', 'langmap', datetime('now'), datetime('now'), '["langmap"]', 'ai', 'approved', 1);
INSERT INTO expression_meanings (expression_id, meaning_id, created_by, updated_by, created_at, updated_at) VALUES (402, 11, 'langmap', 'langmap', datetime('now'), datetime('now'));
INSERT INTO expression_versions (expression_id, text, created_by, created_at) VALUES (402, 'Commencer', 'langmap', datetime('now'));
INSERT INTO expressions (id, text, language_code, created_by, updated_by, created_at, updated_at, tags, source_type, review_status, auto_approved) VALUES (403, 'Rechercher des expressions', 'fr', 'langmap', 'langmap', datetime('now'), datetime('now'), '["langmap"]', 'ai', 'approved', 1);
INSERT INTO expression_meanings (expression_id, meaning_id, created_by, updated_by, created_at, updated_at) VALUES (403, 12, 'langmap', 'langmap', datetime('now'), datetime('now'));
INSERT INTO expression_versions (expression_id, text, created_by, created_at) VALUES (403, 'Rechercher des expressions', 'langmap', datetime('now'));
INSERT INTO expressions (id, text, language_code, created_by, updated_by, created_at, updated_at, tags, source_type, review_status, auto_approved) VALUES (404, 'Trouvez comment les mots et les phrases sont exprimés dans différentes langues et régions.', 'fr', 'langmap', 'langmap', datetime('now'), datetime('now'), '["langmap"]', 'ai', 'approved', 1);
INSERT INTO expression_meanings (expression_id, meaning_id, created_by, updated_by, created_at, updated_at) VALUES (404, 13, 'langmap', 'langmap', datetime('now'), datetime('now'));
INSERT INTO expression_versions (expression_id, text, created_by, created_at) VALUES (404, 'Trouvez comment les mots et les phrases sont exprimés dans différentes langues et régions.', 'langmap', datetime('now'));
INSERT INTO expressions (id, text, language_code, created_by, updated_by, created_at, updated_at, tags, source_type, review_status, auto_approved) VALUES (405, 'Commencer la recherche →', 'fr', 'langmap', 'langmap', datetime('now'), datetime('now'), '["langmap"]', 'ai', 'approved', 1);
INSERT INTO expression_meanings (expression_id, meaning_id, created_by, updated_by, created_at, updated_at) VALUES (405, 14, 'langmap', 'langmap', datetime('now'), datetime('now'));
INSERT INTO expression_versions (expression_id, text, created_by, created_at) VALUES (405, 'Commencer la recherche →', 'langmap', datetime('now'));
INSERT INTO expressions (id, text, language_code, created_by, updated_by, created_at, updated_at, tags, source_type, review_status, auto_approved) VALUES (406, 'Ajouter une expression', 'fr', 'langmap', 'langmap', datetime('now'), datetime('now'), '["langmap"]', 'ai', 'approved', 1);
INSERT INTO expression_meanings (expression_id, meaning_id, created_by, updated_by, created_at, updated_at) VALUES (406, 15, 'langmap', 'langmap', datetime('now'), datetime('now'));
INSERT INTO expression_versions (expression_id, text, created_by, created_at) VALUES (406, 'Ajouter une expression', 'langmap', datetime('now'));
INSERT INTO expressions (id, text, language_code, created_by, updated_by, created_at, updated_at, tags, source_type, review_status, auto_approved) VALUES (407, 'Contribuez à notre base de données en ajoutant des expressions de votre langue ou région.', 'fr', 'langmap', 'langmap', datetime('now'), datetime('now'), '["langmap"]', 'ai', 'approved', 1);
INSERT INTO expression_meanings (expression_id, meaning_id, created_by, updated_by, created_at, updated_at) VALUES (407, 16, 'langmap', 'langmap', datetime('now'), datetime('now'));
INSERT INTO expression_versions (expression_id, text, created_by, created_at) VALUES (407, 'Contribuez à notre base de données en ajoutant des expressions de votre langue ou région.', 'langmap', datetime('now'));
INSERT INTO expressions (id, text, language_code, created_by, updated_by, created_at, updated_at, tags, source_type, review_status, auto_approved) VALUES (408, 'Région', 'fr', 'langmap', 'langmap', datetime('now'), datetime('now'), '["langmap"]', 'ai', 'approved', 1);
INSERT INTO expression_meanings (expression_id, meaning_id, created_by, updated_by, created_at, updated_at) VALUES (408, 17, 'langmap', 'langmap', datetime('now'), datetime('now'));
INSERT INTO expression_versions (expression_id, text, created_by, created_at) VALUES (408, 'Région', 'langmap', datetime('now'));
INSERT INTO expressions (id, text, language_code, created_by, updated_by, created_at, updated_at, tags, source_type, review_status, auto_approved) VALUES (409, 'Langue', 'fr', 'langmap', 'langmap', datetime('now'), datetime('now'), '["langmap"]', 'ai', 'approved', 1);
INSERT INTO expression_meanings (expression_id, meaning_id, created_by, updated_by, created_at, updated_at) VALUES (409, 18, 'langmap', 'langmap', datetime('now'), datetime('now'));
INSERT INTO expression_versions (expression_id, text, created_by, created_at) VALUES (409, 'Langue', 'langmap', datetime('now'));
INSERT INTO expressions (id, text, language_code, created_by, updated_by, created_at, updated_at, tags, source_type, review_status, auto_approved) VALUES (410, 'Expressions', 'fr', 'langmap', 'langmap', datetime('now'), datetime('now'), '["langmap"]', 'ai', 'approved', 1);
INSERT INTO expression_meanings (expression_id, meaning_id, created_by, updated_by, created_at, updated_at) VALUES (410, 19, 'langmap', 'langmap', datetime('now'), datetime('now'));
INSERT INTO expression_versions (expression_id, text, created_by, created_at) VALUES (410, 'Expressions', 'langmap', datetime('now'));
INSERT INTO expressions (id, text, language_code, created_by, updated_by, created_at, updated_at, tags, source_type, review_status, auto_approved) VALUES (411, 'Inconnu', 'fr', 'langmap', 'langmap', datetime('now'), datetime('now'), '["langmap"]', 'ai', 'approved', 1);
INSERT INTO expression_meanings (expression_id, meaning_id, created_by, updated_by, created_at, updated_at) VALUES (411, 20, 'langmap', 'langmap', datetime('now'), datetime('now'));
INSERT INTO expression_versions (expression_id, text, created_by, created_at) VALUES (411, 'Inconnu', 'langmap', datetime('now'));
INSERT INTO expressions (id, text, language_code, created_by, updated_by, created_at, updated_at, tags, source_type, review_status, auto_approved) VALUES (412, 'Ajouter nouveau →', 'fr', 'langmap', 'langmap', datetime('now'), datetime('now'), '["langmap"]', 'ai', 'approved', 1);
INSERT INTO expression_meanings (expression_id, meaning_id, created_by, updated_by, created_at, updated_at) VALUES (412, 21, 'langmap', 'langmap', datetime('now'), datetime('now'));
INSERT INTO expression_versions (expression_id, text, created_by, created_at) VALUES (412, 'Ajouter nouveau →', 'langmap', datetime('now'));
INSERT INTO expressions (id, text, language_code, created_by, updated_by, created_at, updated_at, tags, source_type, review_status, auto_approved) VALUES (413, 'Explorer la carte', 'fr', 'langmap', 'langmap', datetime('now'), datetime('now'), '["langmap"]', 'ai', 'approved', 1);
INSERT INTO expression_meanings (expression_id, meaning_id, created_by, updated_by, created_at, updated_at) VALUES (413, 22, 'langmap', 'langmap', datetime('now'), datetime('now'));
INSERT INTO expression_versions (expression_id, text, created_by, created_at) VALUES (413, 'Explorer la carte', 'langmap', datetime('now'));
INSERT INTO expressions (id, text, language_code, created_by, updated_by, created_at, updated_at, tags, source_type, review_status, auto_approved) VALUES (414, 'Visualisez la diversité linguistique sur une carte mondiale interactive.', 'fr', 'langmap', 'langmap', datetime('now'), datetime('now'), '["langmap"]', 'ai', 'approved', 1);
INSERT INTO expression_meanings (expression_id, meaning_id, created_by, updated_by, created_at, updated_at) VALUES (414, 23, 'langmap', 'langmap', datetime('now'), datetime('now'));
INSERT INTO expression_versions (expression_id, text, created_by, created_at) VALUES (414, 'Visualisez la diversité linguistique sur une carte mondiale interactive.', 'langmap', datetime('now'));
INSERT INTO expressions (id, text, language_code, created_by, updated_by, created_at, updated_at, tags, source_type, review_status, auto_approved) VALUES (415, 'Voir la carte →', 'fr', 'langmap', 'langmap', datetime('now'), datetime('now'), '["langmap"]', 'ai', 'approved', 1);
INSERT INTO expression_meanings (expression_id, meaning_id, created_by, updated_by, created_at, updated_at) VALUES (415, 24, 'langmap', 'langmap', datetime('now'), datetime('now'));
INSERT INTO expression_versions (expression_id, text, created_by, created_at) VALUES (415, 'Voir la carte →', 'langmap', datetime('now'));
INSERT INTO expressions (id, text, language_code, created_by, updated_by, created_at, updated_at, tags, source_type, review_status, auto_approved) VALUES (416, 'Chargement de la carte...', 'fr', 'langmap', 'langmap', datetime('now'), datetime('now'), '["langmap"]', 'ai', 'approved', 1);
INSERT INTO expression_meanings (expression_id, meaning_id, created_by, updated_by, created_at, updated_at) VALUES (416, 25, 'langmap', 'langmap', datetime('now'), datetime('now'));
INSERT INTO expression_versions (expression_id, text, created_by, created_at) VALUES (416, 'Chargement de la carte...', 'langmap', datetime('now'));
INSERT INTO expressions (id, text, language_code, created_by, updated_by, created_at, updated_at, tags, source_type, review_status, auto_approved) VALUES (417, 'Accueil', 'fr', 'langmap', 'langmap', datetime('now'), datetime('now'), '["langmap"]', 'ai', 'approved', 1);
INSERT INTO expression_meanings (expression_id, meaning_id, created_by, updated_by, created_at, updated_at) VALUES (417, 26, 'langmap', 'langmap', datetime('now'), datetime('now'));
INSERT INTO expression_versions (expression_id, text, created_by, created_at) VALUES (417, 'Accueil', 'langmap', datetime('now'));
INSERT INTO expressions (id, text, language_code, created_by, updated_by, created_at, updated_at, tags, source_type, review_status, auto_approved) VALUES (418, 'Rechercher', 'fr', 'langmap', 'langmap', datetime('now'), datetime('now'), '["langmap"]', 'ai', 'approved', 1);
INSERT INTO expression_meanings (expression_id, meaning_id, created_by, updated_by, created_at, updated_at) VALUES (418, 27, 'langmap', 'langmap', datetime('now'), datetime('now'));
INSERT INTO expression_versions (expression_id, text, created_by, created_at) VALUES (418, 'Rechercher', 'langmap', datetime('now'));
INSERT INTO expressions (id, text, language_code, created_by, updated_by, created_at, updated_at, tags, source_type, review_status, auto_approved) VALUES (419, '© {year} langmap - Plateforme de cartographie des expressions linguistiques', 'fr', 'langmap', 'langmap', datetime('now'), datetime('now'), '["langmap"]', 'ai', 'approved', 1);
INSERT INTO expression_meanings (expression_id, meaning_id, created_by, updated_by, created_at, updated_at) VALUES (419, 28, 'langmap', 'langmap', datetime('now'), datetime('now'));
INSERT INTO expression_versions (expression_id, text, created_by, created_at) VALUES (419, '© {year} langmap - Plateforme de cartographie des expressions linguistiques', 'langmap', datetime('now'));
INSERT INTO expressions (id, text, language_code, created_by, updated_by, created_at, updated_at, tags, source_type, review_status, auto_approved) VALUES (420, 'Rechercher des expressions', 'fr', 'langmap', 'langmap', datetime('now'), datetime('now'), '["langmap"]', 'ai', 'approved', 1);
INSERT INTO expression_meanings (expression_id, meaning_id, created_by, updated_by, created_at, updated_at) VALUES (420, 29, 'langmap', 'langmap', datetime('now'), datetime('now'));
INSERT INTO expression_versions (expression_id, text, created_by, created_at) VALUES (420, 'Rechercher des expressions', 'langmap', datetime('now'));
INSERT INTO expressions (id, text, language_code, created_by, updated_by, created_at, updated_at, tags, source_type, review_status, auto_approved) VALUES (421, 'Trouvez des expressions linguistiques dans différentes langues et régions', 'fr', 'langmap', 'langmap', datetime('now'), datetime('now'), '["langmap"]', 'ai', 'approved', 1);
INSERT INTO expression_meanings (expression_id, meaning_id, created_by, updated_by, created_at, updated_at) VALUES (421, 30, 'langmap', 'langmap', datetime('now'), datetime('now'));
INSERT INTO expression_versions (expression_id, text, created_by, created_at) VALUES (421, 'Trouvez des expressions linguistiques dans différentes langues et régions', 'langmap', datetime('now'));
INSERT INTO expressions (id, text, language_code, created_by, updated_by, created_at, updated_at, tags, source_type, review_status, auto_approved) VALUES (422, 'Entrez un mot ou une phrase...', 'fr', 'langmap', 'langmap', datetime('now'), datetime('now'), '["langmap"]', 'ai', 'approved', 1);
INSERT INTO expression_meanings (expression_id, meaning_id, created_by, updated_by, created_at, updated_at) VALUES (422, 31, 'langmap', 'langmap', datetime('now'), datetime('now'));
INSERT INTO expression_versions (expression_id, text, created_by, created_at) VALUES (422, 'Entrez un mot ou une phrase...', 'langmap', datetime('now'));
INSERT INTO expressions (id, text, language_code, created_by, updated_by, created_at, updated_at, tags, source_type, review_status, auto_approved) VALUES (423, 'Recherche', 'fr', 'langmap', 'langmap', datetime('now'), datetime('now'), '["langmap"]', 'ai', 'approved', 1);
INSERT INTO expression_meanings (expression_id, meaning_id, created_by, updated_by, created_at, updated_at) VALUES (423, 32, 'langmap', 'langmap', datetime('now'), datetime('now'));
INSERT INTO expression_versions (expression_id, text, created_by, created_at) VALUES (423, 'Recherche', 'langmap', datetime('now'));
INSERT INTO expressions (id, text, language_code, created_by, updated_by, created_at, updated_at, tags, source_type, review_status, auto_approved) VALUES (424, 'Recherche d''expressions...', 'fr', 'langmap', 'langmap', datetime('now'), datetime('now'), '["langmap"]', 'ai', 'approved', 1);
INSERT INTO expression_meanings (expression_id, meaning_id, created_by, updated_by, created_at, updated_at) VALUES (424, 33, 'langmap', 'langmap', datetime('now'), datetime('now'));
INSERT INTO expression_versions (expression_id, text, created_by, created_at) VALUES (424, 'Recherche d''expressions...', 'langmap', datetime('now'));
INSERT INTO expressions (id, text, language_code, created_by, updated_by, created_at, updated_at, tags, source_type, review_status, auto_approved) VALUES (425, 'Aucun résultat trouvé', 'fr', 'langmap', 'langmap', datetime('now'), datetime('now'), '["langmap"]', 'ai', 'approved', 1);
INSERT INTO expression_meanings (expression_id, meaning_id, created_by, updated_by, created_at, updated_at) VALUES (425, 34, 'langmap', 'langmap', datetime('now'), datetime('now'));
INSERT INTO expression_versions (expression_id, text, created_by, created_at) VALUES (425, 'Aucun résultat trouvé', 'langmap', datetime('now'));
INSERT INTO expressions (id, text, language_code, created_by, updated_by, created_at, updated_at, tags, source_type, review_status, auto_approved) VALUES (426, 'Essayez des termes de recherche différents ou ajoutez une nouvelle expression', 'fr', 'langmap', 'langmap', datetime('now'), datetime('now'), '["langmap"]', 'ai', 'approved', 1);
INSERT INTO expression_meanings (expression_id, meaning_id, created_by, updated_by, created_at, updated_at) VALUES (426, 35, 'langmap', 'langmap', datetime('now'), datetime('now'));
INSERT INTO expression_versions (expression_id, text, created_by, created_at) VALUES (426, 'Essayez des termes de recherche différents ou ajoutez une nouvelle expression', 'langmap', datetime('now'));
INSERT INTO expressions (id, text, language_code, created_by, updated_by, created_at, updated_at, tags, source_type, review_status, auto_approved) VALUES (427, 'Ajouter "{expression}"', 'fr', 'langmap', 'langmap', datetime('now'), datetime('now'), '["langmap"]', 'ai', 'approved', 1);
INSERT INTO expression_meanings (expression_id, meaning_id, created_by, updated_by, created_at, updated_at) VALUES (427, 36, 'langmap', 'langmap', datetime('now'), datetime('now'));
INSERT INTO expression_versions (expression_id, text, created_by, created_at) VALUES (427, 'Ajouter "{expression}"', 'langmap', datetime('now'));
INSERT INTO expressions (id, text, language_code, created_by, updated_by, created_at, updated_at, tags, source_type, review_status, auto_approved) VALUES (428, 'nouvelle expression', 'fr', 'langmap', 'langmap', datetime('now'), datetime('now'), '["langmap"]', 'ai', 'approved', 1);
INSERT INTO expression_meanings (expression_id, meaning_id, created_by, updated_by, created_at, updated_at) VALUES (428, 37, 'langmap', 'langmap', datetime('now'), datetime('now'));
INSERT INTO expression_versions (expression_id, text, created_by, created_at) VALUES (428, 'nouvelle expression', 'langmap', datetime('now'));
INSERT INTO expressions (id, text, language_code, created_by, updated_by, created_at, updated_at, tags, source_type, review_status, auto_approved) VALUES (429, 'Trouvé {count} expression{plural}', 'fr', 'langmap', 'langmap', datetime('now'), datetime('now'), '["langmap"]', 'ai', 'approved', 1);
INSERT INTO expression_meanings (expression_id, meaning_id, created_by, updated_by, created_at, updated_at) VALUES (429, 38, 'langmap', 'langmap', datetime('now'), datetime('now'));
INSERT INTO expression_versions (expression_id, text, created_by, created_at) VALUES (429, 'Trouvé {count} expression{plural}', 'langmap', datetime('now'));
INSERT INTO expressions (id, text, language_code, created_by, updated_by, created_at, updated_at, tags, source_type, review_status, auto_approved) VALUES (430, 'Retour', 'fr', 'langmap', 'langmap', datetime('now'), datetime('now'), '["langmap"]', 'ai', 'approved', 1);
INSERT INTO expression_meanings (expression_id, meaning_id, created_by, updated_by, created_at, updated_at) VALUES (430, 39, 'langmap', 'langmap', datetime('now'), datetime('now'));
INSERT INTO expression_versions (expression_id, text, created_by, created_at) VALUES (430, 'Retour', 'langmap', datetime('now'));
INSERT INTO expressions (id, text, language_code, created_by, updated_by, created_at, updated_at, tags, source_type, review_status, auto_approved) VALUES (431, 'Ajouter une nouvelle expression', 'fr', 'langmap', 'langmap', datetime('now'), datetime('now'), '["langmap"]', 'ai', 'approved', 1);
INSERT INTO expression_meanings (expression_id, meaning_id, created_by, updated_by, created_at, updated_at) VALUES (431, 40, 'langmap', 'langmap', datetime('now'), datetime('now'));
INSERT INTO expression_versions (expression_id, text, created_by, created_at) VALUES (431, 'Ajouter une nouvelle expression', 'langmap', datetime('now'));
INSERT INTO expressions (id, text, language_code, created_by, updated_by, created_at, updated_at, tags, source_type, review_status, auto_approved) VALUES (432, 'Texte', 'fr', 'langmap', 'langmap', datetime('now'), datetime('now'), '["langmap"]', 'ai', 'approved', 1);
INSERT INTO expression_meanings (expression_id, meaning_id, created_by, updated_by, created_at, updated_at) VALUES (432, 41, 'langmap', 'langmap', datetime('now'), datetime('now'));
INSERT INTO expression_versions (expression_id, text, created_by, created_at) VALUES (432, 'Texte', 'langmap', datetime('now'));
INSERT INTO expressions (id, text, language_code, created_by, updated_by, created_at, updated_at, tags, source_type, review_status, auto_approved) VALUES (433, 'Entrez l''expression linguistique', 'fr', 'langmap', 'langmap', datetime('now'), datetime('now'), '["langmap"]', 'ai', 'approved', 1);
INSERT INTO expression_meanings (expression_id, meaning_id, created_by, updated_by, created_at, updated_at) VALUES (433, 42, 'langmap', 'langmap', datetime('now'), datetime('now'));
INSERT INTO expression_versions (expression_id, text, created_by, created_at) VALUES (433, 'Entrez l''expression linguistique', 'langmap', datetime('now'));
INSERT INTO expressions (id, text, language_code, created_by, updated_by, created_at, updated_at, tags, source_type, review_status, auto_approved) VALUES (434, 'Le mot ou la phrase réelle dans la langue', 'fr', 'langmap', 'langmap', datetime('now'), datetime('now'), '["langmap"]', 'ai', 'approved', 1);
INSERT INTO expression_meanings (expression_id, meaning_id, created_by, updated_by, created_at, updated_at) VALUES (434, 43, 'langmap', 'langmap', datetime('now'), datetime('now'));
INSERT INTO expression_versions (expression_id, text, created_by, created_at) VALUES (434, 'Le mot ou la phrase réelle dans la langue', 'langmap', datetime('now'));
INSERT INTO expressions (id, text, language_code, created_by, updated_by, created_at, updated_at, tags, source_type, review_status, auto_approved) VALUES (435, 'Langue', 'fr', 'langmap', 'langmap', datetime('now'), datetime('now'), '["langmap"]', 'ai', 'approved', 1);
INSERT INTO expression_meanings (expression_id, meaning_id, created_by, updated_by, created_at, updated_at) VALUES (435, 44, 'langmap', 'langmap', datetime('now'), datetime('now'));
INSERT INTO expression_versions (expression_id, text, created_by, created_at) VALUES (435, 'Langue', 'langmap', datetime('now'));
INSERT INTO expressions (id, text, language_code, created_by, updated_by, created_at, updated_at, tags, source_type, review_status, auto_approved) VALUES (436, 'Sélectionner la langue', 'fr', 'langmap', 'langmap', datetime('now'), datetime('now'), '["langmap"]', 'ai', 'approved', 1);
INSERT INTO expression_meanings (expression_id, meaning_id, created_by, updated_by, created_at, updated_at) VALUES (436, 45, 'langmap', 'langmap', datetime('now'), datetime('now'));
INSERT INTO expression_versions (expression_id, text, created_by, created_at) VALUES (436, 'Sélectionner la langue', 'langmap', datetime('now'));
INSERT INTO expressions (id, text, language_code, created_by, updated_by, created_at, updated_at, tags, source_type, review_status, auto_approved) VALUES (437, 'Sélectionnez la langue pour cette expression', 'fr', 'langmap', 'langmap', datetime('now'), datetime('now'), '["langmap"]', 'ai', 'approved', 1);
INSERT INTO expression_meanings (expression_id, meaning_id, created_by, updated_by, created_at, updated_at) VALUES (437, 46, 'langmap', 'langmap', datetime('now'), datetime('now'));
INSERT INTO expression_versions (expression_id, text, created_by, created_at) VALUES (437, 'Sélectionnez la langue pour cette expression', 'langmap', datetime('now'));
INSERT INTO expressions (id, text, language_code, created_by, updated_by, created_at, updated_at, tags, source_type, review_status, auto_approved) VALUES (438, 'Sélectionner la langue...', 'fr', 'langmap', 'langmap', datetime('now'), datetime('now'), '["langmap"]', 'ai', 'approved', 1);
INSERT INTO expression_meanings (expression_id, meaning_id, created_by, updated_by, created_at, updated_at) VALUES (438, 47, 'langmap', 'langmap', datetime('now'), datetime('now'));
INSERT INTO expression_versions (expression_id, text, created_by, created_at) VALUES (438, 'Sélectionner la langue...', 'langmap', datetime('now'));
INSERT INTO expressions (id, text, language_code, created_by, updated_by, created_at, updated_at, tags, source_type, review_status, auto_approved) VALUES (439, 'Chargement des langues...', 'fr', 'langmap', 'langmap', datetime('now'), datetime('now'), '["langmap"]', 'ai', 'approved', 1);
INSERT INTO expression_meanings (expression_id, meaning_id, created_by, updated_by, created_at, updated_at) VALUES (439, 48, 'langmap', 'langmap', datetime('now'), datetime('now'));
INSERT INTO expression_versions (expression_id, text, created_by, created_at) VALUES (439, 'Chargement des langues...', 'langmap', datetime('now'));
INSERT INTO expressions (id, text, language_code, created_by, updated_by, created_at, updated_at, tags, source_type, review_status, auto_approved) VALUES (440, 'Région (facultatif)', 'fr', 'langmap', 'langmap', datetime('now'), datetime('now'), '["langmap"]', 'ai', 'approved', 1);
INSERT INTO expression_meanings (expression_id, meaning_id, created_by, updated_by, created_at, updated_at) VALUES (440, 49, 'langmap', 'langmap', datetime('now'), datetime('now'));
INSERT INTO expression_versions (expression_id, text, created_by, created_at) VALUES (440, 'Région (facultatif)', 'langmap', datetime('now'));
INSERT INTO expressions (id, text, language_code, created_by, updated_by, created_at, updated_at, tags, source_type, review_status, auto_approved) VALUES (441, 'ex. Chine, Espagne, Global', 'fr', 'langmap', 'langmap', datetime('now'), datetime('now'), '["langmap"]', 'ai', 'approved', 1);
INSERT INTO expression_meanings (expression_id, meaning_id, created_by, updated_by, created_at, updated_at) VALUES (441, 50, 'langmap', 'langmap', datetime('now'), datetime('now'));
INSERT INTO expression_versions (expression_id, text, created_by, created_at) VALUES (441, 'ex. Chine, Espagne, Global', 'langmap', datetime('now'));
INSERT INTO expressions (id, text, language_code, created_by, updated_by, created_at, updated_at, tags, source_type, review_status, auto_approved) VALUES (442, 'Région géographique ou zone', 'fr', 'langmap', 'langmap', datetime('now'), datetime('now'), '["langmap"]', 'ai', 'approved', 1);
INSERT INTO expression_meanings (expression_id, meaning_id, created_by, updated_by, created_at, updated_at) VALUES (442, 51, 'langmap', 'langmap', datetime('now'), datetime('now'));
INSERT INTO expression_versions (expression_id, text, created_by, created_at) VALUES (442, 'Région géographique ou zone', 'langmap', datetime('now'));
INSERT INTO expressions (id, text, language_code, created_by, updated_by, created_at, updated_at, tags, source_type, review_status, auto_approved) VALUES (443, 'Détecter ma position', 'fr', 'langmap', 'langmap', datetime('now'), datetime('now'), '["langmap"]', 'ai', 'approved', 1);
INSERT INTO expression_meanings (expression_id, meaning_id, created_by, updated_by, created_at, updated_at) VALUES (443, 52, 'langmap', 'langmap', datetime('now'), datetime('now'));
INSERT INTO expression_versions (expression_id, text, created_by, created_at) VALUES (443, 'Détecter ma position', 'langmap', datetime('now'));
INSERT INTO expressions (id, text, language_code, created_by, updated_by, created_at, updated_at, tags, source_type, review_status, auto_approved) VALUES (444, 'Sélectionner sur la carte', 'fr', 'langmap', 'langmap', datetime('now'), datetime('now'), '["langmap"]', 'ai', 'approved', 1);
INSERT INTO expression_meanings (expression_id, meaning_id, created_by, updated_by, created_at, updated_at) VALUES (444, 53, 'langmap', 'langmap', datetime('now'), datetime('now'));
INSERT INTO expression_versions (expression_id, text, created_by, created_at) VALUES (444, 'Sélectionner sur la carte', 'langmap', datetime('now'));
INSERT INTO expressions (id, text, language_code, created_by, updated_by, created_at, updated_at, tags, source_type, review_status, auto_approved) VALUES (445, 'Cliquez sur la carte pour sélectionner une région', 'fr', 'langmap', 'langmap', datetime('now'), datetime('now'), '["langmap"]', 'ai', 'approved', 1);
INSERT INTO expression_meanings (expression_id, meaning_id, created_by, updated_by, created_at, updated_at) VALUES (445, 54, 'langmap', 'langmap', datetime('now'), datetime('now'));
INSERT INTO expression_versions (expression_id, text, created_by, created_at) VALUES (445, 'Cliquez sur la carte pour sélectionner une région', 'langmap', datetime('now'));
INSERT INTO expressions (id, text, language_code, created_by, updated_by, created_at, updated_at, tags, source_type, review_status, auto_approved) VALUES (446, 'La géolocalisation n''est pas prise en charge par votre navigateur', 'fr', 'langmap', 'langmap', datetime('now'), datetime('now'), '["langmap"]', 'ai', 'approved', 1);
INSERT INTO expression_meanings (expression_id, meaning_id, created_by, updated_by, created_at, updated_at) VALUES (446, 55, 'langmap', 'langmap', datetime('now'), datetime('now'));
INSERT INTO expression_versions (expression_id, text, created_by, created_at) VALUES (446, 'La géolocalisation n''est pas prise en charge par votre navigateur', 'langmap', datetime('now'));
INSERT INTO expressions (id, text, language_code, created_by, updated_by, created_at, updated_at, tags, source_type, review_status, auto_approved) VALUES (447, 'Échec de la détection de votre position', 'fr', 'langmap', 'langmap', datetime('now'), datetime('now'), '["langmap"]', 'ai', 'approved', 1);
INSERT INTO expression_meanings (expression_id, meaning_id, created_by, updated_by, created_at, updated_at) VALUES (447, 56, 'langmap', 'langmap', datetime('now'), datetime('now'));
INSERT INTO expression_versions (expression_id, text, created_by, created_at) VALUES (447, 'Échec de la détection de votre position', 'langmap', datetime('now'));
INSERT INTO expressions (id, text, language_code, created_by, updated_by, created_at, updated_at, tags, source_type, review_status, auto_approved) VALUES (448, 'Analyse des informations de localisation...', 'fr', 'langmap', 'langmap', datetime('now'), datetime('now'), '["langmap"]', 'ai', 'approved', 1);
INSERT INTO expression_meanings (expression_id, meaning_id, created_by, updated_by, created_at, updated_at) VALUES (448, 57, 'langmap', 'langmap', datetime('now'), datetime('now'));
INSERT INTO expression_versions (expression_id, text, created_by, created_at) VALUES (448, 'Analyse des informations de localisation...', 'langmap', datetime('now'));
INSERT INTO expressions (id, text, language_code, created_by, updated_by, created_at, updated_at, tags, source_type, review_status, auto_approved) VALUES (449, 'Échec de l''analyse des informations de localisation', 'fr', 'langmap', 'langmap', datetime('now'), datetime('now'), '["langmap"]', 'ai', 'approved', 1);
INSERT INTO expression_meanings (expression_id, meaning_id, created_by, updated_by, created_at, updated_at) VALUES (449, 58, 'langmap', 'langmap', datetime('now'), datetime('now'));
INSERT INTO expression_versions (expression_id, text, created_by, created_at) VALUES (449, 'Échec de l''analyse des informations de localisation', 'langmap', datetime('now'));
INSERT INTO expressions (id, text, language_code, created_by, updated_by, created_at, updated_at, tags, source_type, review_status, auto_approved) VALUES (450, 'Référence de source (facultatif)', 'fr', 'langmap', 'langmap', datetime('now'), datetime('now'), '["langmap"]', 'ai', 'approved', 1);
INSERT INTO expression_meanings (expression_id, meaning_id, created_by, updated_by, created_at, updated_at) VALUES (450, 59, 'langmap', 'langmap', datetime('now'), datetime('now'));
INSERT INTO expression_versions (expression_id, text, created_by, created_at) VALUES (450, 'Référence de source (facultatif)', 'langmap', datetime('now'));
INSERT INTO expressions (id, text, language_code, created_by, updated_by, created_at, updated_at, tags, source_type, review_status, auto_approved) VALUES (451, 'ex. Wiktionary, Dictionary.com, ou une URL', 'fr', 'langmap', 'langmap', datetime('now'), datetime('now'), '["langmap"]', 'ai', 'approved', 1);
INSERT INTO expression_meanings (expression_id, meaning_id, created_by, updated_by, created_at, updated_at) VALUES (451, 60, 'langmap', 'langmap', datetime('now'), datetime('now'));
INSERT INTO expression_versions (expression_id, text, created_by, created_at) VALUES (451, 'ex. Wiktionary, Dictionary.com, ou une URL', 'langmap', datetime('now'));
INSERT INTO expressions (id, text, language_code, created_by, updated_by, created_at, updated_at, tags, source_type, review_status, auto_approved) VALUES (452, 'Origine ou référence pour cette expression', 'fr', 'langmap', 'langmap', datetime('now'), datetime('now'), '["langmap"]', 'ai', 'approved', 1);
INSERT INTO expression_meanings (expression_id, meaning_id, created_by, updated_by, created_at, updated_at) VALUES (452, 61, 'langmap', 'langmap', datetime('now'), datetime('now'));
INSERT INTO expression_versions (expression_id, text, created_by, created_at) VALUES (452, 'Origine ou référence pour cette expression', 'langmap', datetime('now'));
INSERT INTO expressions (id, text, language_code, created_by, updated_by, created_at, updated_at, tags, source_type, review_status, auto_approved) VALUES (453, 'Créer l''expression', 'fr', 'langmap', 'langmap', datetime('now'), datetime('now'), '["langmap"]', 'ai', 'approved', 1);
INSERT INTO expression_meanings (expression_id, meaning_id, created_by, updated_by, created_at, updated_at) VALUES (453, 62, 'langmap', 'langmap', datetime('now'), datetime('now'));
INSERT INTO expression_versions (expression_id, text, created_by, created_at) VALUES (453, 'Créer l''expression', 'langmap', datetime('now'));
INSERT INTO expressions (id, text, language_code, created_by, updated_by, created_at, updated_at, tags, source_type, review_status, auto_approved) VALUES (454, 'Annuler', 'fr', 'langmap', 'langmap', datetime('now'), datetime('now'), '["langmap"]', 'ai', 'approved', 1);
INSERT INTO expression_meanings (expression_id, meaning_id, created_by, updated_by, created_at, updated_at) VALUES (454, 64, 'langmap', 'langmap', datetime('now'), datetime('now'));
INSERT INTO expression_versions (expression_id, text, created_by, created_at) VALUES (454, 'Annuler', 'langmap', datetime('now'));
INSERT INTO expressions (id, text, language_code, created_by, updated_by, created_at, updated_at, tags, source_type, review_status, auto_approved) VALUES (455, 'La langue et le texte sont requis.', 'fr', 'langmap', 'langmap', datetime('now'), datetime('now'), '["langmap"]', 'ai', 'approved', 1);
INSERT INTO expression_meanings (expression_id, meaning_id, created_by, updated_by, created_at, updated_at) VALUES (455, 65, 'langmap', 'langmap', datetime('now'), datetime('now'));
INSERT INTO expression_versions (expression_id, text, created_by, created_at) VALUES (455, 'La langue et le texte sont requis.', 'langmap', datetime('now'));
INSERT INTO expressions (id, text, language_code, created_by, updated_by, created_at, updated_at, tags, source_type, review_status, auto_approved) VALUES (456, 'Associer à une signification', 'fr', 'langmap', 'langmap', datetime('now'), datetime('now'), '["langmap"]', 'ai', 'approved', 1);
INSERT INTO expression_meanings (expression_id, meaning_id, created_by, updated_by, created_at, updated_at) VALUES (456, 66, 'langmap', 'langmap', datetime('now'), datetime('now'));
INSERT INTO expression_versions (expression_id, text, created_by, created_at) VALUES (456, 'Associer à une signification', 'langmap', datetime('now'));
INSERT INTO expressions (id, text, language_code, created_by, updated_by, created_at, updated_at, tags, source_type, review_status, auto_approved) VALUES (457, 'Associer à une signification existante', 'fr', 'langmap', 'langmap', datetime('now'), datetime('now'), '["langmap"]', 'ai', 'approved', 1);
INSERT INTO expression_meanings (expression_id, meaning_id, created_by, updated_by, created_at, updated_at) VALUES (457, 67, 'langmap', 'langmap', datetime('now'), datetime('now'));
INSERT INTO expression_versions (expression_id, text, created_by, created_at) VALUES (457, 'Associer à une signification existante', 'langmap', datetime('now'));
INSERT INTO expressions (id, text, language_code, created_by, updated_by, created_at, updated_at, tags, source_type, review_status, auto_approved) VALUES (458, 'Associer à une nouvelle signification', 'fr', 'langmap', 'langmap', datetime('now'), datetime('now'), '["langmap"]', 'ai', 'approved', 1);
INSERT INTO expression_meanings (expression_id, meaning_id, created_by, updated_by, created_at, updated_at) VALUES (458, 68, 'langmap', 'langmap', datetime('now'), datetime('now'));
INSERT INTO expression_versions (expression_id, text, created_by, created_at) VALUES (458, 'Associer à une nouvelle signification', 'langmap', datetime('now'));
INSERT INTO expressions (id, text, language_code, created_by, updated_by, created_at, updated_at, tags, source_type, review_status, auto_approved) VALUES (459, 'Expression sélectionnée:', 'fr', 'langmap', 'langmap', datetime('now'), datetime('now'), '["langmap"]', 'ai', 'approved', 1);
INSERT INTO expression_meanings (expression_id, meaning_id, created_by, updated_by, created_at, updated_at) VALUES (459, 69, 'langmap', 'langmap', datetime('now'), datetime('now'));
INSERT INTO expression_versions (expression_id, text, created_by, created_at) VALUES (459, 'Expression sélectionnée:', 'langmap', datetime('now'));
INSERT INTO expressions (id, text, language_code, created_by, updated_by, created_at, updated_at, tags, source_type, review_status, auto_approved) VALUES (460, 'Glose de la signification', 'fr', 'langmap', 'langmap', datetime('now'), datetime('now'), '["langmap"]', 'ai', 'approved', 1);
INSERT INTO expression_meanings (expression_id, meaning_id, created_by, updated_by, created_at, updated_at) VALUES (460, 70, 'langmap', 'langmap', datetime('now'), datetime('now'));
INSERT INTO expression_versions (expression_id, text, created_by, created_at) VALUES (460, 'Glose de la signification', 'langmap', datetime('now'));
INSERT INTO expressions (id, text, language_code, created_by, updated_by, created_at, updated_at, tags, source_type, review_status, auto_approved) VALUES (461, 'Identifiant bref pour cette signification', 'fr', 'langmap', 'langmap', datetime('now'), datetime('now'), '["langmap"]', 'ai', 'approved', 1);
INSERT INTO expression_meanings (expression_id, meaning_id, created_by, updated_by, created_at, updated_at) VALUES (461, 71, 'langmap', 'langmap', datetime('now'), datetime('now'));
INSERT INTO expression_versions (expression_id, text, created_by, created_at) VALUES (461, 'Identifiant bref pour cette signification', 'langmap', datetime('now'));
INSERT INTO expressions (id, text, language_code, created_by, updated_by, created_at, updated_at, tags, source_type, review_status, auto_approved) VALUES (462, 'Une courte phrase qui capture l''essence de cette signification', 'fr', 'langmap', 'langmap', datetime('now'), datetime('now'), '["langmap"]', 'ai', 'approved', 1);
INSERT INTO expression_meanings (expression_id, meaning_id, created_by, updated_by, created_at, updated_at) VALUES (462, 72, 'langmap', 'langmap', datetime('now'), datetime('now'));
INSERT INTO expression_versions (expression_id, text, created_by, created_at) VALUES (462, 'Une courte phrase qui capture l''essence de cette signification', 'langmap', datetime('now'));
INSERT INTO expressions (id, text, language_code, created_by, updated_by, created_at, updated_at, tags, source_type, review_status, auto_approved) VALUES (463, 'Description de la signification', 'fr', 'langmap', 'langmap', datetime('now'), datetime('now'), '["langmap"]', 'ai', 'approved', 1);
INSERT INTO expression_meanings (expression_id, meaning_id, created_by, updated_by, created_at, updated_at) VALUES (463, 73, 'langmap', 'langmap', datetime('now'), datetime('now'));
INSERT INTO expression_versions (expression_id, text, created_by, created_at) VALUES (463, 'Description de la signification', 'langmap', datetime('now'));
INSERT INTO expressions (id, text, language_code, created_by, updated_by, created_at, updated_at, tags, source_type, review_status, auto_approved) VALUES (464, 'Explication détaillée de cette signification', 'fr', 'langmap', 'langmap', datetime('now'), datetime('now'), '["langmap"]', 'ai', 'approved', 1);
INSERT INTO expression_meanings (expression_id, meaning_id, created_by, updated_by, created_at, updated_at) VALUES (464, 74, 'langmap', 'langmap', datetime('now'), datetime('now'));
INSERT INTO expression_versions (expression_id, text, created_by, created_at) VALUES (464, 'Explication détaillée de cette signification', 'langmap', datetime('now'));
INSERT INTO expressions (id, text, language_code, created_by, updated_by, created_at, updated_at, tags, source_type, review_status, auto_approved) VALUES (465, 'Une description complète de ce que représente cette signification', 'fr', 'langmap', 'langmap', datetime('now'), datetime('now'), '["langmap"]', 'ai', 'approved', 1);
INSERT INTO expression_meanings (expression_id, meaning_id, created_by, updated_by, created_at, updated_at) VALUES (465, 75, 'langmap', 'langmap', datetime('now'), datetime('now'));
INSERT INTO expression_versions (expression_id, text, created_by, created_at) VALUES (465, 'Une description complète de ce que représente cette signification', 'langmap', datetime('now'));
INSERT INTO expressions (id, text, language_code, created_by, updated_by, created_at, updated_at, tags, source_type, review_status, auto_approved) VALUES (466, 'Étiquettes', 'fr', 'langmap', 'langmap', datetime('now'), datetime('now'), '["langmap"]', 'ai', 'approved', 1);
INSERT INTO expression_meanings (expression_id, meaning_id, created_by, updated_by, created_at, updated_at) VALUES (466, 76, 'langmap', 'langmap', datetime('now'), datetime('now'));
INSERT INTO expression_versions (expression_id, text, created_by, created_at) VALUES (466, 'Étiquettes', 'langmap', datetime('now'));
INSERT INTO expressions (id, text, language_code, created_by, updated_by, created_at, updated_at, tags, source_type, review_status, auto_approved) VALUES (467, 'Ajouter une étiquette...', 'fr', 'langmap', 'langmap', datetime('now'), datetime('now'), '["langmap"]', 'ai', 'approved', 1);
INSERT INTO expression_meanings (expression_id, meaning_id, created_by, updated_by, created_at, updated_at) VALUES (467, 77, 'langmap', 'langmap', datetime('now'), datetime('now'));
INSERT INTO expression_versions (expression_id, text, created_by, created_at) VALUES (467, 'Ajouter une étiquette...', 'langmap', datetime('now'));
INSERT INTO expressions (id, text, language_code, created_by, updated_by, created_at, updated_at, tags, source_type, review_status, auto_approved) VALUES (468, 'Les étiquettes aident à catégoriser et trouver des significations (appuyez sur Entrée ou virgule pour ajouter)', 'fr', 'langmap', 'langmap', datetime('now'), datetime('now'), '["langmap"]', 'ai', 'approved', 1);
INSERT INTO expression_meanings (expression_id, meaning_id, created_by, updated_by, created_at, updated_at) VALUES (468, 78, 'langmap', 'langmap', datetime('now'), datetime('now'));
INSERT INTO expression_versions (expression_id, text, created_by, created_at) VALUES (468, 'Les étiquettes aident à catégoriser et trouver des significations (appuyez sur Entrée ou virgule pour ajouter)', 'langmap', datetime('now'));
INSERT INTO expressions (id, text, language_code, created_by, updated_by, created_at, updated_at, tags, source_type, review_status, auto_approved) VALUES (469, 'Ajouter une langue', 'fr', 'langmap', 'langmap', datetime('now'), datetime('now'), '["langmap"]', 'ai', 'approved', 1);
INSERT INTO expression_meanings (expression_id, meaning_id, created_by, updated_by, created_at, updated_at) VALUES (469, 79, 'langmap', 'langmap', datetime('now'), datetime('now'));
INSERT INTO expression_versions (expression_id, text, created_by, created_at) VALUES (469, 'Ajouter une langue', 'langmap', datetime('now'));
INSERT INTO expressions (id, text, language_code, created_by, updated_by, created_at, updated_at, tags, source_type, review_status, auto_approved) VALUES (470, 'Code de langue', 'fr', 'langmap', 'langmap', datetime('now'), datetime('now'), '["langmap"]', 'ai', 'approved', 1);
INSERT INTO expression_meanings (expression_id, meaning_id, created_by, updated_by, created_at, updated_at) VALUES (470, 80, 'langmap', 'langmap', datetime('now'), datetime('now'));
INSERT INTO expression_versions (expression_id, text, created_by, created_at) VALUES (470, 'Code de langue', 'langmap', datetime('now'));
INSERT INTO expressions (id, text, language_code, created_by, updated_by, created_at, updated_at, tags, source_type, review_status, auto_approved) VALUES (471, 'ex. custom-lang, toki-pona', 'fr', 'langmap', 'langmap', datetime('now'), datetime('now'), '["langmap"]', 'ai', 'approved', 1);
INSERT INTO expression_meanings (expression_id, meaning_id, created_by, updated_by, created_at, updated_at) VALUES (471, 81, 'langmap', 'langmap', datetime('now'), datetime('now'));
INSERT INTO expression_versions (expression_id, text, created_by, created_at) VALUES (471, 'ex. custom-lang, toki-pona', 'langmap', datetime('now'));
INSERT INTO expressions (id, text, language_code, created_by, updated_by, created_at, updated_at, tags, source_type, review_status, auto_approved) VALUES (472, 'Code personnalisé pour votre langue (peut être non standard)', 'fr', 'langmap', 'langmap', datetime('now'), datetime('now'), '["langmap"]', 'ai', 'approved', 1);
INSERT INTO expression_meanings (expression_id, meaning_id, created_by, updated_by, created_at, updated_at) VALUES (472, 82, 'langmap', 'langmap', datetime('now'), datetime('now'));
INSERT INTO expression_versions (expression_id, text, created_by, created_at) VALUES (472, 'Code personnalisé pour votre langue (peut être non standard)', 'langmap', datetime('now'));
INSERT INTO expressions (id, text, language_code, created_by, updated_by, created_at, updated_at, tags, source_type, review_status, auto_approved) VALUES (473, 'Nom de la langue', 'fr', 'langmap', 'langmap', datetime('now'), datetime('now'), '["langmap"]', 'ai', 'approved', 1);
INSERT INTO expression_meanings (expression_id, meaning_id, created_by, updated_by, created_at, updated_at) VALUES (473, 83, 'langmap', 'langmap', datetime('now'), datetime('now'));
INSERT INTO expression_versions (expression_id, text, created_by, created_at) VALUES (473, 'Nom de la langue', 'langmap', datetime('now'));
INSERT INTO expressions (id, text, language_code, created_by, updated_by, created_at, updated_at, tags, source_type, review_status, auto_approved) VALUES (474, 'ex. Langue personnalisée', 'fr', 'langmap', 'langmap', datetime('now'), datetime('now'), '["langmap"]', 'ai', 'approved', 1);
INSERT INTO expression_meanings (expression_id, meaning_id, created_by, updated_by, created_at, updated_at) VALUES (474, 84, 'langmap', 'langmap', datetime('now'), datetime('now'));
INSERT INTO expression_versions (expression_id, text, created_by, created_at) VALUES (474, 'ex. Langue personnalisée', 'langmap', datetime('now'));
INSERT INTO expressions (id, text, language_code, created_by, updated_by, created_at, updated_at, tags, source_type, review_status, auto_approved) VALUES (475, 'Nom Natif', 'fr', 'langmap', 'langmap', datetime('now'), datetime('now'), '["langmap"]', 'ai', 'approved', 1);
INSERT INTO expression_meanings (expression_id, meaning_id, created_by, updated_by, created_at, updated_at) VALUES (475, 85, 'langmap', 'langmap', datetime('now'), datetime('now'));
INSERT INTO expression_versions (expression_id, text, created_by, created_at) VALUES (475, 'Nom Natif', 'langmap', datetime('now'));
INSERT INTO expressions (id, text, language_code, created_by, updated_by, created_at, updated_at, tags, source_type, review_status, auto_approved) VALUES (476, 'ex. Nom de la langue maternelle', 'fr', 'langmap', 'langmap', datetime('now'), datetime('now'), '["langmap"]', 'ai', 'approved', 1);
INSERT INTO expression_meanings (expression_id, meaning_id, created_by, updated_by, created_at, updated_at) VALUES (476, 86, 'langmap', 'langmap', datetime('now'), datetime('now'));
INSERT INTO expression_versions (expression_id, text, created_by, created_at) VALUES (476, 'ex. Nom de la langue maternelle', 'langmap', datetime('now'));
INSERT INTO expressions (id, text, language_code, created_by, updated_by, created_at, updated_at, tags, source_type, review_status, auto_approved) VALUES (477, 'Informations sur la région', 'fr', 'langmap', 'langmap', datetime('now'), datetime('now'), '["langmap"]', 'ai', 'approved', 1);
INSERT INTO expression_meanings (expression_id, meaning_id, created_by, updated_by, created_at, updated_at) VALUES (477, 87, 'langmap', 'langmap', datetime('now'), datetime('now'));
INSERT INTO expression_versions (expression_id, text, created_by, created_at) VALUES (477, 'Informations sur la région', 'langmap', datetime('now'));
INSERT INTO expressions (id, text, language_code, created_by, updated_by, created_at, updated_at, tags, source_type, review_status, auto_approved) VALUES (478, 'Nom de la Région', 'fr', 'langmap', 'langmap', datetime('now'), datetime('now'), '["langmap"]', 'ai', 'approved', 1);
INSERT INTO expression_meanings (expression_id, meaning_id, created_by, updated_by, created_at, updated_at) VALUES (478, 88, 'langmap', 'langmap', datetime('now'), datetime('now'));
INSERT INTO expression_versions (expression_id, text, created_by, created_at) VALUES (478, 'Nom de la Région', 'langmap', datetime('now'));
INSERT INTO expressions (id, text, language_code, created_by, updated_by, created_at, updated_at, tags, source_type, review_status, auto_approved) VALUES (479, 'ex. Londres, Royaume-Uni', 'fr', 'langmap', 'langmap', datetime('now'), datetime('now'), '["langmap"]', 'ai', 'approved', 1);
INSERT INTO expression_meanings (expression_id, meaning_id, created_by, updated_by, created_at, updated_at) VALUES (479, 89, 'langmap', 'langmap', datetime('now'), datetime('now'));
INSERT INTO expression_versions (expression_id, text, created_by, created_at) VALUES (479, 'ex. Londres, Royaume-Uni', 'langmap', datetime('now'));
INSERT INTO expressions (id, text, language_code, created_by, updated_by, created_at, updated_at, tags, source_type, review_status, auto_approved) VALUES (480, 'Nom de Région Natif', 'fr', 'langmap', 'langmap', datetime('now'), datetime('now'), '["langmap"]', 'ai', 'approved', 1);
INSERT INTO expression_meanings (expression_id, meaning_id, created_by, updated_by, created_at, updated_at) VALUES (480, 90, 'langmap', 'langmap', datetime('now'), datetime('now'));
INSERT INTO expression_versions (expression_id, text, created_by, created_at) VALUES (480, 'Nom de Région Natif', 'langmap', datetime('now'));
INSERT INTO expressions (id, text, language_code, created_by, updated_by, created_at, updated_at, tags, source_type, review_status, auto_approved) VALUES (481, 'ex. Londres, Royaume-Uni', 'fr', 'langmap', 'langmap', datetime('now'), datetime('now'), '["langmap"]', 'ai', 'approved', 1);
INSERT INTO expression_meanings (expression_id, meaning_id, created_by, updated_by, created_at, updated_at) VALUES (481, 91, 'langmap', 'langmap', datetime('now'), datetime('now'));
INSERT INTO expression_versions (expression_id, text, created_by, created_at) VALUES (481, 'ex. Londres, Royaume-Uni', 'langmap', datetime('now'));
INSERT INTO expressions (id, text, language_code, created_by, updated_by, created_at, updated_at, tags, source_type, review_status, auto_approved) VALUES (482, 'Latitude', 'fr', 'langmap', 'langmap', datetime('now'), datetime('now'), '["langmap"]', 'ai', 'approved', 1);
INSERT INTO expression_meanings (expression_id, meaning_id, created_by, updated_by, created_at, updated_at) VALUES (482, 92, 'langmap', 'langmap', datetime('now'), datetime('now'));
INSERT INTO expression_versions (expression_id, text, created_by, created_at) VALUES (482, 'Latitude', 'langmap', datetime('now'));
INSERT INTO expressions (id, text, language_code, created_by, updated_by, created_at, updated_at, tags, source_type, review_status, auto_approved) VALUES (483, 'ex. 51.5074', 'fr', 'langmap', 'langmap', datetime('now'), datetime('now'), '["langmap"]', 'ai', 'approved', 1);
INSERT INTO expression_meanings (expression_id, meaning_id, created_by, updated_by, created_at, updated_at) VALUES (483, 93, 'langmap', 'langmap', datetime('now'), datetime('now'));
INSERT INTO expression_versions (expression_id, text, created_by, created_at) VALUES (483, 'ex. 51.5074', 'langmap', datetime('now'));
INSERT INTO expressions (id, text, language_code, created_by, updated_by, created_at, updated_at, tags, source_type, review_status, auto_approved) VALUES (484, 'Longitude', 'fr', 'langmap', 'langmap', datetime('now'), datetime('now'), '["langmap"]', 'ai', 'approved', 1);
INSERT INTO expression_meanings (expression_id, meaning_id, created_by, updated_by, created_at, updated_at) VALUES (484, 94, 'langmap', 'langmap', datetime('now'), datetime('now'));
INSERT INTO expression_versions (expression_id, text, created_by, created_at) VALUES (484, 'Longitude', 'langmap', datetime('now'));
INSERT INTO expressions (id, text, language_code, created_by, updated_by, created_at, updated_at, tags, source_type, review_status, auto_approved) VALUES (485, 'ex. -0.1278', 'fr', 'langmap', 'langmap', datetime('now'), datetime('now'), '["langmap"]', 'ai', 'approved', 1);
INSERT INTO expression_meanings (expression_id, meaning_id, created_by, updated_by, created_at, updated_at) VALUES (485, 95, 'langmap', 'langmap', datetime('now'), datetime('now'));
INSERT INTO expression_versions (expression_id, text, created_by, created_at) VALUES (485, 'ex. -0.1278', 'langmap', datetime('now'));
INSERT INTO expressions (id, text, language_code, created_by, updated_by, created_at, updated_at, tags, source_type, review_status, auto_approved) VALUES (486, 'Masquer la carte', 'fr', 'langmap', 'langmap', datetime('now'), datetime('now'), '["langmap"]', 'ai', 'approved', 1);
INSERT INTO expression_meanings (expression_id, meaning_id, created_by, updated_by, created_at, updated_at) VALUES (486, 96, 'langmap', 'langmap', datetime('now'), datetime('now'));
INSERT INTO expression_versions (expression_id, text, created_by, created_at) VALUES (486, 'Masquer la carte', 'langmap', datetime('now'));
INSERT INTO expressions (id, text, language_code, created_by, updated_by, created_at, updated_at, tags, source_type, review_status, auto_approved) VALUES (487, 'Direction du Texte', 'fr', 'langmap', 'langmap', datetime('now'), datetime('now'), '["langmap"]', 'ai', 'approved', 1);
INSERT INTO expression_meanings (expression_id, meaning_id, created_by, updated_by, created_at, updated_at) VALUES (487, 97, 'langmap', 'langmap', datetime('now'), datetime('now'));
INSERT INTO expression_versions (expression_id, text, created_by, created_at) VALUES (487, 'Direction du Texte', 'langmap', datetime('now'));
INSERT INTO expressions (id, text, language_code, created_by, updated_by, created_at, updated_at, tags, source_type, review_status, auto_approved) VALUES (488, 'De gauche à droite (LTR)', 'fr', 'langmap', 'langmap', datetime('now'), datetime('now'), '["langmap"]', 'ai', 'approved', 1);
INSERT INTO expression_meanings (expression_id, meaning_id, created_by, updated_by, created_at, updated_at) VALUES (488, 98, 'langmap', 'langmap', datetime('now'), datetime('now'));
INSERT INTO expression_versions (expression_id, text, created_by, created_at) VALUES (488, 'De gauche à droite (LTR)', 'langmap', datetime('now'));
INSERT INTO expressions (id, text, language_code, created_by, updated_by, created_at, updated_at, tags, source_type, review_status, auto_approved) VALUES (489, 'De droite à gauche (RTL)', 'fr', 'langmap', 'langmap', datetime('now'), datetime('now'), '["langmap"]', 'ai', 'approved', 1);
INSERT INTO expression_meanings (expression_id, meaning_id, created_by, updated_by, created_at, updated_at) VALUES (489, 99, 'langmap', 'langmap', datetime('now'), datetime('now'));
INSERT INTO expression_versions (expression_id, text, created_by, created_at) VALUES (489, 'De droite à gauche (RTL)', 'langmap', datetime('now'));
INSERT INTO expressions (id, text, language_code, created_by, updated_by, created_at, updated_at, tags, source_type, review_status, auto_approved) VALUES (490, 'Ajout en cours...', 'fr', 'langmap', 'langmap', datetime('now'), datetime('now'), '["langmap"]', 'ai', 'approved', 1);
INSERT INTO expression_meanings (expression_id, meaning_id, created_by, updated_by, created_at, updated_at) VALUES (490, 100, 'langmap', 'langmap', datetime('now'), datetime('now'));
INSERT INTO expression_versions (expression_id, text, created_by, created_at) VALUES (490, 'Ajout en cours...', 'langmap', datetime('now'));
INSERT INTO expressions (id, text, language_code, created_by, updated_by, created_at, updated_at, tags, source_type, review_status, auto_approved) VALUES (491, 'Échec de l''ajout de la langue. Veuillez réessayer.', 'fr', 'langmap', 'langmap', datetime('now'), datetime('now'), '["langmap"]', 'ai', 'approved', 1);
INSERT INTO expression_meanings (expression_id, meaning_id, created_by, updated_by, created_at, updated_at) VALUES (491, 101, 'langmap', 'langmap', datetime('now'), datetime('now'));
INSERT INTO expression_versions (expression_id, text, created_by, created_at) VALUES (491, 'Échec de l''ajout de la langue. Veuillez réessayer.', 'langmap', datetime('now'));
INSERT INTO expressions (id, text, language_code, created_by, updated_by, created_at, updated_at, tags, source_type, review_status, auto_approved) VALUES (492, 'Retour à la recherche', 'fr', 'langmap', 'langmap', datetime('now'), datetime('now'), '["langmap"]', 'ai', 'approved', 1);
INSERT INTO expression_meanings (expression_id, meaning_id, created_by, updated_by, created_at, updated_at) VALUES (492, 102, 'langmap', 'langmap', datetime('now'), datetime('now'));
INSERT INTO expression_versions (expression_id, text, created_by, created_at) VALUES (492, 'Retour à la recherche', 'langmap', datetime('now'));
INSERT INTO expressions (id, text, language_code, created_by, updated_by, created_at, updated_at, tags, source_type, review_status, auto_approved) VALUES (493, 'Chargement des détails de l''expression...', 'fr', 'langmap', 'langmap', datetime('now'), datetime('now'), '["langmap"]', 'ai', 'approved', 1);
INSERT INTO expression_meanings (expression_id, meaning_id, created_by, updated_by, created_at, updated_at) VALUES (493, 103, 'langmap', 'langmap', datetime('now'), datetime('now'));
INSERT INTO expression_versions (expression_id, text, created_by, created_at) VALUES (493, 'Chargement des détails de l''expression...', 'langmap', datetime('now'));
INSERT INTO expressions (id, text, language_code, created_by, updated_by, created_at, updated_at, tags, source_type, review_status, auto_approved) VALUES (494, 'Détails de l''expression', 'fr', 'langmap', 'langmap', datetime('now'), datetime('now'), '["langmap"]', 'ai', 'approved', 1);
INSERT INTO expression_meanings (expression_id, meaning_id, created_by, updated_by, created_at, updated_at) VALUES (494, 104, 'langmap', 'langmap', datetime('now'), datetime('now'));
INSERT INTO expression_versions (expression_id, text, created_by, created_at) VALUES (494, 'Détails de l''expression', 'langmap', datetime('now'));
INSERT INTO expressions (id, text, language_code, created_by, updated_by, created_at, updated_at, tags, source_type, review_status, auto_approved) VALUES (495, 'Significations associées', 'fr', 'langmap', 'langmap', datetime('now'), datetime('now'), '["langmap"]', 'ai', 'approved', 1);
INSERT INTO expression_meanings (expression_id, meaning_id, created_by, updated_by, created_at, updated_at) VALUES (495, 105, 'langmap', 'langmap', datetime('now'), datetime('now'));
INSERT INTO expression_versions (expression_id, text, created_by, created_at) VALUES (495, 'Significations associées', 'langmap', datetime('now'));
INSERT INTO expressions (id, text, language_code, created_by, updated_by, created_at, updated_at, tags, source_type, review_status, auto_approved) VALUES (496, 'Associer des expressions', 'fr', 'langmap', 'langmap', datetime('now'), datetime('now'), '["langmap"]', 'ai', 'approved', 1);
INSERT INTO expression_meanings (expression_id, meaning_id, created_by, updated_by, created_at, updated_at) VALUES (496, 106, 'langmap', 'langmap', datetime('now'), datetime('now'));
INSERT INTO expression_versions (expression_id, text, created_by, created_at) VALUES (496, 'Associer des expressions', 'langmap', datetime('now'));
INSERT INTO expressions (id, text, language_code, created_by, updated_by, created_at, updated_at, tags, source_type, review_status, auto_approved) VALUES (497, 'Annuler', 'fr', 'langmap', 'langmap', datetime('now'), datetime('now'), '["langmap"]', 'ai', 'approved', 1);
INSERT INTO expression_meanings (expression_id, meaning_id, created_by, updated_by, created_at, updated_at) VALUES (497, 107, 'langmap', 'langmap', datetime('now'), datetime('now'));
INSERT INTO expression_versions (expression_id, text, created_by, created_at) VALUES (497, 'Annuler', 'langmap', datetime('now'));
INSERT INTO expressions (id, text, language_code, created_by, updated_by, created_at, updated_at, tags, source_type, review_status, auto_approved) VALUES (498, 'Rechercher des expressions à associer...', 'fr', 'langmap', 'langmap', datetime('now'), datetime('now'), '["langmap"]', 'ai', 'approved', 1);
INSERT INTO expression_meanings (expression_id, meaning_id, created_by, updated_by, created_at, updated_at) VALUES (498, 108, 'langmap', 'langmap', datetime('now'), datetime('now'));
INSERT INTO expression_versions (expression_id, text, created_by, created_at) VALUES (498, 'Rechercher des expressions à associer...', 'langmap', datetime('now'));
INSERT INTO expressions (id, text, language_code, created_by, updated_by, created_at, updated_at, tags, source_type, review_status, auto_approved) VALUES (499, 'Recherche', 'fr', 'langmap', 'langmap', datetime('now'), datetime('now'), '["langmap"]', 'ai', 'approved', 1);
INSERT INTO expression_meanings (expression_id, meaning_id, created_by, updated_by, created_at, updated_at) VALUES (499, 109, 'langmap', 'langmap', datetime('now'), datetime('now'));
INSERT INTO expression_versions (expression_id, text, created_by, created_at) VALUES (499, 'Recherche', 'langmap', datetime('now'));
INSERT INTO expressions (id, text, language_code, created_by, updated_by, created_at, updated_at, tags, source_type, review_status, auto_approved) VALUES (500, 'Recherche en cours...', 'fr', 'langmap', 'langmap', datetime('now'), datetime('now'), '["langmap"]', 'ai', 'approved', 1);
INSERT INTO expression_meanings (expression_id, meaning_id, created_by, updated_by, created_at, updated_at) VALUES (500, 110, 'langmap', 'langmap', datetime('now'), datetime('now'));
INSERT INTO expression_versions (expression_id, text, created_by, created_at) VALUES (500, 'Recherche en cours...', 'langmap', datetime('now'));
INSERT INTO expressions (id, text, language_code, created_by, updated_by, created_at, updated_at, tags, source_type, review_status, auto_approved) VALUES (501, 'Aucune expression trouvée. Essayez des termes de recherche différents.', 'fr', 'langmap', 'langmap', datetime('now'), datetime('now'), '["langmap"]', 'ai', 'approved', 1);
INSERT INTO expression_meanings (expression_id, meaning_id, created_by, updated_by, created_at, updated_at) VALUES (501, 111, 'langmap', 'langmap', datetime('now'), datetime('now'));
INSERT INTO expression_versions (expression_id, text, created_by, created_at) VALUES (501, 'Aucune expression trouvée. Essayez des termes de recherche différents.', 'langmap', datetime('now'));
INSERT INTO expressions (id, text, language_code, created_by, updated_by, created_at, updated_at, tags, source_type, review_status, auto_approved) VALUES (502, 'Lier', 'fr', 'langmap', 'langmap', datetime('now'), datetime('now'), '["langmap"]', 'ai', 'approved', 1);
INSERT INTO expression_meanings (expression_id, meaning_id, created_by, updated_by, created_at, updated_at) VALUES (502, 112, 'langmap', 'langmap', datetime('now'), datetime('now'));
INSERT INTO expression_versions (expression_id, text, created_by, created_at) VALUES (502, 'Lier', 'langmap', datetime('now'));
INSERT INTO expressions (id, text, language_code, created_by, updated_by, created_at, updated_at, tags, source_type, review_status, auto_approved) VALUES (503, 'Déjà lié', 'fr', 'langmap', 'langmap', datetime('now'), datetime('now'), '["langmap"]', 'ai', 'approved', 1);
INSERT INTO expression_meanings (expression_id, meaning_id, created_by, updated_by, created_at, updated_at) VALUES (503, 113, 'langmap', 'langmap', datetime('now'), datetime('now'));
INSERT INTO expression_versions (expression_id, text, created_by, created_at) VALUES (503, 'Déjà lié', 'langmap', datetime('now'));
INSERT INTO expressions (id, text, language_code, created_by, updated_by, created_at, updated_at, tags, source_type, review_status, auto_approved) VALUES (504, 'Les résultats de recherche incluent l''expression actuelle.', 'fr', 'langmap', 'langmap', datetime('now'), datetime('now'), '["langmap"]', 'ai', 'approved', 1);
INSERT INTO expression_meanings (expression_id, meaning_id, created_by, updated_by, created_at, updated_at) VALUES (504, 114, 'langmap', 'langmap', datetime('now'), datetime('now'));
INSERT INTO expression_versions (expression_id, text, created_by, created_at) VALUES (504, 'Les résultats de recherche incluent l''expression actuelle.', 'langmap', datetime('now'));
INSERT INTO expressions (id, text, language_code, created_by, updated_by, created_at, updated_at, tags, source_type, review_status, auto_approved) VALUES (505, 'Lier à la signification:', 'fr', 'langmap', 'langmap', datetime('now'), datetime('now'), '["langmap"]', 'ai', 'approved', 1);
INSERT INTO expression_meanings (expression_id, meaning_id, created_by, updated_by, created_at, updated_at) VALUES (505, 115, 'langmap', 'langmap', datetime('now'), datetime('now'));
INSERT INTO expression_versions (expression_id, text, created_by, created_at) VALUES (505, 'Lier à la signification:', 'langmap', datetime('now'));
INSERT INTO expressions (id, text, language_code, created_by, updated_by, created_at, updated_at, tags, source_type, review_status, auto_approved) VALUES (506, '-- Sélectionner une signification --', 'fr', 'langmap', 'langmap', datetime('now'), datetime('now'), '["langmap"]', 'ai', 'approved', 1);
INSERT INTO expression_meanings (expression_id, meaning_id, created_by, updated_by, created_at, updated_at) VALUES (506, 116, 'langmap', 'langmap', datetime('now'), datetime('now'));
INSERT INTO expression_versions (expression_id, text, created_by, created_at) VALUES (506, '-- Sélectionner une signification --', 'langmap', datetime('now'));
INSERT INTO expressions (id, text, language_code, created_by, updated_by, created_at, updated_at, tags, source_type, review_status, auto_approved) VALUES (507, 'Créer une nouvelle signification…', 'fr', 'langmap', 'langmap', datetime('now'), datetime('now'), '["langmap"]', 'ai', 'approved', 1);
INSERT INTO expression_meanings (expression_id, meaning_id, created_by, updated_by, created_at, updated_at) VALUES (507, 117, 'langmap', 'langmap', datetime('now'), datetime('now'));
INSERT INTO expression_versions (expression_id, text, created_by, created_at) VALUES (507, 'Créer une nouvelle signification…', 'langmap', datetime('now'));
INSERT INTO expressions (id, text, language_code, created_by, updated_by, created_at, updated_at, tags, source_type, review_status, auto_approved) VALUES (508, 'Glose de la nouvelle signification', 'fr', 'langmap', 'langmap', datetime('now'), datetime('now'), '["langmap"]', 'ai', 'approved', 1);
INSERT INTO expression_meanings (expression_id, meaning_id, created_by, updated_by, created_at, updated_at) VALUES (508, 118, 'langmap', 'langmap', datetime('now'), datetime('now'));
INSERT INTO expression_versions (expression_id, text, created_by, created_at) VALUES (508, 'Glose de la nouvelle signification', 'langmap', datetime('now'));
INSERT INTO expressions (id, text, language_code, created_by, updated_by, created_at, updated_at, tags, source_type, review_status, auto_approved) VALUES (509, 'Créer une signification', 'fr', 'langmap', 'langmap', datetime('now'), datetime('now'), '["langmap"]', 'ai', 'approved', 1);
INSERT INTO expression_meanings (expression_id, meaning_id, created_by, updated_by, created_at, updated_at) VALUES (509, 119, 'langmap', 'langmap', datetime('now'), datetime('now'));
INSERT INTO expression_versions (expression_id, text, created_by, created_at) VALUES (509, 'Créer une signification', 'langmap', datetime('now'));
INSERT INTO expressions (id, text, language_code, created_by, updated_by, created_at, updated_at, tags, source_type, review_status, auto_approved) VALUES (510, 'Aucune signification associée à cette expression', 'fr', 'langmap', 'langmap', datetime('now'), datetime('now'), '["langmap"]', 'ai', 'approved', 1);
INSERT INTO expression_meanings (expression_id, meaning_id, created_by, updated_by, created_at, updated_at) VALUES (510, 120, 'langmap', 'langmap', datetime('now'), datetime('now'));
INSERT INTO expression_versions (expression_id, text, created_by, created_at) VALUES (510, 'Aucune signification associée à cette expression', 'langmap', datetime('now'));
INSERT INTO expressions (id, text, language_code, created_by, updated_by, created_at, updated_at, tags, source_type, review_status, auto_approved) VALUES (511, 'Associer avec des significations', 'fr', 'langmap', 'langmap', datetime('now'), datetime('now'), '["langmap"]', 'ai', 'approved', 1);
INSERT INTO expression_meanings (expression_id, meaning_id, created_by, updated_by, created_at, updated_at) VALUES (511, 121, 'langmap', 'langmap', datetime('now'), datetime('now'));
INSERT INTO expression_versions (expression_id, text, created_by, created_at) VALUES (511, 'Associer avec des significations', 'langmap', datetime('now'));
INSERT INTO expressions (id, text, language_code, created_by, updated_by, created_at, updated_at, tags, source_type, review_status, auto_approved) VALUES (512, 'Global', 'fr', 'langmap', 'langmap', datetime('now'), datetime('now'), '["langmap"]', 'ai', 'approved', 1);
INSERT INTO expression_meanings (expression_id, meaning_id, created_by, updated_by, created_at, updated_at) VALUES (512, 122, 'langmap', 'langmap', datetime('now'), datetime('now'));
INSERT INTO expression_versions (expression_id, text, created_by, created_at) VALUES (512, 'Global', 'langmap', datetime('now'));
INSERT INTO expressions (id, text, language_code, created_by, updated_by, created_at, updated_at, tags, source_type, review_status, auto_approved) VALUES (513, 'Jouer', 'fr', 'langmap', 'langmap', datetime('now'), datetime('now'), '["langmap"]', 'ai', 'approved', 1);
INSERT INTO expression_meanings (expression_id, meaning_id, created_by, updated_by, created_at, updated_at) VALUES (513, 123, 'langmap', 'langmap', datetime('now'), datetime('now'));
INSERT INTO expression_versions (expression_id, text, created_by, created_at) VALUES (513, 'Jouer', 'langmap', datetime('now'));
INSERT INTO expressions (id, text, language_code, created_by, updated_by, created_at, updated_at, tags, source_type, review_status, auto_approved) VALUES (514, 'auto', 'fr', 'langmap', 'langmap', datetime('now'), datetime('now'), '["langmap"]', 'ai', 'approved', 1);
INSERT INTO expression_meanings (expression_id, meaning_id, created_by, updated_by, created_at, updated_at) VALUES (514, 124, 'langmap', 'langmap', datetime('now'), datetime('now'));
INSERT INTO expression_versions (expression_id, text, created_by, created_at) VALUES (514, 'auto', 'langmap', datetime('now'));
INSERT INTO expressions (id, text, language_code, created_by, updated_by, created_at, updated_at, tags, source_type, review_status, auto_approved) VALUES (515, 'Historique des versions', 'fr', 'langmap', 'langmap', datetime('now'), datetime('now'), '["langmap"]', 'ai', 'approved', 1);
INSERT INTO expression_meanings (expression_id, meaning_id, created_by, updated_by, created_at, updated_at) VALUES (515, 125, 'langmap', 'langmap', datetime('now'), datetime('now'));
INSERT INTO expression_versions (expression_id, text, created_by, created_at) VALUES (515, 'Historique des versions', 'langmap', datetime('now'));
INSERT INTO expressions (id, text, language_code, created_by, updated_by, created_at, updated_at, tags, source_type, review_status, auto_approved) VALUES (516, 'Chargement des versions...', 'fr', 'langmap', 'langmap', datetime('now'), datetime('now'), '["langmap"]', 'ai', 'approved', 1);
INSERT INTO expression_meanings (expression_id, meaning_id, created_by, updated_by, created_at, updated_at) VALUES (516, 126, 'langmap', 'langmap', datetime('now'), datetime('now'));
INSERT INTO expression_versions (expression_id, text, created_by, created_at) VALUES (516, 'Chargement des versions...', 'langmap', datetime('now'));
INSERT INTO expressions (id, text, language_code, created_by, updated_by, created_at, updated_at, tags, source_type, review_status, auto_approved) VALUES (517, 'Aucune version disponible', 'fr', 'langmap', 'langmap', datetime('now'), datetime('now'), '["langmap"]', 'ai', 'approved', 1);
INSERT INTO expression_meanings (expression_id, meaning_id, created_by, updated_by, created_at, updated_at) VALUES (517, 127, 'langmap', 'langmap', datetime('now'), datetime('now'));
INSERT INTO expression_versions (expression_id, text, created_by, created_at) VALUES (517, 'Aucune version disponible', 'langmap', datetime('now'));
INSERT INTO expressions (id, text, language_code, created_by, updated_by, created_at, updated_at, tags, source_type, review_status, auto_approved) VALUES (518, 'auto', 'fr', 'langmap', 'langmap', datetime('now'), datetime('now'), '["langmap"]', 'ai', 'approved', 1);
INSERT INTO expression_meanings (expression_id, meaning_id, created_by, updated_by, created_at, updated_at) VALUES (518, 128, 'langmap', 'langmap', datetime('now'), datetime('now'));
INSERT INTO expression_versions (expression_id, text, created_by, created_at) VALUES (518, 'auto', 'langmap', datetime('now'));
INSERT INTO expressions (id, text, language_code, created_by, updated_by, created_at, updated_at, tags, source_type, review_status, auto_approved) VALUES (519, 'Anonyme', 'fr', 'langmap', 'langmap', datetime('now'), datetime('now'), '["langmap"]', 'ai', 'approved', 1);
INSERT INTO expression_meanings (expression_id, meaning_id, created_by, updated_by, created_at, updated_at) VALUES (519, 129, 'langmap', 'langmap', datetime('now'), datetime('now'));
INSERT INTO expression_versions (expression_id, text, created_by, created_at) VALUES (519, 'Anonyme', 'langmap', datetime('now'));
INSERT INTO expressions (id, text, language_code, created_by, updated_by, created_at, updated_at, tags, source_type, review_status, auto_approved) VALUES (520, '探索世界語言', 'zh-TW', 'langmap', 'langmap', datetime('now'), datetime('now'), '["langmap"]', 'ai', 'approved', 1);
INSERT INTO expression_meanings (expression_id, meaning_id, created_by, updated_by, created_at, updated_at) VALUES (520, 1, 'langmap', 'langmap', datetime('now'), datetime('now'));
INSERT INTO expression_versions (expression_id, text, created_by, created_at) VALUES (520, '探索世界語言', 'langmap', datetime('now'));
INSERT INTO expressions (id, text, language_code, created_by, updated_by, created_at, updated_at, tags, source_type, review_status, auto_approved) VALUES (521, '發現各地區和文化的語言差異', 'zh-TW', 'langmap', 'langmap', datetime('now'), datetime('now'), '["langmap"]', 'ai', 'approved', 1);
INSERT INTO expression_meanings (expression_id, meaning_id, created_by, updated_by, created_at, updated_at) VALUES (521, 2, 'langmap', 'langmap', datetime('now'), datetime('now'));
INSERT INTO expression_versions (expression_id, text, created_by, created_at) VALUES (521, '發現各地區和文化的語言差異', 'langmap', datetime('now'));
INSERT INTO expressions (id, text, language_code, created_by, updated_by, created_at, updated_at, tags, source_type, review_status, auto_approved) VALUES (522, '搜尋詞句...', 'zh-TW', 'langmap', 'langmap', datetime('now'), datetime('now'), '["langmap"]', 'ai', 'approved', 1);
INSERT INTO expression_meanings (expression_id, meaning_id, created_by, updated_by, created_at, updated_at) VALUES (522, 3, 'langmap', 'langmap', datetime('now'), datetime('now'));
INSERT INTO expression_versions (expression_id, text, created_by, created_at) VALUES (522, '搜尋詞句...', 'langmap', datetime('now'));
INSERT INTO expressions (id, text, language_code, created_by, updated_by, created_at, updated_at, tags, source_type, review_status, auto_approved) VALUES (523, '搜尋', 'zh-TW', 'langmap', 'langmap', datetime('now'), datetime('now'), '["langmap"]', 'ai', 'approved', 1);
INSERT INTO expression_meanings (expression_id, meaning_id, created_by, updated_by, created_at, updated_at) VALUES (523, 4, 'langmap', 'langmap', datetime('now'), datetime('now'));
INSERT INTO expression_versions (expression_id, text, created_by, created_at) VALUES (523, '搜尋', 'langmap', datetime('now'));
INSERT INTO expressions (id, text, language_code, created_by, updated_by, created_at, updated_at, tags, source_type, review_status, auto_approved) VALUES (524, '總詞句數', 'zh-TW', 'langmap', 'langmap', datetime('now'), datetime('now'), '["langmap"]', 'ai', 'approved', 1);
INSERT INTO expression_meanings (expression_id, meaning_id, created_by, updated_by, created_at, updated_at) VALUES (524, 5, 'langmap', 'langmap', datetime('now'), datetime('now'));
INSERT INTO expression_versions (expression_id, text, created_by, created_at) VALUES (524, '總詞句數', 'langmap', datetime('now'));
INSERT INTO expressions (id, text, language_code, created_by, updated_by, created_at, updated_at, tags, source_type, review_status, auto_approved) VALUES (525, '語言', 'zh-TW', 'langmap', 'langmap', datetime('now'), datetime('now'), '["langmap"]', 'ai', 'approved', 1);
INSERT INTO expression_meanings (expression_id, meaning_id, created_by, updated_by, created_at, updated_at) VALUES (525, 6, 'langmap', 'langmap', datetime('now'), datetime('now'));
INSERT INTO expression_versions (expression_id, text, created_by, created_at) VALUES (525, '語言', 'langmap', datetime('now'));
INSERT INTO expressions (id, text, language_code, created_by, updated_by, created_at, updated_at, tags, source_type, review_status, auto_approved) VALUES (526, '地區', 'zh-TW', 'langmap', 'langmap', datetime('now'), datetime('now'), '["langmap"]', 'ai', 'approved', 1);
INSERT INTO expression_meanings (expression_id, meaning_id, created_by, updated_by, created_at, updated_at) VALUES (526, 7, 'langmap', 'langmap', datetime('now'), datetime('now'));
INSERT INTO expression_versions (expression_id, text, created_by, created_at) VALUES (526, '地區', 'langmap', datetime('now'));
INSERT INTO expressions (id, text, language_code, created_by, updated_by, created_at, updated_at, tags, source_type, review_status, auto_approved) VALUES (527, '全球語言分佈', 'zh-TW', 'langmap', 'langmap', datetime('now'), datetime('now'), '["langmap"]', 'ai', 'approved', 1);
INSERT INTO expression_meanings (expression_id, meaning_id, created_by, updated_by, created_at, updated_at) VALUES (527, 8, 'langmap', 'langmap', datetime('now'), datetime('now'));
INSERT INTO expression_versions (expression_id, text, created_by, created_at) VALUES (527, '全球語言分佈', 'langmap', datetime('now'));
INSERT INTO expressions (id, text, language_code, created_by, updated_by, created_at, updated_at, tags, source_type, review_status, auto_approved) VALUES (528, '探索不同地區的語言豐富性。圓圈越大表示該地區詞句越多。', 'zh-TW', 'langmap', 'langmap', datetime('now'), datetime('now'), '["langmap"]', 'ai', 'approved', 1);
INSERT INTO expression_meanings (expression_id, meaning_id, created_by, updated_by, created_at, updated_at) VALUES (528, 9, 'langmap', 'langmap', datetime('now'), datetime('now'));
INSERT INTO expression_versions (expression_id, text, created_by, created_at) VALUES (528, '探索不同地區的語言豐富性。圓圈越大表示該地區詞句越多。', 'langmap', datetime('now'));
INSERT INTO expressions (id, text, language_code, created_by, updated_by, created_at, updated_at, tags, source_type, review_status, auto_approved) VALUES (529, '詞句密度', 'zh-TW', 'langmap', 'langmap', datetime('now'), datetime('now'), '["langmap"]', 'ai', 'approved', 1);
INSERT INTO expression_meanings (expression_id, meaning_id, created_by, updated_by, created_at, updated_at) VALUES (529, 10, 'langmap', 'langmap', datetime('now'), datetime('now'));
INSERT INTO expression_versions (expression_id, text, created_by, created_at) VALUES (529, '詞句密度', 'langmap', datetime('now'));
INSERT INTO expressions (id, text, language_code, created_by, updated_by, created_at, updated_at, tags, source_type, review_status, auto_approved) VALUES (530, '開始使用', 'zh-TW', 'langmap', 'langmap', datetime('now'), datetime('now'), '["langmap"]', 'ai', 'approved', 1);
INSERT INTO expression_meanings (expression_id, meaning_id, created_by, updated_by, created_at, updated_at) VALUES (530, 11, 'langmap', 'langmap', datetime('now'), datetime('now'));
INSERT INTO expression_versions (expression_id, text, created_by, created_at) VALUES (530, '開始使用', 'langmap', datetime('now'));
INSERT INTO expressions (id, text, language_code, created_by, updated_by, created_at, updated_at, tags, source_type, review_status, auto_approved) VALUES (531, '搜尋詞句', 'zh-TW', 'langmap', 'langmap', datetime('now'), datetime('now'), '["langmap"]', 'ai', 'approved', 1);
INSERT INTO expression_meanings (expression_id, meaning_id, created_by, updated_by, created_at, updated_at) VALUES (531, 12, 'langmap', 'langmap', datetime('now'), datetime('now'));
INSERT INTO expression_versions (expression_id, text, created_by, created_at) VALUES (531, '搜尋詞句', 'langmap', datetime('now'));
INSERT INTO expressions (id, text, language_code, created_by, updated_by, created_at, updated_at, tags, source_type, review_status, auto_approved) VALUES (532, '查找不同語言和地區中詞語和句子的表達方式。', 'zh-TW', 'langmap', 'langmap', datetime('now'), datetime('now'), '["langmap"]', 'ai', 'approved', 1);
INSERT INTO expression_meanings (expression_id, meaning_id, created_by, updated_by, created_at, updated_at) VALUES (532, 13, 'langmap', 'langmap', datetime('now'), datetime('now'));
INSERT INTO expression_versions (expression_id, text, created_by, created_at) VALUES (532, '查找不同語言和地區中詞語和句子的表達方式。', 'langmap', datetime('now'));
INSERT INTO expressions (id, text, language_code, created_by, updated_by, created_at, updated_at, tags, source_type, review_status, auto_approved) VALUES (533, '開始搜尋 →', 'zh-TW', 'langmap', 'langmap', datetime('now'), datetime('now'), '["langmap"]', 'ai', 'approved', 1);
INSERT INTO expression_meanings (expression_id, meaning_id, created_by, updated_by, created_at, updated_at) VALUES (533, 14, 'langmap', 'langmap', datetime('now'), datetime('now'));
INSERT INTO expression_versions (expression_id, text, created_by, created_at) VALUES (533, '開始搜尋 →', 'langmap', datetime('now'));
INSERT INTO expressions (id, text, language_code, created_by, updated_by, created_at, updated_at, tags, source_type, review_status, auto_approved) VALUES (534, '新增詞句', 'zh-TW', 'langmap', 'langmap', datetime('now'), datetime('now'), '["langmap"]', 'ai', 'approved', 1);
INSERT INTO expression_meanings (expression_id, meaning_id, created_by, updated_by, created_at, updated_at) VALUES (534, 15, 'langmap', 'langmap', datetime('now'), datetime('now'));
INSERT INTO expression_versions (expression_id, text, created_by, created_at) VALUES (534, '新增詞句', 'langmap', datetime('now'));
INSERT INTO expressions (id, text, language_code, created_by, updated_by, created_at, updated_at, tags, source_type, review_status, auto_approved) VALUES (535, '通過新增您語言或地區的詞句為我們的資料庫做貢獻。', 'zh-TW', 'langmap', 'langmap', datetime('now'), datetime('now'), '["langmap"]', 'ai', 'approved', 1);
INSERT INTO expression_meanings (expression_id, meaning_id, created_by, updated_by, created_at, updated_at) VALUES (535, 16, 'langmap', 'langmap', datetime('now'), datetime('now'));
INSERT INTO expression_versions (expression_id, text, created_by, created_at) VALUES (535, '通過新增您語言或地區的詞句為我們的資料庫做貢獻。', 'langmap', datetime('now'));
INSERT INTO expressions (id, text, language_code, created_by, updated_by, created_at, updated_at, tags, source_type, review_status, auto_approved) VALUES (536, '地區', 'zh-TW', 'langmap', 'langmap', datetime('now'), datetime('now'), '["langmap"]', 'ai', 'approved', 1);
INSERT INTO expression_meanings (expression_id, meaning_id, created_by, updated_by, created_at, updated_at) VALUES (536, 17, 'langmap', 'langmap', datetime('now'), datetime('now'));
INSERT INTO expression_versions (expression_id, text, created_by, created_at) VALUES (536, '地區', 'langmap', datetime('now'));
INSERT INTO expressions (id, text, language_code, created_by, updated_by, created_at, updated_at, tags, source_type, review_status, auto_approved) VALUES (537, '語言', 'zh-TW', 'langmap', 'langmap', datetime('now'), datetime('now'), '["langmap"]', 'ai', 'approved', 1);
INSERT INTO expression_meanings (expression_id, meaning_id, created_by, updated_by, created_at, updated_at) VALUES (537, 18, 'langmap', 'langmap', datetime('now'), datetime('now'));
INSERT INTO expression_versions (expression_id, text, created_by, created_at) VALUES (537, '語言', 'langmap', datetime('now'));
INSERT INTO expressions (id, text, language_code, created_by, updated_by, created_at, updated_at, tags, source_type, review_status, auto_approved) VALUES (538, '詞句數', 'zh-TW', 'langmap', 'langmap', datetime('now'), datetime('now'), '["langmap"]', 'ai', 'approved', 1);
INSERT INTO expression_meanings (expression_id, meaning_id, created_by, updated_by, created_at, updated_at) VALUES (538, 19, 'langmap', 'langmap', datetime('now'), datetime('now'));
INSERT INTO expression_versions (expression_id, text, created_by, created_at) VALUES (538, '詞句數', 'langmap', datetime('now'));
INSERT INTO expressions (id, text, language_code, created_by, updated_by, created_at, updated_at, tags, source_type, review_status, auto_approved) VALUES (539, '未知', 'zh-TW', 'langmap', 'langmap', datetime('now'), datetime('now'), '["langmap"]', 'ai', 'approved', 1);
INSERT INTO expression_meanings (expression_id, meaning_id, created_by, updated_by, created_at, updated_at) VALUES (539, 20, 'langmap', 'langmap', datetime('now'), datetime('now'));
INSERT INTO expression_versions (expression_id, text, created_by, created_at) VALUES (539, '未知', 'langmap', datetime('now'));
INSERT INTO expressions (id, text, language_code, created_by, updated_by, created_at, updated_at, tags, source_type, review_status, auto_approved) VALUES (540, '新增新詞 →', 'zh-TW', 'langmap', 'langmap', datetime('now'), datetime('now'), '["langmap"]', 'ai', 'approved', 1);
INSERT INTO expression_meanings (expression_id, meaning_id, created_by, updated_by, created_at, updated_at) VALUES (540, 21, 'langmap', 'langmap', datetime('now'), datetime('now'));
INSERT INTO expression_versions (expression_id, text, created_by, created_at) VALUES (540, '新增新詞 →', 'langmap', datetime('now'));
INSERT INTO expressions (id, text, language_code, created_by, updated_by, created_at, updated_at, tags, source_type, review_status, auto_approved) VALUES (541, '探索地圖', 'zh-TW', 'langmap', 'langmap', datetime('now'), datetime('now'), '["langmap"]', 'ai', 'approved', 1);
INSERT INTO expression_meanings (expression_id, meaning_id, created_by, updated_by, created_at, updated_at) VALUES (541, 22, 'langmap', 'langmap', datetime('now'), datetime('now'));
INSERT INTO expression_versions (expression_id, text, created_by, created_at) VALUES (541, '探索地圖', 'langmap', datetime('now'));
INSERT INTO expressions (id, text, language_code, created_by, updated_by, created_at, updated_at, tags, source_type, review_status, auto_approved) VALUES (542, '在互動式世界地圖上視覺化語言多樣性。', 'zh-TW', 'langmap', 'langmap', datetime('now'), datetime('now'), '["langmap"]', 'ai', 'approved', 1);
INSERT INTO expression_meanings (expression_id, meaning_id, created_by, updated_by, created_at, updated_at) VALUES (542, 23, 'langmap', 'langmap', datetime('now'), datetime('now'));
INSERT INTO expression_versions (expression_id, text, created_by, created_at) VALUES (542, '在互動式世界地圖上視覺化語言多樣性。', 'langmap', datetime('now'));
INSERT INTO expressions (id, text, language_code, created_by, updated_by, created_at, updated_at, tags, source_type, review_status, auto_approved) VALUES (543, '檢視地圖 →', 'zh-TW', 'langmap', 'langmap', datetime('now'), datetime('now'), '["langmap"]', 'ai', 'approved', 1);
INSERT INTO expression_meanings (expression_id, meaning_id, created_by, updated_by, created_at, updated_at) VALUES (543, 24, 'langmap', 'langmap', datetime('now'), datetime('now'));
INSERT INTO expression_versions (expression_id, text, created_by, created_at) VALUES (543, '檢視地圖 →', 'langmap', datetime('now'));
INSERT INTO expressions (id, text, language_code, created_by, updated_by, created_at, updated_at, tags, source_type, review_status, auto_approved) VALUES (544, '正在載入地圖...', 'zh-TW', 'langmap', 'langmap', datetime('now'), datetime('now'), '["langmap"]', 'ai', 'approved', 1);
INSERT INTO expression_meanings (expression_id, meaning_id, created_by, updated_by, created_at, updated_at) VALUES (544, 25, 'langmap', 'langmap', datetime('now'), datetime('now'));
INSERT INTO expression_versions (expression_id, text, created_by, created_at) VALUES (544, '正在載入地圖...', 'langmap', datetime('now'));
INSERT INTO expressions (id, text, language_code, created_by, updated_by, created_at, updated_at, tags, source_type, review_status, auto_approved) VALUES (545, '主頁', 'zh-TW', 'langmap', 'langmap', datetime('now'), datetime('now'), '["langmap"]', 'ai', 'approved', 1);
INSERT INTO expression_meanings (expression_id, meaning_id, created_by, updated_by, created_at, updated_at) VALUES (545, 26, 'langmap', 'langmap', datetime('now'), datetime('now'));
INSERT INTO expression_versions (expression_id, text, created_by, created_at) VALUES (545, '主頁', 'langmap', datetime('now'));
INSERT INTO expressions (id, text, language_code, created_by, updated_by, created_at, updated_at, tags, source_type, review_status, auto_approved) VALUES (546, '搜尋', 'zh-TW', 'langmap', 'langmap', datetime('now'), datetime('now'), '["langmap"]', 'ai', 'approved', 1);
INSERT INTO expression_meanings (expression_id, meaning_id, created_by, updated_by, created_at, updated_at) VALUES (546, 27, 'langmap', 'langmap', datetime('now'), datetime('now'));
INSERT INTO expression_versions (expression_id, text, created_by, created_at) VALUES (546, '搜尋', 'langmap', datetime('now'));
INSERT INTO expressions (id, text, language_code, created_by, updated_by, created_at, updated_at, tags, source_type, review_status, auto_approved) VALUES (547, '© {year} langmap - 語言詞句地圖平台', 'zh-TW', 'langmap', 'langmap', datetime('now'), datetime('now'), '["langmap"]', 'ai', 'approved', 1);
INSERT INTO expression_meanings (expression_id, meaning_id, created_by, updated_by, created_at, updated_at) VALUES (547, 28, 'langmap', 'langmap', datetime('now'), datetime('now'));
INSERT INTO expression_versions (expression_id, text, created_by, created_at) VALUES (547, '© {year} langmap - 語言詞句地圖平台', 'langmap', datetime('now'));
INSERT INTO expressions (id, text, language_code, created_by, updated_by, created_at, updated_at, tags, source_type, review_status, auto_approved) VALUES (548, '搜尋詞句', 'zh-TW', 'langmap', 'langmap', datetime('now'), datetime('now'), '["langmap"]', 'ai', 'approved', 1);
INSERT INTO expression_meanings (expression_id, meaning_id, created_by, updated_by, created_at, updated_at) VALUES (548, 29, 'langmap', 'langmap', datetime('now'), datetime('now'));
INSERT INTO expression_versions (expression_id, text, created_by, created_at) VALUES (548, '搜尋詞句', 'langmap', datetime('now'));
INSERT INTO expressions (id, text, language_code, created_by, updated_by, created_at, updated_at, tags, source_type, review_status, auto_approved) VALUES (549, '跨語言和地區查詢語言詞句', 'zh-TW', 'langmap', 'langmap', datetime('now'), datetime('now'), '["langmap"]', 'ai', 'approved', 1);
INSERT INTO expression_meanings (expression_id, meaning_id, created_by, updated_by, created_at, updated_at) VALUES (549, 30, 'langmap', 'langmap', datetime('now'), datetime('now'));
INSERT INTO expression_versions (expression_id, text, created_by, created_at) VALUES (549, '跨語言和地區查詢語言詞句', 'langmap', datetime('now'));
INSERT INTO expressions (id, text, language_code, created_by, updated_by, created_at, updated_at, tags, source_type, review_status, auto_approved) VALUES (550, '輸入詞語或句子...', 'zh-TW', 'langmap', 'langmap', datetime('now'), datetime('now'), '["langmap"]', 'ai', 'approved', 1);
INSERT INTO expression_meanings (expression_id, meaning_id, created_by, updated_by, created_at, updated_at) VALUES (550, 31, 'langmap', 'langmap', datetime('now'), datetime('now'));
INSERT INTO expression_versions (expression_id, text, created_by, created_at) VALUES (550, '輸入詞語或句子...', 'langmap', datetime('now'));
INSERT INTO expressions (id, text, language_code, created_by, updated_by, created_at, updated_at, tags, source_type, review_status, auto_approved) VALUES (551, '搜尋', 'zh-TW', 'langmap', 'langmap', datetime('now'), datetime('now'), '["langmap"]', 'ai', 'approved', 1);
INSERT INTO expression_meanings (expression_id, meaning_id, created_by, updated_by, created_at, updated_at) VALUES (551, 32, 'langmap', 'langmap', datetime('now'), datetime('now'));
INSERT INTO expression_versions (expression_id, text, created_by, created_at) VALUES (551, '搜尋', 'langmap', datetime('now'));
INSERT INTO expressions (id, text, language_code, created_by, updated_by, created_at, updated_at, tags, source_type, review_status, auto_approved) VALUES (552, '正在搜尋詞句...', 'zh-TW', 'langmap', 'langmap', datetime('now'), datetime('now'), '["langmap"]', 'ai', 'approved', 1);
INSERT INTO expression_meanings (expression_id, meaning_id, created_by, updated_by, created_at, updated_at) VALUES (552, 33, 'langmap', 'langmap', datetime('now'), datetime('now'));
INSERT INTO expression_versions (expression_id, text, created_by, created_at) VALUES (552, '正在搜尋詞句...', 'langmap', datetime('now'));
INSERT INTO expressions (id, text, language_code, created_by, updated_by, created_at, updated_at, tags, source_type, review_status, auto_approved) VALUES (553, '未找到結果', 'zh-TW', 'langmap', 'langmap', datetime('now'), datetime('now'), '["langmap"]', 'ai', 'approved', 1);
INSERT INTO expression_meanings (expression_id, meaning_id, created_by, updated_by, created_at, updated_at) VALUES (553, 34, 'langmap', 'langmap', datetime('now'), datetime('now'));
INSERT INTO expression_versions (expression_id, text, created_by, created_at) VALUES (553, '未找到結果', 'langmap', datetime('now'));
INSERT INTO expressions (id, text, language_code, created_by, updated_by, created_at, updated_at, tags, source_type, review_status, auto_approved) VALUES (554, '嘗試不同的搜尋詞或新增新詞句', 'zh-TW', 'langmap', 'langmap', datetime('now'), datetime('now'), '["langmap"]', 'ai', 'approved', 1);
INSERT INTO expression_meanings (expression_id, meaning_id, created_by, updated_by, created_at, updated_at) VALUES (554, 35, 'langmap', 'langmap', datetime('now'), datetime('now'));
INSERT INTO expression_versions (expression_id, text, created_by, created_at) VALUES (554, '嘗試不同的搜尋詞或新增新詞句', 'langmap', datetime('now'));
INSERT INTO expressions (id, text, language_code, created_by, updated_by, created_at, updated_at, tags, source_type, review_status, auto_approved) VALUES (555, '新增"{expression}"', 'zh-TW', 'langmap', 'langmap', datetime('now'), datetime('now'), '["langmap"]', 'ai', 'approved', 1);
INSERT INTO expression_meanings (expression_id, meaning_id, created_by, updated_by, created_at, updated_at) VALUES (555, 36, 'langmap', 'langmap', datetime('now'), datetime('now'));
INSERT INTO expression_versions (expression_id, text, created_by, created_at) VALUES (555, '新增"{expression}"', 'langmap', datetime('now'));
INSERT INTO expressions (id, text, language_code, created_by, updated_by, created_at, updated_at, tags, source_type, review_status, auto_approved) VALUES (556, '新詞句', 'zh-TW', 'langmap', 'langmap', datetime('now'), datetime('now'), '["langmap"]', 'ai', 'approved', 1);
INSERT INTO expression_meanings (expression_id, meaning_id, created_by, updated_by, created_at, updated_at) VALUES (556, 37, 'langmap', 'langmap', datetime('now'), datetime('now'));
INSERT INTO expression_versions (expression_id, text, created_by, created_at) VALUES (556, '新詞句', 'langmap', datetime('now'));
INSERT INTO expressions (id, text, language_code, created_by, updated_by, created_at, updated_at, tags, source_type, review_status, auto_approved) VALUES (557, '找到 {count} 條詞句', 'zh-TW', 'langmap', 'langmap', datetime('now'), datetime('now'), '["langmap"]', 'ai', 'approved', 1);
INSERT INTO expression_meanings (expression_id, meaning_id, created_by, updated_by, created_at, updated_at) VALUES (557, 38, 'langmap', 'langmap', datetime('now'), datetime('now'));
INSERT INTO expression_versions (expression_id, text, created_by, created_at) VALUES (557, '找到 {count} 條詞句', 'langmap', datetime('now'));
INSERT INTO expressions (id, text, language_code, created_by, updated_by, created_at, updated_at, tags, source_type, review_status, auto_approved) VALUES (558, '返回', 'zh-TW', 'langmap', 'langmap', datetime('now'), datetime('now'), '["langmap"]', 'ai', 'approved', 1);
INSERT INTO expression_meanings (expression_id, meaning_id, created_by, updated_by, created_at, updated_at) VALUES (558, 39, 'langmap', 'langmap', datetime('now'), datetime('now'));
INSERT INTO expression_versions (expression_id, text, created_by, created_at) VALUES (558, '返回', 'langmap', datetime('now'));
INSERT INTO expressions (id, text, language_code, created_by, updated_by, created_at, updated_at, tags, source_type, review_status, auto_approved) VALUES (559, '新增新詞句', 'zh-TW', 'langmap', 'langmap', datetime('now'), datetime('now'), '["langmap"]', 'ai', 'approved', 1);
INSERT INTO expression_meanings (expression_id, meaning_id, created_by, updated_by, created_at, updated_at) VALUES (559, 40, 'langmap', 'langmap', datetime('now'), datetime('now'));
INSERT INTO expression_versions (expression_id, text, created_by, created_at) VALUES (559, '新增新詞句', 'langmap', datetime('now'));
INSERT INTO expressions (id, text, language_code, created_by, updated_by, created_at, updated_at, tags, source_type, review_status, auto_approved) VALUES (560, '文字', 'zh-TW', 'langmap', 'langmap', datetime('now'), datetime('now'), '["langmap"]', 'ai', 'approved', 1);
INSERT INTO expression_meanings (expression_id, meaning_id, created_by, updated_by, created_at, updated_at) VALUES (560, 41, 'langmap', 'langmap', datetime('now'), datetime('now'));
INSERT INTO expression_versions (expression_id, text, created_by, created_at) VALUES (560, '文字', 'langmap', datetime('now'));
INSERT INTO expressions (id, text, language_code, created_by, updated_by, created_at, updated_at, tags, source_type, review_status, auto_approved) VALUES (561, '輸入語言詞句', 'zh-TW', 'langmap', 'langmap', datetime('now'), datetime('now'), '["langmap"]', 'ai', 'approved', 1);
INSERT INTO expression_meanings (expression_id, meaning_id, created_by, updated_by, created_at, updated_at) VALUES (561, 42, 'langmap', 'langmap', datetime('now'), datetime('now'));
INSERT INTO expression_versions (expression_id, text, created_by, created_at) VALUES (561, '輸入語言詞句', 'langmap', datetime('now'));
INSERT INTO expressions (id, text, language_code, created_by, updated_by, created_at, updated_at, tags, source_type, review_status, auto_approved) VALUES (562, '該語言中的實際詞語或句子', 'zh-TW', 'langmap', 'langmap', datetime('now'), datetime('now'), '["langmap"]', 'ai', 'approved', 1);
INSERT INTO expression_meanings (expression_id, meaning_id, created_by, updated_by, created_at, updated_at) VALUES (562, 43, 'langmap', 'langmap', datetime('now'), datetime('now'));
INSERT INTO expression_versions (expression_id, text, created_by, created_at) VALUES (562, '該語言中的實際詞語或句子', 'langmap', datetime('now'));
INSERT INTO expressions (id, text, language_code, created_by, updated_by, created_at, updated_at, tags, source_type, review_status, auto_approved) VALUES (563, '語言', 'zh-TW', 'langmap', 'langmap', datetime('now'), datetime('now'), '["langmap"]', 'ai', 'approved', 1);
INSERT INTO expression_meanings (expression_id, meaning_id, created_by, updated_by, created_at, updated_at) VALUES (563, 44, 'langmap', 'langmap', datetime('now'), datetime('now'));
INSERT INTO expression_versions (expression_id, text, created_by, created_at) VALUES (563, '語言', 'langmap', datetime('now'));
INSERT INTO expressions (id, text, language_code, created_by, updated_by, created_at, updated_at, tags, source_type, review_status, auto_approved) VALUES (564, '選擇語言', 'zh-TW', 'langmap', 'langmap', datetime('now'), datetime('now'), '["langmap"]', 'ai', 'approved', 1);
INSERT INTO expression_meanings (expression_id, meaning_id, created_by, updated_by, created_at, updated_at) VALUES (564, 45, 'langmap', 'langmap', datetime('now'), datetime('now'));
INSERT INTO expression_versions (expression_id, text, created_by, created_at) VALUES (564, '選擇語言', 'langmap', datetime('now'));
INSERT INTO expressions (id, text, language_code, created_by, updated_by, created_at, updated_at, tags, source_type, review_status, auto_approved) VALUES (565, '為此詞句選擇語言', 'zh-TW', 'langmap', 'langmap', datetime('now'), datetime('now'), '["langmap"]', 'ai', 'approved', 1);
INSERT INTO expression_meanings (expression_id, meaning_id, created_by, updated_by, created_at, updated_at) VALUES (565, 46, 'langmap', 'langmap', datetime('now'), datetime('now'));
INSERT INTO expression_versions (expression_id, text, created_by, created_at) VALUES (565, '為此詞句選擇語言', 'langmap', datetime('now'));
INSERT INTO expressions (id, text, language_code, created_by, updated_by, created_at, updated_at, tags, source_type, review_status, auto_approved) VALUES (566, '選擇語言...', 'zh-TW', 'langmap', 'langmap', datetime('now'), datetime('now'), '["langmap"]', 'ai', 'approved', 1);
INSERT INTO expression_meanings (expression_id, meaning_id, created_by, updated_by, created_at, updated_at) VALUES (566, 47, 'langmap', 'langmap', datetime('now'), datetime('now'));
INSERT INTO expression_versions (expression_id, text, created_by, created_at) VALUES (566, '選擇語言...', 'langmap', datetime('now'));
INSERT INTO expressions (id, text, language_code, created_by, updated_by, created_at, updated_at, tags, source_type, review_status, auto_approved) VALUES (567, '正在載入語言...', 'zh-TW', 'langmap', 'langmap', datetime('now'), datetime('now'), '["langmap"]', 'ai', 'approved', 1);
INSERT INTO expression_meanings (expression_id, meaning_id, created_by, updated_by, created_at, updated_at) VALUES (567, 48, 'langmap', 'langmap', datetime('now'), datetime('now'));
INSERT INTO expression_versions (expression_id, text, created_by, created_at) VALUES (567, '正在載入語言...', 'langmap', datetime('now'));
INSERT INTO expressions (id, text, language_code, created_by, updated_by, created_at, updated_at, tags, source_type, review_status, auto_approved) VALUES (568, '地區（可選）', 'zh-TW', 'langmap', 'langmap', datetime('now'), datetime('now'), '["langmap"]', 'ai', 'approved', 1);
INSERT INTO expression_meanings (expression_id, meaning_id, created_by, updated_by, created_at, updated_at) VALUES (568, 49, 'langmap', 'langmap', datetime('now'), datetime('now'));
INSERT INTO expression_versions (expression_id, text, created_by, created_at) VALUES (568, '地區（可選）', 'langmap', datetime('now'));
INSERT INTO expressions (id, text, language_code, created_by, updated_by, created_at, updated_at, tags, source_type, review_status, auto_approved) VALUES (569, '例如：中國、西班牙、全球', 'zh-TW', 'langmap', 'langmap', datetime('now'), datetime('now'), '["langmap"]', 'ai', 'approved', 1);
INSERT INTO expression_meanings (expression_id, meaning_id, created_by, updated_by, created_at, updated_at) VALUES (569, 50, 'langmap', 'langmap', datetime('now'), datetime('now'));
INSERT INTO expression_versions (expression_id, text, created_by, created_at) VALUES (569, '例如：中國、西班牙、全球', 'langmap', datetime('now'));
INSERT INTO expressions (id, text, language_code, created_by, updated_by, created_at, updated_at, tags, source_type, review_status, auto_approved) VALUES (570, '地理位置或區域', 'zh-TW', 'langmap', 'langmap', datetime('now'), datetime('now'), '["langmap"]', 'ai', 'approved', 1);
INSERT INTO expression_meanings (expression_id, meaning_id, created_by, updated_by, created_at, updated_at) VALUES (570, 51, 'langmap', 'langmap', datetime('now'), datetime('now'));
INSERT INTO expression_versions (expression_id, text, created_by, created_at) VALUES (570, '地理位置或區域', 'langmap', datetime('now'));
INSERT INTO expressions (id, text, language_code, created_by, updated_by, created_at, updated_at, tags, source_type, review_status, auto_approved) VALUES (571, '偵測我的位置', 'zh-TW', 'langmap', 'langmap', datetime('now'), datetime('now'), '["langmap"]', 'ai', 'approved', 1);
INSERT INTO expression_meanings (expression_id, meaning_id, created_by, updated_by, created_at, updated_at) VALUES (571, 52, 'langmap', 'langmap', datetime('now'), datetime('now'));
INSERT INTO expression_versions (expression_id, text, created_by, created_at) VALUES (571, '偵測我的位置', 'langmap', datetime('now'));
INSERT INTO expressions (id, text, language_code, created_by, updated_by, created_at, updated_at, tags, source_type, review_status, auto_approved) VALUES (572, '在地圖上選擇', 'zh-TW', 'langmap', 'langmap', datetime('now'), datetime('now'), '["langmap"]', 'ai', 'approved', 1);
INSERT INTO expression_meanings (expression_id, meaning_id, created_by, updated_by, created_at, updated_at) VALUES (572, 53, 'langmap', 'langmap', datetime('now'), datetime('now'));
INSERT INTO expression_versions (expression_id, text, created_by, created_at) VALUES (572, '在地圖上選擇', 'langmap', datetime('now'));
INSERT INTO expressions (id, text, language_code, created_by, updated_by, created_at, updated_at, tags, source_type, review_status, auto_approved) VALUES (573, '點擊地圖選擇區域', 'zh-TW', 'langmap', 'langmap', datetime('now'), datetime('now'), '["langmap"]', 'ai', 'approved', 1);
INSERT INTO expression_meanings (expression_id, meaning_id, created_by, updated_by, created_at, updated_at) VALUES (573, 54, 'langmap', 'langmap', datetime('now'), datetime('now'));
INSERT INTO expression_versions (expression_id, text, created_by, created_at) VALUES (573, '點擊地圖選擇區域', 'langmap', datetime('now'));
INSERT INTO expressions (id, text, language_code, created_by, updated_by, created_at, updated_at, tags, source_type, review_status, auto_approved) VALUES (574, '您的瀏覽器不支援地理位置', 'zh-TW', 'langmap', 'langmap', datetime('now'), datetime('now'), '["langmap"]', 'ai', 'approved', 1);
INSERT INTO expression_meanings (expression_id, meaning_id, created_by, updated_by, created_at, updated_at) VALUES (574, 55, 'langmap', 'langmap', datetime('now'), datetime('now'));
INSERT INTO expression_versions (expression_id, text, created_by, created_at) VALUES (574, '您的瀏覽器不支援地理位置', 'langmap', datetime('now'));
INSERT INTO expressions (id, text, language_code, created_by, updated_by, created_at, updated_at, tags, source_type, review_status, auto_approved) VALUES (575, '無法偵測您的位置', 'zh-TW', 'langmap', 'langmap', datetime('now'), datetime('now'), '["langmap"]', 'ai', 'approved', 1);
INSERT INTO expression_meanings (expression_id, meaning_id, created_by, updated_by, created_at, updated_at) VALUES (575, 56, 'langmap', 'langmap', datetime('now'), datetime('now'));
INSERT INTO expression_versions (expression_id, text, created_by, created_at) VALUES (575, '無法偵測您的位置', 'langmap', datetime('now'));
INSERT INTO expressions (id, text, language_code, created_by, updated_by, created_at, updated_at, tags, source_type, review_status, auto_approved) VALUES (576, '正在解析位置資訊...', 'zh-TW', 'langmap', 'langmap', datetime('now'), datetime('now'), '["langmap"]', 'ai', 'approved', 1);
INSERT INTO expression_meanings (expression_id, meaning_id, created_by, updated_by, created_at, updated_at) VALUES (576, 57, 'langmap', 'langmap', datetime('now'), datetime('now'));
INSERT INTO expression_versions (expression_id, text, created_by, created_at) VALUES (576, '正在解析位置資訊...', 'langmap', datetime('now'));
INSERT INTO expressions (id, text, language_code, created_by, updated_by, created_at, updated_at, tags, source_type, review_status, auto_approved) VALUES (577, '無法解析位置資訊', 'zh-TW', 'langmap', 'langmap', datetime('now'), datetime('now'), '["langmap"]', 'ai', 'approved', 1);
INSERT INTO expression_meanings (expression_id, meaning_id, created_by, updated_by, created_at, updated_at) VALUES (577, 58, 'langmap', 'langmap', datetime('now'), datetime('now'));
INSERT INTO expression_versions (expression_id, text, created_by, created_at) VALUES (577, '無法解析位置資訊', 'langmap', datetime('now'));
INSERT INTO expressions (id, text, language_code, created_by, updated_by, created_at, updated_at, tags, source_type, review_status, auto_approved) VALUES (578, '來源參考（可選）', 'zh-TW', 'langmap', 'langmap', datetime('now'), datetime('now'), '["langmap"]', 'ai', 'approved', 1);
INSERT INTO expression_meanings (expression_id, meaning_id, created_by, updated_by, created_at, updated_at) VALUES (578, 59, 'langmap', 'langmap', datetime('now'), datetime('now'));
INSERT INTO expression_versions (expression_id, text, created_by, created_at) VALUES (578, '來源參考（可選）', 'langmap', datetime('now'));
INSERT INTO expressions (id, text, language_code, created_by, updated_by, created_at, updated_at, tags, source_type, review_status, auto_approved) VALUES (579, '例如：維基詞典、Dictionary.com 或 URL', 'zh-TW', 'langmap', 'langmap', datetime('now'), datetime('now'), '["langmap"]', 'ai', 'approved', 1);
INSERT INTO expression_meanings (expression_id, meaning_id, created_by, updated_by, created_at, updated_at) VALUES (579, 60, 'langmap', 'langmap', datetime('now'), datetime('now'));
INSERT INTO expression_versions (expression_id, text, created_by, created_at) VALUES (579, '例如：維基詞典、Dictionary.com 或 URL', 'langmap', datetime('now'));
INSERT INTO expressions (id, text, language_code, created_by, updated_by, created_at, updated_at, tags, source_type, review_status, auto_approved) VALUES (580, '此詞句的來源或參考', 'zh-TW', 'langmap', 'langmap', datetime('now'), datetime('now'), '["langmap"]', 'ai', 'approved', 1);
INSERT INTO expression_meanings (expression_id, meaning_id, created_by, updated_by, created_at, updated_at) VALUES (580, 61, 'langmap', 'langmap', datetime('now'), datetime('now'));
INSERT INTO expression_versions (expression_id, text, created_by, created_at) VALUES (580, '此詞句的來源或參考', 'langmap', datetime('now'));
INSERT INTO expressions (id, text, language_code, created_by, updated_by, created_at, updated_at, tags, source_type, review_status, auto_approved) VALUES (581, '建立詞句', 'zh-TW', 'langmap', 'langmap', datetime('now'), datetime('now'), '["langmap"]', 'ai', 'approved', 1);
INSERT INTO expression_meanings (expression_id, meaning_id, created_by, updated_by, created_at, updated_at) VALUES (581, 62, 'langmap', 'langmap', datetime('now'), datetime('now'));
INSERT INTO expression_versions (expression_id, text, created_by, created_at) VALUES (581, '建立詞句', 'langmap', datetime('now'));
INSERT INTO expressions (id, text, language_code, created_by, updated_by, created_at, updated_at, tags, source_type, review_status, auto_approved) VALUES (582, '取消', 'zh-TW', 'langmap', 'langmap', datetime('now'), datetime('now'), '["langmap"]', 'ai', 'approved', 1);
INSERT INTO expression_meanings (expression_id, meaning_id, created_by, updated_by, created_at, updated_at) VALUES (582, 64, 'langmap', 'langmap', datetime('now'), datetime('now'));
INSERT INTO expression_versions (expression_id, text, created_by, created_at) VALUES (582, '取消', 'langmap', datetime('now'));
INSERT INTO expressions (id, text, language_code, created_by, updated_by, created_at, updated_at, tags, source_type, review_status, auto_approved) VALUES (583, '語言和文字為必填項。', 'zh-TW', 'langmap', 'langmap', datetime('now'), datetime('now'), '["langmap"]', 'ai', 'approved', 1);
INSERT INTO expression_meanings (expression_id, meaning_id, created_by, updated_by, created_at, updated_at) VALUES (583, 65, 'langmap', 'langmap', datetime('now'), datetime('now'));
INSERT INTO expression_versions (expression_id, text, created_by, created_at) VALUES (583, '語言和文字為必填項。', 'langmap', datetime('now'));
INSERT INTO expressions (id, text, language_code, created_by, updated_by, created_at, updated_at, tags, source_type, review_status, auto_approved) VALUES (584, '關聯含義', 'zh-TW', 'langmap', 'langmap', datetime('now'), datetime('now'), '["langmap"]', 'ai', 'approved', 1);
INSERT INTO expression_meanings (expression_id, meaning_id, created_by, updated_by, created_at, updated_at) VALUES (584, 66, 'langmap', 'langmap', datetime('now'), datetime('now'));
INSERT INTO expression_versions (expression_id, text, created_by, created_at) VALUES (584, '關聯含義', 'langmap', datetime('now'));
INSERT INTO expressions (id, text, language_code, created_by, updated_by, created_at, updated_at, tags, source_type, review_status, auto_approved) VALUES (585, '關聯現有含義', 'zh-TW', 'langmap', 'langmap', datetime('now'), datetime('now'), '["langmap"]', 'ai', 'approved', 1);
INSERT INTO expression_meanings (expression_id, meaning_id, created_by, updated_by, created_at, updated_at) VALUES (585, 67, 'langmap', 'langmap', datetime('now'), datetime('now'));
INSERT INTO expression_versions (expression_id, text, created_by, created_at) VALUES (585, '關聯現有含義', 'langmap', datetime('now'));
INSERT INTO expressions (id, text, language_code, created_by, updated_by, created_at, updated_at, tags, source_type, review_status, auto_approved) VALUES (586, '關聯新含義', 'zh-TW', 'langmap', 'langmap', datetime('now'), datetime('now'), '["langmap"]', 'ai', 'approved', 1);
INSERT INTO expression_meanings (expression_id, meaning_id, created_by, updated_by, created_at, updated_at) VALUES (586, 68, 'langmap', 'langmap', datetime('now'), datetime('now'));
INSERT INTO expression_versions (expression_id, text, created_by, created_at) VALUES (586, '關聯新含義', 'langmap', datetime('now'));
INSERT INTO expressions (id, text, language_code, created_by, updated_by, created_at, updated_at, tags, source_type, review_status, auto_approved) VALUES (587, '已選詞句：', 'zh-TW', 'langmap', 'langmap', datetime('now'), datetime('now'), '["langmap"]', 'ai', 'approved', 1);
INSERT INTO expression_meanings (expression_id, meaning_id, created_by, updated_by, created_at, updated_at) VALUES (587, 69, 'langmap', 'langmap', datetime('now'), datetime('now'));
INSERT INTO expression_versions (expression_id, text, created_by, created_at) VALUES (587, '已選詞句：', 'langmap', datetime('now'));
INSERT INTO expressions (id, text, language_code, created_by, updated_by, created_at, updated_at, tags, source_type, review_status, auto_approved) VALUES (588, '含義標題', 'zh-TW', 'langmap', 'langmap', datetime('now'), datetime('now'), '["langmap"]', 'ai', 'approved', 1);
INSERT INTO expression_meanings (expression_id, meaning_id, created_by, updated_by, created_at, updated_at) VALUES (588, 70, 'langmap', 'langmap', datetime('now'), datetime('now'));
INSERT INTO expression_versions (expression_id, text, created_by, created_at) VALUES (588, '含義標題', 'langmap', datetime('now'));
INSERT INTO expressions (id, text, language_code, created_by, updated_by, created_at, updated_at, tags, source_type, review_status, auto_approved) VALUES (589, '此含義的簡要標識', 'zh-TW', 'langmap', 'langmap', datetime('now'), datetime('now'), '["langmap"]', 'ai', 'approved', 1);
INSERT INTO expression_meanings (expression_id, meaning_id, created_by, updated_by, created_at, updated_at) VALUES (589, 71, 'langmap', 'langmap', datetime('now'), datetime('now'));
INSERT INTO expression_versions (expression_id, text, created_by, created_at) VALUES (589, '此含義的簡要標識', 'langmap', datetime('now'));
INSERT INTO expressions (id, text, language_code, created_by, updated_by, created_at, updated_at, tags, source_type, review_status, auto_approved) VALUES (590, '捕捉此含義本質的短語', 'zh-TW', 'langmap', 'langmap', datetime('now'), datetime('now'), '["langmap"]', 'ai', 'approved', 1);
INSERT INTO expression_meanings (expression_id, meaning_id, created_by, updated_by, created_at, updated_at) VALUES (590, 72, 'langmap', 'langmap', datetime('now'), datetime('now'));
INSERT INTO expression_versions (expression_id, text, created_by, created_at) VALUES (590, '捕捉此含義本質的短語', 'langmap', datetime('now'));
INSERT INTO expressions (id, text, language_code, created_by, updated_by, created_at, updated_at, tags, source_type, review_status, auto_approved) VALUES (591, '含義描述', 'zh-TW', 'langmap', 'langmap', datetime('now'), datetime('now'), '["langmap"]', 'ai', 'approved', 1);
INSERT INTO expression_meanings (expression_id, meaning_id, created_by, updated_by, created_at, updated_at) VALUES (591, 73, 'langmap', 'langmap', datetime('now'), datetime('now'));
INSERT INTO expression_versions (expression_id, text, created_by, created_at) VALUES (591, '含義描述', 'langmap', datetime('now'));
INSERT INTO expressions (id, text, language_code, created_by, updated_by, created_at, updated_at, tags, source_type, review_status, auto_approved) VALUES (592, '此含義的詳細解釋', 'zh-TW', 'langmap', 'langmap', datetime('now'), datetime('now'), '["langmap"]', 'ai', 'approved', 1);
INSERT INTO expression_meanings (expression_id, meaning_id, created_by, updated_by, created_at, updated_at) VALUES (592, 74, 'langmap', 'langmap', datetime('now'), datetime('now'));
INSERT INTO expression_versions (expression_id, text, created_by, created_at) VALUES (592, '此含義的詳細解釋', 'langmap', datetime('now'));
INSERT INTO expressions (id, text, language_code, created_by, updated_by, created_at, updated_at, tags, source_type, review_status, auto_approved) VALUES (593, '對此含義所代表內容的全面描述', 'zh-TW', 'langmap', 'langmap', datetime('now'), datetime('now'), '["langmap"]', 'ai', 'approved', 1);
INSERT INTO expression_meanings (expression_id, meaning_id, created_by, updated_by, created_at, updated_at) VALUES (593, 75, 'langmap', 'langmap', datetime('now'), datetime('now'));
INSERT INTO expression_versions (expression_id, text, created_by, created_at) VALUES (593, '對此含義所代表內容的全面描述', 'langmap', datetime('now'));
INSERT INTO expressions (id, text, language_code, created_by, updated_by, created_at, updated_at, tags, source_type, review_status, auto_approved) VALUES (594, '標籤', 'zh-TW', 'langmap', 'langmap', datetime('now'), datetime('now'), '["langmap"]', 'ai', 'approved', 1);
INSERT INTO expression_meanings (expression_id, meaning_id, created_by, updated_by, created_at, updated_at) VALUES (594, 76, 'langmap', 'langmap', datetime('now'), datetime('now'));
INSERT INTO expression_versions (expression_id, text, created_by, created_at) VALUES (594, '標籤', 'langmap', datetime('now'));
INSERT INTO expressions (id, text, language_code, created_by, updated_by, created_at, updated_at, tags, source_type, review_status, auto_approved) VALUES (595, '添加標籤...', 'zh-TW', 'langmap', 'langmap', datetime('now'), datetime('now'), '["langmap"]', 'ai', 'approved', 1);
INSERT INTO expression_meanings (expression_id, meaning_id, created_by, updated_by, created_at, updated_at) VALUES (595, 77, 'langmap', 'langmap', datetime('now'), datetime('now'));
INSERT INTO expression_versions (expression_id, text, created_by, created_at) VALUES (595, '添加標籤...', 'langmap', datetime('now'));
INSERT INTO expressions (id, text, language_code, created_by, updated_by, created_at, updated_at, tags, source_type, review_status, auto_approved) VALUES (596, '標籤有助於分類和查找含義（按回車鍵或逗號添加）', 'zh-TW', 'langmap', 'langmap', datetime('now'), datetime('now'), '["langmap"]', 'ai', 'approved', 1);
INSERT INTO expression_meanings (expression_id, meaning_id, created_by, updated_by, created_at, updated_at) VALUES (596, 78, 'langmap', 'langmap', datetime('now'), datetime('now'));
INSERT INTO expression_versions (expression_id, text, created_by, created_at) VALUES (596, '標籤有助於分類和查找含義（按回車鍵或逗號添加）', 'langmap', datetime('now'));
INSERT INTO expressions (id, text, language_code, created_by, updated_by, created_at, updated_at, tags, source_type, review_status, auto_approved) VALUES (597, '新增語言', 'zh-TW', 'langmap', 'langmap', datetime('now'), datetime('now'), '["langmap"]', 'ai', 'approved', 1);
INSERT INTO expression_meanings (expression_id, meaning_id, created_by, updated_by, created_at, updated_at) VALUES (597, 79, 'langmap', 'langmap', datetime('now'), datetime('now'));
INSERT INTO expression_versions (expression_id, text, created_by, created_at) VALUES (597, '新增語言', 'langmap', datetime('now'));
INSERT INTO expressions (id, text, language_code, created_by, updated_by, created_at, updated_at, tags, source_type, review_status, auto_approved) VALUES (598, '語言代碼', 'zh-TW', 'langmap', 'langmap', datetime('now'), datetime('now'), '["langmap"]', 'ai', 'approved', 1);
INSERT INTO expression_meanings (expression_id, meaning_id, created_by, updated_by, created_at, updated_at) VALUES (598, 80, 'langmap', 'langmap', datetime('now'), datetime('now'));
INSERT INTO expression_versions (expression_id, text, created_by, created_at) VALUES (598, '語言代碼', 'langmap', datetime('now'));
INSERT INTO expressions (id, text, language_code, created_by, updated_by, created_at, updated_at, tags, source_type, review_status, auto_approved) VALUES (599, '例如：custom-lang、toki-pona', 'zh-TW', 'langmap', 'langmap', datetime('now'), datetime('now'), '["langmap"]', 'ai', 'approved', 1);
INSERT INTO expression_meanings (expression_id, meaning_id, created_by, updated_by, created_at, updated_at) VALUES (599, 81, 'langmap', 'langmap', datetime('now'), datetime('now'));
INSERT INTO expression_versions (expression_id, text, created_by, created_at) VALUES (599, '例如：custom-lang、toki-pona', 'langmap', datetime('now'));
INSERT INTO expressions (id, text, language_code, created_by, updated_by, created_at, updated_at, tags, source_type, review_status, auto_approved) VALUES (600, '您語言的自訂代碼（可以是非標準的）', 'zh-TW', 'langmap', 'langmap', datetime('now'), datetime('now'), '["langmap"]', 'ai', 'approved', 1);
INSERT INTO expression_meanings (expression_id, meaning_id, created_by, updated_by, created_at, updated_at) VALUES (600, 82, 'langmap', 'langmap', datetime('now'), datetime('now'));
INSERT INTO expression_versions (expression_id, text, created_by, created_at) VALUES (600, '您語言的自訂代碼（可以是非標準的）', 'langmap', datetime('now'));
INSERT INTO expressions (id, text, language_code, created_by, updated_by, created_at, updated_at, tags, source_type, review_status, auto_approved) VALUES (601, '語言名稱', 'zh-TW', 'langmap', 'langmap', datetime('now'), datetime('now'), '["langmap"]', 'ai', 'approved', 1);
INSERT INTO expression_meanings (expression_id, meaning_id, created_by, updated_by, created_at, updated_at) VALUES (601, 83, 'langmap', 'langmap', datetime('now'), datetime('now'));
INSERT INTO expression_versions (expression_id, text, created_by, created_at) VALUES (601, '語言名稱', 'langmap', datetime('now'));
INSERT INTO expressions (id, text, language_code, created_by, updated_by, created_at, updated_at, tags, source_type, review_status, auto_approved) VALUES (602, '例如：自訂語言', 'zh-TW', 'langmap', 'langmap', datetime('now'), datetime('now'), '["langmap"]', 'ai', 'approved', 1);
INSERT INTO expression_meanings (expression_id, meaning_id, created_by, updated_by, created_at, updated_at) VALUES (602, 84, 'langmap', 'langmap', datetime('now'), datetime('now'));
INSERT INTO expression_versions (expression_id, text, created_by, created_at) VALUES (602, '例如：自訂語言', 'langmap', datetime('now'));
INSERT INTO expressions (id, text, language_code, created_by, updated_by, created_at, updated_at, tags, source_type, review_status, auto_approved) VALUES (603, '本地名稱', 'zh-TW', 'langmap', 'langmap', datetime('now'), datetime('now'), '["langmap"]', 'ai', 'approved', 1);
INSERT INTO expression_meanings (expression_id, meaning_id, created_by, updated_by, created_at, updated_at) VALUES (603, 85, 'langmap', 'langmap', datetime('now'), datetime('now'));
INSERT INTO expression_versions (expression_id, text, created_by, created_at) VALUES (603, '本地名稱', 'langmap', datetime('now'));
INSERT INTO expressions (id, text, language_code, created_by, updated_by, created_at, updated_at, tags, source_type, review_status, auto_approved) VALUES (604, '例如：本地語言名稱', 'zh-TW', 'langmap', 'langmap', datetime('now'), datetime('now'), '["langmap"]', 'ai', 'approved', 1);
INSERT INTO expression_meanings (expression_id, meaning_id, created_by, updated_by, created_at, updated_at) VALUES (604, 86, 'langmap', 'langmap', datetime('now'), datetime('now'));
INSERT INTO expression_versions (expression_id, text, created_by, created_at) VALUES (604, '例如：本地語言名稱', 'langmap', datetime('now'));
INSERT INTO expressions (id, text, language_code, created_by, updated_by, created_at, updated_at, tags, source_type, review_status, auto_approved) VALUES (605, '地區信息', 'zh-TW', 'langmap', 'langmap', datetime('now'), datetime('now'), '["langmap"]', 'ai', 'approved', 1);
INSERT INTO expression_meanings (expression_id, meaning_id, created_by, updated_by, created_at, updated_at) VALUES (605, 87, 'langmap', 'langmap', datetime('now'), datetime('now'));
INSERT INTO expression_versions (expression_id, text, created_by, created_at) VALUES (605, '地區信息', 'langmap', datetime('now'));
INSERT INTO expressions (id, text, language_code, created_by, updated_by, created_at, updated_at, tags, source_type, review_status, auto_approved) VALUES (606, '地區名稱', 'zh-TW', 'langmap', 'langmap', datetime('now'), datetime('now'), '["langmap"]', 'ai', 'approved', 1);
INSERT INTO expression_meanings (expression_id, meaning_id, created_by, updated_by, created_at, updated_at) VALUES (606, 88, 'langmap', 'langmap', datetime('now'), datetime('now'));
INSERT INTO expression_versions (expression_id, text, created_by, created_at) VALUES (606, '地區名稱', 'langmap', datetime('now'));
INSERT INTO expressions (id, text, language_code, created_by, updated_by, created_at, updated_at, tags, source_type, review_status, auto_approved) VALUES (607, '例如：倫敦，英國', 'zh-TW', 'langmap', 'langmap', datetime('now'), datetime('now'), '["langmap"]', 'ai', 'approved', 1);
INSERT INTO expression_meanings (expression_id, meaning_id, created_by, updated_by, created_at, updated_at) VALUES (607, 89, 'langmap', 'langmap', datetime('now'), datetime('now'));
INSERT INTO expression_versions (expression_id, text, created_by, created_at) VALUES (607, '例如：倫敦，英國', 'langmap', datetime('now'));
INSERT INTO expressions (id, text, language_code, created_by, updated_by, created_at, updated_at, tags, source_type, review_status, auto_approved) VALUES (608, '本地地區名稱', 'zh-TW', 'langmap', 'langmap', datetime('now'), datetime('now'), '["langmap"]', 'ai', 'approved', 1);
INSERT INTO expression_meanings (expression_id, meaning_id, created_by, updated_by, created_at, updated_at) VALUES (608, 90, 'langmap', 'langmap', datetime('now'), datetime('now'));
INSERT INTO expression_versions (expression_id, text, created_by, created_at) VALUES (608, '本地地區名稱', 'langmap', datetime('now'));
INSERT INTO expressions (id, text, language_code, created_by, updated_by, created_at, updated_at, tags, source_type, review_status, auto_approved) VALUES (609, '例如：倫敦，英國', 'zh-TW', 'langmap', 'langmap', datetime('now'), datetime('now'), '["langmap"]', 'ai', 'approved', 1);
INSERT INTO expression_meanings (expression_id, meaning_id, created_by, updated_by, created_at, updated_at) VALUES (609, 91, 'langmap', 'langmap', datetime('now'), datetime('now'));
INSERT INTO expression_versions (expression_id, text, created_by, created_at) VALUES (609, '例如：倫敦，英國', 'langmap', datetime('now'));
INSERT INTO expressions (id, text, language_code, created_by, updated_by, created_at, updated_at, tags, source_type, review_status, auto_approved) VALUES (610, '緯度', 'zh-TW', 'langmap', 'langmap', datetime('now'), datetime('now'), '["langmap"]', 'ai', 'approved', 1);
INSERT INTO expression_meanings (expression_id, meaning_id, created_by, updated_by, created_at, updated_at) VALUES (610, 92, 'langmap', 'langmap', datetime('now'), datetime('now'));
INSERT INTO expression_versions (expression_id, text, created_by, created_at) VALUES (610, '緯度', 'langmap', datetime('now'));
INSERT INTO expressions (id, text, language_code, created_by, updated_by, created_at, updated_at, tags, source_type, review_status, auto_approved) VALUES (611, '例如：51.5074', 'zh-TW', 'langmap', 'langmap', datetime('now'), datetime('now'), '["langmap"]', 'ai', 'approved', 1);
INSERT INTO expression_meanings (expression_id, meaning_id, created_by, updated_by, created_at, updated_at) VALUES (611, 93, 'langmap', 'langmap', datetime('now'), datetime('now'));
INSERT INTO expression_versions (expression_id, text, created_by, created_at) VALUES (611, '例如：51.5074', 'langmap', datetime('now'));
INSERT INTO expressions (id, text, language_code, created_by, updated_by, created_at, updated_at, tags, source_type, review_status, auto_approved) VALUES (612, '經度', 'zh-TW', 'langmap', 'langmap', datetime('now'), datetime('now'), '["langmap"]', 'ai', 'approved', 1);
INSERT INTO expression_meanings (expression_id, meaning_id, created_by, updated_by, created_at, updated_at) VALUES (612, 94, 'langmap', 'langmap', datetime('now'), datetime('now'));
INSERT INTO expression_versions (expression_id, text, created_by, created_at) VALUES (612, '經度', 'langmap', datetime('now'));
INSERT INTO expressions (id, text, language_code, created_by, updated_by, created_at, updated_at, tags, source_type, review_status, auto_approved) VALUES (613, '例如：-0.1278', 'zh-TW', 'langmap', 'langmap', datetime('now'), datetime('now'), '["langmap"]', 'ai', 'approved', 1);
INSERT INTO expression_meanings (expression_id, meaning_id, created_by, updated_by, created_at, updated_at) VALUES (613, 95, 'langmap', 'langmap', datetime('now'), datetime('now'));
INSERT INTO expression_versions (expression_id, text, created_by, created_at) VALUES (613, '例如：-0.1278', 'langmap', datetime('now'));
INSERT INTO expressions (id, text, language_code, created_by, updated_by, created_at, updated_at, tags, source_type, review_status, auto_approved) VALUES (614, '隱藏地圖', 'zh-TW', 'langmap', 'langmap', datetime('now'), datetime('now'), '["langmap"]', 'ai', 'approved', 1);
INSERT INTO expression_meanings (expression_id, meaning_id, created_by, updated_by, created_at, updated_at) VALUES (614, 96, 'langmap', 'langmap', datetime('now'), datetime('now'));
INSERT INTO expression_versions (expression_id, text, created_by, created_at) VALUES (614, '隱藏地圖', 'langmap', datetime('now'));
INSERT INTO expressions (id, text, language_code, created_by, updated_by, created_at, updated_at, tags, source_type, review_status, auto_approved) VALUES (615, '文字方向', 'zh-TW', 'langmap', 'langmap', datetime('now'), datetime('now'), '["langmap"]', 'ai', 'approved', 1);
INSERT INTO expression_meanings (expression_id, meaning_id, created_by, updated_by, created_at, updated_at) VALUES (615, 97, 'langmap', 'langmap', datetime('now'), datetime('now'));
INSERT INTO expression_versions (expression_id, text, created_by, created_at) VALUES (615, '文字方向', 'langmap', datetime('now'));
INSERT INTO expressions (id, text, language_code, created_by, updated_by, created_at, updated_at, tags, source_type, review_status, auto_approved) VALUES (616, '從左到右 (LTR)', 'zh-TW', 'langmap', 'langmap', datetime('now'), datetime('now'), '["langmap"]', 'ai', 'approved', 1);
INSERT INTO expression_meanings (expression_id, meaning_id, created_by, updated_by, created_at, updated_at) VALUES (616, 98, 'langmap', 'langmap', datetime('now'), datetime('now'));
INSERT INTO expression_versions (expression_id, text, created_by, created_at) VALUES (616, '從左到右 (LTR)', 'langmap', datetime('now'));
INSERT INTO expressions (id, text, language_code, created_by, updated_by, created_at, updated_at, tags, source_type, review_status, auto_approved) VALUES (617, '從右到左 (RTL)', 'zh-TW', 'langmap', 'langmap', datetime('now'), datetime('now'), '["langmap"]', 'ai', 'approved', 1);
INSERT INTO expression_meanings (expression_id, meaning_id, created_by, updated_by, created_at, updated_at) VALUES (617, 99, 'langmap', 'langmap', datetime('now'), datetime('now'));
INSERT INTO expression_versions (expression_id, text, created_by, created_at) VALUES (617, '從右到左 (RTL)', 'langmap', datetime('now'));
INSERT INTO expressions (id, text, language_code, created_by, updated_by, created_at, updated_at, tags, source_type, review_status, auto_approved) VALUES (618, '正在新增...', 'zh-TW', 'langmap', 'langmap', datetime('now'), datetime('now'), '["langmap"]', 'ai', 'approved', 1);
INSERT INTO expression_meanings (expression_id, meaning_id, created_by, updated_by, created_at, updated_at) VALUES (618, 100, 'langmap', 'langmap', datetime('now'), datetime('now'));
INSERT INTO expression_versions (expression_id, text, created_by, created_at) VALUES (618, '正在新增...', 'langmap', datetime('now'));
INSERT INTO expressions (id, text, language_code, created_by, updated_by, created_at, updated_at, tags, source_type, review_status, auto_approved) VALUES (619, '新增語言失敗，請重試。', 'zh-TW', 'langmap', 'langmap', datetime('now'), datetime('now'), '["langmap"]', 'ai', 'approved', 1);
INSERT INTO expression_meanings (expression_id, meaning_id, created_by, updated_by, created_at, updated_at) VALUES (619, 101, 'langmap', 'langmap', datetime('now'), datetime('now'));
INSERT INTO expression_versions (expression_id, text, created_by, created_at) VALUES (619, '新增語言失敗，請重試。', 'langmap', datetime('now'));
INSERT INTO expressions (id, text, language_code, created_by, updated_by, created_at, updated_at, tags, source_type, review_status, auto_approved) VALUES (620, '返回搜尋', 'zh-TW', 'langmap', 'langmap', datetime('now'), datetime('now'), '["langmap"]', 'ai', 'approved', 1);
INSERT INTO expression_meanings (expression_id, meaning_id, created_by, updated_by, created_at, updated_at) VALUES (620, 102, 'langmap', 'langmap', datetime('now'), datetime('now'));
INSERT INTO expression_versions (expression_id, text, created_by, created_at) VALUES (620, '返回搜尋', 'langmap', datetime('now'));
INSERT INTO expressions (id, text, language_code, created_by, updated_by, created_at, updated_at, tags, source_type, review_status, auto_approved) VALUES (621, '正在載入詞句詳情...', 'zh-TW', 'langmap', 'langmap', datetime('now'), datetime('now'), '["langmap"]', 'ai', 'approved', 1);
INSERT INTO expression_meanings (expression_id, meaning_id, created_by, updated_by, created_at, updated_at) VALUES (621, 103, 'langmap', 'langmap', datetime('now'), datetime('now'));
INSERT INTO expression_versions (expression_id, text, created_by, created_at) VALUES (621, '正在載入詞句詳情...', 'langmap', datetime('now'));
INSERT INTO expressions (id, text, language_code, created_by, updated_by, created_at, updated_at, tags, source_type, review_status, auto_approved) VALUES (622, '詞句詳情', 'zh-TW', 'langmap', 'langmap', datetime('now'), datetime('now'), '["langmap"]', 'ai', 'approved', 1);
INSERT INTO expression_meanings (expression_id, meaning_id, created_by, updated_by, created_at, updated_at) VALUES (622, 104, 'langmap', 'langmap', datetime('now'), datetime('now'));
INSERT INTO expression_versions (expression_id, text, created_by, created_at) VALUES (622, '詞句詳情', 'langmap', datetime('now'));
INSERT INTO expressions (id, text, language_code, created_by, updated_by, created_at, updated_at, tags, source_type, review_status, auto_approved) VALUES (623, '關聯含義', 'zh-TW', 'langmap', 'langmap', datetime('now'), datetime('now'), '["langmap"]', 'ai', 'approved', 1);
INSERT INTO expression_meanings (expression_id, meaning_id, created_by, updated_by, created_at, updated_at) VALUES (623, 105, 'langmap', 'langmap', datetime('now'), datetime('now'));
INSERT INTO expression_versions (expression_id, text, created_by, created_at) VALUES (623, '關聯含義', 'langmap', datetime('now'));
INSERT INTO expressions (id, text, language_code, created_by, updated_by, created_at, updated_at, tags, source_type, review_status, auto_approved) VALUES (624, '關聯詞句', 'zh-TW', 'langmap', 'langmap', datetime('now'), datetime('now'), '["langmap"]', 'ai', 'approved', 1);
INSERT INTO expression_meanings (expression_id, meaning_id, created_by, updated_by, created_at, updated_at) VALUES (624, 106, 'langmap', 'langmap', datetime('now'), datetime('now'));
INSERT INTO expression_versions (expression_id, text, created_by, created_at) VALUES (624, '關聯詞句', 'langmap', datetime('now'));
INSERT INTO expressions (id, text, language_code, created_by, updated_by, created_at, updated_at, tags, source_type, review_status, auto_approved) VALUES (625, '取消', 'zh-TW', 'langmap', 'langmap', datetime('now'), datetime('now'), '["langmap"]', 'ai', 'approved', 1);
INSERT INTO expression_meanings (expression_id, meaning_id, created_by, updated_by, created_at, updated_at) VALUES (625, 107, 'langmap', 'langmap', datetime('now'), datetime('now'));
INSERT INTO expression_versions (expression_id, text, created_by, created_at) VALUES (625, '取消', 'langmap', datetime('now'));
INSERT INTO expressions (id, text, language_code, created_by, updated_by, created_at, updated_at, tags, source_type, review_status, auto_approved) VALUES (626, '搜尋要關聯的詞句...', 'zh-TW', 'langmap', 'langmap', datetime('now'), datetime('now'), '["langmap"]', 'ai', 'approved', 1);
INSERT INTO expression_meanings (expression_id, meaning_id, created_by, updated_by, created_at, updated_at) VALUES (626, 108, 'langmap', 'langmap', datetime('now'), datetime('now'));
INSERT INTO expression_versions (expression_id, text, created_by, created_at) VALUES (626, '搜尋要關聯的詞句...', 'langmap', datetime('now'));
INSERT INTO expressions (id, text, language_code, created_by, updated_by, created_at, updated_at, tags, source_type, review_status, auto_approved) VALUES (627, '搜尋', 'zh-TW', 'langmap', 'langmap', datetime('now'), datetime('now'), '["langmap"]', 'ai', 'approved', 1);
INSERT INTO expression_meanings (expression_id, meaning_id, created_by, updated_by, created_at, updated_at) VALUES (627, 109, 'langmap', 'langmap', datetime('now'), datetime('now'));
INSERT INTO expression_versions (expression_id, text, created_by, created_at) VALUES (627, '搜尋', 'langmap', datetime('now'));
INSERT INTO expressions (id, text, language_code, created_by, updated_by, created_at, updated_at, tags, source_type, review_status, auto_approved) VALUES (628, '正在搜尋...', 'zh-TW', 'langmap', 'langmap', datetime('now'), datetime('now'), '["langmap"]', 'ai', 'approved', 1);
INSERT INTO expression_meanings (expression_id, meaning_id, created_by, updated_by, created_at, updated_at) VALUES (628, 110, 'langmap', 'langmap', datetime('now'), datetime('now'));
INSERT INTO expression_versions (expression_id, text, created_by, created_at) VALUES (628, '正在搜尋...', 'langmap', datetime('now'));
INSERT INTO expressions (id, text, language_code, created_by, updated_by, created_at, updated_at, tags, source_type, review_status, auto_approved) VALUES (629, '未找到詞句。請嘗試不同的搜尋詞。', 'zh-TW', 'langmap', 'langmap', datetime('now'), datetime('now'), '["langmap"]', 'ai', 'approved', 1);
INSERT INTO expression_meanings (expression_id, meaning_id, created_by, updated_by, created_at, updated_at) VALUES (629, 111, 'langmap', 'langmap', datetime('now'), datetime('now'));
INSERT INTO expression_versions (expression_id, text, created_by, created_at) VALUES (629, '未找到詞句。請嘗試不同的搜尋詞。', 'langmap', datetime('now'));
INSERT INTO expressions (id, text, language_code, created_by, updated_by, created_at, updated_at, tags, source_type, review_status, auto_approved) VALUES (630, '連結', 'zh-TW', 'langmap', 'langmap', datetime('now'), datetime('now'), '["langmap"]', 'ai', 'approved', 1);
INSERT INTO expression_meanings (expression_id, meaning_id, created_by, updated_by, created_at, updated_at) VALUES (630, 112, 'langmap', 'langmap', datetime('now'), datetime('now'));
INSERT INTO expression_versions (expression_id, text, created_by, created_at) VALUES (630, '連結', 'langmap', datetime('now'));
INSERT INTO expressions (id, text, language_code, created_by, updated_by, created_at, updated_at, tags, source_type, review_status, auto_approved) VALUES (631, '已連結', 'zh-TW', 'langmap', 'langmap', datetime('now'), datetime('now'), '["langmap"]', 'ai', 'approved', 1);
INSERT INTO expression_meanings (expression_id, meaning_id, created_by, updated_by, created_at, updated_at) VALUES (631, 113, 'langmap', 'langmap', datetime('now'), datetime('now'));
INSERT INTO expression_versions (expression_id, text, created_by, created_at) VALUES (631, '已連結', 'langmap', datetime('now'));
INSERT INTO expressions (id, text, language_code, created_by, updated_by, created_at, updated_at, tags, source_type, review_status, auto_approved) VALUES (632, '搜尋結果包含當前詞句。', 'zh-TW', 'langmap', 'langmap', datetime('now'), datetime('now'), '["langmap"]', 'ai', 'approved', 1);
INSERT INTO expression_meanings (expression_id, meaning_id, created_by, updated_by, created_at, updated_at) VALUES (632, 114, 'langmap', 'langmap', datetime('now'), datetime('now'));
INSERT INTO expression_versions (expression_id, text, created_by, created_at) VALUES (632, '搜尋結果包含當前詞句。', 'langmap', datetime('now'));
INSERT INTO expressions (id, text, language_code, created_by, updated_by, created_at, updated_at, tags, source_type, review_status, auto_approved) VALUES (633, '連結到含義：', 'zh-TW', 'langmap', 'langmap', datetime('now'), datetime('now'), '["langmap"]', 'ai', 'approved', 1);
INSERT INTO expression_meanings (expression_id, meaning_id, created_by, updated_by, created_at, updated_at) VALUES (633, 115, 'langmap', 'langmap', datetime('now'), datetime('now'));
INSERT INTO expression_versions (expression_id, text, created_by, created_at) VALUES (633, '連結到含義：', 'langmap', datetime('now'));
INSERT INTO expressions (id, text, language_code, created_by, updated_by, created_at, updated_at, tags, source_type, review_status, auto_approved) VALUES (634, '-- 選擇含義 --', 'zh-TW', 'langmap', 'langmap', datetime('now'), datetime('now'), '["langmap"]', 'ai', 'approved', 1);
INSERT INTO expression_meanings (expression_id, meaning_id, created_by, updated_by, created_at, updated_at) VALUES (634, 116, 'langmap', 'langmap', datetime('now'), datetime('now'));
INSERT INTO expression_versions (expression_id, text, created_by, created_at) VALUES (634, '-- 選擇含義 --', 'langmap', datetime('now'));
INSERT INTO expressions (id, text, language_code, created_by, updated_by, created_at, updated_at, tags, source_type, review_status, auto_approved) VALUES (635, '建立新含義…', 'zh-TW', 'langmap', 'langmap', datetime('now'), datetime('now'), '["langmap"]', 'ai', 'approved', 1);
INSERT INTO expression_meanings (expression_id, meaning_id, created_by, updated_by, created_at, updated_at) VALUES (635, 117, 'langmap', 'langmap', datetime('now'), datetime('now'));
INSERT INTO expression_versions (expression_id, text, created_by, created_at) VALUES (635, '建立新含義…', 'langmap', datetime('now'));
INSERT INTO expressions (id, text, language_code, created_by, updated_by, created_at, updated_at, tags, source_type, review_status, auto_approved) VALUES (636, '新含義標題', 'zh-TW', 'langmap', 'langmap', datetime('now'), datetime('now'), '["langmap"]', 'ai', 'approved', 1);
INSERT INTO expression_meanings (expression_id, meaning_id, created_by, updated_by, created_at, updated_at) VALUES (636, 118, 'langmap', 'langmap', datetime('now'), datetime('now'));
INSERT INTO expression_versions (expression_id, text, created_by, created_at) VALUES (636, '新含義標題', 'langmap', datetime('now'));
INSERT INTO expressions (id, text, language_code, created_by, updated_by, created_at, updated_at, tags, source_type, review_status, auto_approved) VALUES (637, '建立含義', 'zh-TW', 'langmap', 'langmap', datetime('now'), datetime('now'), '["langmap"]', 'ai', 'approved', 1);
INSERT INTO expression_meanings (expression_id, meaning_id, created_by, updated_by, created_at, updated_at) VALUES (637, 119, 'langmap', 'langmap', datetime('now'), datetime('now'));
INSERT INTO expression_versions (expression_id, text, created_by, created_at) VALUES (637, '建立含義', 'langmap', datetime('now'));
INSERT INTO expressions (id, text, language_code, created_by, updated_by, created_at, updated_at, tags, source_type, review_status, auto_approved) VALUES (638, '此詞句未關聯任何含義', 'zh-TW', 'langmap', 'langmap', datetime('now'), datetime('now'), '["langmap"]', 'ai', 'approved', 1);
INSERT INTO expression_meanings (expression_id, meaning_id, created_by, updated_by, created_at, updated_at) VALUES (638, 120, 'langmap', 'langmap', datetime('now'), datetime('now'));
INSERT INTO expression_versions (expression_id, text, created_by, created_at) VALUES (638, '此詞句未關聯任何含義', 'langmap', datetime('now'));
INSERT INTO expressions (id, text, language_code, created_by, updated_by, created_at, updated_at, tags, source_type, review_status, auto_approved) VALUES (639, '關聯含義', 'zh-TW', 'langmap', 'langmap', datetime('now'), datetime('now'), '["langmap"]', 'ai', 'approved', 1);
INSERT INTO expression_meanings (expression_id, meaning_id, created_by, updated_by, created_at, updated_at) VALUES (639, 121, 'langmap', 'langmap', datetime('now'), datetime('now'));
INSERT INTO expression_versions (expression_id, text, created_by, created_at) VALUES (639, '關聯含義', 'langmap', datetime('now'));
INSERT INTO expressions (id, text, language_code, created_by, updated_by, created_at, updated_at, tags, source_type, review_status, auto_approved) VALUES (640, '全球', 'zh-TW', 'langmap', 'langmap', datetime('now'), datetime('now'), '["langmap"]', 'ai', 'approved', 1);
INSERT INTO expression_meanings (expression_id, meaning_id, created_by, updated_by, created_at, updated_at) VALUES (640, 122, 'langmap', 'langmap', datetime('now'), datetime('now'));
INSERT INTO expression_versions (expression_id, text, created_by, created_at) VALUES (640, '全球', 'langmap', datetime('now'));
INSERT INTO expressions (id, text, language_code, created_by, updated_by, created_at, updated_at, tags, source_type, review_status, auto_approved) VALUES (641, '播放', 'zh-TW', 'langmap', 'langmap', datetime('now'), datetime('now'), '["langmap"]', 'ai', 'approved', 1);
INSERT INTO expression_meanings (expression_id, meaning_id, created_by, updated_by, created_at, updated_at) VALUES (641, 123, 'langmap', 'langmap', datetime('now'), datetime('now'));
INSERT INTO expression_versions (expression_id, text, created_by, created_at) VALUES (641, '播放', 'langmap', datetime('now'));
INSERT INTO expressions (id, text, language_code, created_by, updated_by, created_at, updated_at, tags, source_type, review_status, auto_approved) VALUES (642, '自動', 'zh-TW', 'langmap', 'langmap', datetime('now'), datetime('now'), '["langmap"]', 'ai', 'approved', 1);
INSERT INTO expression_meanings (expression_id, meaning_id, created_by, updated_by, created_at, updated_at) VALUES (642, 124, 'langmap', 'langmap', datetime('now'), datetime('now'));
INSERT INTO expression_versions (expression_id, text, created_by, created_at) VALUES (642, '自動', 'langmap', datetime('now'));
INSERT INTO expressions (id, text, language_code, created_by, updated_by, created_at, updated_at, tags, source_type, review_status, auto_approved) VALUES (643, '版本歷史', 'zh-TW', 'langmap', 'langmap', datetime('now'), datetime('now'), '["langmap"]', 'ai', 'approved', 1);
INSERT INTO expression_meanings (expression_id, meaning_id, created_by, updated_by, created_at, updated_at) VALUES (643, 125, 'langmap', 'langmap', datetime('now'), datetime('now'));
INSERT INTO expression_versions (expression_id, text, created_by, created_at) VALUES (643, '版本歷史', 'langmap', datetime('now'));
INSERT INTO expressions (id, text, language_code, created_by, updated_by, created_at, updated_at, tags, source_type, review_status, auto_approved) VALUES (644, '正在載入版本...', 'zh-TW', 'langmap', 'langmap', datetime('now'), datetime('now'), '["langmap"]', 'ai', 'approved', 1);
INSERT INTO expression_meanings (expression_id, meaning_id, created_by, updated_by, created_at, updated_at) VALUES (644, 126, 'langmap', 'langmap', datetime('now'), datetime('now'));
INSERT INTO expression_versions (expression_id, text, created_by, created_at) VALUES (644, '正在載入版本...', 'langmap', datetime('now'));
INSERT INTO expressions (id, text, language_code, created_by, updated_by, created_at, updated_at, tags, source_type, review_status, auto_approved) VALUES (645, '無可用版本', 'zh-TW', 'langmap', 'langmap', datetime('now'), datetime('now'), '["langmap"]', 'ai', 'approved', 1);
INSERT INTO expression_meanings (expression_id, meaning_id, created_by, updated_by, created_at, updated_at) VALUES (645, 127, 'langmap', 'langmap', datetime('now'), datetime('now'));
INSERT INTO expression_versions (expression_id, text, created_by, created_at) VALUES (645, '無可用版本', 'langmap', datetime('now'));
INSERT INTO expressions (id, text, language_code, created_by, updated_by, created_at, updated_at, tags, source_type, review_status, auto_approved) VALUES (646, '自動', 'zh-TW', 'langmap', 'langmap', datetime('now'), datetime('now'), '["langmap"]', 'ai', 'approved', 1);
INSERT INTO expression_meanings (expression_id, meaning_id, created_by, updated_by, created_at, updated_at) VALUES (646, 128, 'langmap', 'langmap', datetime('now'), datetime('now'));
INSERT INTO expression_versions (expression_id, text, created_by, created_at) VALUES (646, '自動', 'langmap', datetime('now'));
INSERT INTO expressions (id, text, language_code, created_by, updated_by, created_at, updated_at, tags, source_type, review_status, auto_approved) VALUES (647, '匿名', 'zh-TW', 'langmap', 'langmap', datetime('now'), datetime('now'), '["langmap"]', 'ai', 'approved', 1);
INSERT INTO expression_meanings (expression_id, meaning_id, created_by, updated_by, created_at, updated_at) VALUES (647, 129, 'langmap', 'langmap', datetime('now'), datetime('now'));
INSERT INTO expression_versions (expression_id, text, created_by, created_at) VALUES (647, '匿名', 'langmap', datetime('now'));
INSERT INTO expressions (id, text, language_code, created_by, updated_by, created_at, updated_at, tags, source_type, review_status, auto_approved) VALUES (648, 'Explora el mundo de los idiomas', 'es', 'langmap', 'langmap', datetime('now'), datetime('now'), '["langmap"]', 'ai', 'approved', 1);
INSERT INTO expression_meanings (expression_id, meaning_id, created_by, updated_by, created_at, updated_at) VALUES (648, 1, 'langmap', 'langmap', datetime('now'), datetime('now'));
INSERT INTO expression_versions (expression_id, text, created_by, created_at) VALUES (648, 'Explora el mundo de los idiomas', 'langmap', datetime('now'));
INSERT INTO expressions (id, text, language_code, created_by, updated_by, created_at, updated_at, tags, source_type, review_status, auto_approved) VALUES (649, 'Descubre cómo varían las expresiones según las regiones y culturas', 'es', 'langmap', 'langmap', datetime('now'), datetime('now'), '["langmap"]', 'ai', 'approved', 1);
INSERT INTO expression_meanings (expression_id, meaning_id, created_by, updated_by, created_at, updated_at) VALUES (649, 2, 'langmap', 'langmap', datetime('now'), datetime('now'));
INSERT INTO expression_versions (expression_id, text, created_by, created_at) VALUES (649, 'Descubre cómo varían las expresiones según las regiones y culturas', 'langmap', datetime('now'));
INSERT INTO expressions (id, text, language_code, created_by, updated_by, created_at, updated_at, tags, source_type, review_status, auto_approved) VALUES (650, 'Buscar una expresión...', 'es', 'langmap', 'langmap', datetime('now'), datetime('now'), '["langmap"]', 'ai', 'approved', 1);
INSERT INTO expression_meanings (expression_id, meaning_id, created_by, updated_by, created_at, updated_at) VALUES (650, 3, 'langmap', 'langmap', datetime('now'), datetime('now'));
INSERT INTO expression_versions (expression_id, text, created_by, created_at) VALUES (650, 'Buscar una expresión...', 'langmap', datetime('now'));
INSERT INTO expressions (id, text, language_code, created_by, updated_by, created_at, updated_at, tags, source_type, review_status, auto_approved) VALUES (651, 'Buscar', 'es', 'langmap', 'langmap', datetime('now'), datetime('now'), '["langmap"]', 'ai', 'approved', 1);
INSERT INTO expression_meanings (expression_id, meaning_id, created_by, updated_by, created_at, updated_at) VALUES (651, 4, 'langmap', 'langmap', datetime('now'), datetime('now'));
INSERT INTO expression_versions (expression_id, text, created_by, created_at) VALUES (651, 'Buscar', 'langmap', datetime('now'));
INSERT INTO expressions (id, text, language_code, created_by, updated_by, created_at, updated_at, tags, source_type, review_status, auto_approved) VALUES (652, 'Expresiones totales', 'es', 'langmap', 'langmap', datetime('now'), datetime('now'), '["langmap"]', 'ai', 'approved', 1);
INSERT INTO expression_meanings (expression_id, meaning_id, created_by, updated_by, created_at, updated_at) VALUES (652, 5, 'langmap', 'langmap', datetime('now'), datetime('now'));
INSERT INTO expression_versions (expression_id, text, created_by, created_at) VALUES (652, 'Expresiones totales', 'langmap', datetime('now'));
INSERT INTO expressions (id, text, language_code, created_by, updated_by, created_at, updated_at, tags, source_type, review_status, auto_approved) VALUES (653, 'Idiomas', 'es', 'langmap', 'langmap', datetime('now'), datetime('now'), '["langmap"]', 'ai', 'approved', 1);
INSERT INTO expression_meanings (expression_id, meaning_id, created_by, updated_by, created_at, updated_at) VALUES (653, 6, 'langmap', 'langmap', datetime('now'), datetime('now'));
INSERT INTO expression_versions (expression_id, text, created_by, created_at) VALUES (653, 'Idiomas', 'langmap', datetime('now'));
INSERT INTO expressions (id, text, language_code, created_by, updated_by, created_at, updated_at, tags, source_type, review_status, auto_approved) VALUES (654, 'Regiones', 'es', 'langmap', 'langmap', datetime('now'), datetime('now'), '["langmap"]', 'ai', 'approved', 1);
INSERT INTO expression_meanings (expression_id, meaning_id, created_by, updated_by, created_at, updated_at) VALUES (654, 7, 'langmap', 'langmap', datetime('now'), datetime('now'));
INSERT INTO expression_versions (expression_id, text, created_by, created_at) VALUES (654, 'Regiones', 'langmap', datetime('now'));
INSERT INTO expressions (id, text, language_code, created_by, updated_by, created_at, updated_at, tags, source_type, review_status, auto_approved) VALUES (655, 'Distribución global del idioma', 'es', 'langmap', 'langmap', datetime('now'), datetime('now'), '["langmap"]', 'ai', 'approved', 1);
INSERT INTO expression_meanings (expression_id, meaning_id, created_by, updated_by, created_at, updated_at) VALUES (655, 8, 'langmap', 'langmap', datetime('now'), datetime('now'));
INSERT INTO expression_versions (expression_id, text, created_by, created_at) VALUES (655, 'Distribución global del idioma', 'langmap', datetime('now'));
INSERT INTO expressions (id, text, language_code, created_by, updated_by, created_at, updated_at, tags, source_type, review_status, auto_approved) VALUES (656, 'Explora la riqueza de las expresiones lingüísticas en diferentes regiones. Los círculos más grandes indican más expresiones en esa área.', 'es', 'langmap', 'langmap', datetime('now'), datetime('now'), '["langmap"]', 'ai', 'approved', 1);
INSERT INTO expression_meanings (expression_id, meaning_id, created_by, updated_by, created_at, updated_at) VALUES (656, 9, 'langmap', 'langmap', datetime('now'), datetime('now'));
INSERT INTO expression_versions (expression_id, text, created_by, created_at) VALUES (656, 'Explora la riqueza de las expresiones lingüísticas en diferentes regiones. Los círculos más grandes indican más expresiones en esa área.', 'langmap', datetime('now'));
INSERT INTO expressions (id, text, language_code, created_by, updated_by, created_at, updated_at, tags, source_type, review_status, auto_approved) VALUES (657, 'Densidad de expresiones', 'es', 'langmap', 'langmap', datetime('now'), datetime('now'), '["langmap"]', 'ai', 'approved', 1);
INSERT INTO expression_meanings (expression_id, meaning_id, created_by, updated_by, created_at, updated_at) VALUES (657, 10, 'langmap', 'langmap', datetime('now'), datetime('now'));
INSERT INTO expression_versions (expression_id, text, created_by, created_at) VALUES (657, 'Densidad de expresiones', 'langmap', datetime('now'));
INSERT INTO expressions (id, text, language_code, created_by, updated_by, created_at, updated_at, tags, source_type, review_status, auto_approved) VALUES (658, 'Bajo', 'es', 'langmap', 'langmap', datetime('now'), datetime('now'), '["langmap"]', 'ai', 'approved', 1);
INSERT INTO expression_meanings (expression_id, meaning_id, created_by, updated_by, created_at, updated_at) VALUES (658, 130, 'langmap', 'langmap', datetime('now'), datetime('now'));
INSERT INTO expression_versions (expression_id, text, created_by, created_at) VALUES (658, 'Bajo', 'langmap', datetime('now'));
INSERT INTO expressions (id, text, language_code, created_by, updated_by, created_at, updated_at, tags, source_type, review_status, auto_approved) VALUES (659, 'Medio', 'es', 'langmap', 'langmap', datetime('now'), datetime('now'), '["langmap"]', 'ai', 'approved', 1);
INSERT INTO expression_meanings (expression_id, meaning_id, created_by, updated_by, created_at, updated_at) VALUES (659, 131, 'langmap', 'langmap', datetime('now'), datetime('now'));
INSERT INTO expression_versions (expression_id, text, created_by, created_at) VALUES (659, 'Medio', 'langmap', datetime('now'));
INSERT INTO expressions (id, text, language_code, created_by, updated_by, created_at, updated_at, tags, source_type, review_status, auto_approved) VALUES (660, 'Alto', 'es', 'langmap', 'langmap', datetime('now'), datetime('now'), '["langmap"]', 'ai', 'approved', 1);
INSERT INTO expression_meanings (expression_id, meaning_id, created_by, updated_by, created_at, updated_at) VALUES (660, 132, 'langmap', 'langmap', datetime('now'), datetime('now'));
INSERT INTO expression_versions (expression_id, text, created_by, created_at) VALUES (660, 'Alto', 'langmap', datetime('now'));
INSERT INTO expressions (id, text, language_code, created_by, updated_by, created_at, updated_at, tags, source_type, review_status, auto_approved) VALUES (661, 'Comenzar', 'es', 'langmap', 'langmap', datetime('now'), datetime('now'), '["langmap"]', 'ai', 'approved', 1);
INSERT INTO expression_meanings (expression_id, meaning_id, created_by, updated_by, created_at, updated_at) VALUES (661, 11, 'langmap', 'langmap', datetime('now'), datetime('now'));
INSERT INTO expression_versions (expression_id, text, created_by, created_at) VALUES (661, 'Comenzar', 'langmap', datetime('now'));
INSERT INTO expressions (id, text, language_code, created_by, updated_by, created_at, updated_at, tags, source_type, review_status, auto_approved) VALUES (662, 'Buscar expresiones', 'es', 'langmap', 'langmap', datetime('now'), datetime('now'), '["langmap"]', 'ai', 'approved', 1);
INSERT INTO expression_meanings (expression_id, meaning_id, created_by, updated_by, created_at, updated_at) VALUES (662, 12, 'langmap', 'langmap', datetime('now'), datetime('now'));
INSERT INTO expression_versions (expression_id, text, created_by, created_at) VALUES (662, 'Buscar expresiones', 'langmap', datetime('now'));
INSERT INTO expressions (id, text, language_code, created_by, updated_by, created_at, updated_at, tags, source_type, review_status, auto_approved) VALUES (663, 'Encuentra cómo se expresan palabras y oraciones en diferentes idiomas y regiones.', 'es', 'langmap', 'langmap', datetime('now'), datetime('now'), '["langmap"]', 'ai', 'approved', 1);
INSERT INTO expression_meanings (expression_id, meaning_id, created_by, updated_by, created_at, updated_at) VALUES (663, 13, 'langmap', 'langmap', datetime('now'), datetime('now'));
INSERT INTO expression_versions (expression_id, text, created_by, created_at) VALUES (663, 'Encuentra cómo se expresan palabras y oraciones en diferentes idiomas y regiones.', 'langmap', datetime('now'));
INSERT INTO expressions (id, text, language_code, created_by, updated_by, created_at, updated_at, tags, source_type, review_status, auto_approved) VALUES (664, 'Comenzar búsqueda →', 'es', 'langmap', 'langmap', datetime('now'), datetime('now'), '["langmap"]', 'ai', 'approved', 1);
INSERT INTO expression_meanings (expression_id, meaning_id, created_by, updated_by, created_at, updated_at) VALUES (664, 14, 'langmap', 'langmap', datetime('now'), datetime('now'));
INSERT INTO expression_versions (expression_id, text, created_by, created_at) VALUES (664, 'Comenzar búsqueda →', 'langmap', datetime('now'));
INSERT INTO expressions (id, text, language_code, created_by, updated_by, created_at, updated_at, tags, source_type, review_status, auto_approved) VALUES (665, 'Agregar expresión', 'es', 'langmap', 'langmap', datetime('now'), datetime('now'), '["langmap"]', 'ai', 'approved', 1);
INSERT INTO expression_meanings (expression_id, meaning_id, created_by, updated_by, created_at, updated_at) VALUES (665, 15, 'langmap', 'langmap', datetime('now'), datetime('now'));
INSERT INTO expression_versions (expression_id, text, created_by, created_at) VALUES (665, 'Agregar expresión', 'langmap', datetime('now'));
INSERT INTO expressions (id, text, language_code, created_by, updated_by, created_at, updated_at, tags, source_type, review_status, auto_approved) VALUES (666, 'Contribuye a nuestra base de datos agregando expresiones de tu idioma o región.', 'es', 'langmap', 'langmap', datetime('now'), datetime('now'), '["langmap"]', 'ai', 'approved', 1);
INSERT INTO expression_meanings (expression_id, meaning_id, created_by, updated_by, created_at, updated_at) VALUES (666, 16, 'langmap', 'langmap', datetime('now'), datetime('now'));
INSERT INTO expression_versions (expression_id, text, created_by, created_at) VALUES (666, 'Contribuye a nuestra base de datos agregando expresiones de tu idioma o región.', 'langmap', datetime('now'));
INSERT INTO expressions (id, text, language_code, created_by, updated_by, created_at, updated_at, tags, source_type, review_status, auto_approved) VALUES (667, 'Región', 'es', 'langmap', 'langmap', datetime('now'), datetime('now'), '["langmap"]', 'ai', 'approved', 1);
INSERT INTO expression_meanings (expression_id, meaning_id, created_by, updated_by, created_at, updated_at) VALUES (667, 17, 'langmap', 'langmap', datetime('now'), datetime('now'));
INSERT INTO expression_versions (expression_id, text, created_by, created_at) VALUES (667, 'Región', 'langmap', datetime('now'));
INSERT INTO expressions (id, text, language_code, created_by, updated_by, created_at, updated_at, tags, source_type, review_status, auto_approved) VALUES (668, 'Idioma', 'es', 'langmap', 'langmap', datetime('now'), datetime('now'), '["langmap"]', 'ai', 'approved', 1);
INSERT INTO expression_meanings (expression_id, meaning_id, created_by, updated_by, created_at, updated_at) VALUES (668, 18, 'langmap', 'langmap', datetime('now'), datetime('now'));
INSERT INTO expression_versions (expression_id, text, created_by, created_at) VALUES (668, 'Idioma', 'langmap', datetime('now'));
INSERT INTO expressions (id, text, language_code, created_by, updated_by, created_at, updated_at, tags, source_type, review_status, auto_approved) VALUES (669, 'Expresiones', 'es', 'langmap', 'langmap', datetime('now'), datetime('now'), '["langmap"]', 'ai', 'approved', 1);
INSERT INTO expression_meanings (expression_id, meaning_id, created_by, updated_by, created_at, updated_at) VALUES (669, 19, 'langmap', 'langmap', datetime('now'), datetime('now'));
INSERT INTO expression_versions (expression_id, text, created_by, created_at) VALUES (669, 'Expresiones', 'langmap', datetime('now'));
INSERT INTO expressions (id, text, language_code, created_by, updated_by, created_at, updated_at, tags, source_type, review_status, auto_approved) VALUES (670, 'Desconocido', 'es', 'langmap', 'langmap', datetime('now'), datetime('now'), '["langmap"]', 'ai', 'approved', 1);
INSERT INTO expression_meanings (expression_id, meaning_id, created_by, updated_by, created_at, updated_at) VALUES (670, 20, 'langmap', 'langmap', datetime('now'), datetime('now'));
INSERT INTO expression_versions (expression_id, text, created_by, created_at) VALUES (670, 'Desconocido', 'langmap', datetime('now'));
INSERT INTO expressions (id, text, language_code, created_by, updated_by, created_at, updated_at, tags, source_type, review_status, auto_approved) VALUES (671, 'Agregar nueva →', 'es', 'langmap', 'langmap', datetime('now'), datetime('now'), '["langmap"]', 'ai', 'approved', 1);
INSERT INTO expression_meanings (expression_id, meaning_id, created_by, updated_by, created_at, updated_at) VALUES (671, 21, 'langmap', 'langmap', datetime('now'), datetime('now'));
INSERT INTO expression_versions (expression_id, text, created_by, created_at) VALUES (671, 'Agregar nueva →', 'langmap', datetime('now'));
INSERT INTO expressions (id, text, language_code, created_by, updated_by, created_at, updated_at, tags, source_type, review_status, auto_approved) VALUES (672, 'Explorar mapa', 'es', 'langmap', 'langmap', datetime('now'), datetime('now'), '["langmap"]', 'ai', 'approved', 1);
INSERT INTO expression_meanings (expression_id, meaning_id, created_by, updated_by, created_at, updated_at) VALUES (672, 22, 'langmap', 'langmap', datetime('now'), datetime('now'));
INSERT INTO expression_versions (expression_id, text, created_by, created_at) VALUES (672, 'Explorar mapa', 'langmap', datetime('now'));
INSERT INTO expressions (id, text, language_code, created_by, updated_by, created_at, updated_at, tags, source_type, review_status, auto_approved) VALUES (673, 'Visualiza la diversidad lingüística en un mapa mundial interactivo.', 'es', 'langmap', 'langmap', datetime('now'), datetime('now'), '["langmap"]', 'ai', 'approved', 1);
INSERT INTO expression_meanings (expression_id, meaning_id, created_by, updated_by, created_at, updated_at) VALUES (673, 23, 'langmap', 'langmap', datetime('now'), datetime('now'));
INSERT INTO expression_versions (expression_id, text, created_by, created_at) VALUES (673, 'Visualiza la diversidad lingüística en un mapa mundial interactivo.', 'langmap', datetime('now'));
INSERT INTO expressions (id, text, language_code, created_by, updated_by, created_at, updated_at, tags, source_type, review_status, auto_approved) VALUES (674, 'Ver mapa →', 'es', 'langmap', 'langmap', datetime('now'), datetime('now'), '["langmap"]', 'ai', 'approved', 1);
INSERT INTO expression_meanings (expression_id, meaning_id, created_by, updated_by, created_at, updated_at) VALUES (674, 24, 'langmap', 'langmap', datetime('now'), datetime('now'));
INSERT INTO expression_versions (expression_id, text, created_by, created_at) VALUES (674, 'Ver mapa →', 'langmap', datetime('now'));
INSERT INTO expressions (id, text, language_code, created_by, updated_by, created_at, updated_at, tags, source_type, review_status, auto_approved) VALUES (675, 'Cargando mapa...', 'es', 'langmap', 'langmap', datetime('now'), datetime('now'), '["langmap"]', 'ai', 'approved', 1);
INSERT INTO expression_meanings (expression_id, meaning_id, created_by, updated_by, created_at, updated_at) VALUES (675, 25, 'langmap', 'langmap', datetime('now'), datetime('now'));
INSERT INTO expression_versions (expression_id, text, created_by, created_at) VALUES (675, 'Cargando mapa...', 'langmap', datetime('now'));
INSERT INTO expressions (id, text, language_code, created_by, updated_by, created_at, updated_at, tags, source_type, review_status, auto_approved) VALUES (676, 'Inicio', 'es', 'langmap', 'langmap', datetime('now'), datetime('now'), '["langmap"]', 'ai', 'approved', 1);
INSERT INTO expression_meanings (expression_id, meaning_id, created_by, updated_by, created_at, updated_at) VALUES (676, 26, 'langmap', 'langmap', datetime('now'), datetime('now'));
INSERT INTO expression_versions (expression_id, text, created_by, created_at) VALUES (676, 'Inicio', 'langmap', datetime('now'));
INSERT INTO expressions (id, text, language_code, created_by, updated_by, created_at, updated_at, tags, source_type, review_status, auto_approved) VALUES (677, 'Buscar', 'es', 'langmap', 'langmap', datetime('now'), datetime('now'), '["langmap"]', 'ai', 'approved', 1);
INSERT INTO expression_meanings (expression_id, meaning_id, created_by, updated_by, created_at, updated_at) VALUES (677, 27, 'langmap', 'langmap', datetime('now'), datetime('now'));
INSERT INTO expression_versions (expression_id, text, created_by, created_at) VALUES (677, 'Buscar', 'langmap', datetime('now'));
INSERT INTO expressions (id, text, language_code, created_by, updated_by, created_at, updated_at, tags, source_type, review_status, auto_approved) VALUES (678, '© {year} langmap - Plataforma de mapeo de expresiones lingüísticas', 'es', 'langmap', 'langmap', datetime('now'), datetime('now'), '["langmap"]', 'ai', 'approved', 1);
INSERT INTO expression_meanings (expression_id, meaning_id, created_by, updated_by, created_at, updated_at) VALUES (678, 28, 'langmap', 'langmap', datetime('now'), datetime('now'));
INSERT INTO expression_versions (expression_id, text, created_by, created_at) VALUES (678, '© {year} langmap - Plataforma de mapeo de expresiones lingüísticas', 'langmap', datetime('now'));
INSERT INTO expressions (id, text, language_code, created_by, updated_by, created_at, updated_at, tags, source_type, review_status, auto_approved) VALUES (679, 'Buscar expresiones', 'es', 'langmap', 'langmap', datetime('now'), datetime('now'), '["langmap"]', 'ai', 'approved', 1);
INSERT INTO expression_meanings (expression_id, meaning_id, created_by, updated_by, created_at, updated_at) VALUES (679, 29, 'langmap', 'langmap', datetime('now'), datetime('now'));
INSERT INTO expression_versions (expression_id, text, created_by, created_at) VALUES (679, 'Buscar expresiones', 'langmap', datetime('now'));
INSERT INTO expressions (id, text, language_code, created_by, updated_by, created_at, updated_at, tags, source_type, review_status, auto_approved) VALUES (680, 'Encuentra expresiones lingüísticas en idiomas y regiones', 'es', 'langmap', 'langmap', datetime('now'), datetime('now'), '["langmap"]', 'ai', 'approved', 1);
INSERT INTO expression_meanings (expression_id, meaning_id, created_by, updated_by, created_at, updated_at) VALUES (680, 30, 'langmap', 'langmap', datetime('now'), datetime('now'));
INSERT INTO expression_versions (expression_id, text, created_by, created_at) VALUES (680, 'Encuentra expresiones lingüísticas en idiomas y regiones', 'langmap', datetime('now'));
INSERT INTO expressions (id, text, language_code, created_by, updated_by, created_at, updated_at, tags, source_type, review_status, auto_approved) VALUES (681, 'Ingresa una palabra o oración...', 'es', 'langmap', 'langmap', datetime('now'), datetime('now'), '["langmap"]', 'ai', 'approved', 1);
INSERT INTO expression_meanings (expression_id, meaning_id, created_by, updated_by, created_at, updated_at) VALUES (681, 31, 'langmap', 'langmap', datetime('now'), datetime('now'));
INSERT INTO expression_versions (expression_id, text, created_by, created_at) VALUES (681, 'Ingresa una palabra o oración...', 'langmap', datetime('now'));
INSERT INTO expressions (id, text, language_code, created_by, updated_by, created_at, updated_at, tags, source_type, review_status, auto_approved) VALUES (682, 'Buscar', 'es', 'langmap', 'langmap', datetime('now'), datetime('now'), '["langmap"]', 'ai', 'approved', 1);
INSERT INTO expression_meanings (expression_id, meaning_id, created_by, updated_by, created_at, updated_at) VALUES (682, 32, 'langmap', 'langmap', datetime('now'), datetime('now'));
INSERT INTO expression_versions (expression_id, text, created_by, created_at) VALUES (682, 'Buscar', 'langmap', datetime('now'));
INSERT INTO expressions (id, text, language_code, created_by, updated_by, created_at, updated_at, tags, source_type, review_status, auto_approved) VALUES (683, 'Buscando expresiones...', 'es', 'langmap', 'langmap', datetime('now'), datetime('now'), '["langmap"]', 'ai', 'approved', 1);
INSERT INTO expression_meanings (expression_id, meaning_id, created_by, updated_by, created_at, updated_at) VALUES (683, 33, 'langmap', 'langmap', datetime('now'), datetime('now'));
INSERT INTO expression_versions (expression_id, text, created_by, created_at) VALUES (683, 'Buscando expresiones...', 'langmap', datetime('now'));
INSERT INTO expressions (id, text, language_code, created_by, updated_by, created_at, updated_at, tags, source_type, review_status, auto_approved) VALUES (684, 'No se encontraron resultados', 'es', 'langmap', 'langmap', datetime('now'), datetime('now'), '["langmap"]', 'ai', 'approved', 1);
INSERT INTO expression_meanings (expression_id, meaning_id, created_by, updated_by, created_at, updated_at) VALUES (684, 34, 'langmap', 'langmap', datetime('now'), datetime('now'));
INSERT INTO expression_versions (expression_id, text, created_by, created_at) VALUES (684, 'No se encontraron resultados', 'langmap', datetime('now'));
INSERT INTO expressions (id, text, language_code, created_by, updated_by, created_at, updated_at, tags, source_type, review_status, auto_approved) VALUES (685, 'Prueba con términos de búsqueda diferentes o agrega una nueva expresión', 'es', 'langmap', 'langmap', datetime('now'), datetime('now'), '["langmap"]', 'ai', 'approved', 1);
INSERT INTO expression_meanings (expression_id, meaning_id, created_by, updated_by, created_at, updated_at) VALUES (685, 35, 'langmap', 'langmap', datetime('now'), datetime('now'));
INSERT INTO expression_versions (expression_id, text, created_by, created_at) VALUES (685, 'Prueba con términos de búsqueda diferentes o agrega una nueva expresión', 'langmap', datetime('now'));
INSERT INTO expressions (id, text, language_code, created_by, updated_by, created_at, updated_at, tags, source_type, review_status, auto_approved) VALUES (686, 'Agregar "{expression}"', 'es', 'langmap', 'langmap', datetime('now'), datetime('now'), '["langmap"]', 'ai', 'approved', 1);
INSERT INTO expression_meanings (expression_id, meaning_id, created_by, updated_by, created_at, updated_at) VALUES (686, 36, 'langmap', 'langmap', datetime('now'), datetime('now'));
INSERT INTO expression_versions (expression_id, text, created_by, created_at) VALUES (686, 'Agregar "{expression}"', 'langmap', datetime('now'));
INSERT INTO expressions (id, text, language_code, created_by, updated_by, created_at, updated_at, tags, source_type, review_status, auto_approved) VALUES (687, 'nueva expresión', 'es', 'langmap', 'langmap', datetime('now'), datetime('now'), '["langmap"]', 'ai', 'approved', 1);
INSERT INTO expression_meanings (expression_id, meaning_id, created_by, updated_by, created_at, updated_at) VALUES (687, 37, 'langmap', 'langmap', datetime('now'), datetime('now'));
INSERT INTO expression_versions (expression_id, text, created_by, created_at) VALUES (687, 'nueva expresión', 'langmap', datetime('now'));
INSERT INTO expressions (id, text, language_code, created_by, updated_by, created_at, updated_at, tags, source_type, review_status, auto_approved) VALUES (688, 'Se encontraron {count} expresión{plural}', 'es', 'langmap', 'langmap', datetime('now'), datetime('now'), '["langmap"]', 'ai', 'approved', 1);
INSERT INTO expression_meanings (expression_id, meaning_id, created_by, updated_by, created_at, updated_at) VALUES (688, 38, 'langmap', 'langmap', datetime('now'), datetime('now'));
INSERT INTO expression_versions (expression_id, text, created_by, created_at) VALUES (688, 'Se encontraron {count} expresión{plural}', 'langmap', datetime('now'));
INSERT INTO expressions (id, text, language_code, created_by, updated_by, created_at, updated_at, tags, source_type, review_status, auto_approved) VALUES (689, 'es', 'es', 'langmap', 'langmap', datetime('now'), datetime('now'), '["langmap"]', 'ai', 'approved', 1);
INSERT INTO expression_meanings (expression_id, meaning_id, created_by, updated_by, created_at, updated_at) VALUES (689, 133, 'langmap', 'langmap', datetime('now'), datetime('now'));
INSERT INTO expression_versions (expression_id, text, created_by, created_at) VALUES (689, 'es', 'langmap', datetime('now'));
INSERT INTO expressions (id, text, language_code, created_by, updated_by, created_at, updated_at, tags, source_type, review_status, auto_approved) VALUES (690, 'Atrás', 'es', 'langmap', 'langmap', datetime('now'), datetime('now'), '["langmap"]', 'ai', 'approved', 1);
INSERT INTO expression_meanings (expression_id, meaning_id, created_by, updated_by, created_at, updated_at) VALUES (690, 39, 'langmap', 'langmap', datetime('now'), datetime('now'));
INSERT INTO expression_versions (expression_id, text, created_by, created_at) VALUES (690, 'Atrás', 'langmap', datetime('now'));
INSERT INTO expressions (id, text, language_code, created_by, updated_by, created_at, updated_at, tags, source_type, review_status, auto_approved) VALUES (691, 'Agregar nueva expresión', 'es', 'langmap', 'langmap', datetime('now'), datetime('now'), '["langmap"]', 'ai', 'approved', 1);
INSERT INTO expression_meanings (expression_id, meaning_id, created_by, updated_by, created_at, updated_at) VALUES (691, 40, 'langmap', 'langmap', datetime('now'), datetime('now'));
INSERT INTO expression_versions (expression_id, text, created_by, created_at) VALUES (691, 'Agregar nueva expresión', 'langmap', datetime('now'));
INSERT INTO expressions (id, text, language_code, created_by, updated_by, created_at, updated_at, tags, source_type, review_status, auto_approved) VALUES (692, 'Texto', 'es', 'langmap', 'langmap', datetime('now'), datetime('now'), '["langmap"]', 'ai', 'approved', 1);
INSERT INTO expression_meanings (expression_id, meaning_id, created_by, updated_by, created_at, updated_at) VALUES (692, 41, 'langmap', 'langmap', datetime('now'), datetime('now'));
INSERT INTO expression_versions (expression_id, text, created_by, created_at) VALUES (692, 'Texto', 'langmap', datetime('now'));
INSERT INTO expressions (id, text, language_code, created_by, updated_by, created_at, updated_at, tags, source_type, review_status, auto_approved) VALUES (693, 'Ingresa la expresión lingüística', 'es', 'langmap', 'langmap', datetime('now'), datetime('now'), '["langmap"]', 'ai', 'approved', 1);
INSERT INTO expression_meanings (expression_id, meaning_id, created_by, updated_by, created_at, updated_at) VALUES (693, 42, 'langmap', 'langmap', datetime('now'), datetime('now'));
INSERT INTO expression_versions (expression_id, text, created_by, created_at) VALUES (693, 'Ingresa la expresión lingüística', 'langmap', datetime('now'));
INSERT INTO expressions (id, text, language_code, created_by, updated_by, created_at, updated_at, tags, source_type, review_status, auto_approved) VALUES (694, 'La palabra o oración real en el idioma', 'es', 'langmap', 'langmap', datetime('now'), datetime('now'), '["langmap"]', 'ai', 'approved', 1);
INSERT INTO expression_meanings (expression_id, meaning_id, created_by, updated_by, created_at, updated_at) VALUES (694, 43, 'langmap', 'langmap', datetime('now'), datetime('now'));
INSERT INTO expression_versions (expression_id, text, created_by, created_at) VALUES (694, 'La palabra o oración real en el idioma', 'langmap', datetime('now'));
INSERT INTO expressions (id, text, language_code, created_by, updated_by, created_at, updated_at, tags, source_type, review_status, auto_approved) VALUES (695, 'Idioma', 'es', 'langmap', 'langmap', datetime('now'), datetime('now'), '["langmap"]', 'ai', 'approved', 1);
INSERT INTO expression_meanings (expression_id, meaning_id, created_by, updated_by, created_at, updated_at) VALUES (695, 44, 'langmap', 'langmap', datetime('now'), datetime('now'));
INSERT INTO expression_versions (expression_id, text, created_by, created_at) VALUES (695, 'Idioma', 'langmap', datetime('now'));
INSERT INTO expressions (id, text, language_code, created_by, updated_by, created_at, updated_at, tags, source_type, review_status, auto_approved) VALUES (696, 'Seleccionar idioma', 'es', 'langmap', 'langmap', datetime('now'), datetime('now'), '["langmap"]', 'ai', 'approved', 1);
INSERT INTO expression_meanings (expression_id, meaning_id, created_by, updated_by, created_at, updated_at) VALUES (696, 45, 'langmap', 'langmap', datetime('now'), datetime('now'));
INSERT INTO expression_versions (expression_id, text, created_by, created_at) VALUES (696, 'Seleccionar idioma', 'langmap', datetime('now'));
INSERT INTO expressions (id, text, language_code, created_by, updated_by, created_at, updated_at, tags, source_type, review_status, auto_approved) VALUES (697, 'Selecciona el idioma para esta expresión', 'es', 'langmap', 'langmap', datetime('now'), datetime('now'), '["langmap"]', 'ai', 'approved', 1);
INSERT INTO expression_meanings (expression_id, meaning_id, created_by, updated_by, created_at, updated_at) VALUES (697, 46, 'langmap', 'langmap', datetime('now'), datetime('now'));
INSERT INTO expression_versions (expression_id, text, created_by, created_at) VALUES (697, 'Selecciona el idioma para esta expresión', 'langmap', datetime('now'));
INSERT INTO expressions (id, text, language_code, created_by, updated_by, created_at, updated_at, tags, source_type, review_status, auto_approved) VALUES (698, 'Seleccionar idioma...', 'es', 'langmap', 'langmap', datetime('now'), datetime('now'), '["langmap"]', 'ai', 'approved', 1);
INSERT INTO expression_meanings (expression_id, meaning_id, created_by, updated_by, created_at, updated_at) VALUES (698, 47, 'langmap', 'langmap', datetime('now'), datetime('now'));
INSERT INTO expression_versions (expression_id, text, created_by, created_at) VALUES (698, 'Seleccionar idioma...', 'langmap', datetime('now'));
INSERT INTO expressions (id, text, language_code, created_by, updated_by, created_at, updated_at, tags, source_type, review_status, auto_approved) VALUES (699, 'Cargando idiomas...', 'es', 'langmap', 'langmap', datetime('now'), datetime('now'), '["langmap"]', 'ai', 'approved', 1);
INSERT INTO expression_meanings (expression_id, meaning_id, created_by, updated_by, created_at, updated_at) VALUES (699, 48, 'langmap', 'langmap', datetime('now'), datetime('now'));
INSERT INTO expression_versions (expression_id, text, created_by, created_at) VALUES (699, 'Cargando idiomas...', 'langmap', datetime('now'));
INSERT INTO expressions (id, text, language_code, created_by, updated_by, created_at, updated_at, tags, source_type, review_status, auto_approved) VALUES (700, 'Región (opcional)', 'es', 'langmap', 'langmap', datetime('now'), datetime('now'), '["langmap"]', 'ai', 'approved', 1);
INSERT INTO expression_meanings (expression_id, meaning_id, created_by, updated_by, created_at, updated_at) VALUES (700, 49, 'langmap', 'langmap', datetime('now'), datetime('now'));
INSERT INTO expression_versions (expression_id, text, created_by, created_at) VALUES (700, 'Región (opcional)', 'langmap', datetime('now'));
INSERT INTO expressions (id, text, language_code, created_by, updated_by, created_at, updated_at, tags, source_type, review_status, auto_approved) VALUES (701, 'ej. China, España, Global', 'es', 'langmap', 'langmap', datetime('now'), datetime('now'), '["langmap"]', 'ai', 'approved', 1);
INSERT INTO expression_meanings (expression_id, meaning_id, created_by, updated_by, created_at, updated_at) VALUES (701, 50, 'langmap', 'langmap', datetime('now'), datetime('now'));
INSERT INTO expression_versions (expression_id, text, created_by, created_at) VALUES (701, 'ej. China, España, Global', 'langmap', datetime('now'));
INSERT INTO expressions (id, text, language_code, created_by, updated_by, created_at, updated_at, tags, source_type, review_status, auto_approved) VALUES (702, 'Región geográfica o área', 'es', 'langmap', 'langmap', datetime('now'), datetime('now'), '["langmap"]', 'ai', 'approved', 1);
INSERT INTO expression_meanings (expression_id, meaning_id, created_by, updated_by, created_at, updated_at) VALUES (702, 51, 'langmap', 'langmap', datetime('now'), datetime('now'));
INSERT INTO expression_versions (expression_id, text, created_by, created_at) VALUES (702, 'Región geográfica o área', 'langmap', datetime('now'));
INSERT INTO expressions (id, text, language_code, created_by, updated_by, created_at, updated_at, tags, source_type, review_status, auto_approved) VALUES (703, 'Detectar mi ubicación', 'es', 'langmap', 'langmap', datetime('now'), datetime('now'), '["langmap"]', 'ai', 'approved', 1);
INSERT INTO expression_meanings (expression_id, meaning_id, created_by, updated_by, created_at, updated_at) VALUES (703, 52, 'langmap', 'langmap', datetime('now'), datetime('now'));
INSERT INTO expression_versions (expression_id, text, created_by, created_at) VALUES (703, 'Detectar mi ubicación', 'langmap', datetime('now'));
INSERT INTO expressions (id, text, language_code, created_by, updated_by, created_at, updated_at, tags, source_type, review_status, auto_approved) VALUES (704, 'Seleccionar en el mapa', 'es', 'langmap', 'langmap', datetime('now'), datetime('now'), '["langmap"]', 'ai', 'approved', 1);
INSERT INTO expression_meanings (expression_id, meaning_id, created_by, updated_by, created_at, updated_at) VALUES (704, 53, 'langmap', 'langmap', datetime('now'), datetime('now'));
INSERT INTO expression_versions (expression_id, text, created_by, created_at) VALUES (704, 'Seleccionar en el mapa', 'langmap', datetime('now'));
INSERT INTO expressions (id, text, language_code, created_by, updated_by, created_at, updated_at, tags, source_type, review_status, auto_approved) VALUES (705, 'Haz clic en el mapa para seleccionar una región', 'es', 'langmap', 'langmap', datetime('now'), datetime('now'), '["langmap"]', 'ai', 'approved', 1);
INSERT INTO expression_meanings (expression_id, meaning_id, created_by, updated_by, created_at, updated_at) VALUES (705, 54, 'langmap', 'langmap', datetime('now'), datetime('now'));
INSERT INTO expression_versions (expression_id, text, created_by, created_at) VALUES (705, 'Haz clic en el mapa para seleccionar una región', 'langmap', datetime('now'));
INSERT INTO expressions (id, text, language_code, created_by, updated_by, created_at, updated_at, tags, source_type, review_status, auto_approved) VALUES (706, 'La geolocalización no es compatible con tu navegador', 'es', 'langmap', 'langmap', datetime('now'), datetime('now'), '["langmap"]', 'ai', 'approved', 1);
INSERT INTO expression_meanings (expression_id, meaning_id, created_by, updated_by, created_at, updated_at) VALUES (706, 55, 'langmap', 'langmap', datetime('now'), datetime('now'));
INSERT INTO expression_versions (expression_id, text, created_by, created_at) VALUES (706, 'La geolocalización no es compatible con tu navegador', 'langmap', datetime('now'));
INSERT INTO expressions (id, text, language_code, created_by, updated_by, created_at, updated_at, tags, source_type, review_status, auto_approved) VALUES (707, 'No se pudo detectar tu ubicación', 'es', 'langmap', 'langmap', datetime('now'), datetime('now'), '["langmap"]', 'ai', 'approved', 1);
INSERT INTO expression_meanings (expression_id, meaning_id, created_by, updated_by, created_at, updated_at) VALUES (707, 56, 'langmap', 'langmap', datetime('now'), datetime('now'));
INSERT INTO expression_versions (expression_id, text, created_by, created_at) VALUES (707, 'No se pudo detectar tu ubicación', 'langmap', datetime('now'));
INSERT INTO expressions (id, text, language_code, created_by, updated_by, created_at, updated_at, tags, source_type, review_status, auto_approved) VALUES (708, 'Analizando información de ubicación...', 'es', 'langmap', 'langmap', datetime('now'), datetime('now'), '["langmap"]', 'ai', 'approved', 1);
INSERT INTO expression_meanings (expression_id, meaning_id, created_by, updated_by, created_at, updated_at) VALUES (708, 57, 'langmap', 'langmap', datetime('now'), datetime('now'));
INSERT INTO expression_versions (expression_id, text, created_by, created_at) VALUES (708, 'Analizando información de ubicación...', 'langmap', datetime('now'));
INSERT INTO expressions (id, text, language_code, created_by, updated_by, created_at, updated_at, tags, source_type, review_status, auto_approved) VALUES (709, 'Error al analizar la información de ubicación', 'es', 'langmap', 'langmap', datetime('now'), datetime('now'), '["langmap"]', 'ai', 'approved', 1);
INSERT INTO expression_meanings (expression_id, meaning_id, created_by, updated_by, created_at, updated_at) VALUES (709, 58, 'langmap', 'langmap', datetime('now'), datetime('now'));
INSERT INTO expression_versions (expression_id, text, created_by, created_at) VALUES (709, 'Error al analizar la información de ubicación', 'langmap', datetime('now'));
INSERT INTO expressions (id, text, language_code, created_by, updated_by, created_at, updated_at, tags, source_type, review_status, auto_approved) VALUES (710, 'Referencia de fuente (opcional)', 'es', 'langmap', 'langmap', datetime('now'), datetime('now'), '["langmap"]', 'ai', 'approved', 1);
INSERT INTO expression_meanings (expression_id, meaning_id, created_by, updated_by, created_at, updated_at) VALUES (710, 59, 'langmap', 'langmap', datetime('now'), datetime('now'));
INSERT INTO expression_versions (expression_id, text, created_by, created_at) VALUES (710, 'Referencia de fuente (opcional)', 'langmap', datetime('now'));
INSERT INTO expressions (id, text, language_code, created_by, updated_by, created_at, updated_at, tags, source_type, review_status, auto_approved) VALUES (711, 'ej. Wiktionary, Dictionary.com, o una URL', 'es', 'langmap', 'langmap', datetime('now'), datetime('now'), '["langmap"]', 'ai', 'approved', 1);
INSERT INTO expression_meanings (expression_id, meaning_id, created_by, updated_by, created_at, updated_at) VALUES (711, 60, 'langmap', 'langmap', datetime('now'), datetime('now'));
INSERT INTO expression_versions (expression_id, text, created_by, created_at) VALUES (711, 'ej. Wiktionary, Dictionary.com, o una URL', 'langmap', datetime('now'));
INSERT INTO expressions (id, text, language_code, created_by, updated_by, created_at, updated_at, tags, source_type, review_status, auto_approved) VALUES (712, 'Origen o referencia para esta expresión', 'es', 'langmap', 'langmap', datetime('now'), datetime('now'), '["langmap"]', 'ai', 'approved', 1);
INSERT INTO expression_meanings (expression_id, meaning_id, created_by, updated_by, created_at, updated_at) VALUES (712, 61, 'langmap', 'langmap', datetime('now'), datetime('now'));
INSERT INTO expression_versions (expression_id, text, created_by, created_at) VALUES (712, 'Origen o referencia para esta expresión', 'langmap', datetime('now'));
INSERT INTO expressions (id, text, language_code, created_by, updated_by, created_at, updated_at, tags, source_type, review_status, auto_approved) VALUES (713, 'Crear expresión', 'es', 'langmap', 'langmap', datetime('now'), datetime('now'), '["langmap"]', 'ai', 'approved', 1);
INSERT INTO expression_meanings (expression_id, meaning_id, created_by, updated_by, created_at, updated_at) VALUES (713, 62, 'langmap', 'langmap', datetime('now'), datetime('now'));
INSERT INTO expression_versions (expression_id, text, created_by, created_at) VALUES (713, 'Crear expresión', 'langmap', datetime('now'));
INSERT INTO expressions (id, text, language_code, created_by, updated_by, created_at, updated_at, tags, source_type, review_status, auto_approved) VALUES (714, 'Cancelar', 'es', 'langmap', 'langmap', datetime('now'), datetime('now'), '["langmap"]', 'ai', 'approved', 1);
INSERT INTO expression_meanings (expression_id, meaning_id, created_by, updated_by, created_at, updated_at) VALUES (714, 64, 'langmap', 'langmap', datetime('now'), datetime('now'));
INSERT INTO expression_versions (expression_id, text, created_by, created_at) VALUES (714, 'Cancelar', 'langmap', datetime('now'));
INSERT INTO expressions (id, text, language_code, created_by, updated_by, created_at, updated_at, tags, source_type, review_status, auto_approved) VALUES (715, 'El idioma y el texto son obligatorios.', 'es', 'langmap', 'langmap', datetime('now'), datetime('now'), '["langmap"]', 'ai', 'approved', 1);
INSERT INTO expression_meanings (expression_id, meaning_id, created_by, updated_by, created_at, updated_at) VALUES (715, 65, 'langmap', 'langmap', datetime('now'), datetime('now'));
INSERT INTO expression_versions (expression_id, text, created_by, created_at) VALUES (715, 'El idioma y el texto son obligatorios.', 'langmap', datetime('now'));
INSERT INTO expressions (id, text, language_code, created_by, updated_by, created_at, updated_at, tags, source_type, review_status, auto_approved) VALUES (716, 'Asociar con significado', 'es', 'langmap', 'langmap', datetime('now'), datetime('now'), '["langmap"]', 'ai', 'approved', 1);
INSERT INTO expression_meanings (expression_id, meaning_id, created_by, updated_by, created_at, updated_at) VALUES (716, 66, 'langmap', 'langmap', datetime('now'), datetime('now'));
INSERT INTO expression_versions (expression_id, text, created_by, created_at) VALUES (716, 'Asociar con significado', 'langmap', datetime('now'));
INSERT INTO expressions (id, text, language_code, created_by, updated_by, created_at, updated_at, tags, source_type, review_status, auto_approved) VALUES (717, 'Asociar con significado existente', 'es', 'langmap', 'langmap', datetime('now'), datetime('now'), '["langmap"]', 'ai', 'approved', 1);
INSERT INTO expression_meanings (expression_id, meaning_id, created_by, updated_by, created_at, updated_at) VALUES (717, 67, 'langmap', 'langmap', datetime('now'), datetime('now'));
INSERT INTO expression_versions (expression_id, text, created_by, created_at) VALUES (717, 'Asociar con significado existente', 'langmap', datetime('now'));
INSERT INTO expressions (id, text, language_code, created_by, updated_by, created_at, updated_at, tags, source_type, review_status, auto_approved) VALUES (718, 'Asociar con nuevo significado', 'es', 'langmap', 'langmap', datetime('now'), datetime('now'), '["langmap"]', 'ai', 'approved', 1);
INSERT INTO expression_meanings (expression_id, meaning_id, created_by, updated_by, created_at, updated_at) VALUES (718, 68, 'langmap', 'langmap', datetime('now'), datetime('now'));
INSERT INTO expression_versions (expression_id, text, created_by, created_at) VALUES (718, 'Asociar con nuevo significado', 'langmap', datetime('now'));
INSERT INTO expressions (id, text, language_code, created_by, updated_by, created_at, updated_at, tags, source_type, review_status, auto_approved) VALUES (719, 'Expresión seleccionada:', 'es', 'langmap', 'langmap', datetime('now'), datetime('now'), '["langmap"]', 'ai', 'approved', 1);
INSERT INTO expression_meanings (expression_id, meaning_id, created_by, updated_by, created_at, updated_at) VALUES (719, 69, 'langmap', 'langmap', datetime('now'), datetime('now'));
INSERT INTO expression_versions (expression_id, text, created_by, created_at) VALUES (719, 'Expresión seleccionada:', 'langmap', datetime('now'));
INSERT INTO expressions (id, text, language_code, created_by, updated_by, created_at, updated_at, tags, source_type, review_status, auto_approved) VALUES (720, 'Glosa del significado', 'es', 'langmap', 'langmap', datetime('now'), datetime('now'), '["langmap"]', 'ai', 'approved', 1);
INSERT INTO expression_meanings (expression_id, meaning_id, created_by, updated_by, created_at, updated_at) VALUES (720, 70, 'langmap', 'langmap', datetime('now'), datetime('now'));
INSERT INTO expression_versions (expression_id, text, created_by, created_at) VALUES (720, 'Glosa del significado', 'langmap', datetime('now'));
INSERT INTO expressions (id, text, language_code, created_by, updated_by, created_at, updated_at, tags, source_type, review_status, auto_approved) VALUES (721, 'Identificador breve para este significado', 'es', 'langmap', 'langmap', datetime('now'), datetime('now'), '["langmap"]', 'ai', 'approved', 1);
INSERT INTO expression_meanings (expression_id, meaning_id, created_by, updated_by, created_at, updated_at) VALUES (721, 71, 'langmap', 'langmap', datetime('now'), datetime('now'));
INSERT INTO expression_versions (expression_id, text, created_by, created_at) VALUES (721, 'Identificador breve para este significado', 'langmap', datetime('now'));
INSERT INTO expressions (id, text, language_code, created_by, updated_by, created_at, updated_at, tags, source_type, review_status, auto_approved) VALUES (722, 'Una frase corta que captura la esencia de este significado', 'es', 'langmap', 'langmap', datetime('now'), datetime('now'), '["langmap"]', 'ai', 'approved', 1);
INSERT INTO expression_meanings (expression_id, meaning_id, created_by, updated_by, created_at, updated_at) VALUES (722, 72, 'langmap', 'langmap', datetime('now'), datetime('now'));
INSERT INTO expression_versions (expression_id, text, created_by, created_at) VALUES (722, 'Una frase corta que captura la esencia de este significado', 'langmap', datetime('now'));
INSERT INTO expressions (id, text, language_code, created_by, updated_by, created_at, updated_at, tags, source_type, review_status, auto_approved) VALUES (723, 'Descripción del significado', 'es', 'langmap', 'langmap', datetime('now'), datetime('now'), '["langmap"]', 'ai', 'approved', 1);
INSERT INTO expression_meanings (expression_id, meaning_id, created_by, updated_by, created_at, updated_at) VALUES (723, 73, 'langmap', 'langmap', datetime('now'), datetime('now'));
INSERT INTO expression_versions (expression_id, text, created_by, created_at) VALUES (723, 'Descripción del significado', 'langmap', datetime('now'));
INSERT INTO expressions (id, text, language_code, created_by, updated_by, created_at, updated_at, tags, source_type, review_status, auto_approved) VALUES (724, 'Explicación detallada de este significado', 'es', 'langmap', 'langmap', datetime('now'), datetime('now'), '["langmap"]', 'ai', 'approved', 1);
INSERT INTO expression_meanings (expression_id, meaning_id, created_by, updated_by, created_at, updated_at) VALUES (724, 74, 'langmap', 'langmap', datetime('now'), datetime('now'));
INSERT INTO expression_versions (expression_id, text, created_by, created_at) VALUES (724, 'Explicación detallada de este significado', 'langmap', datetime('now'));
INSERT INTO expressions (id, text, language_code, created_by, updated_by, created_at, updated_at, tags, source_type, review_status, auto_approved) VALUES (725, 'Una descripción completa de lo que representa este significado', 'es', 'langmap', 'langmap', datetime('now'), datetime('now'), '["langmap"]', 'ai', 'approved', 1);
INSERT INTO expression_meanings (expression_id, meaning_id, created_by, updated_by, created_at, updated_at) VALUES (725, 75, 'langmap', 'langmap', datetime('now'), datetime('now'));
INSERT INTO expression_versions (expression_id, text, created_by, created_at) VALUES (725, 'Una descripción completa de lo que representa este significado', 'langmap', datetime('now'));
INSERT INTO expressions (id, text, language_code, created_by, updated_by, created_at, updated_at, tags, source_type, review_status, auto_approved) VALUES (726, 'Etiquetas', 'es', 'langmap', 'langmap', datetime('now'), datetime('now'), '["langmap"]', 'ai', 'approved', 1);
INSERT INTO expression_meanings (expression_id, meaning_id, created_by, updated_by, created_at, updated_at) VALUES (726, 76, 'langmap', 'langmap', datetime('now'), datetime('now'));
INSERT INTO expression_versions (expression_id, text, created_by, created_at) VALUES (726, 'Etiquetas', 'langmap', datetime('now'));
INSERT INTO expressions (id, text, language_code, created_by, updated_by, created_at, updated_at, tags, source_type, review_status, auto_approved) VALUES (727, 'Añadir una etiqueta...', 'es', 'langmap', 'langmap', datetime('now'), datetime('now'), '["langmap"]', 'ai', 'approved', 1);
INSERT INTO expression_meanings (expression_id, meaning_id, created_by, updated_by, created_at, updated_at) VALUES (727, 77, 'langmap', 'langmap', datetime('now'), datetime('now'));
INSERT INTO expression_versions (expression_id, text, created_by, created_at) VALUES (727, 'Añadir una etiqueta...', 'langmap', datetime('now'));
INSERT INTO expressions (id, text, language_code, created_by, updated_by, created_at, updated_at, tags, source_type, review_status, auto_approved) VALUES (728, 'Las etiquetas ayudan a categorizar y encontrar significados (presiona Enter o coma para añadir)', 'es', 'langmap', 'langmap', datetime('now'), datetime('now'), '["langmap"]', 'ai', 'approved', 1);
INSERT INTO expression_meanings (expression_id, meaning_id, created_by, updated_by, created_at, updated_at) VALUES (728, 78, 'langmap', 'langmap', datetime('now'), datetime('now'));
INSERT INTO expression_versions (expression_id, text, created_by, created_at) VALUES (728, 'Las etiquetas ayudan a categorizar y encontrar significados (presiona Enter o coma para añadir)', 'langmap', datetime('now'));
INSERT INTO expressions (id, text, language_code, created_by, updated_by, created_at, updated_at, tags, source_type, review_status, auto_approved) VALUES (729, 'Agregar idioma', 'es', 'langmap', 'langmap', datetime('now'), datetime('now'), '["langmap"]', 'ai', 'approved', 1);
INSERT INTO expression_meanings (expression_id, meaning_id, created_by, updated_by, created_at, updated_at) VALUES (729, 79, 'langmap', 'langmap', datetime('now'), datetime('now'));
INSERT INTO expression_versions (expression_id, text, created_by, created_at) VALUES (729, 'Agregar idioma', 'langmap', datetime('now'));
INSERT INTO expressions (id, text, language_code, created_by, updated_by, created_at, updated_at, tags, source_type, review_status, auto_approved) VALUES (730, 'Código de idioma', 'es', 'langmap', 'langmap', datetime('now'), datetime('now'), '["langmap"]', 'ai', 'approved', 1);
INSERT INTO expression_meanings (expression_id, meaning_id, created_by, updated_by, created_at, updated_at) VALUES (730, 80, 'langmap', 'langmap', datetime('now'), datetime('now'));
INSERT INTO expression_versions (expression_id, text, created_by, created_at) VALUES (730, 'Código de idioma', 'langmap', datetime('now'));
INSERT INTO expressions (id, text, language_code, created_by, updated_by, created_at, updated_at, tags, source_type, review_status, auto_approved) VALUES (731, 'ej. custom-lang, toki-pona', 'es', 'langmap', 'langmap', datetime('now'), datetime('now'), '["langmap"]', 'ai', 'approved', 1);
INSERT INTO expression_meanings (expression_id, meaning_id, created_by, updated_by, created_at, updated_at) VALUES (731, 81, 'langmap', 'langmap', datetime('now'), datetime('now'));
INSERT INTO expression_versions (expression_id, text, created_by, created_at) VALUES (731, 'ej. custom-lang, toki-pona', 'langmap', datetime('now'));
INSERT INTO expressions (id, text, language_code, created_by, updated_by, created_at, updated_at, tags, source_type, review_status, auto_approved) VALUES (732, 'Código personalizado para tu idioma (puede ser no estándar)', 'es', 'langmap', 'langmap', datetime('now'), datetime('now'), '["langmap"]', 'ai', 'approved', 1);
INSERT INTO expression_meanings (expression_id, meaning_id, created_by, updated_by, created_at, updated_at) VALUES (732, 82, 'langmap', 'langmap', datetime('now'), datetime('now'));
INSERT INTO expression_versions (expression_id, text, created_by, created_at) VALUES (732, 'Código personalizado para tu idioma (puede ser no estándar)', 'langmap', datetime('now'));
INSERT INTO expressions (id, text, language_code, created_by, updated_by, created_at, updated_at, tags, source_type, review_status, auto_approved) VALUES (733, 'Nombre del idioma', 'es', 'langmap', 'langmap', datetime('now'), datetime('now'), '["langmap"]', 'ai', 'approved', 1);
INSERT INTO expression_meanings (expression_id, meaning_id, created_by, updated_by, created_at, updated_at) VALUES (733, 83, 'langmap', 'langmap', datetime('now'), datetime('now'));
INSERT INTO expression_versions (expression_id, text, created_by, created_at) VALUES (733, 'Nombre del idioma', 'langmap', datetime('now'));
INSERT INTO expressions (id, text, language_code, created_by, updated_by, created_at, updated_at, tags, source_type, review_status, auto_approved) VALUES (734, 'ej. Idioma personalizado', 'es', 'langmap', 'langmap', datetime('now'), datetime('now'), '["langmap"]', 'ai', 'approved', 1);
INSERT INTO expression_meanings (expression_id, meaning_id, created_by, updated_by, created_at, updated_at) VALUES (734, 84, 'langmap', 'langmap', datetime('now'), datetime('now'));
INSERT INTO expression_versions (expression_id, text, created_by, created_at) VALUES (734, 'ej. Idioma personalizado', 'langmap', datetime('now'));
INSERT INTO expressions (id, text, language_code, created_by, updated_by, created_at, updated_at, tags, source_type, review_status, auto_approved) VALUES (735, 'Nombre nativo', 'es', 'langmap', 'langmap', datetime('now'), datetime('now'), '["langmap"]', 'ai', 'approved', 1);
INSERT INTO expression_meanings (expression_id, meaning_id, created_by, updated_by, created_at, updated_at) VALUES (735, 85, 'langmap', 'langmap', datetime('now'), datetime('now'));
INSERT INTO expression_versions (expression_id, text, created_by, created_at) VALUES (735, 'Nombre nativo', 'langmap', datetime('now'));
INSERT INTO expressions (id, text, language_code, created_by, updated_by, created_at, updated_at, tags, source_type, review_status, auto_approved) VALUES (736, 'ej. Idioma Nativo', 'es', 'langmap', 'langmap', datetime('now'), datetime('now'), '["langmap"]', 'ai', 'approved', 1);
INSERT INTO expression_meanings (expression_id, meaning_id, created_by, updated_by, created_at, updated_at) VALUES (736, 86, 'langmap', 'langmap', datetime('now'), datetime('now'));
INSERT INTO expression_versions (expression_id, text, created_by, created_at) VALUES (736, 'ej. Idioma Nativo', 'langmap', datetime('now'));
INSERT INTO expressions (id, text, language_code, created_by, updated_by, created_at, updated_at, tags, source_type, review_status, auto_approved) VALUES (737, 'Dirección del Texto', 'es', 'langmap', 'langmap', datetime('now'), datetime('now'), '["langmap"]', 'ai', 'approved', 1);
INSERT INTO expression_meanings (expression_id, meaning_id, created_by, updated_by, created_at, updated_at) VALUES (737, 97, 'langmap', 'langmap', datetime('now'), datetime('now'));
INSERT INTO expression_versions (expression_id, text, created_by, created_at) VALUES (737, 'Dirección del Texto', 'langmap', datetime('now'));
INSERT INTO expressions (id, text, language_code, created_by, updated_by, created_at, updated_at, tags, source_type, review_status, auto_approved) VALUES (738, 'Izquierda a Derecha (LTR)', 'es', 'langmap', 'langmap', datetime('now'), datetime('now'), '["langmap"]', 'ai', 'approved', 1);
INSERT INTO expression_meanings (expression_id, meaning_id, created_by, updated_by, created_at, updated_at) VALUES (738, 98, 'langmap', 'langmap', datetime('now'), datetime('now'));
INSERT INTO expression_versions (expression_id, text, created_by, created_at) VALUES (738, 'Izquierda a Derecha (LTR)', 'langmap', datetime('now'));
INSERT INTO expressions (id, text, language_code, created_by, updated_by, created_at, updated_at, tags, source_type, review_status, auto_approved) VALUES (739, 'Derecha a Izquierda (RTL)', 'es', 'langmap', 'langmap', datetime('now'), datetime('now'), '["langmap"]', 'ai', 'approved', 1);
INSERT INTO expression_meanings (expression_id, meaning_id, created_by, updated_by, created_at, updated_at) VALUES (739, 99, 'langmap', 'langmap', datetime('now'), datetime('now'));
INSERT INTO expression_versions (expression_id, text, created_by, created_at) VALUES (739, 'Derecha a Izquierda (RTL)', 'langmap', datetime('now'));
INSERT INTO expressions (id, text, language_code, created_by, updated_by, created_at, updated_at, tags, source_type, review_status, auto_approved) VALUES (740, 'Agregando...', 'es', 'langmap', 'langmap', datetime('now'), datetime('now'), '["langmap"]', 'ai', 'approved', 1);
INSERT INTO expression_meanings (expression_id, meaning_id, created_by, updated_by, created_at, updated_at) VALUES (740, 100, 'langmap', 'langmap', datetime('now'), datetime('now'));
INSERT INTO expression_versions (expression_id, text, created_by, created_at) VALUES (740, 'Agregando...', 'langmap', datetime('now'));
INSERT INTO expressions (id, text, language_code, created_by, updated_by, created_at, updated_at, tags, source_type, review_status, auto_approved) VALUES (741, 'Error al agregar el idioma. Por favor, inténtelo de nuevo.', 'es', 'langmap', 'langmap', datetime('now'), datetime('now'), '["langmap"]', 'ai', 'approved', 1);
INSERT INTO expression_meanings (expression_id, meaning_id, created_by, updated_by, created_at, updated_at) VALUES (741, 101, 'langmap', 'langmap', datetime('now'), datetime('now'));
INSERT INTO expression_versions (expression_id, text, created_by, created_at) VALUES (741, 'Error al agregar el idioma. Por favor, inténtelo de nuevo.', 'langmap', datetime('now'));
INSERT INTO expressions (id, text, language_code, created_by, updated_by, created_at, updated_at, tags, source_type, review_status, auto_approved) VALUES (742, 'Latitud', 'es', 'langmap', 'langmap', datetime('now'), datetime('now'), '["langmap"]', 'ai', 'approved', 1);
INSERT INTO expression_meanings (expression_id, meaning_id, created_by, updated_by, created_at, updated_at) VALUES (742, 92, 'langmap', 'langmap', datetime('now'), datetime('now'));
INSERT INTO expression_versions (expression_id, text, created_by, created_at) VALUES (742, 'Latitud', 'langmap', datetime('now'));
INSERT INTO expressions (id, text, language_code, created_by, updated_by, created_at, updated_at, tags, source_type, review_status, auto_approved) VALUES (743, 'ej. 51.5074', 'es', 'langmap', 'langmap', datetime('now'), datetime('now'), '["langmap"]', 'ai', 'approved', 1);
INSERT INTO expression_meanings (expression_id, meaning_id, created_by, updated_by, created_at, updated_at) VALUES (743, 93, 'langmap', 'langmap', datetime('now'), datetime('now'));
INSERT INTO expression_versions (expression_id, text, created_by, created_at) VALUES (743, 'ej. 51.5074', 'langmap', datetime('now'));
INSERT INTO expressions (id, text, language_code, created_by, updated_by, created_at, updated_at, tags, source_type, review_status, auto_approved) VALUES (744, 'Longitud', 'es', 'langmap', 'langmap', datetime('now'), datetime('now'), '["langmap"]', 'ai', 'approved', 1);
INSERT INTO expression_meanings (expression_id, meaning_id, created_by, updated_by, created_at, updated_at) VALUES (744, 94, 'langmap', 'langmap', datetime('now'), datetime('now'));
INSERT INTO expression_versions (expression_id, text, created_by, created_at) VALUES (744, 'Longitud', 'langmap', datetime('now'));
INSERT INTO expressions (id, text, language_code, created_by, updated_by, created_at, updated_at, tags, source_type, review_status, auto_approved) VALUES (745, 'ej. -0.1278', 'es', 'langmap', 'langmap', datetime('now'), datetime('now'), '["langmap"]', 'ai', 'approved', 1);
INSERT INTO expression_meanings (expression_id, meaning_id, created_by, updated_by, created_at, updated_at) VALUES (745, 95, 'langmap', 'langmap', datetime('now'), datetime('now'));
INSERT INTO expression_versions (expression_id, text, created_by, created_at) VALUES (745, 'ej. -0.1278', 'langmap', datetime('now'));
INSERT INTO expressions (id, text, language_code, created_by, updated_by, created_at, updated_at, tags, source_type, review_status, auto_approved) VALUES (746, 'Información de Región', 'es', 'langmap', 'langmap', datetime('now'), datetime('now'), '["langmap"]', 'ai', 'approved', 1);
INSERT INTO expression_meanings (expression_id, meaning_id, created_by, updated_by, created_at, updated_at) VALUES (746, 87, 'langmap', 'langmap', datetime('now'), datetime('now'));
INSERT INTO expression_versions (expression_id, text, created_by, created_at) VALUES (746, 'Información de Región', 'langmap', datetime('now'));
INSERT INTO expressions (id, text, language_code, created_by, updated_by, created_at, updated_at, tags, source_type, review_status, auto_approved) VALUES (747, 'Nombre de Región', 'es', 'langmap', 'langmap', datetime('now'), datetime('now'), '["langmap"]', 'ai', 'approved', 1);
INSERT INTO expression_meanings (expression_id, meaning_id, created_by, updated_by, created_at, updated_at) VALUES (747, 88, 'langmap', 'langmap', datetime('now'), datetime('now'));
INSERT INTO expression_versions (expression_id, text, created_by, created_at) VALUES (747, 'Nombre de Región', 'langmap', datetime('now'));
INSERT INTO expressions (id, text, language_code, created_by, updated_by, created_at, updated_at, tags, source_type, review_status, auto_approved) VALUES (748, 'ej. Londres, Reino Unido', 'es', 'langmap', 'langmap', datetime('now'), datetime('now'), '["langmap"]', 'ai', 'approved', 1);
INSERT INTO expression_meanings (expression_id, meaning_id, created_by, updated_by, created_at, updated_at) VALUES (748, 89, 'langmap', 'langmap', datetime('now'), datetime('now'));
INSERT INTO expression_versions (expression_id, text, created_by, created_at) VALUES (748, 'ej. Londres, Reino Unido', 'langmap', datetime('now'));
INSERT INTO expressions (id, text, language_code, created_by, updated_by, created_at, updated_at, tags, source_type, review_status, auto_approved) VALUES (749, 'Nombre de Región Nativa', 'es', 'langmap', 'langmap', datetime('now'), datetime('now'), '["langmap"]', 'ai', 'approved', 1);
INSERT INTO expression_meanings (expression_id, meaning_id, created_by, updated_by, created_at, updated_at) VALUES (749, 90, 'langmap', 'langmap', datetime('now'), datetime('now'));
INSERT INTO expression_versions (expression_id, text, created_by, created_at) VALUES (749, 'Nombre de Región Nativa', 'langmap', datetime('now'));
INSERT INTO expressions (id, text, language_code, created_by, updated_by, created_at, updated_at, tags, source_type, review_status, auto_approved) VALUES (750, 'ej. Londres, Reino Unido', 'es', 'langmap', 'langmap', datetime('now'), datetime('now'), '["langmap"]', 'ai', 'approved', 1);
INSERT INTO expression_meanings (expression_id, meaning_id, created_by, updated_by, created_at, updated_at) VALUES (750, 91, 'langmap', 'langmap', datetime('now'), datetime('now'));
INSERT INTO expression_versions (expression_id, text, created_by, created_at) VALUES (750, 'ej. Londres, Reino Unido', 'langmap', datetime('now'));
INSERT INTO expressions (id, text, language_code, created_by, updated_by, created_at, updated_at, tags, source_type, review_status, auto_approved) VALUES (751, 'Ocultar Mapa', 'es', 'langmap', 'langmap', datetime('now'), datetime('now'), '["langmap"]', 'ai', 'approved', 1);
INSERT INTO expression_meanings (expression_id, meaning_id, created_by, updated_by, created_at, updated_at) VALUES (751, 96, 'langmap', 'langmap', datetime('now'), datetime('now'));
INSERT INTO expression_versions (expression_id, text, created_by, created_at) VALUES (751, 'Ocultar Mapa', 'langmap', datetime('now'));
INSERT INTO expressions (id, text, language_code, created_by, updated_by, created_at, updated_at, tags, source_type, review_status, auto_approved) VALUES (752, 'Volver a la búsqueda', 'es', 'langmap', 'langmap', datetime('now'), datetime('now'), '["langmap"]', 'ai', 'approved', 1);
INSERT INTO expression_meanings (expression_id, meaning_id, created_by, updated_by, created_at, updated_at) VALUES (752, 102, 'langmap', 'langmap', datetime('now'), datetime('now'));
INSERT INTO expression_versions (expression_id, text, created_by, created_at) VALUES (752, 'Volver a la búsqueda', 'langmap', datetime('now'));
INSERT INTO expressions (id, text, language_code, created_by, updated_by, created_at, updated_at, tags, source_type, review_status, auto_approved) VALUES (753, 'Cargando detalles de la expresión...', 'es', 'langmap', 'langmap', datetime('now'), datetime('now'), '["langmap"]', 'ai', 'approved', 1);
INSERT INTO expression_meanings (expression_id, meaning_id, created_by, updated_by, created_at, updated_at) VALUES (753, 103, 'langmap', 'langmap', datetime('now'), datetime('now'));
INSERT INTO expression_versions (expression_id, text, created_by, created_at) VALUES (753, 'Cargando detalles de la expresión...', 'langmap', datetime('now'));
INSERT INTO expressions (id, text, language_code, created_by, updated_by, created_at, updated_at, tags, source_type, review_status, auto_approved) VALUES (754, 'Detalles de la expresión', 'es', 'langmap', 'langmap', datetime('now'), datetime('now'), '["langmap"]', 'ai', 'approved', 1);
INSERT INTO expression_meanings (expression_id, meaning_id, created_by, updated_by, created_at, updated_at) VALUES (754, 104, 'langmap', 'langmap', datetime('now'), datetime('now'));
INSERT INTO expression_versions (expression_id, text, created_by, created_at) VALUES (754, 'Detalles de la expresión', 'langmap', datetime('now'));
INSERT INTO expressions (id, text, language_code, created_by, updated_by, created_at, updated_at, tags, source_type, review_status, auto_approved) VALUES (755, 'Significados asociados', 'es', 'langmap', 'langmap', datetime('now'), datetime('now'), '["langmap"]', 'ai', 'approved', 1);
INSERT INTO expression_meanings (expression_id, meaning_id, created_by, updated_by, created_at, updated_at) VALUES (755, 105, 'langmap', 'langmap', datetime('now'), datetime('now'));
INSERT INTO expression_versions (expression_id, text, created_by, created_at) VALUES (755, 'Significados asociados', 'langmap', datetime('now'));
INSERT INTO expressions (id, text, language_code, created_by, updated_by, created_at, updated_at, tags, source_type, review_status, auto_approved) VALUES (756, 'Asociar expresiones', 'es', 'langmap', 'langmap', datetime('now'), datetime('now'), '["langmap"]', 'ai', 'approved', 1);
INSERT INTO expression_meanings (expression_id, meaning_id, created_by, updated_by, created_at, updated_at) VALUES (756, 106, 'langmap', 'langmap', datetime('now'), datetime('now'));
INSERT INTO expression_versions (expression_id, text, created_by, created_at) VALUES (756, 'Asociar expresiones', 'langmap', datetime('now'));
INSERT INTO expressions (id, text, language_code, created_by, updated_by, created_at, updated_at, tags, source_type, review_status, auto_approved) VALUES (757, 'Cancelar', 'es', 'langmap', 'langmap', datetime('now'), datetime('now'), '["langmap"]', 'ai', 'approved', 1);
INSERT INTO expression_meanings (expression_id, meaning_id, created_by, updated_by, created_at, updated_at) VALUES (757, 107, 'langmap', 'langmap', datetime('now'), datetime('now'));
INSERT INTO expression_versions (expression_id, text, created_by, created_at) VALUES (757, 'Cancelar', 'langmap', datetime('now'));
INSERT INTO expressions (id, text, language_code, created_by, updated_by, created_at, updated_at, tags, source_type, review_status, auto_approved) VALUES (758, 'Buscar expresiones para asociar...', 'es', 'langmap', 'langmap', datetime('now'), datetime('now'), '["langmap"]', 'ai', 'approved', 1);
INSERT INTO expression_meanings (expression_id, meaning_id, created_by, updated_by, created_at, updated_at) VALUES (758, 108, 'langmap', 'langmap', datetime('now'), datetime('now'));
INSERT INTO expression_versions (expression_id, text, created_by, created_at) VALUES (758, 'Buscar expresiones para asociar...', 'langmap', datetime('now'));
INSERT INTO expressions (id, text, language_code, created_by, updated_by, created_at, updated_at, tags, source_type, review_status, auto_approved) VALUES (759, 'Buscar', 'es', 'langmap', 'langmap', datetime('now'), datetime('now'), '["langmap"]', 'ai', 'approved', 1);
INSERT INTO expression_meanings (expression_id, meaning_id, created_by, updated_by, created_at, updated_at) VALUES (759, 109, 'langmap', 'langmap', datetime('now'), datetime('now'));
INSERT INTO expression_versions (expression_id, text, created_by, created_at) VALUES (759, 'Buscar', 'langmap', datetime('now'));
INSERT INTO expressions (id, text, language_code, created_by, updated_by, created_at, updated_at, tags, source_type, review_status, auto_approved) VALUES (760, 'Buscando...', 'es', 'langmap', 'langmap', datetime('now'), datetime('now'), '["langmap"]', 'ai', 'approved', 1);
INSERT INTO expression_meanings (expression_id, meaning_id, created_by, updated_by, created_at, updated_at) VALUES (760, 110, 'langmap', 'langmap', datetime('now'), datetime('now'));
INSERT INTO expression_versions (expression_id, text, created_by, created_at) VALUES (760, 'Buscando...', 'langmap', datetime('now'));
INSERT INTO expressions (id, text, language_code, created_by, updated_by, created_at, updated_at, tags, source_type, review_status, auto_approved) VALUES (761, 'No se encontraron expresiones. Prueba con términos de búsqueda diferentes.', 'es', 'langmap', 'langmap', datetime('now'), datetime('now'), '["langmap"]', 'ai', 'approved', 1);
INSERT INTO expression_meanings (expression_id, meaning_id, created_by, updated_by, created_at, updated_at) VALUES (761, 111, 'langmap', 'langmap', datetime('now'), datetime('now'));
INSERT INTO expression_versions (expression_id, text, created_by, created_at) VALUES (761, 'No se encontraron expresiones. Prueba con términos de búsqueda diferentes.', 'langmap', datetime('now'));
INSERT INTO expressions (id, text, language_code, created_by, updated_by, created_at, updated_at, tags, source_type, review_status, auto_approved) VALUES (762, 'Enlazar', 'es', 'langmap', 'langmap', datetime('now'), datetime('now'), '["langmap"]', 'ai', 'approved', 1);
INSERT INTO expression_meanings (expression_id, meaning_id, created_by, updated_by, created_at, updated_at) VALUES (762, 112, 'langmap', 'langmap', datetime('now'), datetime('now'));
INSERT INTO expression_versions (expression_id, text, created_by, created_at) VALUES (762, 'Enlazar', 'langmap', datetime('now'));
INSERT INTO expressions (id, text, language_code, created_by, updated_by, created_at, updated_at, tags, source_type, review_status, auto_approved) VALUES (763, 'Ya enlazado', 'es', 'langmap', 'langmap', datetime('now'), datetime('now'), '["langmap"]', 'ai', 'approved', 1);
INSERT INTO expression_meanings (expression_id, meaning_id, created_by, updated_by, created_at, updated_at) VALUES (763, 113, 'langmap', 'langmap', datetime('now'), datetime('now'));
INSERT INTO expression_versions (expression_id, text, created_by, created_at) VALUES (763, 'Ya enlazado', 'langmap', datetime('now'));
INSERT INTO expressions (id, text, language_code, created_by, updated_by, created_at, updated_at, tags, source_type, review_status, auto_approved) VALUES (764, 'Los resultados de búsqueda incluyen la expresión actual.', 'es', 'langmap', 'langmap', datetime('now'), datetime('now'), '["langmap"]', 'ai', 'approved', 1);
INSERT INTO expression_meanings (expression_id, meaning_id, created_by, updated_by, created_at, updated_at) VALUES (764, 114, 'langmap', 'langmap', datetime('now'), datetime('now'));
INSERT INTO expression_versions (expression_id, text, created_by, created_at) VALUES (764, 'Los resultados de búsqueda incluyen la expresión actual.', 'langmap', datetime('now'));
INSERT INTO expressions (id, text, language_code, created_by, updated_by, created_at, updated_at, tags, source_type, review_status, auto_approved) VALUES (765, 'Enlazar al significado:', 'es', 'langmap', 'langmap', datetime('now'), datetime('now'), '["langmap"]', 'ai', 'approved', 1);
INSERT INTO expression_meanings (expression_id, meaning_id, created_by, updated_by, created_at, updated_at) VALUES (765, 115, 'langmap', 'langmap', datetime('now'), datetime('now'));
INSERT INTO expression_versions (expression_id, text, created_by, created_at) VALUES (765, 'Enlazar al significado:', 'langmap', datetime('now'));
INSERT INTO expressions (id, text, language_code, created_by, updated_by, created_at, updated_at, tags, source_type, review_status, auto_approved) VALUES (766, '-- Seleccionar significado --', 'es', 'langmap', 'langmap', datetime('now'), datetime('now'), '["langmap"]', 'ai', 'approved', 1);
INSERT INTO expression_meanings (expression_id, meaning_id, created_by, updated_by, created_at, updated_at) VALUES (766, 116, 'langmap', 'langmap', datetime('now'), datetime('now'));
INSERT INTO expression_versions (expression_id, text, created_by, created_at) VALUES (766, '-- Seleccionar significado --', 'langmap', datetime('now'));
INSERT INTO expressions (id, text, language_code, created_by, updated_by, created_at, updated_at, tags, source_type, review_status, auto_approved) VALUES (767, 'Crear nuevo significado…', 'es', 'langmap', 'langmap', datetime('now'), datetime('now'), '["langmap"]', 'ai', 'approved', 1);
INSERT INTO expression_meanings (expression_id, meaning_id, created_by, updated_by, created_at, updated_at) VALUES (767, 117, 'langmap', 'langmap', datetime('now'), datetime('now'));
INSERT INTO expression_versions (expression_id, text, created_by, created_at) VALUES (767, 'Crear nuevo significado…', 'langmap', datetime('now'));
INSERT INTO expressions (id, text, language_code, created_by, updated_by, created_at, updated_at, tags, source_type, review_status, auto_approved) VALUES (768, 'Glosa del nuevo significado', 'es', 'langmap', 'langmap', datetime('now'), datetime('now'), '["langmap"]', 'ai', 'approved', 1);
INSERT INTO expression_meanings (expression_id, meaning_id, created_by, updated_by, created_at, updated_at) VALUES (768, 118, 'langmap', 'langmap', datetime('now'), datetime('now'));
INSERT INTO expression_versions (expression_id, text, created_by, created_at) VALUES (768, 'Glosa del nuevo significado', 'langmap', datetime('now'));
INSERT INTO expressions (id, text, language_code, created_by, updated_by, created_at, updated_at, tags, source_type, review_status, auto_approved) VALUES (769, 'Crear significado', 'es', 'langmap', 'langmap', datetime('now'), datetime('now'), '["langmap"]', 'ai', 'approved', 1);
INSERT INTO expression_meanings (expression_id, meaning_id, created_by, updated_by, created_at, updated_at) VALUES (769, 119, 'langmap', 'langmap', datetime('now'), datetime('now'));
INSERT INTO expression_versions (expression_id, text, created_by, created_at) VALUES (769, 'Crear significado', 'langmap', datetime('now'));
INSERT INTO expressions (id, text, language_code, created_by, updated_by, created_at, updated_at, tags, source_type, review_status, auto_approved) VALUES (770, 'No hay significados asociados con esta expresión', 'es', 'langmap', 'langmap', datetime('now'), datetime('now'), '["langmap"]', 'ai', 'approved', 1);
INSERT INTO expression_meanings (expression_id, meaning_id, created_by, updated_by, created_at, updated_at) VALUES (770, 120, 'langmap', 'langmap', datetime('now'), datetime('now'));
INSERT INTO expression_versions (expression_id, text, created_by, created_at) VALUES (770, 'No hay significados asociados con esta expresión', 'langmap', datetime('now'));
INSERT INTO expressions (id, text, language_code, created_by, updated_by, created_at, updated_at, tags, source_type, review_status, auto_approved) VALUES (771, 'Asociar con significados', 'es', 'langmap', 'langmap', datetime('now'), datetime('now'), '["langmap"]', 'ai', 'approved', 1);
INSERT INTO expression_meanings (expression_id, meaning_id, created_by, updated_by, created_at, updated_at) VALUES (771, 121, 'langmap', 'langmap', datetime('now'), datetime('now'));
INSERT INTO expression_versions (expression_id, text, created_by, created_at) VALUES (771, 'Asociar con significados', 'langmap', datetime('now'));
INSERT INTO expressions (id, text, language_code, created_by, updated_by, created_at, updated_at, tags, source_type, review_status, auto_approved) VALUES (772, 'Global', 'es', 'langmap', 'langmap', datetime('now'), datetime('now'), '["langmap"]', 'ai', 'approved', 1);
INSERT INTO expression_meanings (expression_id, meaning_id, created_by, updated_by, created_at, updated_at) VALUES (772, 122, 'langmap', 'langmap', datetime('now'), datetime('now'));
INSERT INTO expression_versions (expression_id, text, created_by, created_at) VALUES (772, 'Global', 'langmap', datetime('now'));
INSERT INTO expressions (id, text, language_code, created_by, updated_by, created_at, updated_at, tags, source_type, review_status, auto_approved) VALUES (773, 'Reproducir', 'es', 'langmap', 'langmap', datetime('now'), datetime('now'), '["langmap"]', 'ai', 'approved', 1);
INSERT INTO expression_meanings (expression_id, meaning_id, created_by, updated_by, created_at, updated_at) VALUES (773, 123, 'langmap', 'langmap', datetime('now'), datetime('now'));
INSERT INTO expression_versions (expression_id, text, created_by, created_at) VALUES (773, 'Reproducir', 'langmap', datetime('now'));
INSERT INTO expressions (id, text, language_code, created_by, updated_by, created_at, updated_at, tags, source_type, review_status, auto_approved) VALUES (774, 'auto', 'es', 'langmap', 'langmap', datetime('now'), datetime('now'), '["langmap"]', 'ai', 'approved', 1);
INSERT INTO expression_meanings (expression_id, meaning_id, created_by, updated_by, created_at, updated_at) VALUES (774, 124, 'langmap', 'langmap', datetime('now'), datetime('now'));
INSERT INTO expression_versions (expression_id, text, created_by, created_at) VALUES (774, 'auto', 'langmap', datetime('now'));
INSERT INTO expressions (id, text, language_code, created_by, updated_by, created_at, updated_at, tags, source_type, review_status, auto_approved) VALUES (775, 'Historial de versiones', 'es', 'langmap', 'langmap', datetime('now'), datetime('now'), '["langmap"]', 'ai', 'approved', 1);
INSERT INTO expression_meanings (expression_id, meaning_id, created_by, updated_by, created_at, updated_at) VALUES (775, 125, 'langmap', 'langmap', datetime('now'), datetime('now'));
INSERT INTO expression_versions (expression_id, text, created_by, created_at) VALUES (775, 'Historial de versiones', 'langmap', datetime('now'));
INSERT INTO expressions (id, text, language_code, created_by, updated_by, created_at, updated_at, tags, source_type, review_status, auto_approved) VALUES (776, 'Cargando versiones...', 'es', 'langmap', 'langmap', datetime('now'), datetime('now'), '["langmap"]', 'ai', 'approved', 1);
INSERT INTO expression_meanings (expression_id, meaning_id, created_by, updated_by, created_at, updated_at) VALUES (776, 126, 'langmap', 'langmap', datetime('now'), datetime('now'));
INSERT INTO expression_versions (expression_id, text, created_by, created_at) VALUES (776, 'Cargando versiones...', 'langmap', datetime('now'));
INSERT INTO expressions (id, text, language_code, created_by, updated_by, created_at, updated_at, tags, source_type, review_status, auto_approved) VALUES (777, 'No hay versiones disponibles', 'es', 'langmap', 'langmap', datetime('now'), datetime('now'), '["langmap"]', 'ai', 'approved', 1);
INSERT INTO expression_meanings (expression_id, meaning_id, created_by, updated_by, created_at, updated_at) VALUES (777, 127, 'langmap', 'langmap', datetime('now'), datetime('now'));
INSERT INTO expression_versions (expression_id, text, created_by, created_at) VALUES (777, 'No hay versiones disponibles', 'langmap', datetime('now'));
INSERT INTO expressions (id, text, language_code, created_by, updated_by, created_at, updated_at, tags, source_type, review_status, auto_approved) VALUES (778, 'auto', 'es', 'langmap', 'langmap', datetime('now'), datetime('now'), '["langmap"]', 'ai', 'approved', 1);
INSERT INTO expression_meanings (expression_id, meaning_id, created_by, updated_by, created_at, updated_at) VALUES (778, 128, 'langmap', 'langmap', datetime('now'), datetime('now'));
INSERT INTO expression_versions (expression_id, text, created_by, created_at) VALUES (778, 'auto', 'langmap', datetime('now'));
INSERT INTO expressions (id, text, language_code, created_by, updated_by, created_at, updated_at, tags, source_type, review_status, auto_approved) VALUES (779, 'Anónimo', 'es', 'langmap', 'langmap', datetime('now'), datetime('now'), '["langmap"]', 'ai', 'approved', 1);
INSERT INTO expression_meanings (expression_id, meaning_id, created_by, updated_by, created_at, updated_at) VALUES (779, 129, 'langmap', 'langmap', datetime('now'), datetime('now'));
INSERT INTO expression_versions (expression_id, text, created_by, created_at) VALUES (779, 'Anónimo', 'langmap', datetime('now'));
