-- Auto-generated SQL script from locale files
-- This script populates expressions, meanings, and expression_versions tables

INSERT OR IGNORE INTO meanings (id, gloss, description, created_by, updated_by, created_at, updated_at, tags) VALUES
    (1232590872, 'langmap.home.title', '', 'langmap', 'langmap', datetime('now'), datetime('now'), '["langmap"]'),
    (738769989, 'langmap.home.subtitle', '', 'langmap', 'langmap', datetime('now'), datetime('now'), '["langmap"]'),
    (87878107, 'langmap.home.searchPlaceholder', '', 'langmap', 'langmap', datetime('now'), datetime('now'), '["langmap"]'),
    (1861719002, 'langmap.home.searchButton', '', 'langmap', 'langmap', datetime('now'), datetime('now'), '["langmap"]'),
    (2073608002, 'langmap.home.totalExpressions', '', 'langmap', 'langmap', datetime('now'), datetime('now'), '["langmap"]'),
    (29825596, 'langmap.home.languages', '', 'langmap', 'langmap', datetime('now'), datetime('now'), '["langmap"]'),
    (1909588150, 'langmap.home.regions', '', 'langmap', 'langmap', datetime('now'), datetime('now'), '["langmap"]'),
    (228029697, 'langmap.home.mapTitle', '', 'langmap', 'langmap', datetime('now'), datetime('now'), '["langmap"]'),
    (1932949546, 'langmap.home.mapDescription', '', 'langmap', 'langmap', datetime('now'), datetime('now'), '["langmap"]'),
    (1280354696, 'langmap.home.expressionDensity', '', 'langmap', 'langmap', datetime('now'), datetime('now'), '["langmap"]'),
    (1704825459, 'langmap.home.getStarted', '', 'langmap', 'langmap', datetime('now'), datetime('now'), '["langmap"]'),
    (1798903561, 'langmap.home.searchExpressions', '', 'langmap', 'langmap', datetime('now'), datetime('now'), '["langmap"]'),
    (889637427, 'langmap.home.searchExpressionsDesc', '', 'langmap', 'langmap', datetime('now'), datetime('now'), '["langmap"]'),
    (2141226890, 'langmap.home.startSearching', '', 'langmap', 'langmap', datetime('now'), datetime('now'), '["langmap"]'),
    (50585974, 'langmap.home.addExpression', '', 'langmap', 'langmap', datetime('now'), datetime('now'), '["langmap"]'),
    (1556642706, 'langmap.home.addExpressionDesc', '', 'langmap', 'langmap', datetime('now'), datetime('now'), '["langmap"]'),
    (250674643, 'langmap.home.heatmap.region', '', 'langmap', 'langmap', datetime('now'), datetime('now'), '["langmap"]'),
    (393067094, 'langmap.home.heatmap.language', '', 'langmap', 'langmap', datetime('now'), datetime('now'), '["langmap"]'),
    (1843177479, 'langmap.home.heatmap.expressions', '', 'langmap', 'langmap', datetime('now'), datetime('now'), '["langmap"]'),
    (2147181533, 'langmap.home.heatmap.unknown', '', 'langmap', 'langmap', datetime('now'), datetime('now'), '["langmap"]'),
    (1538332181, 'langmap.home.addNew', '', 'langmap', 'langmap', datetime('now'), datetime('now'), '["langmap"]'),
    (700350673, 'langmap.home.exploreMap', '', 'langmap', 'langmap', datetime('now'), datetime('now'), '["langmap"]'),
    (26891452, 'langmap.home.exploreMapDesc', '', 'langmap', 'langmap', datetime('now'), datetime('now'), '["langmap"]'),
    (863807598, 'langmap.home.viewMap', '', 'langmap', 'langmap', datetime('now'), datetime('now'), '["langmap"]'),
    (984290883, 'langmap.home.loadingMap', '', 'langmap', 'langmap', datetime('now'), datetime('now'), '["langmap"]'),
    (1175105589, 'langmap.nav.home', '', 'langmap', 'langmap', datetime('now'), datetime('now'), '["langmap"]'),
    (1822030570, 'langmap.nav.search', '', 'langmap', 'langmap', datetime('now'), datetime('now'), '["langmap"]'),
    (1804466275, 'langmap.footer.copyright', '', 'langmap', 'langmap', datetime('now'), datetime('now'), '["langmap"]'),
    (480547274, 'langmap.search.title', '', 'langmap', 'langmap', datetime('now'), datetime('now'), '["langmap"]'),
    (666598698, 'langmap.search.description', '', 'langmap', 'langmap', datetime('now'), datetime('now'), '["langmap"]'),
    (782154075, 'langmap.search.placeholder', '', 'langmap', 'langmap', datetime('now'), datetime('now'), '["langmap"]'),
    (808077362, 'langmap.search.button', '', 'langmap', 'langmap', datetime('now'), datetime('now'), '["langmap"]'),
    (1660781369, 'langmap.search.searching', '', 'langmap', 'langmap', datetime('now'), datetime('now'), '["langmap"]'),
    (1623339377, 'langmap.search.noResults', '', 'langmap', 'langmap', datetime('now'), datetime('now'), '["langmap"]'),
    (890335645, 'langmap.search.tryDifferent', '', 'langmap', 'langmap', datetime('now'), datetime('now'), '["langmap"]'),
    (556745063, 'langmap.search.addExpression', '', 'langmap', 'langmap', datetime('now'), datetime('now'), '["langmap"]'),
    (831699112, 'langmap.search.newExpression', '', 'langmap', 'langmap', datetime('now'), datetime('now'), '["langmap"]'),
    (2052550168, 'langmap.search.foundExpressions', '', 'langmap', 'langmap', datetime('now'), datetime('now'), '["langmap"]'),
    (1768300647, 'langmap.create.back', '', 'langmap', 'langmap', datetime('now'), datetime('now'), '["langmap"]'),
    (653847431, 'langmap.create.title', '', 'langmap', 'langmap', datetime('now'), datetime('now'), '["langmap"]'),
    (610717035, 'langmap.create.text', '', 'langmap', 'langmap', datetime('now'), datetime('now'), '["langmap"]'),
    (378762400, 'langmap.create.textPlaceholder', '', 'langmap', 'langmap', datetime('now'), datetime('now'), '["langmap"]'),
    (1251764943, 'langmap.create.textHelp', '', 'langmap', 'langmap', datetime('now'), datetime('now'), '["langmap"]'),
    (1469373345, 'langmap.create.language', '', 'langmap', 'langmap', datetime('now'), datetime('now'), '["langmap"]'),
    (1745197766, 'langmap.create.languagePlaceholder', '', 'langmap', 'langmap', datetime('now'), datetime('now'), '["langmap"]'),
    (1935180845, 'langmap.create.languageHelp', '', 'langmap', 'langmap', datetime('now'), datetime('now'), '["langmap"]'),
    (1793722761, 'langmap.create.selectLanguage', '', 'langmap', 'langmap', datetime('now'), datetime('now'), '["langmap"]'),
    (2099029340, 'langmap.create.loadingLanguages', '', 'langmap', 'langmap', datetime('now'), datetime('now'), '["langmap"]'),
    (101777746, 'langmap.create.region', '', 'langmap', 'langmap', datetime('now'), datetime('now'), '["langmap"]'),
    (747353279, 'langmap.create.regionPlaceholder', '', 'langmap', 'langmap', datetime('now'), datetime('now'), '["langmap"]'),
    (259247799, 'langmap.create.regionHelp', '', 'langmap', 'langmap', datetime('now'), datetime('now'), '["langmap"]'),
    (1228718215, 'langmap.create.detectLocation', '', 'langmap', 'langmap', datetime('now'), datetime('now'), '["langmap"]'),
    (1606159683, 'langmap.create.selectOnMap', '', 'langmap', 'langmap', datetime('now'), datetime('now'), '["langmap"]'),
    (1058233083, 'langmap.create.clickOnMapToSelect', '', 'langmap', 'langmap', datetime('now'), datetime('now'), '["langmap"]'),
    (1874909642, 'langmap.create.geolocationNotSupported', '', 'langmap', 'langmap', datetime('now'), datetime('now'), '["langmap"]'),
    (735160078, 'langmap.create.locationDetectionFailed', '', 'langmap', 'langmap', datetime('now'), datetime('now'), '["langmap"]'),
    (1228788957, 'langmap.create.parsingLocation', '', 'langmap', 'langmap', datetime('now'), datetime('now'), '["langmap"]'),
    (535669297, 'langmap.create.locationParsingFailed', '', 'langmap', 'langmap', datetime('now'), datetime('now'), '["langmap"]'),
    (533920565, 'langmap.create.source', '', 'langmap', 'langmap', datetime('now'), datetime('now'), '["langmap"]'),
    (322599747, 'langmap.create.sourcePlaceholder', '', 'langmap', 'langmap', datetime('now'), datetime('now'), '["langmap"]'),
    (996426808, 'langmap.create.sourceHelp', '', 'langmap', 'langmap', datetime('now'), datetime('now'), '["langmap"]'),
    (1242437667, 'langmap.create.submit', '', 'langmap', 'langmap', datetime('now'), datetime('now'), '["langmap"]'),
    (1767814123, 'langmap.create.submitting', '', 'langmap', 'langmap', datetime('now'), datetime('now'), '["langmap"]'),
    (814856456, 'langmap.create.cancel', '', 'langmap', 'langmap', datetime('now'), datetime('now'), '["langmap"]'),
    (669906916, 'langmap.create.requiredError', '', 'langmap', 'langmap', datetime('now'), datetime('now'), '["langmap"]'),
    (11980301, 'langmap.create.associateWithMeaning', '', 'langmap', 'langmap', datetime('now'), datetime('now'), '["langmap"]'),
    (450995876, 'langmap.create.associateWithExistingMeaning', '', 'langmap', 'langmap', datetime('now'), datetime('now'), '["langmap"]'),
    (837067897, 'langmap.create.associateWithNewMeaning', '', 'langmap', 'langmap', datetime('now'), datetime('now'), '["langmap"]'),
    (588178763, 'langmap.create.selectedExpression', '', 'langmap', 'langmap', datetime('now'), datetime('now'), '["langmap"]'),
    (1789770084, 'langmap.create.meaningGloss', '', 'langmap', 'langmap', datetime('now'), datetime('now'), '["langmap"]'),
    (1132466761, 'langmap.create.meaningGlossPlaceholder', '', 'langmap', 'langmap', datetime('now'), datetime('now'), '["langmap"]'),
    (999221063, 'langmap.create.meaningGlossHelp', '', 'langmap', 'langmap', datetime('now'), datetime('now'), '["langmap"]'),
    (1554575731, 'langmap.create.meaningDescription', '', 'langmap', 'langmap', datetime('now'), datetime('now'), '["langmap"]'),
    (1636970553, 'langmap.create.meaningDescriptionPlaceholder', '', 'langmap', 'langmap', datetime('now'), datetime('now'), '["langmap"]'),
    (1869566903, 'langmap.create.meaningDescriptionHelp', '', 'langmap', 'langmap', datetime('now'), datetime('now'), '["langmap"]'),
    (56467778, 'langmap.create.meaningTags', '', 'langmap', 'langmap', datetime('now'), datetime('now'), '["langmap"]'),
    (194913104, 'langmap.create.meaningTagsPlaceholder', '', 'langmap', 'langmap', datetime('now'), datetime('now'), '["langmap"]'),
    (1385556360, 'langmap.create.meaningTagsHelp', '', 'langmap', 'langmap', datetime('now'), datetime('now'), '["langmap"]'),
    (1474179643, 'langmap.create.addLanguage', '', 'langmap', 'langmap', datetime('now'), datetime('now'), '["langmap"]'),
    (174195536, 'langmap.create.languageCode', '', 'langmap', 'langmap', datetime('now'), datetime('now'), '["langmap"]'),
    (1355230541, 'langmap.create.languageCodePlaceholder', '', 'langmap', 'langmap', datetime('now'), datetime('now'), '["langmap"]'),
    (10528370, 'langmap.create.languageCodeHelp', '', 'langmap', 'langmap', datetime('now'), datetime('now'), '["langmap"]'),
    (54582974, 'langmap.create.languageName', '', 'langmap', 'langmap', datetime('now'), datetime('now'), '["langmap"]'),
    (1991926523, 'langmap.create.languageNamePlaceholder', '', 'langmap', 'langmap', datetime('now'), datetime('now'), '["langmap"]'),
    (1716022447, 'langmap.create.nativeName', '', 'langmap', 'langmap', datetime('now'), datetime('now'), '["langmap"]'),
    (1945432180, 'langmap.create.nativeNamePlaceholder', '', 'langmap', 'langmap', datetime('now'), datetime('now'), '["langmap"]'),
    (1921468690, 'langmap.create.regionInformation', '', 'langmap', 'langmap', datetime('now'), datetime('now'), '["langmap"]'),
    (1018972716, 'langmap.create.regionName', '', 'langmap', 'langmap', datetime('now'), datetime('now'), '["langmap"]'),
    (306931297, 'langmap.create.regionNamePlaceholder', '', 'langmap', 'langmap', datetime('now'), datetime('now'), '["langmap"]'),
    (647664578, 'langmap.create.nativeRegionName', '', 'langmap', 'langmap', datetime('now'), datetime('now'), '["langmap"]'),
    (765370063, 'langmap.create.nativeRegionNamePlaceholder', '', 'langmap', 'langmap', datetime('now'), datetime('now'), '["langmap"]'),
    (820519387, 'langmap.create.latitude', '', 'langmap', 'langmap', datetime('now'), datetime('now'), '["langmap"]'),
    (626365559, 'langmap.create.latitudePlaceholder', '', 'langmap', 'langmap', datetime('now'), datetime('now'), '["langmap"]'),
    (513569115, 'langmap.create.longitude', '', 'langmap', 'langmap', datetime('now'), datetime('now'), '["langmap"]'),
    (2107302769, 'langmap.create.longitudePlaceholder', '', 'langmap', 'langmap', datetime('now'), datetime('now'), '["langmap"]'),
    (2071213119, 'langmap.create.hideMap', '', 'langmap', 'langmap', datetime('now'), datetime('now'), '["langmap"]'),
    (2030701872, 'langmap.create.textDirection', '', 'langmap', 'langmap', datetime('now'), datetime('now'), '["langmap"]'),
    (822144154, 'langmap.create.ltr', '', 'langmap', 'langmap', datetime('now'), datetime('now'), '["langmap"]'),
    (208973083, 'langmap.create.rtl', '', 'langmap', 'langmap', datetime('now'), datetime('now'), '["langmap"]'),
    (1116697603, 'langmap.create.addingLanguage', '', 'langmap', 'langmap', datetime('now'), datetime('now'), '["langmap"]'),
    (577671469, 'langmap.create.addLanguageFailed', '', 'langmap', 'langmap', datetime('now'), datetime('now'), '["langmap"]'),
    (1173588834, 'langmap.detail.backToSearch', '', 'langmap', 'langmap', datetime('now'), datetime('now'), '["langmap"]'),
    (916646339, 'langmap.detail.loading', '', 'langmap', 'langmap', datetime('now'), datetime('now'), '["langmap"]'),
    (303419628, 'langmap.detail.expressionDetails', '', 'langmap', 'langmap', datetime('now'), datetime('now'), '["langmap"]'),
    (1082150934, 'langmap.detail.associatedMeanings', '', 'langmap', 'langmap', datetime('now'), datetime('now'), '["langmap"]'),
    (977355953, 'langmap.detail.associateExpressions', '', 'langmap', 'langmap', datetime('now'), datetime('now'), '["langmap"]'),
    (840883141, 'langmap.detail.cancel', '', 'langmap', 'langmap', datetime('now'), datetime('now'), '["langmap"]'),
    (531232349, 'langmap.detail.searchPlaceholder', '', 'langmap', 'langmap', datetime('now'), datetime('now'), '["langmap"]'),
    (1801706047, 'langmap.detail.search', '', 'langmap', 'langmap', datetime('now'), datetime('now'), '["langmap"]'),
    (204956308, 'langmap.detail.searching', '', 'langmap', 'langmap', datetime('now'), datetime('now'), '["langmap"]'),
    (396634966, 'langmap.detail.noExpressionsFound', '', 'langmap', 'langmap', datetime('now'), datetime('now'), '["langmap"]'),
    (1812761320, 'langmap.detail.link', '', 'langmap', 'langmap', datetime('now'), datetime('now'), '["langmap"]'),
    (1733733173, 'langmap.detail.alreadyLinked', '', 'langmap', 'langmap', datetime('now'), datetime('now'), '["langmap"]'),
    (825539610, 'langmap.detail.includesCurrent', '', 'langmap', 'langmap', datetime('now'), datetime('now'), '["langmap"]'),
    (1320578155, 'langmap.detail.linkToMeaning', '', 'langmap', 'langmap', datetime('now'), datetime('now'), '["langmap"]'),
    (1171371199, 'langmap.detail.selectMeaning', '', 'langmap', 'langmap', datetime('now'), datetime('now'), '["langmap"]'),
    (2048212694, 'langmap.detail.createNew', '', 'langmap', 'langmap', datetime('now'), datetime('now'), '["langmap"]'),
    (787431441, 'langmap.detail.newMeaningGloss', '', 'langmap', 'langmap', datetime('now'), datetime('now'), '["langmap"]'),
    (1044591763, 'langmap.detail.createMeaning', '', 'langmap', 'langmap', datetime('now'), datetime('now'), '["langmap"]'),
    (2010884750, 'langmap.detail.noMeanings', '', 'langmap', 'langmap', datetime('now'), datetime('now'), '["langmap"]'),
    (1273274090, 'langmap.detail.associateWithMeanings', '', 'langmap', 'langmap', datetime('now'), datetime('now'), '["langmap"]'),
    (176252579, 'langmap.expressionCard.global', '', 'langmap', 'langmap', datetime('now'), datetime('now'), '["langmap"]'),
    (2089767296, 'langmap.expressionCard.play', '', 'langmap', 'langmap', datetime('now'), datetime('now'), '["langmap"]'),
    (645537796, 'langmap.expressionCard.auto', '', 'langmap', 'langmap', datetime('now'), datetime('now'), '["langmap"]'),
    (1744326251, 'langmap.versionHistory.title', '', 'langmap', 'langmap', datetime('now'), datetime('now'), '["langmap"]'),
    (715462937, 'langmap.versionHistory.loading', '', 'langmap', 'langmap', datetime('now'), datetime('now'), '["langmap"]'),
    (1713513424, 'langmap.versionHistory.noVersions', '', 'langmap', 'langmap', datetime('now'), datetime('now'), '["langmap"]'),
    (80058487, 'langmap.versionHistory.auto', '', 'langmap', 'langmap', datetime('now'), datetime('now'), '["langmap"]'),
    (82914960, 'langmap.versionHistory.anonymous', '', 'langmap', 'langmap', datetime('now'), datetime('now'), '["langmap"]'),
    (1428858324, 'langmap.home.low', '', 'langmap', 'langmap', datetime('now'), datetime('now'), '["langmap"]'),
    (214696929, 'langmap.home.medium', '', 'langmap', 'langmap', datetime('now'), datetime('now'), '["langmap"]'),
    (2136578862, 'langmap.home.high', '', 'langmap', 'langmap', datetime('now'), datetime('now'), '["langmap"]'),
    (359270288, 'langmap.search.plural', '', 'langmap', 'langmap', datetime('now'), datetime('now'), '["langmap"]');
INSERT OR IGNORE INTO expression_meanings (expression_id, meaning_id, created_by, updated_by, created_at, updated_at) VALUES
    (1, 1232590872, 'langmap', 'langmap', datetime('now'), datetime('now')),
    (2, 738769989, 'langmap', 'langmap', datetime('now'), datetime('now')),
    (3, 87878107, 'langmap', 'langmap', datetime('now'), datetime('now')),
    (4, 1861719002, 'langmap', 'langmap', datetime('now'), datetime('now')),
    (5, 2073608002, 'langmap', 'langmap', datetime('now'), datetime('now')),
    (6, 29825596, 'langmap', 'langmap', datetime('now'), datetime('now')),
    (7, 1909588150, 'langmap', 'langmap', datetime('now'), datetime('now')),
    (8, 228029697, 'langmap', 'langmap', datetime('now'), datetime('now')),
    (9, 1932949546, 'langmap', 'langmap', datetime('now'), datetime('now')),
    (10, 1280354696, 'langmap', 'langmap', datetime('now'), datetime('now')),
    (11, 1704825459, 'langmap', 'langmap', datetime('now'), datetime('now')),
    (12, 1798903561, 'langmap', 'langmap', datetime('now'), datetime('now')),
    (13, 889637427, 'langmap', 'langmap', datetime('now'), datetime('now')),
    (14, 2141226890, 'langmap', 'langmap', datetime('now'), datetime('now')),
    (15, 50585974, 'langmap', 'langmap', datetime('now'), datetime('now')),
    (16, 1556642706, 'langmap', 'langmap', datetime('now'), datetime('now')),
    (7, 250674643, 'langmap', 'langmap', datetime('now'), datetime('now')),
    (6, 393067094, 'langmap', 'langmap', datetime('now'), datetime('now')),
    (17, 1843177479, 'langmap', 'langmap', datetime('now'), datetime('now')),
    (18, 2147181533, 'langmap', 'langmap', datetime('now'), datetime('now')),
    (19, 1538332181, 'langmap', 'langmap', datetime('now'), datetime('now')),
    (20, 700350673, 'langmap', 'langmap', datetime('now'), datetime('now')),
    (21, 26891452, 'langmap', 'langmap', datetime('now'), datetime('now')),
    (22, 863807598, 'langmap', 'langmap', datetime('now'), datetime('now')),
    (23, 984290883, 'langmap', 'langmap', datetime('now'), datetime('now')),
    (24, 1175105589, 'langmap', 'langmap', datetime('now'), datetime('now')),
    (4, 1822030570, 'langmap', 'langmap', datetime('now'), datetime('now')),
    (25, 1804466275, 'langmap', 'langmap', datetime('now'), datetime('now')),
    (12, 480547274, 'langmap', 'langmap', datetime('now'), datetime('now')),
    (26, 666598698, 'langmap', 'langmap', datetime('now'), datetime('now')),
    (27, 782154075, 'langmap', 'langmap', datetime('now'), datetime('now')),
    (4, 808077362, 'langmap', 'langmap', datetime('now'), datetime('now')),
    (28, 1660781369, 'langmap', 'langmap', datetime('now'), datetime('now')),
    (29, 1623339377, 'langmap', 'langmap', datetime('now'), datetime('now')),
    (30, 890335645, 'langmap', 'langmap', datetime('now'), datetime('now')),
    (31, 556745063, 'langmap', 'langmap', datetime('now'), datetime('now')),
    (32, 831699112, 'langmap', 'langmap', datetime('now'), datetime('now')),
    (33, 2052550168, 'langmap', 'langmap', datetime('now'), datetime('now')),
    (34, 1768300647, 'langmap', 'langmap', datetime('now'), datetime('now')),
    (35, 653847431, 'langmap', 'langmap', datetime('now'), datetime('now')),
    (36, 610717035, 'langmap', 'langmap', datetime('now'), datetime('now')),
    (37, 378762400, 'langmap', 'langmap', datetime('now'), datetime('now')),
    (38, 1251764943, 'langmap', 'langmap', datetime('now'), datetime('now')),
    (6, 1469373345, 'langmap', 'langmap', datetime('now'), datetime('now')),
    (39, 1745197766, 'langmap', 'langmap', datetime('now'), datetime('now')),
    (40, 1935180845, 'langmap', 'langmap', datetime('now'), datetime('now')),
    (41, 1793722761, 'langmap', 'langmap', datetime('now'), datetime('now')),
    (42, 2099029340, 'langmap', 'langmap', datetime('now'), datetime('now')),
    (43, 101777746, 'langmap', 'langmap', datetime('now'), datetime('now')),
    (44, 747353279, 'langmap', 'langmap', datetime('now'), datetime('now')),
    (45, 259247799, 'langmap', 'langmap', datetime('now'), datetime('now')),
    (46, 1228718215, 'langmap', 'langmap', datetime('now'), datetime('now')),
    (47, 1606159683, 'langmap', 'langmap', datetime('now'), datetime('now')),
    (48, 1058233083, 'langmap', 'langmap', datetime('now'), datetime('now')),
    (49, 1874909642, 'langmap', 'langmap', datetime('now'), datetime('now')),
    (50, 735160078, 'langmap', 'langmap', datetime('now'), datetime('now')),
    (51, 1228788957, 'langmap', 'langmap', datetime('now'), datetime('now')),
    (52, 535669297, 'langmap', 'langmap', datetime('now'), datetime('now')),
    (53, 533920565, 'langmap', 'langmap', datetime('now'), datetime('now')),
    (54, 322599747, 'langmap', 'langmap', datetime('now'), datetime('now')),
    (55, 996426808, 'langmap', 'langmap', datetime('now'), datetime('now')),
    (56, 1242437667, 'langmap', 'langmap', datetime('now'), datetime('now')),
    (57, 1767814123, 'langmap', 'langmap', datetime('now'), datetime('now')),
    (58, 814856456, 'langmap', 'langmap', datetime('now'), datetime('now')),
    (59, 669906916, 'langmap', 'langmap', datetime('now'), datetime('now')),
    (60, 11980301, 'langmap', 'langmap', datetime('now'), datetime('now')),
    (61, 450995876, 'langmap', 'langmap', datetime('now'), datetime('now')),
    (62, 837067897, 'langmap', 'langmap', datetime('now'), datetime('now')),
    (63, 588178763, 'langmap', 'langmap', datetime('now'), datetime('now')),
    (64, 1789770084, 'langmap', 'langmap', datetime('now'), datetime('now')),
    (65, 1132466761, 'langmap', 'langmap', datetime('now'), datetime('now')),
    (66, 999221063, 'langmap', 'langmap', datetime('now'), datetime('now')),
    (67, 1554575731, 'langmap', 'langmap', datetime('now'), datetime('now')),
    (68, 1636970553, 'langmap', 'langmap', datetime('now'), datetime('now')),
    (69, 1869566903, 'langmap', 'langmap', datetime('now'), datetime('now')),
    (70, 56467778, 'langmap', 'langmap', datetime('now'), datetime('now')),
    (71, 194913104, 'langmap', 'langmap', datetime('now'), datetime('now')),
    (72, 1385556360, 'langmap', 'langmap', datetime('now'), datetime('now')),
    (73, 1474179643, 'langmap', 'langmap', datetime('now'), datetime('now')),
    (74, 174195536, 'langmap', 'langmap', datetime('now'), datetime('now')),
    (75, 1355230541, 'langmap', 'langmap', datetime('now'), datetime('now')),
    (76, 10528370, 'langmap', 'langmap', datetime('now'), datetime('now')),
    (77, 54582974, 'langmap', 'langmap', datetime('now'), datetime('now')),
    (78, 1991926523, 'langmap', 'langmap', datetime('now'), datetime('now')),
    (79, 1716022447, 'langmap', 'langmap', datetime('now'), datetime('now')),
    (80, 1945432180, 'langmap', 'langmap', datetime('now'), datetime('now')),
    (81, 1921468690, 'langmap', 'langmap', datetime('now'), datetime('now')),
    (82, 1018972716, 'langmap', 'langmap', datetime('now'), datetime('now')),
    (83, 306931297, 'langmap', 'langmap', datetime('now'), datetime('now')),
    (84, 647664578, 'langmap', 'langmap', datetime('now'), datetime('now')),
    (83, 765370063, 'langmap', 'langmap', datetime('now'), datetime('now')),
    (85, 820519387, 'langmap', 'langmap', datetime('now'), datetime('now')),
    (86, 626365559, 'langmap', 'langmap', datetime('now'), datetime('now')),
    (87, 513569115, 'langmap', 'langmap', datetime('now'), datetime('now')),
    (88, 2107302769, 'langmap', 'langmap', datetime('now'), datetime('now')),
    (89, 2071213119, 'langmap', 'langmap', datetime('now'), datetime('now')),
    (90, 2030701872, 'langmap', 'langmap', datetime('now'), datetime('now')),
    (91, 822144154, 'langmap', 'langmap', datetime('now'), datetime('now')),
    (92, 208973083, 'langmap', 'langmap', datetime('now'), datetime('now')),
    (93, 1116697603, 'langmap', 'langmap', datetime('now'), datetime('now')),
    (94, 577671469, 'langmap', 'langmap', datetime('now'), datetime('now')),
    (95, 1173588834, 'langmap', 'langmap', datetime('now'), datetime('now')),
    (96, 916646339, 'langmap', 'langmap', datetime('now'), datetime('now')),
    (97, 303419628, 'langmap', 'langmap', datetime('now'), datetime('now')),
    (98, 1082150934, 'langmap', 'langmap', datetime('now'), datetime('now')),
    (99, 977355953, 'langmap', 'langmap', datetime('now'), datetime('now')),
    (58, 840883141, 'langmap', 'langmap', datetime('now'), datetime('now')),
    (100, 531232349, 'langmap', 'langmap', datetime('now'), datetime('now')),
    (4, 1801706047, 'langmap', 'langmap', datetime('now'), datetime('now')),
    (101, 204956308, 'langmap', 'langmap', datetime('now'), datetime('now')),
    (102, 396634966, 'langmap', 'langmap', datetime('now'), datetime('now')),
    (103, 1812761320, 'langmap', 'langmap', datetime('now'), datetime('now')),
    (104, 1733733173, 'langmap', 'langmap', datetime('now'), datetime('now')),
    (105, 825539610, 'langmap', 'langmap', datetime('now'), datetime('now')),
    (106, 1320578155, 'langmap', 'langmap', datetime('now'), datetime('now')),
    (107, 1171371199, 'langmap', 'langmap', datetime('now'), datetime('now')),
    (108, 2048212694, 'langmap', 'langmap', datetime('now'), datetime('now')),
    (109, 787431441, 'langmap', 'langmap', datetime('now'), datetime('now')),
    (110, 1044591763, 'langmap', 'langmap', datetime('now'), datetime('now')),
    (111, 2010884750, 'langmap', 'langmap', datetime('now'), datetime('now')),
    (112, 1273274090, 'langmap', 'langmap', datetime('now'), datetime('now')),
    (113, 176252579, 'langmap', 'langmap', datetime('now'), datetime('now')),
    (114, 2089767296, 'langmap', 'langmap', datetime('now'), datetime('now')),
    (115, 645537796, 'langmap', 'langmap', datetime('now'), datetime('now')),
    (116, 1744326251, 'langmap', 'langmap', datetime('now'), datetime('now')),
    (117, 715462937, 'langmap', 'langmap', datetime('now'), datetime('now')),
    (118, 1713513424, 'langmap', 'langmap', datetime('now'), datetime('now')),
    (115, 80058487, 'langmap', 'langmap', datetime('now'), datetime('now')),
    (119, 82914960, 'langmap', 'langmap', datetime('now'), datetime('now')),
    (120, 1232590872, 'langmap', 'langmap', datetime('now'), datetime('now')),
    (121, 738769989, 'langmap', 'langmap', datetime('now'), datetime('now')),
    (122, 87878107, 'langmap', 'langmap', datetime('now'), datetime('now')),
    (123, 1861719002, 'langmap', 'langmap', datetime('now'), datetime('now')),
    (124, 2073608002, 'langmap', 'langmap', datetime('now'), datetime('now')),
    (125, 29825596, 'langmap', 'langmap', datetime('now'), datetime('now')),
    (126, 1909588150, 'langmap', 'langmap', datetime('now'), datetime('now')),
    (127, 228029697, 'langmap', 'langmap', datetime('now'), datetime('now')),
    (128, 1932949546, 'langmap', 'langmap', datetime('now'), datetime('now')),
    (129, 1280354696, 'langmap', 'langmap', datetime('now'), datetime('now')),
    (130, 1704825459, 'langmap', 'langmap', datetime('now'), datetime('now')),
    (131, 1798903561, 'langmap', 'langmap', datetime('now'), datetime('now')),
    (132, 889637427, 'langmap', 'langmap', datetime('now'), datetime('now')),
    (133, 2141226890, 'langmap', 'langmap', datetime('now'), datetime('now')),
    (134, 50585974, 'langmap', 'langmap', datetime('now'), datetime('now')),
    (135, 1556642706, 'langmap', 'langmap', datetime('now'), datetime('now')),
    (126, 250674643, 'langmap', 'langmap', datetime('now'), datetime('now')),
    (125, 393067094, 'langmap', 'langmap', datetime('now'), datetime('now')),
    (136, 1843177479, 'langmap', 'langmap', datetime('now'), datetime('now')),
    (137, 2147181533, 'langmap', 'langmap', datetime('now'), datetime('now')),
    (138, 1538332181, 'langmap', 'langmap', datetime('now'), datetime('now')),
    (139, 700350673, 'langmap', 'langmap', datetime('now'), datetime('now')),
    (140, 26891452, 'langmap', 'langmap', datetime('now'), datetime('now')),
    (141, 863807598, 'langmap', 'langmap', datetime('now'), datetime('now')),
    (142, 984290883, 'langmap', 'langmap', datetime('now'), datetime('now')),
    (143, 1175105589, 'langmap', 'langmap', datetime('now'), datetime('now')),
    (123, 1822030570, 'langmap', 'langmap', datetime('now'), datetime('now')),
    (144, 1804466275, 'langmap', 'langmap', datetime('now'), datetime('now')),
    (131, 480547274, 'langmap', 'langmap', datetime('now'), datetime('now')),
    (145, 666598698, 'langmap', 'langmap', datetime('now'), datetime('now')),
    (146, 782154075, 'langmap', 'langmap', datetime('now'), datetime('now')),
    (123, 808077362, 'langmap', 'langmap', datetime('now'), datetime('now')),
    (147, 1660781369, 'langmap', 'langmap', datetime('now'), datetime('now')),
    (148, 1623339377, 'langmap', 'langmap', datetime('now'), datetime('now')),
    (149, 890335645, 'langmap', 'langmap', datetime('now'), datetime('now')),
    (150, 556745063, 'langmap', 'langmap', datetime('now'), datetime('now')),
    (151, 831699112, 'langmap', 'langmap', datetime('now'), datetime('now')),
    (152, 2052550168, 'langmap', 'langmap', datetime('now'), datetime('now')),
    (153, 1768300647, 'langmap', 'langmap', datetime('now'), datetime('now')),
    (154, 653847431, 'langmap', 'langmap', datetime('now'), datetime('now')),
    (155, 610717035, 'langmap', 'langmap', datetime('now'), datetime('now')),
    (156, 378762400, 'langmap', 'langmap', datetime('now'), datetime('now')),
    (157, 1251764943, 'langmap', 'langmap', datetime('now'), datetime('now')),
    (125, 1469373345, 'langmap', 'langmap', datetime('now'), datetime('now')),
    (158, 1745197766, 'langmap', 'langmap', datetime('now'), datetime('now')),
    (159, 1935180845, 'langmap', 'langmap', datetime('now'), datetime('now')),
    (160, 1793722761, 'langmap', 'langmap', datetime('now'), datetime('now')),
    (161, 2099029340, 'langmap', 'langmap', datetime('now'), datetime('now')),
    (162, 101777746, 'langmap', 'langmap', datetime('now'), datetime('now')),
    (163, 747353279, 'langmap', 'langmap', datetime('now'), datetime('now')),
    (164, 259247799, 'langmap', 'langmap', datetime('now'), datetime('now')),
    (165, 1228718215, 'langmap', 'langmap', datetime('now'), datetime('now')),
    (166, 1606159683, 'langmap', 'langmap', datetime('now'), datetime('now')),
    (167, 1058233083, 'langmap', 'langmap', datetime('now'), datetime('now')),
    (168, 1874909642, 'langmap', 'langmap', datetime('now'), datetime('now')),
    (169, 735160078, 'langmap', 'langmap', datetime('now'), datetime('now')),
    (170, 1228788957, 'langmap', 'langmap', datetime('now'), datetime('now')),
    (171, 535669297, 'langmap', 'langmap', datetime('now'), datetime('now')),
    (172, 533920565, 'langmap', 'langmap', datetime('now'), datetime('now')),
    (173, 322599747, 'langmap', 'langmap', datetime('now'), datetime('now')),
    (174, 996426808, 'langmap', 'langmap', datetime('now'), datetime('now')),
    (175, 1242437667, 'langmap', 'langmap', datetime('now'), datetime('now')),
    (176, 814856456, 'langmap', 'langmap', datetime('now'), datetime('now')),
    (177, 669906916, 'langmap', 'langmap', datetime('now'), datetime('now')),
    (178, 11980301, 'langmap', 'langmap', datetime('now'), datetime('now')),
    (179, 450995876, 'langmap', 'langmap', datetime('now'), datetime('now')),
    (180, 837067897, 'langmap', 'langmap', datetime('now'), datetime('now')),
    (181, 588178763, 'langmap', 'langmap', datetime('now'), datetime('now')),
    (182, 1789770084, 'langmap', 'langmap', datetime('now'), datetime('now')),
    (183, 1132466761, 'langmap', 'langmap', datetime('now'), datetime('now')),
    (184, 999221063, 'langmap', 'langmap', datetime('now'), datetime('now')),
    (185, 1554575731, 'langmap', 'langmap', datetime('now'), datetime('now')),
    (186, 1636970553, 'langmap', 'langmap', datetime('now'), datetime('now')),
    (187, 1869566903, 'langmap', 'langmap', datetime('now'), datetime('now')),
    (188, 56467778, 'langmap', 'langmap', datetime('now'), datetime('now')),
    (189, 194913104, 'langmap', 'langmap', datetime('now'), datetime('now')),
    (190, 1385556360, 'langmap', 'langmap', datetime('now'), datetime('now')),
    (191, 1474179643, 'langmap', 'langmap', datetime('now'), datetime('now')),
    (192, 174195536, 'langmap', 'langmap', datetime('now'), datetime('now')),
    (193, 1355230541, 'langmap', 'langmap', datetime('now'), datetime('now')),
    (194, 10528370, 'langmap', 'langmap', datetime('now'), datetime('now')),
    (195, 54582974, 'langmap', 'langmap', datetime('now'), datetime('now')),
    (196, 1991926523, 'langmap', 'langmap', datetime('now'), datetime('now')),
    (197, 1716022447, 'langmap', 'langmap', datetime('now'), datetime('now')),
    (198, 1945432180, 'langmap', 'langmap', datetime('now'), datetime('now')),
    (199, 2030701872, 'langmap', 'langmap', datetime('now'), datetime('now')),
    (200, 822144154, 'langmap', 'langmap', datetime('now'), datetime('now')),
    (201, 208973083, 'langmap', 'langmap', datetime('now'), datetime('now')),
    (202, 1116697603, 'langmap', 'langmap', datetime('now'), datetime('now')),
    (203, 577671469, 'langmap', 'langmap', datetime('now'), datetime('now')),
    (204, 820519387, 'langmap', 'langmap', datetime('now'), datetime('now')),
    (205, 626365559, 'langmap', 'langmap', datetime('now'), datetime('now')),
    (206, 513569115, 'langmap', 'langmap', datetime('now'), datetime('now')),
    (207, 2107302769, 'langmap', 'langmap', datetime('now'), datetime('now')),
    (208, 1921468690, 'langmap', 'langmap', datetime('now'), datetime('now')),
    (209, 1018972716, 'langmap', 'langmap', datetime('now'), datetime('now')),
    (210, 306931297, 'langmap', 'langmap', datetime('now'), datetime('now')),
    (211, 647664578, 'langmap', 'langmap', datetime('now'), datetime('now')),
    (212, 765370063, 'langmap', 'langmap', datetime('now'), datetime('now')),
    (213, 2071213119, 'langmap', 'langmap', datetime('now'), datetime('now')),
    (214, 1173588834, 'langmap', 'langmap', datetime('now'), datetime('now')),
    (215, 916646339, 'langmap', 'langmap', datetime('now'), datetime('now')),
    (216, 303419628, 'langmap', 'langmap', datetime('now'), datetime('now')),
    (178, 1082150934, 'langmap', 'langmap', datetime('now'), datetime('now')),
    (217, 977355953, 'langmap', 'langmap', datetime('now'), datetime('now')),
    (176, 840883141, 'langmap', 'langmap', datetime('now'), datetime('now')),
    (218, 531232349, 'langmap', 'langmap', datetime('now'), datetime('now')),
    (123, 1801706047, 'langmap', 'langmap', datetime('now'), datetime('now')),
    (219, 204956308, 'langmap', 'langmap', datetime('now'), datetime('now')),
    (220, 396634966, 'langmap', 'langmap', datetime('now'), datetime('now')),
    (221, 1812761320, 'langmap', 'langmap', datetime('now'), datetime('now')),
    (222, 1733733173, 'langmap', 'langmap', datetime('now'), datetime('now')),
    (223, 825539610, 'langmap', 'langmap', datetime('now'), datetime('now')),
    (224, 1320578155, 'langmap', 'langmap', datetime('now'), datetime('now')),
    (225, 1171371199, 'langmap', 'langmap', datetime('now'), datetime('now')),
    (226, 2048212694, 'langmap', 'langmap', datetime('now'), datetime('now')),
    (227, 787431441, 'langmap', 'langmap', datetime('now'), datetime('now')),
    (228, 1044591763, 'langmap', 'langmap', datetime('now'), datetime('now')),
    (229, 2010884750, 'langmap', 'langmap', datetime('now'), datetime('now')),
    (178, 1273274090, 'langmap', 'langmap', datetime('now'), datetime('now')),
    (230, 176252579, 'langmap', 'langmap', datetime('now'), datetime('now')),
    (231, 2089767296, 'langmap', 'langmap', datetime('now'), datetime('now')),
    (232, 645537796, 'langmap', 'langmap', datetime('now'), datetime('now')),
    (233, 1744326251, 'langmap', 'langmap', datetime('now'), datetime('now')),
    (234, 715462937, 'langmap', 'langmap', datetime('now'), datetime('now')),
    (235, 1713513424, 'langmap', 'langmap', datetime('now'), datetime('now')),
    (232, 80058487, 'langmap', 'langmap', datetime('now'), datetime('now')),
    (236, 82914960, 'langmap', 'langmap', datetime('now'), datetime('now')),
    (237, 1232590872, 'langmap', 'langmap', datetime('now'), datetime('now')),
    (238, 738769989, 'langmap', 'langmap', datetime('now'), datetime('now')),
    (239, 87878107, 'langmap', 'langmap', datetime('now'), datetime('now')),
    (240, 1861719002, 'langmap', 'langmap', datetime('now'), datetime('now')),
    (241, 2073608002, 'langmap', 'langmap', datetime('now'), datetime('now')),
    (242, 29825596, 'langmap', 'langmap', datetime('now'), datetime('now')),
    (243, 1909588150, 'langmap', 'langmap', datetime('now'), datetime('now')),
    (244, 228029697, 'langmap', 'langmap', datetime('now'), datetime('now')),
    (245, 1932949546, 'langmap', 'langmap', datetime('now'), datetime('now')),
    (246, 1280354696, 'langmap', 'langmap', datetime('now'), datetime('now')),
    (247, 1428858324, 'langmap', 'langmap', datetime('now'), datetime('now')),
    (248, 214696929, 'langmap', 'langmap', datetime('now'), datetime('now')),
    (249, 2136578862, 'langmap', 'langmap', datetime('now'), datetime('now')),
    (250, 1704825459, 'langmap', 'langmap', datetime('now'), datetime('now')),
    (251, 1798903561, 'langmap', 'langmap', datetime('now'), datetime('now')),
    (252, 889637427, 'langmap', 'langmap', datetime('now'), datetime('now')),
    (253, 2141226890, 'langmap', 'langmap', datetime('now'), datetime('now')),
    (254, 50585974, 'langmap', 'langmap', datetime('now'), datetime('now')),
    (255, 1556642706, 'langmap', 'langmap', datetime('now'), datetime('now')),
    (256, 250674643, 'langmap', 'langmap', datetime('now'), datetime('now')),
    (257, 393067094, 'langmap', 'langmap', datetime('now'), datetime('now')),
    (258, 1843177479, 'langmap', 'langmap', datetime('now'), datetime('now')),
    (259, 2147181533, 'langmap', 'langmap', datetime('now'), datetime('now')),
    (260, 1538332181, 'langmap', 'langmap', datetime('now'), datetime('now')),
    (261, 700350673, 'langmap', 'langmap', datetime('now'), datetime('now')),
    (262, 26891452, 'langmap', 'langmap', datetime('now'), datetime('now')),
    (263, 863807598, 'langmap', 'langmap', datetime('now'), datetime('now')),
    (264, 984290883, 'langmap', 'langmap', datetime('now'), datetime('now')),
    (265, 1175105589, 'langmap', 'langmap', datetime('now'), datetime('now')),
    (266, 1822030570, 'langmap', 'langmap', datetime('now'), datetime('now')),
    (267, 1804466275, 'langmap', 'langmap', datetime('now'), datetime('now')),
    (251, 480547274, 'langmap', 'langmap', datetime('now'), datetime('now')),
    (268, 666598698, 'langmap', 'langmap', datetime('now'), datetime('now')),
    (269, 782154075, 'langmap', 'langmap', datetime('now'), datetime('now')),
    (240, 808077362, 'langmap', 'langmap', datetime('now'), datetime('now')),
    (270, 1660781369, 'langmap', 'langmap', datetime('now'), datetime('now')),
    (271, 1623339377, 'langmap', 'langmap', datetime('now'), datetime('now')),
    (272, 890335645, 'langmap', 'langmap', datetime('now'), datetime('now')),
    (273, 556745063, 'langmap', 'langmap', datetime('now'), datetime('now')),
    (274, 831699112, 'langmap', 'langmap', datetime('now'), datetime('now')),
    (275, 2052550168, 'langmap', 'langmap', datetime('now'), datetime('now')),
    (276, 1768300647, 'langmap', 'langmap', datetime('now'), datetime('now')),
    (277, 653847431, 'langmap', 'langmap', datetime('now'), datetime('now')),
    (278, 610717035, 'langmap', 'langmap', datetime('now'), datetime('now')),
    (279, 378762400, 'langmap', 'langmap', datetime('now'), datetime('now')),
    (280, 1251764943, 'langmap', 'langmap', datetime('now'), datetime('now')),
    (257, 1469373345, 'langmap', 'langmap', datetime('now'), datetime('now')),
    (281, 1745197766, 'langmap', 'langmap', datetime('now'), datetime('now')),
    (282, 1935180845, 'langmap', 'langmap', datetime('now'), datetime('now')),
    (283, 1793722761, 'langmap', 'langmap', datetime('now'), datetime('now')),
    (284, 2099029340, 'langmap', 'langmap', datetime('now'), datetime('now')),
    (285, 101777746, 'langmap', 'langmap', datetime('now'), datetime('now')),
    (286, 747353279, 'langmap', 'langmap', datetime('now'), datetime('now')),
    (287, 259247799, 'langmap', 'langmap', datetime('now'), datetime('now')),
    (288, 1228718215, 'langmap', 'langmap', datetime('now'), datetime('now')),
    (289, 1606159683, 'langmap', 'langmap', datetime('now'), datetime('now')),
    (290, 1058233083, 'langmap', 'langmap', datetime('now'), datetime('now')),
    (291, 1874909642, 'langmap', 'langmap', datetime('now'), datetime('now')),
    (292, 735160078, 'langmap', 'langmap', datetime('now'), datetime('now')),
    (293, 1228788957, 'langmap', 'langmap', datetime('now'), datetime('now')),
    (294, 535669297, 'langmap', 'langmap', datetime('now'), datetime('now')),
    (295, 533920565, 'langmap', 'langmap', datetime('now'), datetime('now')),
    (296, 322599747, 'langmap', 'langmap', datetime('now'), datetime('now')),
    (297, 996426808, 'langmap', 'langmap', datetime('now'), datetime('now')),
    (298, 1242437667, 'langmap', 'langmap', datetime('now'), datetime('now')),
    (299, 814856456, 'langmap', 'langmap', datetime('now'), datetime('now')),
    (300, 669906916, 'langmap', 'langmap', datetime('now'), datetime('now')),
    (301, 11980301, 'langmap', 'langmap', datetime('now'), datetime('now')),
    (302, 450995876, 'langmap', 'langmap', datetime('now'), datetime('now')),
    (303, 837067897, 'langmap', 'langmap', datetime('now'), datetime('now')),
    (304, 588178763, 'langmap', 'langmap', datetime('now'), datetime('now')),
    (305, 1789770084, 'langmap', 'langmap', datetime('now'), datetime('now')),
    (306, 1132466761, 'langmap', 'langmap', datetime('now'), datetime('now')),
    (307, 999221063, 'langmap', 'langmap', datetime('now'), datetime('now')),
    (308, 1554575731, 'langmap', 'langmap', datetime('now'), datetime('now')),
    (309, 1636970553, 'langmap', 'langmap', datetime('now'), datetime('now')),
    (310, 1869566903, 'langmap', 'langmap', datetime('now'), datetime('now')),
    (311, 56467778, 'langmap', 'langmap', datetime('now'), datetime('now')),
    (312, 194913104, 'langmap', 'langmap', datetime('now'), datetime('now')),
    (313, 1385556360, 'langmap', 'langmap', datetime('now'), datetime('now')),
    (314, 1474179643, 'langmap', 'langmap', datetime('now'), datetime('now')),
    (315, 174195536, 'langmap', 'langmap', datetime('now'), datetime('now')),
    (316, 1355230541, 'langmap', 'langmap', datetime('now'), datetime('now')),
    (317, 10528370, 'langmap', 'langmap', datetime('now'), datetime('now')),
    (318, 54582974, 'langmap', 'langmap', datetime('now'), datetime('now')),
    (319, 1991926523, 'langmap', 'langmap', datetime('now'), datetime('now')),
    (320, 1716022447, 'langmap', 'langmap', datetime('now'), datetime('now')),
    (321, 1945432180, 'langmap', 'langmap', datetime('now'), datetime('now')),
    (322, 1921468690, 'langmap', 'langmap', datetime('now'), datetime('now')),
    (323, 1018972716, 'langmap', 'langmap', datetime('now'), datetime('now')),
    (324, 306931297, 'langmap', 'langmap', datetime('now'), datetime('now')),
    (325, 647664578, 'langmap', 'langmap', datetime('now'), datetime('now')),
    (324, 765370063, 'langmap', 'langmap', datetime('now'), datetime('now')),
    (326, 820519387, 'langmap', 'langmap', datetime('now'), datetime('now')),
    (327, 626365559, 'langmap', 'langmap', datetime('now'), datetime('now')),
    (328, 513569115, 'langmap', 'langmap', datetime('now'), datetime('now')),
    (329, 2107302769, 'langmap', 'langmap', datetime('now'), datetime('now')),
    (330, 2071213119, 'langmap', 'langmap', datetime('now'), datetime('now')),
    (331, 2030701872, 'langmap', 'langmap', datetime('now'), datetime('now')),
    (332, 822144154, 'langmap', 'langmap', datetime('now'), datetime('now')),
    (333, 208973083, 'langmap', 'langmap', datetime('now'), datetime('now')),
    (334, 1116697603, 'langmap', 'langmap', datetime('now'), datetime('now')),
    (335, 577671469, 'langmap', 'langmap', datetime('now'), datetime('now')),
    (336, 1173588834, 'langmap', 'langmap', datetime('now'), datetime('now')),
    (337, 916646339, 'langmap', 'langmap', datetime('now'), datetime('now')),
    (338, 303419628, 'langmap', 'langmap', datetime('now'), datetime('now')),
    (339, 1082150934, 'langmap', 'langmap', datetime('now'), datetime('now')),
    (340, 977355953, 'langmap', 'langmap', datetime('now'), datetime('now')),
    (299, 840883141, 'langmap', 'langmap', datetime('now'), datetime('now')),
    (341, 531232349, 'langmap', 'langmap', datetime('now'), datetime('now')),
    (240, 1801706047, 'langmap', 'langmap', datetime('now'), datetime('now')),
    (342, 204956308, 'langmap', 'langmap', datetime('now'), datetime('now')),
    (343, 396634966, 'langmap', 'langmap', datetime('now'), datetime('now')),
    (344, 1812761320, 'langmap', 'langmap', datetime('now'), datetime('now')),
    (345, 1733733173, 'langmap', 'langmap', datetime('now'), datetime('now')),
    (346, 825539610, 'langmap', 'langmap', datetime('now'), datetime('now')),
    (347, 1320578155, 'langmap', 'langmap', datetime('now'), datetime('now')),
    (348, 1171371199, 'langmap', 'langmap', datetime('now'), datetime('now')),
    (349, 2048212694, 'langmap', 'langmap', datetime('now'), datetime('now')),
    (350, 787431441, 'langmap', 'langmap', datetime('now'), datetime('now')),
    (351, 1044591763, 'langmap', 'langmap', datetime('now'), datetime('now')),
    (352, 2010884750, 'langmap', 'langmap', datetime('now'), datetime('now')),
    (353, 1273274090, 'langmap', 'langmap', datetime('now'), datetime('now')),
    (354, 176252579, 'langmap', 'langmap', datetime('now'), datetime('now')),
    (355, 2089767296, 'langmap', 'langmap', datetime('now'), datetime('now')),
    (356, 645537796, 'langmap', 'langmap', datetime('now'), datetime('now')),
    (357, 1744326251, 'langmap', 'langmap', datetime('now'), datetime('now')),
    (358, 715462937, 'langmap', 'langmap', datetime('now'), datetime('now')),
    (359, 1713513424, 'langmap', 'langmap', datetime('now'), datetime('now')),
    (356, 80058487, 'langmap', 'langmap', datetime('now'), datetime('now')),
    (360, 82914960, 'langmap', 'langmap', datetime('now'), datetime('now')),
    (361, 1232590872, 'langmap', 'langmap', datetime('now'), datetime('now')),
    (362, 738769989, 'langmap', 'langmap', datetime('now'), datetime('now')),
    (363, 87878107, 'langmap', 'langmap', datetime('now'), datetime('now')),
    (364, 1861719002, 'langmap', 'langmap', datetime('now'), datetime('now')),
    (365, 2073608002, 'langmap', 'langmap', datetime('now'), datetime('now')),
    (366, 29825596, 'langmap', 'langmap', datetime('now'), datetime('now')),
    (367, 1909588150, 'langmap', 'langmap', datetime('now'), datetime('now')),
    (368, 228029697, 'langmap', 'langmap', datetime('now'), datetime('now')),
    (369, 1932949546, 'langmap', 'langmap', datetime('now'), datetime('now')),
    (370, 1280354696, 'langmap', 'langmap', datetime('now'), datetime('now')),
    (371, 1704825459, 'langmap', 'langmap', datetime('now'), datetime('now')),
    (372, 1798903561, 'langmap', 'langmap', datetime('now'), datetime('now')),
    (373, 889637427, 'langmap', 'langmap', datetime('now'), datetime('now')),
    (374, 2141226890, 'langmap', 'langmap', datetime('now'), datetime('now')),
    (375, 50585974, 'langmap', 'langmap', datetime('now'), datetime('now')),
    (376, 1556642706, 'langmap', 'langmap', datetime('now'), datetime('now')),
    (367, 250674643, 'langmap', 'langmap', datetime('now'), datetime('now')),
    (366, 393067094, 'langmap', 'langmap', datetime('now'), datetime('now')),
    (377, 1843177479, 'langmap', 'langmap', datetime('now'), datetime('now')),
    (378, 2147181533, 'langmap', 'langmap', datetime('now'), datetime('now')),
    (379, 1538332181, 'langmap', 'langmap', datetime('now'), datetime('now')),
    (380, 700350673, 'langmap', 'langmap', datetime('now'), datetime('now')),
    (381, 26891452, 'langmap', 'langmap', datetime('now'), datetime('now')),
    (382, 863807598, 'langmap', 'langmap', datetime('now'), datetime('now')),
    (383, 984290883, 'langmap', 'langmap', datetime('now'), datetime('now')),
    (384, 1175105589, 'langmap', 'langmap', datetime('now'), datetime('now')),
    (364, 1822030570, 'langmap', 'langmap', datetime('now'), datetime('now')),
    (385, 1804466275, 'langmap', 'langmap', datetime('now'), datetime('now')),
    (372, 480547274, 'langmap', 'langmap', datetime('now'), datetime('now')),
    (386, 666598698, 'langmap', 'langmap', datetime('now'), datetime('now')),
    (387, 782154075, 'langmap', 'langmap', datetime('now'), datetime('now')),
    (364, 808077362, 'langmap', 'langmap', datetime('now'), datetime('now')),
    (388, 1660781369, 'langmap', 'langmap', datetime('now'), datetime('now')),
    (389, 1623339377, 'langmap', 'langmap', datetime('now'), datetime('now')),
    (390, 890335645, 'langmap', 'langmap', datetime('now'), datetime('now')),
    (391, 556745063, 'langmap', 'langmap', datetime('now'), datetime('now')),
    (392, 831699112, 'langmap', 'langmap', datetime('now'), datetime('now')),
    (393, 2052550168, 'langmap', 'langmap', datetime('now'), datetime('now')),
    (394, 1768300647, 'langmap', 'langmap', datetime('now'), datetime('now')),
    (395, 653847431, 'langmap', 'langmap', datetime('now'), datetime('now')),
    (396, 610717035, 'langmap', 'langmap', datetime('now'), datetime('now')),
    (397, 378762400, 'langmap', 'langmap', datetime('now'), datetime('now')),
    (398, 1251764943, 'langmap', 'langmap', datetime('now'), datetime('now')),
    (366, 1469373345, 'langmap', 'langmap', datetime('now'), datetime('now')),
    (399, 1745197766, 'langmap', 'langmap', datetime('now'), datetime('now')),
    (400, 1935180845, 'langmap', 'langmap', datetime('now'), datetime('now')),
    (401, 1793722761, 'langmap', 'langmap', datetime('now'), datetime('now')),
    (402, 2099029340, 'langmap', 'langmap', datetime('now'), datetime('now')),
    (403, 101777746, 'langmap', 'langmap', datetime('now'), datetime('now')),
    (404, 747353279, 'langmap', 'langmap', datetime('now'), datetime('now')),
    (405, 259247799, 'langmap', 'langmap', datetime('now'), datetime('now')),
    (406, 1228718215, 'langmap', 'langmap', datetime('now'), datetime('now')),
    (407, 1606159683, 'langmap', 'langmap', datetime('now'), datetime('now')),
    (408, 1058233083, 'langmap', 'langmap', datetime('now'), datetime('now')),
    (409, 1874909642, 'langmap', 'langmap', datetime('now'), datetime('now')),
    (410, 735160078, 'langmap', 'langmap', datetime('now'), datetime('now')),
    (411, 1228788957, 'langmap', 'langmap', datetime('now'), datetime('now')),
    (412, 535669297, 'langmap', 'langmap', datetime('now'), datetime('now')),
    (413, 533920565, 'langmap', 'langmap', datetime('now'), datetime('now')),
    (414, 322599747, 'langmap', 'langmap', datetime('now'), datetime('now')),
    (415, 996426808, 'langmap', 'langmap', datetime('now'), datetime('now')),
    (416, 1242437667, 'langmap', 'langmap', datetime('now'), datetime('now')),
    (417, 814856456, 'langmap', 'langmap', datetime('now'), datetime('now')),
    (418, 669906916, 'langmap', 'langmap', datetime('now'), datetime('now')),
    (419, 11980301, 'langmap', 'langmap', datetime('now'), datetime('now')),
    (420, 450995876, 'langmap', 'langmap', datetime('now'), datetime('now')),
    (421, 837067897, 'langmap', 'langmap', datetime('now'), datetime('now')),
    (422, 588178763, 'langmap', 'langmap', datetime('now'), datetime('now')),
    (423, 1789770084, 'langmap', 'langmap', datetime('now'), datetime('now')),
    (424, 1132466761, 'langmap', 'langmap', datetime('now'), datetime('now')),
    (425, 999221063, 'langmap', 'langmap', datetime('now'), datetime('now')),
    (426, 1554575731, 'langmap', 'langmap', datetime('now'), datetime('now')),
    (427, 1636970553, 'langmap', 'langmap', datetime('now'), datetime('now')),
    (428, 1869566903, 'langmap', 'langmap', datetime('now'), datetime('now')),
    (429, 56467778, 'langmap', 'langmap', datetime('now'), datetime('now')),
    (430, 194913104, 'langmap', 'langmap', datetime('now'), datetime('now')),
    (431, 1385556360, 'langmap', 'langmap', datetime('now'), datetime('now')),
    (432, 1474179643, 'langmap', 'langmap', datetime('now'), datetime('now')),
    (433, 174195536, 'langmap', 'langmap', datetime('now'), datetime('now')),
    (434, 1355230541, 'langmap', 'langmap', datetime('now'), datetime('now')),
    (435, 10528370, 'langmap', 'langmap', datetime('now'), datetime('now')),
    (436, 54582974, 'langmap', 'langmap', datetime('now'), datetime('now')),
    (437, 1991926523, 'langmap', 'langmap', datetime('now'), datetime('now')),
    (438, 1716022447, 'langmap', 'langmap', datetime('now'), datetime('now')),
    (439, 1945432180, 'langmap', 'langmap', datetime('now'), datetime('now')),
    (440, 1921468690, 'langmap', 'langmap', datetime('now'), datetime('now')),
    (441, 1018972716, 'langmap', 'langmap', datetime('now'), datetime('now')),
    (442, 306931297, 'langmap', 'langmap', datetime('now'), datetime('now')),
    (443, 647664578, 'langmap', 'langmap', datetime('now'), datetime('now')),
    (442, 765370063, 'langmap', 'langmap', datetime('now'), datetime('now')),
    (444, 820519387, 'langmap', 'langmap', datetime('now'), datetime('now')),
    (445, 626365559, 'langmap', 'langmap', datetime('now'), datetime('now')),
    (446, 513569115, 'langmap', 'langmap', datetime('now'), datetime('now')),
    (447, 2107302769, 'langmap', 'langmap', datetime('now'), datetime('now')),
    (448, 2071213119, 'langmap', 'langmap', datetime('now'), datetime('now')),
    (449, 2030701872, 'langmap', 'langmap', datetime('now'), datetime('now')),
    (450, 822144154, 'langmap', 'langmap', datetime('now'), datetime('now')),
    (451, 208973083, 'langmap', 'langmap', datetime('now'), datetime('now')),
    (452, 1116697603, 'langmap', 'langmap', datetime('now'), datetime('now')),
    (453, 577671469, 'langmap', 'langmap', datetime('now'), datetime('now')),
    (454, 1173588834, 'langmap', 'langmap', datetime('now'), datetime('now')),
    (455, 916646339, 'langmap', 'langmap', datetime('now'), datetime('now')),
    (456, 303419628, 'langmap', 'langmap', datetime('now'), datetime('now')),
    (419, 1082150934, 'langmap', 'langmap', datetime('now'), datetime('now')),
    (457, 977355953, 'langmap', 'langmap', datetime('now'), datetime('now')),
    (417, 840883141, 'langmap', 'langmap', datetime('now'), datetime('now')),
    (458, 531232349, 'langmap', 'langmap', datetime('now'), datetime('now')),
    (364, 1801706047, 'langmap', 'langmap', datetime('now'), datetime('now')),
    (459, 204956308, 'langmap', 'langmap', datetime('now'), datetime('now')),
    (460, 396634966, 'langmap', 'langmap', datetime('now'), datetime('now')),
    (461, 1812761320, 'langmap', 'langmap', datetime('now'), datetime('now')),
    (462, 1733733173, 'langmap', 'langmap', datetime('now'), datetime('now'));
INSERT OR IGNORE INTO expressions (id, text, language_code, region_code, region_name, region_latitude, region_longitude, created_by, updated_by, created_at, updated_at, tags, source_type, review_status) VALUES
    (1, '世界の言語を探求する', 'ja', 'JP', '東京、日本', 35.6762, 139.6503, 'langmap', 'langmap', datetime('now'), datetime('now'), '["langmap"]', 'ai', 'approved'),
    (2, '地域や文化によって表現方法がどう異なるかを発見する', 'ja', 'JP', '東京、日本', 35.6762, 139.6503, 'langmap', 'langmap', datetime('now'), datetime('now'), '["langmap"]', 'ai', 'approved'),
    (3, '表現を検索...', 'ja', 'JP', '東京、日本', 35.6762, 139.6503, 'langmap', 'langmap', datetime('now'), datetime('now'), '["langmap"]', 'ai', 'approved'),
    (4, '検索', 'ja', 'JP', '東京、日本', 35.6762, 139.6503, 'langmap', 'langmap', datetime('now'), datetime('now'), '["langmap"]', 'ai', 'approved'),
    (5, '総表現数', 'ja', 'JP', '東京、日本', 35.6762, 139.6503, 'langmap', 'langmap', datetime('now'), datetime('now'), '["langmap"]', 'ai', 'approved'),
    (6, '言語', 'ja', 'JP', '東京、日本', 35.6762, 139.6503, 'langmap', 'langmap', datetime('now'), datetime('now'), '["langmap"]', 'ai', 'approved'),
    (7, '地域', 'ja', 'JP', '東京、日本', 35.6762, 139.6503, 'langmap', 'langmap', datetime('now'), datetime('now'), '["langmap"]', 'ai', 'approved'),
    (8, 'グローバル言語分布', 'ja', 'JP', '東京、日本', 35.6762, 139.6503, 'langmap', 'langmap', datetime('now'), datetime('now'), '["langmap"]', 'ai', 'approved'),
    (9, 'さまざまな地域における言語表現の豊かさを探求します。円が大きいほど、その地域の表現がより多くなっています。', 'ja', 'JP', '東京、日本', 35.6762, 139.6503, 'langmap', 'langmap', datetime('now'), datetime('now'), '["langmap"]', 'ai', 'approved'),
    (10, '表現密度', 'ja', 'JP', '東京、日本', 35.6762, 139.6503, 'langmap', 'langmap', datetime('now'), datetime('now'), '["langmap"]', 'ai', 'approved'),
    (11, '始めましょう', 'ja', 'JP', '東京、日本', 35.6762, 139.6503, 'langmap', 'langmap', datetime('now'), datetime('now'), '["langmap"]', 'ai', 'approved'),
    (12, '表現を検索', 'ja', 'JP', '東京、日本', 35.6762, 139.6503, 'langmap', 'langmap', datetime('now'), datetime('now'), '["langmap"]', 'ai', 'approved'),
    (13, 'さまざまな言語や地域で単語や文がどのように表現されているかを見つけます。', 'ja', 'JP', '東京、日本', 35.6762, 139.6503, 'langmap', 'langmap', datetime('now'), datetime('now'), '["langmap"]', 'ai', 'approved'),
    (14, '検索を開始 →', 'ja', 'JP', '東京、日本', 35.6762, 139.6503, 'langmap', 'langmap', datetime('now'), datetime('now'), '["langmap"]', 'ai', 'approved'),
    (15, '表現を追加', 'ja', 'JP', '東京、日本', 35.6762, 139.6503, 'langmap', 'langmap', datetime('now'), datetime('now'), '["langmap"]', 'ai', 'approved'),
    (16, 'あなたの言語や地域の表現を追加して、私たちのデータベースに貢献してください。', 'ja', 'JP', '東京、日本', 35.6762, 139.6503, 'langmap', 'langmap', datetime('now'), datetime('now'), '["langmap"]', 'ai', 'approved'),
    (17, '表現数', 'ja', 'JP', '東京、日本', 35.6762, 139.6503, 'langmap', 'langmap', datetime('now'), datetime('now'), '["langmap"]', 'ai', 'approved'),
    (18, '不明', 'ja', 'JP', '東京、日本', 35.6762, 139.6503, 'langmap', 'langmap', datetime('now'), datetime('now'), '["langmap"]', 'ai', 'approved'),
    (19, '新規追加 →', 'ja', 'JP', '東京、日本', 35.6762, 139.6503, 'langmap', 'langmap', datetime('now'), datetime('now'), '["langmap"]', 'ai', 'approved'),
    (20, '地図を探索', 'ja', 'JP', '東京、日本', 35.6762, 139.6503, 'langmap', 'langmap', datetime('now'), datetime('now'), '["langmap"]', 'ai', 'approved'),
    (21, 'インタラクティブな世界地図で言語の多様性を可視化。', 'ja', 'JP', '東京、日本', 35.6762, 139.6503, 'langmap', 'langmap', datetime('now'), datetime('now'), '["langmap"]', 'ai', 'approved'),
    (22, '地図を表示 →', 'ja', 'JP', '東京、日本', 35.6762, 139.6503, 'langmap', 'langmap', datetime('now'), datetime('now'), '["langmap"]', 'ai', 'approved'),
    (23, '地図を読み込み中...', 'ja', 'JP', '東京、日本', 35.6762, 139.6503, 'langmap', 'langmap', datetime('now'), datetime('now'), '["langmap"]', 'ai', 'approved'),
    (24, 'ホーム', 'ja', 'JP', '東京、日本', 35.6762, 139.6503, 'langmap', 'langmap', datetime('now'), datetime('now'), '["langmap"]', 'ai', 'approved'),
    (25, '© {year} langmap - 言語表現マッピングプラットフォーム', 'ja', 'JP', '東京、日本', 35.6762, 139.6503, 'langmap', 'langmap', datetime('now'), datetime('now'), '["langmap"]', 'ai', 'approved'),
    (26, 'さまざまな言語や地域の言語表現を見つける', 'ja', 'JP', '東京、日本', 35.6762, 139.6503, 'langmap', 'langmap', datetime('now'), datetime('now'), '["langmap"]', 'ai', 'approved'),
    (27, '単語や文を入力...', 'ja', 'JP', '東京、日本', 35.6762, 139.6503, 'langmap', 'langmap', datetime('now'), datetime('now'), '["langmap"]', 'ai', 'approved'),
    (28, '表現を検索中...', 'ja', 'JP', '東京、日本', 35.6762, 139.6503, 'langmap', 'langmap', datetime('now'), datetime('now'), '["langmap"]', 'ai', 'approved'),
    (29, '結果が見つかりません', 'ja', 'JP', '東京、日本', 35.6762, 139.6503, 'langmap', 'langmap', datetime('now'), datetime('now'), '["langmap"]', 'ai', 'approved'),
    (30, '別の検語を試すか、新しい表現を追加してください', 'ja', 'JP', '東京、日本', 35.6762, 139.6503, 'langmap', 'langmap', datetime('now'), datetime('now'), '["langmap"]', 'ai', 'approved'),
    (31, '"{expression}" を追加', 'ja', 'JP', '東京、日本', 35.6762, 139.6503, 'langmap', 'langmap', datetime('now'), datetime('now'), '["langmap"]', 'ai', 'approved'),
    (32, '新しい表現', 'ja', 'JP', '東京、日本', 35.6762, 139.6503, 'langmap', 'langmap', datetime('now'), datetime('now'), '["langmap"]', 'ai', 'approved'),
    (33, '{count} 件の表現が見つかりました', 'ja', 'JP', '東京、日本', 35.6762, 139.6503, 'langmap', 'langmap', datetime('now'), datetime('now'), '["langmap"]', 'ai', 'approved'),
    (34, '戻る', 'ja', 'JP', '東京、日本', 35.6762, 139.6503, 'langmap', 'langmap', datetime('now'), datetime('now'), '["langmap"]', 'ai', 'approved'),
    (35, '新しい表現を追加', 'ja', 'JP', '東京、日本', 35.6762, 139.6503, 'langmap', 'langmap', datetime('now'), datetime('now'), '["langmap"]', 'ai', 'approved'),
    (36, 'テキスト', 'ja', 'JP', '東京、日本', 35.6762, 139.6503, 'langmap', 'langmap', datetime('now'), datetime('now'), '["langmap"]', 'ai', 'approved'),
    (37, '言語表現を入力', 'ja', 'JP', '東京、日本', 35.6762, 139.6503, 'langmap', 'langmap', datetime('now'), datetime('now'), '["langmap"]', 'ai', 'approved'),
    (38, '言語における実際の単語や文', 'ja', 'JP', '東京、日本', 35.6762, 139.6503, 'langmap', 'langmap', datetime('now'), datetime('now'), '["langmap"]', 'ai', 'approved'),
    (39, '言語を選択', 'ja', 'JP', '東京、日本', 35.6762, 139.6503, 'langmap', 'langmap', datetime('now'), datetime('now'), '["langmap"]', 'ai', 'approved'),
    (40, 'この表現の言語を選択', 'ja', 'JP', '東京、日本', 35.6762, 139.6503, 'langmap', 'langmap', datetime('now'), datetime('now'), '["langmap"]', 'ai', 'approved'),
    (41, '言語を選択...', 'ja', 'JP', '東京、日本', 35.6762, 139.6503, 'langmap', 'langmap', datetime('now'), datetime('now'), '["langmap"]', 'ai', 'approved'),
    (42, '言語を読み込み中...', 'ja', 'JP', '東京、日本', 35.6762, 139.6503, 'langmap', 'langmap', datetime('now'), datetime('now'), '["langmap"]', 'ai', 'approved'),
    (43, '地域 (任意)', 'ja', 'JP', '東京、日本', 35.6762, 139.6503, 'langmap', 'langmap', datetime('now'), datetime('now'), '["langmap"]', 'ai', 'approved'),
    (44, '例: 中国, スペイン, グローバル', 'ja', 'JP', '東京、日本', 35.6762, 139.6503, 'langmap', 'langmap', datetime('now'), datetime('now'), '["langmap"]', 'ai', 'approved'),
    (45, '地理的地域またはエリア', 'ja', 'JP', '東京、日本', 35.6762, 139.6503, 'langmap', 'langmap', datetime('now'), datetime('now'), '["langmap"]', 'ai', 'approved'),
    (46, '現在地を検出', 'ja', 'JP', '東京、日本', 35.6762, 139.6503, 'langmap', 'langmap', datetime('now'), datetime('now'), '["langmap"]', 'ai', 'approved'),
    (47, '地図上で選択', 'ja', 'JP', '東京、日本', 35.6762, 139.6503, 'langmap', 'langmap', datetime('now'), datetime('now'), '["langmap"]', 'ai', 'approved'),
    (48, '地図をクリックして地域を選択', 'ja', 'JP', '東京、日本', 35.6762, 139.6503, 'langmap', 'langmap', datetime('now'), datetime('now'), '["langmap"]', 'ai', 'approved'),
    (49, 'お使いのブラウザはジオロケーションをサポートしていません', 'ja', 'JP', '東京、日本', 35.6762, 139.6503, 'langmap', 'langmap', datetime('now'), datetime('now'), '["langmap"]', 'ai', 'approved'),
    (50, '位置情報の検出に失敗しました', 'ja', 'JP', '東京、日本', 35.6762, 139.6503, 'langmap', 'langmap', datetime('now'), datetime('now'), '["langmap"]', 'ai', 'approved'),
    (51, '位置情報を解析中...', 'ja', 'JP', '東京、日本', 35.6762, 139.6503, 'langmap', 'langmap', datetime('now'), datetime('now'), '["langmap"]', 'ai', 'approved'),
    (52, '位置情報の解析に失敗しました', 'ja', 'JP', '東京、日本', 35.6762, 139.6503, 'langmap', 'langmap', datetime('now'), datetime('now'), '["langmap"]', 'ai', 'approved'),
    (53, 'ソース参照 (任意)', 'ja', 'JP', '東京、日本', 35.6762, 139.6503, 'langmap', 'langmap', datetime('now'), datetime('now'), '["langmap"]', 'ai', 'approved'),
    (54, '例: Wiktionary, Dictionary.com, またはURL', 'ja', 'JP', '東京、日本', 35.6762, 139.6503, 'langmap', 'langmap', datetime('now'), datetime('now'), '["langmap"]', 'ai', 'approved'),
    (55, 'この表現の出典または参照', 'ja', 'JP', '東京、日本', 35.6762, 139.6503, 'langmap', 'langmap', datetime('now'), datetime('now'), '["langmap"]', 'ai', 'approved'),
    (56, '表現を作成', 'ja', 'JP', '東京、日本', 35.6762, 139.6503, 'langmap', 'langmap', datetime('now'), datetime('now'), '["langmap"]', 'ai', 'approved'),
    (57, '送信中...', 'ja', 'JP', '東京、日本', 35.6762, 139.6503, 'langmap', 'langmap', datetime('now'), datetime('now'), '["langmap"]', 'ai', 'approved'),
    (58, 'キャンセル', 'ja', 'JP', '東京、日本', 35.6762, 139.6503, 'langmap', 'langmap', datetime('now'), datetime('now'), '["langmap"]', 'ai', 'approved'),
    (59, '言語とテキストは必須です。', 'ja', 'JP', '東京、日本', 35.6762, 139.6503, 'langmap', 'langmap', datetime('now'), datetime('now'), '["langmap"]', 'ai', 'approved'),
    (60, '意味に関連付ける', 'ja', 'JP', '東京、日本', 35.6762, 139.6503, 'langmap', 'langmap', datetime('now'), datetime('now'), '["langmap"]', 'ai', 'approved'),
    (61, '既存の意味に関連付ける', 'ja', 'JP', '東京、日本', 35.6762, 139.6503, 'langmap', 'langmap', datetime('now'), datetime('now'), '["langmap"]', 'ai', 'approved'),
    (62, '新しい意味に関連付ける', 'ja', 'JP', '東京、日本', 35.6762, 139.6503, 'langmap', 'langmap', datetime('now'), datetime('now'), '["langmap"]', 'ai', 'approved'),
    (63, '選択された表現:', 'ja', 'JP', '東京、日本', 35.6762, 139.6503, 'langmap', 'langmap', datetime('now'), datetime('now'), '["langmap"]', 'ai', 'approved'),
    (64, '意味の語彙', 'ja', 'JP', '東京、日本', 35.6762, 139.6503, 'langmap', 'langmap', datetime('now'), datetime('now'), '["langmap"]', 'ai', 'approved'),
    (65, 'この意味の簡単な識別子', 'ja', 'JP', '東京、日本', 35.6762, 139.6503, 'langmap', 'langmap', datetime('now'), datetime('now'), '["langmap"]', 'ai', 'approved'),
    (66, 'この意味の本質を捉えた短いフレーズ', 'ja', 'JP', '東京、日本', 35.6762, 139.6503, 'langmap', 'langmap', datetime('now'), datetime('now'), '["langmap"]', 'ai', 'approved'),
    (67, '意味の説明', 'ja', 'JP', '東京、日本', 35.6762, 139.6503, 'langmap', 'langmap', datetime('now'), datetime('now'), '["langmap"]', 'ai', 'approved'),
    (68, 'この意味の詳細な説明', 'ja', 'JP', '東京、日本', 35.6762, 139.6503, 'langmap', 'langmap', datetime('now'), datetime('now'), '["langmap"]', 'ai', 'approved'),
    (69, 'この意味が何を表しているかの包括的な説明', 'ja', 'JP', '東京、日本', 35.6762, 139.6503, 'langmap', 'langmap', datetime('now'), datetime('now'), '["langmap"]', 'ai', 'approved'),
    (70, 'タグ', 'ja', 'JP', '東京、日本', 35.6762, 139.6503, 'langmap', 'langmap', datetime('now'), datetime('now'), '["langmap"]', 'ai', 'approved'),
    (71, 'タグを追加...', 'ja', 'JP', '東京、日本', 35.6762, 139.6503, 'langmap', 'langmap', datetime('now'), datetime('now'), '["langmap"]', 'ai', 'approved'),
    (72, 'タグは意味の分類と検索に役立ちます（Enterキーまたはカンマで追加）', 'ja', 'JP', '東京、日本', 35.6762, 139.6503, 'langmap', 'langmap', datetime('now'), datetime('now'), '["langmap"]', 'ai', 'approved'),
    (73, '+ 新しい言語を追加', 'ja', 'JP', '東京、日本', 35.6762, 139.6503, 'langmap', 'langmap', datetime('now'), datetime('now'), '["langmap"]', 'ai', 'approved'),
    (74, '言語コード', 'ja', 'JP', '東京、日本', 35.6762, 139.6503, 'langmap', 'langmap', datetime('now'), datetime('now'), '["langmap"]', 'ai', 'approved'),
    (75, '例：custom-lang, toki-pona', 'ja', 'JP', '東京、日本', 35.6762, 139.6503, 'langmap', 'langmap', datetime('now'), datetime('now'), '["langmap"]', 'ai', 'approved'),
    (76, 'あなたの言語のカスタムコード（非標準でも可）', 'ja', 'JP', '東京、日本', 35.6762, 139.6503, 'langmap', 'langmap', datetime('now'), datetime('now'), '["langmap"]', 'ai', 'approved'),
    (77, '言語名', 'ja', 'JP', '東京、日本', 35.6762, 139.6503, 'langmap', 'langmap', datetime('now'), datetime('now'), '["langmap"]', 'ai', 'approved'),
    (78, '例：カスタム言語', 'ja', 'JP', '東京、日本', 35.6762, 139.6503, 'langmap', 'langmap', datetime('now'), datetime('now'), '["langmap"]', 'ai', 'approved'),
    (79, 'ネイティブ名', 'ja', 'JP', '東京、日本', 35.6762, 139.6503, 'langmap', 'langmap', datetime('now'), datetime('now'), '["langmap"]', 'ai', 'approved'),
    (80, '例：ネイティブ言語名', 'ja', 'JP', '東京、日本', 35.6762, 139.6503, 'langmap', 'langmap', datetime('now'), datetime('now'), '["langmap"]', 'ai', 'approved'),
    (81, '地域情報', 'ja', 'JP', '東京、日本', 35.6762, 139.6503, 'langmap', 'langmap', datetime('now'), datetime('now'), '["langmap"]', 'ai', 'approved'),
    (82, '地域名', 'ja', 'JP', '東京、日本', 35.6762, 139.6503, 'langmap', 'langmap', datetime('now'), datetime('now'), '["langmap"]', 'ai', 'approved'),
    (83, '例：ロンドン、イギリス', 'ja', 'JP', '東京、日本', 35.6762, 139.6503, 'langmap', 'langmap', datetime('now'), datetime('now'), '["langmap"]', 'ai', 'approved'),
    (84, 'ネイティブ地域名', 'ja', 'JP', '東京、日本', 35.6762, 139.6503, 'langmap', 'langmap', datetime('now'), datetime('now'), '["langmap"]', 'ai', 'approved'),
    (85, '緯度', 'ja', 'JP', '東京、日本', 35.6762, 139.6503, 'langmap', 'langmap', datetime('now'), datetime('now'), '["langmap"]', 'ai', 'approved'),
    (86, '例：51.5074', 'ja', 'JP', '東京、日本', 35.6762, 139.6503, 'langmap', 'langmap', datetime('now'), datetime('now'), '["langmap"]', 'ai', 'approved'),
    (87, '経度', 'ja', 'JP', '東京、日本', 35.6762, 139.6503, 'langmap', 'langmap', datetime('now'), datetime('now'), '["langmap"]', 'ai', 'approved'),
    (88, '例：-0.1278', 'ja', 'JP', '東京、日本', 35.6762, 139.6503, 'langmap', 'langmap', datetime('now'), datetime('now'), '["langmap"]', 'ai', 'approved'),
    (89, '地図を隠す', 'ja', 'JP', '東京、日本', 35.6762, 139.6503, 'langmap', 'langmap', datetime('now'), datetime('now'), '["langmap"]', 'ai', 'approved'),
    (90, '文字方向', 'ja', 'JP', '東京、日本', 35.6762, 139.6503, 'langmap', 'langmap', datetime('now'), datetime('now'), '["langmap"]', 'ai', 'approved'),
    (91, '左から右（LTR）', 'ja', 'JP', '東京、日本', 35.6762, 139.6503, 'langmap', 'langmap', datetime('now'), datetime('now'), '["langmap"]', 'ai', 'approved'),
    (92, '右から左（RTL）', 'ja', 'JP', '東京、日本', 35.6762, 139.6503, 'langmap', 'langmap', datetime('now'), datetime('now'), '["langmap"]', 'ai', 'approved'),
    (93, '追加中...', 'ja', 'JP', '東京、日本', 35.6762, 139.6503, 'langmap', 'langmap', datetime('now'), datetime('now'), '["langmap"]', 'ai', 'approved'),
    (94, '言語の追加に失敗しました。もう一度お試しください。', 'ja', 'JP', '東京、日本', 35.6762, 139.6503, 'langmap', 'langmap', datetime('now'), datetime('now'), '["langmap"]', 'ai', 'approved'),
    (95, '検索に戻る', 'ja', 'JP', '東京、日本', 35.6762, 139.6503, 'langmap', 'langmap', datetime('now'), datetime('now'), '["langmap"]', 'ai', 'approved'),
    (96, '表現の詳細を読み込み中...', 'ja', 'JP', '東京、日本', 35.6762, 139.6503, 'langmap', 'langmap', datetime('now'), datetime('now'), '["langmap"]', 'ai', 'approved'),
    (97, '表現の詳細', 'ja', 'JP', '東京、日本', 35.6762, 139.6503, 'langmap', 'langmap', datetime('now'), datetime('now'), '["langmap"]', 'ai', 'approved'),
    (98, '関連する意味', 'ja', 'JP', '東京、日本', 35.6762, 139.6503, 'langmap', 'langmap', datetime('now'), datetime('now'), '["langmap"]', 'ai', 'approved'),
    (99, '表現を関連付ける', 'ja', 'JP', '東京、日本', 35.6762, 139.6503, 'langmap', 'langmap', datetime('now'), datetime('now'), '["langmap"]', 'ai', 'approved'),
    (100, '関連付ける表現を検索...', 'ja', 'JP', '東京、日本', 35.6762, 139.6503, 'langmap', 'langmap', datetime('now'), datetime('now'), '["langmap"]', 'ai', 'approved'),
    (101, '検索中...', 'ja', 'JP', '東京、日本', 35.6762, 139.6503, 'langmap', 'langmap', datetime('now'), datetime('now'), '["langmap"]', 'ai', 'approved'),
    (102, '表現が見つかりません。別の検索語を試してください。', 'ja', 'JP', '東京、日本', 35.6762, 139.6503, 'langmap', 'langmap', datetime('now'), datetime('now'), '["langmap"]', 'ai', 'approved'),
    (103, 'リンク', 'ja', 'JP', '東京、日本', 35.6762, 139.6503, 'langmap', 'langmap', datetime('now'), datetime('now'), '["langmap"]', 'ai', 'approved'),
    (104, 'すでにリンク済み', 'ja', 'JP', '東京、日本', 35.6762, 139.6503, 'langmap', 'langmap', datetime('now'), datetime('now'), '["langmap"]', 'ai', 'approved'),
    (105, '検索結果に現在の表現が含まれています。', 'ja', 'JP', '東京、日本', 35.6762, 139.6503, 'langmap', 'langmap', datetime('now'), datetime('now'), '["langmap"]', 'ai', 'approved'),
    (106, '意味にリンク:', 'ja', 'JP', '東京、日本', 35.6762, 139.6503, 'langmap', 'langmap', datetime('now'), datetime('now'), '["langmap"]', 'ai', 'approved'),
    (107, '-- 意味を選択 --', 'ja', 'JP', '東京、日本', 35.6762, 139.6503, 'langmap', 'langmap', datetime('now'), datetime('now'), '["langmap"]', 'ai', 'approved'),
    (108, '新しい意味を作成…', 'ja', 'JP', '東京、日本', 35.6762, 139.6503, 'langmap', 'langmap', datetime('now'), datetime('now'), '["langmap"]', 'ai', 'approved'),
    (109, '新しい意味の語彙', 'ja', 'JP', '東京、日本', 35.6762, 139.6503, 'langmap', 'langmap', datetime('now'), datetime('now'), '["langmap"]', 'ai', 'approved'),
    (110, '意味を作成', 'ja', 'JP', '東京、日本', 35.6762, 139.6503, 'langmap', 'langmap', datetime('now'), datetime('now'), '["langmap"]', 'ai', 'approved'),
    (111, 'この表現に関連する意味はありません', 'ja', 'JP', '東京、日本', 35.6762, 139.6503, 'langmap', 'langmap', datetime('now'), datetime('now'), '["langmap"]', 'ai', 'approved'),
    (112, '意味と関連付ける', 'ja', 'JP', '東京、日本', 35.6762, 139.6503, 'langmap', 'langmap', datetime('now'), datetime('now'), '["langmap"]', 'ai', 'approved'),
    (113, 'グローバル', 'ja', 'JP', '東京、日本', 35.6762, 139.6503, 'langmap', 'langmap', datetime('now'), datetime('now'), '["langmap"]', 'ai', 'approved'),
    (114, '再生', 'ja', 'JP', '東京、日本', 35.6762, 139.6503, 'langmap', 'langmap', datetime('now'), datetime('now'), '["langmap"]', 'ai', 'approved'),
    (115, '自動', 'ja', 'JP', '東京、日本', 35.6762, 139.6503, 'langmap', 'langmap', datetime('now'), datetime('now'), '["langmap"]', 'ai', 'approved'),
    (116, 'バージョン履歴', 'ja', 'JP', '東京、日本', 35.6762, 139.6503, 'langmap', 'langmap', datetime('now'), datetime('now'), '["langmap"]', 'ai', 'approved'),
    (117, 'バージョンを読み込み中...', 'ja', 'JP', '東京、日本', 35.6762, 139.6503, 'langmap', 'langmap', datetime('now'), datetime('now'), '["langmap"]', 'ai', 'approved'),
    (118, '利用可能なバージョンがありません', 'ja', 'JP', '東京、日本', 35.6762, 139.6503, 'langmap', 'langmap', datetime('now'), datetime('now'), '["langmap"]', 'ai', 'approved'),
    (119, '匿名', 'ja', 'JP', '東京、日本', 35.6762, 139.6503, 'langmap', 'langmap', datetime('now'), datetime('now'), '["langmap"]', 'ai', 'approved'),
    (120, '探索世界语言', 'zh-CN', 'CN', '北京，中国', 39.9042, 116.4074, 'langmap', 'langmap', datetime('now'), datetime('now'), '["langmap"]', 'ai', 'approved'),
    (121, '发现各地区和文化的语言差异', 'zh-CN', 'CN', '北京，中国', 39.9042, 116.4074, 'langmap', 'langmap', datetime('now'), datetime('now'), '["langmap"]', 'ai', 'approved'),
    (122, '搜索词句...', 'zh-CN', 'CN', '北京，中国', 39.9042, 116.4074, 'langmap', 'langmap', datetime('now'), datetime('now'), '["langmap"]', 'ai', 'approved'),
    (123, '搜索', 'zh-CN', 'CN', '北京，中国', 39.9042, 116.4074, 'langmap', 'langmap', datetime('now'), datetime('now'), '["langmap"]', 'ai', 'approved'),
    (124, '总词句数', 'zh-CN', 'CN', '北京，中国', 39.9042, 116.4074, 'langmap', 'langmap', datetime('now'), datetime('now'), '["langmap"]', 'ai', 'approved'),
    (125, '语言', 'zh-CN', 'CN', '北京，中国', 39.9042, 116.4074, 'langmap', 'langmap', datetime('now'), datetime('now'), '["langmap"]', 'ai', 'approved'),
    (126, '地区', 'zh-CN', 'CN', '北京，中国', 39.9042, 116.4074, 'langmap', 'langmap', datetime('now'), datetime('now'), '["langmap"]', 'ai', 'approved'),
    (127, '全球语言分布', 'zh-CN', 'CN', '北京，中国', 39.9042, 116.4074, 'langmap', 'langmap', datetime('now'), datetime('now'), '["langmap"]', 'ai', 'approved'),
    (128, '探索不同地区的语言丰富性。圆圈越大表示该地区词句越多。', 'zh-CN', 'CN', '北京，中国', 39.9042, 116.4074, 'langmap', 'langmap', datetime('now'), datetime('now'), '["langmap"]', 'ai', 'approved'),
    (129, '词句密度', 'zh-CN', 'CN', '北京，中国', 39.9042, 116.4074, 'langmap', 'langmap', datetime('now'), datetime('now'), '["langmap"]', 'ai', 'approved'),
    (130, '开始使用', 'zh-CN', 'CN', '北京，中国', 39.9042, 116.4074, 'langmap', 'langmap', datetime('now'), datetime('now'), '["langmap"]', 'ai', 'approved'),
    (131, '搜索词句', 'zh-CN', 'CN', '北京，中国', 39.9042, 116.4074, 'langmap', 'langmap', datetime('now'), datetime('now'), '["langmap"]', 'ai', 'approved'),
    (132, '查找不同语言和地区中词语和句子的表达方式。', 'zh-CN', 'CN', '北京，中国', 39.9042, 116.4074, 'langmap', 'langmap', datetime('now'), datetime('now'), '["langmap"]', 'ai', 'approved'),
    (133, '开始搜索 →', 'zh-CN', 'CN', '北京，中国', 39.9042, 116.4074, 'langmap', 'langmap', datetime('now'), datetime('now'), '["langmap"]', 'ai', 'approved'),
    (134, '添加词句', 'zh-CN', 'CN', '北京，中国', 39.9042, 116.4074, 'langmap', 'langmap', datetime('now'), datetime('now'), '["langmap"]', 'ai', 'approved'),
    (135, '通过添加您语言或地区的词句为我们的数据库做贡献。', 'zh-CN', 'CN', '北京，中国', 39.9042, 116.4074, 'langmap', 'langmap', datetime('now'), datetime('now'), '["langmap"]', 'ai', 'approved'),
    (136, '词句数', 'zh-CN', 'CN', '北京，中国', 39.9042, 116.4074, 'langmap', 'langmap', datetime('now'), datetime('now'), '["langmap"]', 'ai', 'approved'),
    (137, '未知', 'zh-CN', 'CN', '北京，中国', 39.9042, 116.4074, 'langmap', 'langmap', datetime('now'), datetime('now'), '["langmap"]', 'ai', 'approved'),
    (138, '添加新词 →', 'zh-CN', 'CN', '北京，中国', 39.9042, 116.4074, 'langmap', 'langmap', datetime('now'), datetime('now'), '["langmap"]', 'ai', 'approved'),
    (139, '探索地图', 'zh-CN', 'CN', '北京，中国', 39.9042, 116.4074, 'langmap', 'langmap', datetime('now'), datetime('now'), '["langmap"]', 'ai', 'approved'),
    (140, '在交互式世界地图上可视化语言多样性。', 'zh-CN', 'CN', '北京，中国', 39.9042, 116.4074, 'langmap', 'langmap', datetime('now'), datetime('now'), '["langmap"]', 'ai', 'approved'),
    (141, '查看地图 →', 'zh-CN', 'CN', '北京，中国', 39.9042, 116.4074, 'langmap', 'langmap', datetime('now'), datetime('now'), '["langmap"]', 'ai', 'approved'),
    (142, '正在加载地图...', 'zh-CN', 'CN', '北京，中国', 39.9042, 116.4074, 'langmap', 'langmap', datetime('now'), datetime('now'), '["langmap"]', 'ai', 'approved'),
    (143, '主页', 'zh-CN', 'CN', '北京，中国', 39.9042, 116.4074, 'langmap', 'langmap', datetime('now'), datetime('now'), '["langmap"]', 'ai', 'approved'),
    (144, '© {year} langmap - 语言词句地图平台', 'zh-CN', 'CN', '北京，中国', 39.9042, 116.4074, 'langmap', 'langmap', datetime('now'), datetime('now'), '["langmap"]', 'ai', 'approved'),
    (145, '跨语言和地区查找语言词句', 'zh-CN', 'CN', '北京，中国', 39.9042, 116.4074, 'langmap', 'langmap', datetime('now'), datetime('now'), '["langmap"]', 'ai', 'approved'),
    (146, '输入词语或句子...', 'zh-CN', 'CN', '北京，中国', 39.9042, 116.4074, 'langmap', 'langmap', datetime('now'), datetime('now'), '["langmap"]', 'ai', 'approved'),
    (147, '正在搜索词句...', 'zh-CN', 'CN', '北京，中国', 39.9042, 116.4074, 'langmap', 'langmap', datetime('now'), datetime('now'), '["langmap"]', 'ai', 'approved'),
    (148, '未找到结果', 'zh-CN', 'CN', '北京，中国', 39.9042, 116.4074, 'langmap', 'langmap', datetime('now'), datetime('now'), '["langmap"]', 'ai', 'approved'),
    (149, '尝试不同的搜索词或添加新词句', 'zh-CN', 'CN', '北京，中国', 39.9042, 116.4074, 'langmap', 'langmap', datetime('now'), datetime('now'), '["langmap"]', 'ai', 'approved'),
    (150, '添加"{expression}"', 'zh-CN', 'CN', '北京，中国', 39.9042, 116.4074, 'langmap', 'langmap', datetime('now'), datetime('now'), '["langmap"]', 'ai', 'approved'),
    (151, '新词句', 'zh-CN', 'CN', '北京，中国', 39.9042, 116.4074, 'langmap', 'langmap', datetime('now'), datetime('now'), '["langmap"]', 'ai', 'approved'),
    (152, '找到 {count} 条词句', 'zh-CN', 'CN', '北京，中国', 39.9042, 116.4074, 'langmap', 'langmap', datetime('now'), datetime('now'), '["langmap"]', 'ai', 'approved'),
    (153, '返回', 'zh-CN', 'CN', '北京，中国', 39.9042, 116.4074, 'langmap', 'langmap', datetime('now'), datetime('now'), '["langmap"]', 'ai', 'approved'),
    (154, '添加新词句', 'zh-CN', 'CN', '北京，中国', 39.9042, 116.4074, 'langmap', 'langmap', datetime('now'), datetime('now'), '["langmap"]', 'ai', 'approved'),
    (155, '文本', 'zh-CN', 'CN', '北京，中国', 39.9042, 116.4074, 'langmap', 'langmap', datetime('now'), datetime('now'), '["langmap"]', 'ai', 'approved'),
    (156, '输入语言词句', 'zh-CN', 'CN', '北京，中国', 39.9042, 116.4074, 'langmap', 'langmap', datetime('now'), datetime('now'), '["langmap"]', 'ai', 'approved'),
    (157, '该语言中的实际词语或句子', 'zh-CN', 'CN', '北京，中国', 39.9042, 116.4074, 'langmap', 'langmap', datetime('now'), datetime('now'), '["langmap"]', 'ai', 'approved'),
    (158, '选择语言', 'zh-CN', 'CN', '北京，中国', 39.9042, 116.4074, 'langmap', 'langmap', datetime('now'), datetime('now'), '["langmap"]', 'ai', 'approved'),
    (159, '为此词句选择语言', 'zh-CN', 'CN', '北京，中国', 39.9042, 116.4074, 'langmap', 'langmap', datetime('now'), datetime('now'), '["langmap"]', 'ai', 'approved'),
    (160, '选择语言...', 'zh-CN', 'CN', '北京，中国', 39.9042, 116.4074, 'langmap', 'langmap', datetime('now'), datetime('now'), '["langmap"]', 'ai', 'approved'),
    (161, '正在加载语言...', 'zh-CN', 'CN', '北京，中国', 39.9042, 116.4074, 'langmap', 'langmap', datetime('now'), datetime('now'), '["langmap"]', 'ai', 'approved'),
    (162, '地区（可选）', 'zh-CN', 'CN', '北京，中国', 39.9042, 116.4074, 'langmap', 'langmap', datetime('now'), datetime('now'), '["langmap"]', 'ai', 'approved'),
    (163, '例如：中国、西班牙、全球', 'zh-CN', 'CN', '北京，中国', 39.9042, 116.4074, 'langmap', 'langmap', datetime('now'), datetime('now'), '["langmap"]', 'ai', 'approved'),
    (164, '地理位置或区域', 'zh-CN', 'CN', '北京，中国', 39.9042, 116.4074, 'langmap', 'langmap', datetime('now'), datetime('now'), '["langmap"]', 'ai', 'approved'),
    (165, '检测我的位置', 'zh-CN', 'CN', '北京，中国', 39.9042, 116.4074, 'langmap', 'langmap', datetime('now'), datetime('now'), '["langmap"]', 'ai', 'approved'),
    (166, '在地图上选择', 'zh-CN', 'CN', '北京，中国', 39.9042, 116.4074, 'langmap', 'langmap', datetime('now'), datetime('now'), '["langmap"]', 'ai', 'approved'),
    (167, '点击地图选择区域', 'zh-CN', 'CN', '北京，中国', 39.9042, 116.4074, 'langmap', 'langmap', datetime('now'), datetime('now'), '["langmap"]', 'ai', 'approved'),
    (168, '您的浏览器不支持地理位置', 'zh-CN', 'CN', '北京，中国', 39.9042, 116.4074, 'langmap', 'langmap', datetime('now'), datetime('now'), '["langmap"]', 'ai', 'approved'),
    (169, '无法检测您的位置', 'zh-CN', 'CN', '北京，中国', 39.9042, 116.4074, 'langmap', 'langmap', datetime('now'), datetime('now'), '["langmap"]', 'ai', 'approved'),
    (170, '正在解析位置信息...', 'zh-CN', 'CN', '北京，中国', 39.9042, 116.4074, 'langmap', 'langmap', datetime('now'), datetime('now'), '["langmap"]', 'ai', 'approved'),
    (171, '无法解析位置信息', 'zh-CN', 'CN', '北京，中国', 39.9042, 116.4074, 'langmap', 'langmap', datetime('now'), datetime('now'), '["langmap"]', 'ai', 'approved'),
    (172, '来源参考（可选）', 'zh-CN', 'CN', '北京，中国', 39.9042, 116.4074, 'langmap', 'langmap', datetime('now'), datetime('now'), '["langmap"]', 'ai', 'approved'),
    (173, '例如：维基词典、Dictionary.com 或 URL', 'zh-CN', 'CN', '北京，中国', 39.9042, 116.4074, 'langmap', 'langmap', datetime('now'), datetime('now'), '["langmap"]', 'ai', 'approved'),
    (174, '此词句的来源或参考', 'zh-CN', 'CN', '北京，中国', 39.9042, 116.4074, 'langmap', 'langmap', datetime('now'), datetime('now'), '["langmap"]', 'ai', 'approved'),
    (175, '创建词句', 'zh-CN', 'CN', '北京，中国', 39.9042, 116.4074, 'langmap', 'langmap', datetime('now'), datetime('now'), '["langmap"]', 'ai', 'approved'),
    (176, '取消', 'zh-CN', 'CN', '北京，中国', 39.9042, 116.4074, 'langmap', 'langmap', datetime('now'), datetime('now'), '["langmap"]', 'ai', 'approved'),
    (177, '语言和文本为必填项。', 'zh-CN', 'CN', '北京，中国', 39.9042, 116.4074, 'langmap', 'langmap', datetime('now'), datetime('now'), '["langmap"]', 'ai', 'approved'),
    (178, '关联含义', 'zh-CN', 'CN', '北京，中国', 39.9042, 116.4074, 'langmap', 'langmap', datetime('now'), datetime('now'), '["langmap"]', 'ai', 'approved'),
    (179, '关联现有含义', 'zh-CN', 'CN', '北京，中国', 39.9042, 116.4074, 'langmap', 'langmap', datetime('now'), datetime('now'), '["langmap"]', 'ai', 'approved'),
    (180, '关联新含义', 'zh-CN', 'CN', '北京，中国', 39.9042, 116.4074, 'langmap', 'langmap', datetime('now'), datetime('now'), '["langmap"]', 'ai', 'approved'),
    (181, '已选词句：', 'zh-CN', 'CN', '北京，中国', 39.9042, 116.4074, 'langmap', 'langmap', datetime('now'), datetime('now'), '["langmap"]', 'ai', 'approved'),
    (182, '含义标题', 'zh-CN', 'CN', '北京，中国', 39.9042, 116.4074, 'langmap', 'langmap', datetime('now'), datetime('now'), '["langmap"]', 'ai', 'approved'),
    (183, '此含义的简要标识', 'zh-CN', 'CN', '北京，中国', 39.9042, 116.4074, 'langmap', 'langmap', datetime('now'), datetime('now'), '["langmap"]', 'ai', 'approved'),
    (184, '捕捉此含义本质的短语', 'zh-CN', 'CN', '北京，中国', 39.9042, 116.4074, 'langmap', 'langmap', datetime('now'), datetime('now'), '["langmap"]', 'ai', 'approved'),
    (185, '含义描述', 'zh-CN', 'CN', '北京，中国', 39.9042, 116.4074, 'langmap', 'langmap', datetime('now'), datetime('now'), '["langmap"]', 'ai', 'approved'),
    (186, '此含义的详细解释', 'zh-CN', 'CN', '北京，中国', 39.9042, 116.4074, 'langmap', 'langmap', datetime('now'), datetime('now'), '["langmap"]', 'ai', 'approved'),
    (187, '对此含义所代表内容的全面描述', 'zh-CN', 'CN', '北京，中国', 39.9042, 116.4074, 'langmap', 'langmap', datetime('now'), datetime('now'), '["langmap"]', 'ai', 'approved'),
    (188, '标签', 'zh-CN', 'CN', '北京，中国', 39.9042, 116.4074, 'langmap', 'langmap', datetime('now'), datetime('now'), '["langmap"]', 'ai', 'approved'),
    (189, '添加标签...', 'zh-CN', 'CN', '北京，中国', 39.9042, 116.4074, 'langmap', 'langmap', datetime('now'), datetime('now'), '["langmap"]', 'ai', 'approved'),
    (190, '标签有助于分类和查找含义（按回车键或逗号添加）', 'zh-CN', 'CN', '北京，中国', 39.9042, 116.4074, 'langmap', 'langmap', datetime('now'), datetime('now'), '["langmap"]', 'ai', 'approved'),
    (191, '添加语言', 'zh-CN', 'CN', '北京，中国', 39.9042, 116.4074, 'langmap', 'langmap', datetime('now'), datetime('now'), '["langmap"]', 'ai', 'approved'),
    (192, '语言代码', 'zh-CN', 'CN', '北京，中国', 39.9042, 116.4074, 'langmap', 'langmap', datetime('now'), datetime('now'), '["langmap"]', 'ai', 'approved'),
    (193, '例如：custom-lang、toki-pona', 'zh-CN', 'CN', '北京，中国', 39.9042, 116.4074, 'langmap', 'langmap', datetime('now'), datetime('now'), '["langmap"]', 'ai', 'approved'),
    (194, '您语言的自定义代码（可以是非标准的）', 'zh-CN', 'CN', '北京，中国', 39.9042, 116.4074, 'langmap', 'langmap', datetime('now'), datetime('now'), '["langmap"]', 'ai', 'approved'),
    (195, '语言名称', 'zh-CN', 'CN', '北京，中国', 39.9042, 116.4074, 'langmap', 'langmap', datetime('now'), datetime('now'), '["langmap"]', 'ai', 'approved'),
    (196, '例如：自定义语言', 'zh-CN', 'CN', '北京，中国', 39.9042, 116.4074, 'langmap', 'langmap', datetime('now'), datetime('now'), '["langmap"]', 'ai', 'approved'),
    (197, '本地名称', 'zh-CN', 'CN', '北京，中国', 39.9042, 116.4074, 'langmap', 'langmap', datetime('now'), datetime('now'), '["langmap"]', 'ai', 'approved'),
    (198, '例如：本地语言名称', 'zh-CN', 'CN', '北京，中国', 39.9042, 116.4074, 'langmap', 'langmap', datetime('now'), datetime('now'), '["langmap"]', 'ai', 'approved'),
    (199, '文字方向', 'zh-CN', 'CN', '北京，中国', 39.9042, 116.4074, 'langmap', 'langmap', datetime('now'), datetime('now'), '["langmap"]', 'ai', 'approved'),
    (200, '从左到右 (LTR)', 'zh-CN', 'CN', '北京，中国', 39.9042, 116.4074, 'langmap', 'langmap', datetime('now'), datetime('now'), '["langmap"]', 'ai', 'approved'),
    (201, '从右到左 (RTL)', 'zh-CN', 'CN', '北京，中国', 39.9042, 116.4074, 'langmap', 'langmap', datetime('now'), datetime('now'), '["langmap"]', 'ai', 'approved'),
    (202, '正在添加...', 'zh-CN', 'CN', '北京，中国', 39.9042, 116.4074, 'langmap', 'langmap', datetime('now'), datetime('now'), '["langmap"]', 'ai', 'approved'),
    (203, '添加语言失败，请重试。', 'zh-CN', 'CN', '北京，中国', 39.9042, 116.4074, 'langmap', 'langmap', datetime('now'), datetime('now'), '["langmap"]', 'ai', 'approved'),
    (204, '纬度', 'zh-CN', 'CN', '北京，中国', 39.9042, 116.4074, 'langmap', 'langmap', datetime('now'), datetime('now'), '["langmap"]', 'ai', 'approved'),
    (205, '例如：51.5074', 'zh-CN', 'CN', '北京，中国', 39.9042, 116.4074, 'langmap', 'langmap', datetime('now'), datetime('now'), '["langmap"]', 'ai', 'approved'),
    (206, '经度', 'zh-CN', 'CN', '北京，中国', 39.9042, 116.4074, 'langmap', 'langmap', datetime('now'), datetime('now'), '["langmap"]', 'ai', 'approved'),
    (207, '例如：-0.1278', 'zh-CN', 'CN', '北京，中国', 39.9042, 116.4074, 'langmap', 'langmap', datetime('now'), datetime('now'), '["langmap"]', 'ai', 'approved'),
    (208, '地区信息', 'zh-CN', 'CN', '北京，中国', 39.9042, 116.4074, 'langmap', 'langmap', datetime('now'), datetime('now'), '["langmap"]', 'ai', 'approved'),
    (209, '地区名称', 'zh-CN', 'CN', '北京，中国', 39.9042, 116.4074, 'langmap', 'langmap', datetime('now'), datetime('now'), '["langmap"]', 'ai', 'approved'),
    (210, '例如：伦敦，英国', 'zh-CN', 'CN', '北京，中国', 39.9042, 116.4074, 'langmap', 'langmap', datetime('now'), datetime('now'), '["langmap"]', 'ai', 'approved'),
    (211, '本地地区名称', 'zh-CN', 'CN', '北京，中国', 39.9042, 116.4074, 'langmap', 'langmap', datetime('now'), datetime('now'), '["langmap"]', 'ai', 'approved'),
    (212, '例如：伦德雷斯，英国', 'zh-CN', 'CN', '北京，中国', 39.9042, 116.4074, 'langmap', 'langmap', datetime('now'), datetime('now'), '["langmap"]', 'ai', 'approved'),
    (213, '隐藏地图', 'zh-CN', 'CN', '北京，中国', 39.9042, 116.4074, 'langmap', 'langmap', datetime('now'), datetime('now'), '["langmap"]', 'ai', 'approved'),
    (214, '返回搜索', 'zh-CN', 'CN', '北京，中国', 39.9042, 116.4074, 'langmap', 'langmap', datetime('now'), datetime('now'), '["langmap"]', 'ai', 'approved'),
    (215, '正在加载词句详情...', 'zh-CN', 'CN', '北京，中国', 39.9042, 116.4074, 'langmap', 'langmap', datetime('now'), datetime('now'), '["langmap"]', 'ai', 'approved'),
    (216, '词句详情', 'zh-CN', 'CN', '北京，中国', 39.9042, 116.4074, 'langmap', 'langmap', datetime('now'), datetime('now'), '["langmap"]', 'ai', 'approved'),
    (217, '关联词句', 'zh-CN', 'CN', '北京，中国', 39.9042, 116.4074, 'langmap', 'langmap', datetime('now'), datetime('now'), '["langmap"]', 'ai', 'approved'),
    (218, '搜索要关联的词句...', 'zh-CN', 'CN', '北京，中国', 39.9042, 116.4074, 'langmap', 'langmap', datetime('now'), datetime('now'), '["langmap"]', 'ai', 'approved'),
    (219, '正在搜索...', 'zh-CN', 'CN', '北京，中国', 39.9042, 116.4074, 'langmap', 'langmap', datetime('now'), datetime('now'), '["langmap"]', 'ai', 'approved'),
    (220, '未找到词句。请尝试不同的搜索词。', 'zh-CN', 'CN', '北京，中国', 39.9042, 116.4074, 'langmap', 'langmap', datetime('now'), datetime('now'), '["langmap"]', 'ai', 'approved'),
    (221, '链接', 'zh-CN', 'CN', '北京，中国', 39.9042, 116.4074, 'langmap', 'langmap', datetime('now'), datetime('now'), '["langmap"]', 'ai', 'approved'),
    (222, '已链接', 'zh-CN', 'CN', '北京，中国', 39.9042, 116.4074, 'langmap', 'langmap', datetime('now'), datetime('now'), '["langmap"]', 'ai', 'approved'),
    (223, '搜索结果包含当前词句。', 'zh-CN', 'CN', '北京，中国', 39.9042, 116.4074, 'langmap', 'langmap', datetime('now'), datetime('now'), '["langmap"]', 'ai', 'approved'),
    (224, '链接到含义：', 'zh-CN', 'CN', '北京，中国', 39.9042, 116.4074, 'langmap', 'langmap', datetime('now'), datetime('now'), '["langmap"]', 'ai', 'approved'),
    (225, '-- 选择含义 --', 'zh-CN', 'CN', '北京，中国', 39.9042, 116.4074, 'langmap', 'langmap', datetime('now'), datetime('now'), '["langmap"]', 'ai', 'approved'),
    (226, '创建新含义…', 'zh-CN', 'CN', '北京，中国', 39.9042, 116.4074, 'langmap', 'langmap', datetime('now'), datetime('now'), '["langmap"]', 'ai', 'approved'),
    (227, '新含义标题', 'zh-CN', 'CN', '北京，中国', 39.9042, 116.4074, 'langmap', 'langmap', datetime('now'), datetime('now'), '["langmap"]', 'ai', 'approved'),
    (228, '创建含义', 'zh-CN', 'CN', '北京，中国', 39.9042, 116.4074, 'langmap', 'langmap', datetime('now'), datetime('now'), '["langmap"]', 'ai', 'approved'),
    (229, '此词句未关联任何含义', 'zh-CN', 'CN', '北京，中国', 39.9042, 116.4074, 'langmap', 'langmap', datetime('now'), datetime('now'), '["langmap"]', 'ai', 'approved'),
    (230, '全球', 'zh-CN', 'CN', '北京，中国', 39.9042, 116.4074, 'langmap', 'langmap', datetime('now'), datetime('now'), '["langmap"]', 'ai', 'approved'),
    (231, '播放', 'zh-CN', 'CN', '北京，中国', 39.9042, 116.4074, 'langmap', 'langmap', datetime('now'), datetime('now'), '["langmap"]', 'ai', 'approved'),
    (232, '自动', 'zh-CN', 'CN', '北京，中国', 39.9042, 116.4074, 'langmap', 'langmap', datetime('now'), datetime('now'), '["langmap"]', 'ai', 'approved'),
    (233, '版本历史', 'zh-CN', 'CN', '北京，中国', 39.9042, 116.4074, 'langmap', 'langmap', datetime('now'), datetime('now'), '["langmap"]', 'ai', 'approved'),
    (234, '正在加载版本...', 'zh-CN', 'CN', '北京，中国', 39.9042, 116.4074, 'langmap', 'langmap', datetime('now'), datetime('now'), '["langmap"]', 'ai', 'approved'),
    (235, '无可用版本', 'zh-CN', 'CN', '北京，中国', 39.9042, 116.4074, 'langmap', 'langmap', datetime('now'), datetime('now'), '["langmap"]', 'ai', 'approved'),
    (236, '匿名', 'zh-CN', 'CN', '北京，中国', 39.9042, 116.4074, 'langmap', 'langmap', datetime('now'), datetime('now'), '["langmap"]', 'ai', 'approved'),
    (237, 'Explorer le monde des langues', 'fr', 'FR', 'Paris, France', 48.8566, 2.3522, 'langmap', 'langmap', datetime('now'), datetime('now'), '["langmap"]', 'ai', 'approved'),
    (238, 'Découvrez comment les expressions varient selon les régions et les cultures', 'fr', 'FR', 'Paris, France', 48.8566, 2.3522, 'langmap', 'langmap', datetime('now'), datetime('now'), '["langmap"]', 'ai', 'approved'),
    (239, 'Rechercher une expression...', 'fr', 'FR', 'Paris, France', 48.8566, 2.3522, 'langmap', 'langmap', datetime('now'), datetime('now'), '["langmap"]', 'ai', 'approved'),
    (240, 'Recherche', 'fr', 'FR', 'Paris, France', 48.8566, 2.3522, 'langmap', 'langmap', datetime('now'), datetime('now'), '["langmap"]', 'ai', 'approved'),
    (241, 'Total des expressions', 'fr', 'FR', 'Paris, France', 48.8566, 2.3522, 'langmap', 'langmap', datetime('now'), datetime('now'), '["langmap"]', 'ai', 'approved'),
    (242, 'Langues', 'fr', 'FR', 'Paris, France', 48.8566, 2.3522, 'langmap', 'langmap', datetime('now'), datetime('now'), '["langmap"]', 'ai', 'approved'),
    (243, 'Régions', 'fr', 'FR', 'Paris, France', 48.8566, 2.3522, 'langmap', 'langmap', datetime('now'), datetime('now'), '["langmap"]', 'ai', 'approved'),
    (244, 'Distribution mondiale des langues', 'fr', 'FR', 'Paris, France', 48.8566, 2.3522, 'langmap', 'langmap', datetime('now'), datetime('now'), '["langmap"]', 'ai', 'approved'),
    (245, 'Explorez la richesse des expressions linguistiques dans différentes régions. Les cercles plus grands indiquent davantage d''expressions dans cette zone.', 'fr', 'FR', 'Paris, France', 48.8566, 2.3522, 'langmap', 'langmap', datetime('now'), datetime('now'), '["langmap"]', 'ai', 'approved'),
    (246, 'Densité des expressions', 'fr', 'FR', 'Paris, France', 48.8566, 2.3522, 'langmap', 'langmap', datetime('now'), datetime('now'), '["langmap"]', 'ai', 'approved'),
    (247, 'Faible', 'fr', 'FR', 'Paris, France', 48.8566, 2.3522, 'langmap', 'langmap', datetime('now'), datetime('now'), '["langmap"]', 'ai', 'approved'),
    (248, 'Moyen', 'fr', 'FR', 'Paris, France', 48.8566, 2.3522, 'langmap', 'langmap', datetime('now'), datetime('now'), '["langmap"]', 'ai', 'approved'),
    (249, 'Élevé', 'fr', 'FR', 'Paris, France', 48.8566, 2.3522, 'langmap', 'langmap', datetime('now'), datetime('now'), '["langmap"]', 'ai', 'approved'),
    (250, 'Commencer', 'fr', 'FR', 'Paris, France', 48.8566, 2.3522, 'langmap', 'langmap', datetime('now'), datetime('now'), '["langmap"]', 'ai', 'approved'),
    (251, 'Rechercher des expressions', 'fr', 'FR', 'Paris, France', 48.8566, 2.3522, 'langmap', 'langmap', datetime('now'), datetime('now'), '["langmap"]', 'ai', 'approved'),
    (252, 'Trouvez comment les mots et les phrases sont exprimés dans différentes langues et régions.', 'fr', 'FR', 'Paris, France', 48.8566, 2.3522, 'langmap', 'langmap', datetime('now'), datetime('now'), '["langmap"]', 'ai', 'approved'),
    (253, 'Commencer la recherche →', 'fr', 'FR', 'Paris, France', 48.8566, 2.3522, 'langmap', 'langmap', datetime('now'), datetime('now'), '["langmap"]', 'ai', 'approved'),
    (254, 'Ajouter une expression', 'fr', 'FR', 'Paris, France', 48.8566, 2.3522, 'langmap', 'langmap', datetime('now'), datetime('now'), '["langmap"]', 'ai', 'approved'),
    (255, 'Contribuez à notre base de données en ajoutant des expressions de votre langue ou région.', 'fr', 'FR', 'Paris, France', 48.8566, 2.3522, 'langmap', 'langmap', datetime('now'), datetime('now'), '["langmap"]', 'ai', 'approved'),
    (256, 'Région', 'fr', 'FR', 'Paris, France', 48.8566, 2.3522, 'langmap', 'langmap', datetime('now'), datetime('now'), '["langmap"]', 'ai', 'approved'),
    (257, 'Langue', 'fr', 'FR', 'Paris, France', 48.8566, 2.3522, 'langmap', 'langmap', datetime('now'), datetime('now'), '["langmap"]', 'ai', 'approved'),
    (258, 'Expressions', 'fr', 'FR', 'Paris, France', 48.8566, 2.3522, 'langmap', 'langmap', datetime('now'), datetime('now'), '["langmap"]', 'ai', 'approved'),
    (259, 'Inconnu', 'fr', 'FR', 'Paris, France', 48.8566, 2.3522, 'langmap', 'langmap', datetime('now'), datetime('now'), '["langmap"]', 'ai', 'approved'),
    (260, 'Ajouter nouveau →', 'fr', 'FR', 'Paris, France', 48.8566, 2.3522, 'langmap', 'langmap', datetime('now'), datetime('now'), '["langmap"]', 'ai', 'approved'),
    (261, 'Explorer la carte', 'fr', 'FR', 'Paris, France', 48.8566, 2.3522, 'langmap', 'langmap', datetime('now'), datetime('now'), '["langmap"]', 'ai', 'approved'),
    (262, 'Visualisez la diversité linguistique sur une carte mondiale interactive.', 'fr', 'FR', 'Paris, France', 48.8566, 2.3522, 'langmap', 'langmap', datetime('now'), datetime('now'), '["langmap"]', 'ai', 'approved'),
    (263, 'Voir la carte →', 'fr', 'FR', 'Paris, France', 48.8566, 2.3522, 'langmap', 'langmap', datetime('now'), datetime('now'), '["langmap"]', 'ai', 'approved'),
    (264, 'Chargement de la carte...', 'fr', 'FR', 'Paris, France', 48.8566, 2.3522, 'langmap', 'langmap', datetime('now'), datetime('now'), '["langmap"]', 'ai', 'approved'),
    (265, 'Accueil', 'fr', 'FR', 'Paris, France', 48.8566, 2.3522, 'langmap', 'langmap', datetime('now'), datetime('now'), '["langmap"]', 'ai', 'approved'),
    (266, 'Rechercher', 'fr', 'FR', 'Paris, France', 48.8566, 2.3522, 'langmap', 'langmap', datetime('now'), datetime('now'), '["langmap"]', 'ai', 'approved'),
    (267, '© {year} langmap - Plateforme de cartographie des expressions linguistiques', 'fr', 'FR', 'Paris, France', 48.8566, 2.3522, 'langmap', 'langmap', datetime('now'), datetime('now'), '["langmap"]', 'ai', 'approved'),
    (268, 'Trouvez des expressions linguistiques dans différentes langues et régions', 'fr', 'FR', 'Paris, France', 48.8566, 2.3522, 'langmap', 'langmap', datetime('now'), datetime('now'), '["langmap"]', 'ai', 'approved'),
    (269, 'Entrez un mot ou une phrase...', 'fr', 'FR', 'Paris, France', 48.8566, 2.3522, 'langmap', 'langmap', datetime('now'), datetime('now'), '["langmap"]', 'ai', 'approved'),
    (270, 'Recherche d''expressions...', 'fr', 'FR', 'Paris, France', 48.8566, 2.3522, 'langmap', 'langmap', datetime('now'), datetime('now'), '["langmap"]', 'ai', 'approved'),
    (271, 'Aucun résultat trouvé', 'fr', 'FR', 'Paris, France', 48.8566, 2.3522, 'langmap', 'langmap', datetime('now'), datetime('now'), '["langmap"]', 'ai', 'approved'),
    (272, 'Essayez des termes de recherche différents ou ajoutez une nouvelle expression', 'fr', 'FR', 'Paris, France', 48.8566, 2.3522, 'langmap', 'langmap', datetime('now'), datetime('now'), '["langmap"]', 'ai', 'approved'),
    (273, 'Ajouter "{expression}"', 'fr', 'FR', 'Paris, France', 48.8566, 2.3522, 'langmap', 'langmap', datetime('now'), datetime('now'), '["langmap"]', 'ai', 'approved'),
    (274, 'nouvelle expression', 'fr', 'FR', 'Paris, France', 48.8566, 2.3522, 'langmap', 'langmap', datetime('now'), datetime('now'), '["langmap"]', 'ai', 'approved'),
    (275, 'Trouvé {count} expression{plural}', 'fr', 'FR', 'Paris, France', 48.8566, 2.3522, 'langmap', 'langmap', datetime('now'), datetime('now'), '["langmap"]', 'ai', 'approved'),
    (276, 'Retour', 'fr', 'FR', 'Paris, France', 48.8566, 2.3522, 'langmap', 'langmap', datetime('now'), datetime('now'), '["langmap"]', 'ai', 'approved'),
    (277, 'Ajouter une nouvelle expression', 'fr', 'FR', 'Paris, France', 48.8566, 2.3522, 'langmap', 'langmap', datetime('now'), datetime('now'), '["langmap"]', 'ai', 'approved'),
    (278, 'Texte', 'fr', 'FR', 'Paris, France', 48.8566, 2.3522, 'langmap', 'langmap', datetime('now'), datetime('now'), '["langmap"]', 'ai', 'approved'),
    (279, 'Entrez l''expression linguistique', 'fr', 'FR', 'Paris, France', 48.8566, 2.3522, 'langmap', 'langmap', datetime('now'), datetime('now'), '["langmap"]', 'ai', 'approved'),
    (280, 'Le mot ou la phrase réelle dans la langue', 'fr', 'FR', 'Paris, France', 48.8566, 2.3522, 'langmap', 'langmap', datetime('now'), datetime('now'), '["langmap"]', 'ai', 'approved'),
    (281, 'Sélectionner la langue', 'fr', 'FR', 'Paris, France', 48.8566, 2.3522, 'langmap', 'langmap', datetime('now'), datetime('now'), '["langmap"]', 'ai', 'approved'),
    (282, 'Sélectionnez la langue pour cette expression', 'fr', 'FR', 'Paris, France', 48.8566, 2.3522, 'langmap', 'langmap', datetime('now'), datetime('now'), '["langmap"]', 'ai', 'approved'),
    (283, 'Sélectionner la langue...', 'fr', 'FR', 'Paris, France', 48.8566, 2.3522, 'langmap', 'langmap', datetime('now'), datetime('now'), '["langmap"]', 'ai', 'approved'),
    (284, 'Chargement des langues...', 'fr', 'FR', 'Paris, France', 48.8566, 2.3522, 'langmap', 'langmap', datetime('now'), datetime('now'), '["langmap"]', 'ai', 'approved'),
    (285, 'Région (facultatif)', 'fr', 'FR', 'Paris, France', 48.8566, 2.3522, 'langmap', 'langmap', datetime('now'), datetime('now'), '["langmap"]', 'ai', 'approved'),
    (286, 'ex. Chine, Espagne, Global', 'fr', 'FR', 'Paris, France', 48.8566, 2.3522, 'langmap', 'langmap', datetime('now'), datetime('now'), '["langmap"]', 'ai', 'approved'),
    (287, 'Région géographique ou zone', 'fr', 'FR', 'Paris, France', 48.8566, 2.3522, 'langmap', 'langmap', datetime('now'), datetime('now'), '["langmap"]', 'ai', 'approved'),
    (288, 'Détecter ma position', 'fr', 'FR', 'Paris, France', 48.8566, 2.3522, 'langmap', 'langmap', datetime('now'), datetime('now'), '["langmap"]', 'ai', 'approved'),
    (289, 'Sélectionner sur la carte', 'fr', 'FR', 'Paris, France', 48.8566, 2.3522, 'langmap', 'langmap', datetime('now'), datetime('now'), '["langmap"]', 'ai', 'approved'),
    (290, 'Cliquez sur la carte pour sélectionner une région', 'fr', 'FR', 'Paris, France', 48.8566, 2.3522, 'langmap', 'langmap', datetime('now'), datetime('now'), '["langmap"]', 'ai', 'approved'),
    (291, 'La géolocalisation n''est pas prise en charge par votre navigateur', 'fr', 'FR', 'Paris, France', 48.8566, 2.3522, 'langmap', 'langmap', datetime('now'), datetime('now'), '["langmap"]', 'ai', 'approved'),
    (292, 'Échec de la détection de votre position', 'fr', 'FR', 'Paris, France', 48.8566, 2.3522, 'langmap', 'langmap', datetime('now'), datetime('now'), '["langmap"]', 'ai', 'approved'),
    (293, 'Analyse des informations de localisation...', 'fr', 'FR', 'Paris, France', 48.8566, 2.3522, 'langmap', 'langmap', datetime('now'), datetime('now'), '["langmap"]', 'ai', 'approved'),
    (294, 'Échec de l''analyse des informations de localisation', 'fr', 'FR', 'Paris, France', 48.8566, 2.3522, 'langmap', 'langmap', datetime('now'), datetime('now'), '["langmap"]', 'ai', 'approved'),
    (295, 'Référence de source (facultatif)', 'fr', 'FR', 'Paris, France', 48.8566, 2.3522, 'langmap', 'langmap', datetime('now'), datetime('now'), '["langmap"]', 'ai', 'approved'),
    (296, 'ex. Wiktionary, Dictionary.com, ou une URL', 'fr', 'FR', 'Paris, France', 48.8566, 2.3522, 'langmap', 'langmap', datetime('now'), datetime('now'), '["langmap"]', 'ai', 'approved'),
    (297, 'Origine ou référence pour cette expression', 'fr', 'FR', 'Paris, France', 48.8566, 2.3522, 'langmap', 'langmap', datetime('now'), datetime('now'), '["langmap"]', 'ai', 'approved'),
    (298, 'Créer l''expression', 'fr', 'FR', 'Paris, France', 48.8566, 2.3522, 'langmap', 'langmap', datetime('now'), datetime('now'), '["langmap"]', 'ai', 'approved'),
    (299, 'Annuler', 'fr', 'FR', 'Paris, France', 48.8566, 2.3522, 'langmap', 'langmap', datetime('now'), datetime('now'), '["langmap"]', 'ai', 'approved'),
    (300, 'La langue et le texte sont requis.', 'fr', 'FR', 'Paris, France', 48.8566, 2.3522, 'langmap', 'langmap', datetime('now'), datetime('now'), '["langmap"]', 'ai', 'approved'),
    (301, 'Associer à une signification', 'fr', 'FR', 'Paris, France', 48.8566, 2.3522, 'langmap', 'langmap', datetime('now'), datetime('now'), '["langmap"]', 'ai', 'approved'),
    (302, 'Associer à une signification existante', 'fr', 'FR', 'Paris, France', 48.8566, 2.3522, 'langmap', 'langmap', datetime('now'), datetime('now'), '["langmap"]', 'ai', 'approved'),
    (303, 'Associer à une nouvelle signification', 'fr', 'FR', 'Paris, France', 48.8566, 2.3522, 'langmap', 'langmap', datetime('now'), datetime('now'), '["langmap"]', 'ai', 'approved'),
    (304, 'Expression sélectionnée:', 'fr', 'FR', 'Paris, France', 48.8566, 2.3522, 'langmap', 'langmap', datetime('now'), datetime('now'), '["langmap"]', 'ai', 'approved'),
    (305, 'Glose de la signification', 'fr', 'FR', 'Paris, France', 48.8566, 2.3522, 'langmap', 'langmap', datetime('now'), datetime('now'), '["langmap"]', 'ai', 'approved'),
    (306, 'Identifiant bref pour cette signification', 'fr', 'FR', 'Paris, France', 48.8566, 2.3522, 'langmap', 'langmap', datetime('now'), datetime('now'), '["langmap"]', 'ai', 'approved'),
    (307, 'Une courte phrase qui capture l''essence de cette signification', 'fr', 'FR', 'Paris, France', 48.8566, 2.3522, 'langmap', 'langmap', datetime('now'), datetime('now'), '["langmap"]', 'ai', 'approved'),
    (308, 'Description de la signification', 'fr', 'FR', 'Paris, France', 48.8566, 2.3522, 'langmap', 'langmap', datetime('now'), datetime('now'), '["langmap"]', 'ai', 'approved'),
    (309, 'Explication détaillée de cette signification', 'fr', 'FR', 'Paris, France', 48.8566, 2.3522, 'langmap', 'langmap', datetime('now'), datetime('now'), '["langmap"]', 'ai', 'approved'),
    (310, 'Une description complète de ce que représente cette signification', 'fr', 'FR', 'Paris, France', 48.8566, 2.3522, 'langmap', 'langmap', datetime('now'), datetime('now'), '["langmap"]', 'ai', 'approved'),
    (311, 'Étiquettes', 'fr', 'FR', 'Paris, France', 48.8566, 2.3522, 'langmap', 'langmap', datetime('now'), datetime('now'), '["langmap"]', 'ai', 'approved'),
    (312, 'Ajouter une étiquette...', 'fr', 'FR', 'Paris, France', 48.8566, 2.3522, 'langmap', 'langmap', datetime('now'), datetime('now'), '["langmap"]', 'ai', 'approved'),
    (313, 'Les étiquettes aident à catégoriser et trouver des significations (appuyez sur Entrée ou virgule pour ajouter)', 'fr', 'FR', 'Paris, France', 48.8566, 2.3522, 'langmap', 'langmap', datetime('now'), datetime('now'), '["langmap"]', 'ai', 'approved'),
    (314, 'Ajouter une langue', 'fr', 'FR', 'Paris, France', 48.8566, 2.3522, 'langmap', 'langmap', datetime('now'), datetime('now'), '["langmap"]', 'ai', 'approved'),
    (315, 'Code de langue', 'fr', 'FR', 'Paris, France', 48.8566, 2.3522, 'langmap', 'langmap', datetime('now'), datetime('now'), '["langmap"]', 'ai', 'approved'),
    (316, 'ex. custom-lang, toki-pona', 'fr', 'FR', 'Paris, France', 48.8566, 2.3522, 'langmap', 'langmap', datetime('now'), datetime('now'), '["langmap"]', 'ai', 'approved'),
    (317, 'Code personnalisé pour votre langue (peut être non standard)', 'fr', 'FR', 'Paris, France', 48.8566, 2.3522, 'langmap', 'langmap', datetime('now'), datetime('now'), '["langmap"]', 'ai', 'approved'),
    (318, 'Nom de la langue', 'fr', 'FR', 'Paris, France', 48.8566, 2.3522, 'langmap', 'langmap', datetime('now'), datetime('now'), '["langmap"]', 'ai', 'approved'),
    (319, 'ex. Langue personnalisée', 'fr', 'FR', 'Paris, France', 48.8566, 2.3522, 'langmap', 'langmap', datetime('now'), datetime('now'), '["langmap"]', 'ai', 'approved'),
    (320, 'Nom Natif', 'fr', 'FR', 'Paris, France', 48.8566, 2.3522, 'langmap', 'langmap', datetime('now'), datetime('now'), '["langmap"]', 'ai', 'approved'),
    (321, 'ex. Nom de la langue maternelle', 'fr', 'FR', 'Paris, France', 48.8566, 2.3522, 'langmap', 'langmap', datetime('now'), datetime('now'), '["langmap"]', 'ai', 'approved'),
    (322, 'Informations sur la région', 'fr', 'FR', 'Paris, France', 48.8566, 2.3522, 'langmap', 'langmap', datetime('now'), datetime('now'), '["langmap"]', 'ai', 'approved'),
    (323, 'Nom de la Région', 'fr', 'FR', 'Paris, France', 48.8566, 2.3522, 'langmap', 'langmap', datetime('now'), datetime('now'), '["langmap"]', 'ai', 'approved'),
    (324, 'ex. Londres, Royaume-Uni', 'fr', 'FR', 'Paris, France', 48.8566, 2.3522, 'langmap', 'langmap', datetime('now'), datetime('now'), '["langmap"]', 'ai', 'approved'),
    (325, 'Nom de Région Natif', 'fr', 'FR', 'Paris, France', 48.8566, 2.3522, 'langmap', 'langmap', datetime('now'), datetime('now'), '["langmap"]', 'ai', 'approved'),
    (326, 'Latitude', 'fr', 'FR', 'Paris, France', 48.8566, 2.3522, 'langmap', 'langmap', datetime('now'), datetime('now'), '["langmap"]', 'ai', 'approved'),
    (327, 'ex. 51.5074', 'fr', 'FR', 'Paris, France', 48.8566, 2.3522, 'langmap', 'langmap', datetime('now'), datetime('now'), '["langmap"]', 'ai', 'approved'),
    (328, 'Longitude', 'fr', 'FR', 'Paris, France', 48.8566, 2.3522, 'langmap', 'langmap', datetime('now'), datetime('now'), '["langmap"]', 'ai', 'approved'),
    (329, 'ex. -0.1278', 'fr', 'FR', 'Paris, France', 48.8566, 2.3522, 'langmap', 'langmap', datetime('now'), datetime('now'), '["langmap"]', 'ai', 'approved'),
    (330, 'Masquer la carte', 'fr', 'FR', 'Paris, France', 48.8566, 2.3522, 'langmap', 'langmap', datetime('now'), datetime('now'), '["langmap"]', 'ai', 'approved'),
    (331, 'Direction du Texte', 'fr', 'FR', 'Paris, France', 48.8566, 2.3522, 'langmap', 'langmap', datetime('now'), datetime('now'), '["langmap"]', 'ai', 'approved'),
    (332, 'De gauche à droite (LTR)', 'fr', 'FR', 'Paris, France', 48.8566, 2.3522, 'langmap', 'langmap', datetime('now'), datetime('now'), '["langmap"]', 'ai', 'approved'),
    (333, 'De droite à gauche (RTL)', 'fr', 'FR', 'Paris, France', 48.8566, 2.3522, 'langmap', 'langmap', datetime('now'), datetime('now'), '["langmap"]', 'ai', 'approved'),
    (334, 'Ajout en cours...', 'fr', 'FR', 'Paris, France', 48.8566, 2.3522, 'langmap', 'langmap', datetime('now'), datetime('now'), '["langmap"]', 'ai', 'approved'),
    (335, 'Échec de l''ajout de la langue. Veuillez réessayer.', 'fr', 'FR', 'Paris, France', 48.8566, 2.3522, 'langmap', 'langmap', datetime('now'), datetime('now'), '["langmap"]', 'ai', 'approved'),
    (336, 'Retour à la recherche', 'fr', 'FR', 'Paris, France', 48.8566, 2.3522, 'langmap', 'langmap', datetime('now'), datetime('now'), '["langmap"]', 'ai', 'approved'),
    (337, 'Chargement des détails de l''expression...', 'fr', 'FR', 'Paris, France', 48.8566, 2.3522, 'langmap', 'langmap', datetime('now'), datetime('now'), '["langmap"]', 'ai', 'approved'),
    (338, 'Détails de l''expression', 'fr', 'FR', 'Paris, France', 48.8566, 2.3522, 'langmap', 'langmap', datetime('now'), datetime('now'), '["langmap"]', 'ai', 'approved'),
    (339, 'Significations associées', 'fr', 'FR', 'Paris, France', 48.8566, 2.3522, 'langmap', 'langmap', datetime('now'), datetime('now'), '["langmap"]', 'ai', 'approved'),
    (340, 'Associer des expressions', 'fr', 'FR', 'Paris, France', 48.8566, 2.3522, 'langmap', 'langmap', datetime('now'), datetime('now'), '["langmap"]', 'ai', 'approved'),
    (341, 'Rechercher des expressions à associer...', 'fr', 'FR', 'Paris, France', 48.8566, 2.3522, 'langmap', 'langmap', datetime('now'), datetime('now'), '["langmap"]', 'ai', 'approved'),
    (342, 'Recherche en cours...', 'fr', 'FR', 'Paris, France', 48.8566, 2.3522, 'langmap', 'langmap', datetime('now'), datetime('now'), '["langmap"]', 'ai', 'approved'),
    (343, 'Aucune expression trouvée. Essayez des termes de recherche différents.', 'fr', 'FR', 'Paris, France', 48.8566, 2.3522, 'langmap', 'langmap', datetime('now'), datetime('now'), '["langmap"]', 'ai', 'approved'),
    (344, 'Lier', 'fr', 'FR', 'Paris, France', 48.8566, 2.3522, 'langmap', 'langmap', datetime('now'), datetime('now'), '["langmap"]', 'ai', 'approved'),
    (345, 'Déjà lié', 'fr', 'FR', 'Paris, France', 48.8566, 2.3522, 'langmap', 'langmap', datetime('now'), datetime('now'), '["langmap"]', 'ai', 'approved'),
    (346, 'Les résultats de recherche incluent l''expression actuelle.', 'fr', 'FR', 'Paris, France', 48.8566, 2.3522, 'langmap', 'langmap', datetime('now'), datetime('now'), '["langmap"]', 'ai', 'approved'),
    (347, 'Lier à la signification:', 'fr', 'FR', 'Paris, France', 48.8566, 2.3522, 'langmap', 'langmap', datetime('now'), datetime('now'), '["langmap"]', 'ai', 'approved'),
    (348, '-- Sélectionner une signification --', 'fr', 'FR', 'Paris, France', 48.8566, 2.3522, 'langmap', 'langmap', datetime('now'), datetime('now'), '["langmap"]', 'ai', 'approved'),
    (349, 'Créer une nouvelle signification…', 'fr', 'FR', 'Paris, France', 48.8566, 2.3522, 'langmap', 'langmap', datetime('now'), datetime('now'), '["langmap"]', 'ai', 'approved'),
    (350, 'Glose de la nouvelle signification', 'fr', 'FR', 'Paris, France', 48.8566, 2.3522, 'langmap', 'langmap', datetime('now'), datetime('now'), '["langmap"]', 'ai', 'approved'),
    (351, 'Créer une signification', 'fr', 'FR', 'Paris, France', 48.8566, 2.3522, 'langmap', 'langmap', datetime('now'), datetime('now'), '["langmap"]', 'ai', 'approved'),
    (352, 'Aucune signification associée à cette expression', 'fr', 'FR', 'Paris, France', 48.8566, 2.3522, 'langmap', 'langmap', datetime('now'), datetime('now'), '["langmap"]', 'ai', 'approved'),
    (353, 'Associer avec des significations', 'fr', 'FR', 'Paris, France', 48.8566, 2.3522, 'langmap', 'langmap', datetime('now'), datetime('now'), '["langmap"]', 'ai', 'approved'),
    (354, 'Global', 'fr', 'FR', 'Paris, France', 48.8566, 2.3522, 'langmap', 'langmap', datetime('now'), datetime('now'), '["langmap"]', 'ai', 'approved'),
    (355, 'Jouer', 'fr', 'FR', 'Paris, France', 48.8566, 2.3522, 'langmap', 'langmap', datetime('now'), datetime('now'), '["langmap"]', 'ai', 'approved'),
    (356, 'auto', 'fr', 'FR', 'Paris, France', 48.8566, 2.3522, 'langmap', 'langmap', datetime('now'), datetime('now'), '["langmap"]', 'ai', 'approved'),
    (357, 'Historique des versions', 'fr', 'FR', 'Paris, France', 48.8566, 2.3522, 'langmap', 'langmap', datetime('now'), datetime('now'), '["langmap"]', 'ai', 'approved'),
    (358, 'Chargement des versions...', 'fr', 'FR', 'Paris, France', 48.8566, 2.3522, 'langmap', 'langmap', datetime('now'), datetime('now'), '["langmap"]', 'ai', 'approved'),
    (359, 'Aucune version disponible', 'fr', 'FR', 'Paris, France', 48.8566, 2.3522, 'langmap', 'langmap', datetime('now'), datetime('now'), '["langmap"]', 'ai', 'approved'),
    (360, 'Anonyme', 'fr', 'FR', 'Paris, France', 48.8566, 2.3522, 'langmap', 'langmap', datetime('now'), datetime('now'), '["langmap"]', 'ai', 'approved'),
    (361, '探索世界語言', 'zh-TW', 'TW', '台北，台灣', 25.033, 121.5654, 'langmap', 'langmap', datetime('now'), datetime('now'), '["langmap"]', 'ai', 'approved'),
    (362, '發現各地區和文化的語言差異', 'zh-TW', 'TW', '台北，台灣', 25.033, 121.5654, 'langmap', 'langmap', datetime('now'), datetime('now'), '["langmap"]', 'ai', 'approved'),
    (363, '搜尋詞句...', 'zh-TW', 'TW', '台北，台灣', 25.033, 121.5654, 'langmap', 'langmap', datetime('now'), datetime('now'), '["langmap"]', 'ai', 'approved'),
    (364, '搜尋', 'zh-TW', 'TW', '台北，台灣', 25.033, 121.5654, 'langmap', 'langmap', datetime('now'), datetime('now'), '["langmap"]', 'ai', 'approved'),
    (365, '總詞句數', 'zh-TW', 'TW', '台北，台灣', 25.033, 121.5654, 'langmap', 'langmap', datetime('now'), datetime('now'), '["langmap"]', 'ai', 'approved'),
    (366, '語言', 'zh-TW', 'TW', '台北，台灣', 25.033, 121.5654, 'langmap', 'langmap', datetime('now'), datetime('now'), '["langmap"]', 'ai', 'approved'),
    (367, '地區', 'zh-TW', 'TW', '台北，台灣', 25.033, 121.5654, 'langmap', 'langmap', datetime('now'), datetime('now'), '["langmap"]', 'ai', 'approved'),
    (368, '全球語言分佈', 'zh-TW', 'TW', '台北，台灣', 25.033, 121.5654, 'langmap', 'langmap', datetime('now'), datetime('now'), '["langmap"]', 'ai', 'approved'),
    (369, '探索不同地區的語言豐富性。圓圈越大表示該地區詞句越多。', 'zh-TW', 'TW', '台北，台灣', 25.033, 121.5654, 'langmap', 'langmap', datetime('now'), datetime('now'), '["langmap"]', 'ai', 'approved'),
    (370, '詞句密度', 'zh-TW', 'TW', '台北，台灣', 25.033, 121.5654, 'langmap', 'langmap', datetime('now'), datetime('now'), '["langmap"]', 'ai', 'approved'),
    (371, '開始使用', 'zh-TW', 'TW', '台北，台灣', 25.033, 121.5654, 'langmap', 'langmap', datetime('now'), datetime('now'), '["langmap"]', 'ai', 'approved'),
    (372, '搜尋詞句', 'zh-TW', 'TW', '台北，台灣', 25.033, 121.5654, 'langmap', 'langmap', datetime('now'), datetime('now'), '["langmap"]', 'ai', 'approved'),
    (373, '查找不同語言和地區中詞語和句子的表達方式。', 'zh-TW', 'TW', '台北，台灣', 25.033, 121.5654, 'langmap', 'langmap', datetime('now'), datetime('now'), '["langmap"]', 'ai', 'approved'),
    (374, '開始搜尋 →', 'zh-TW', 'TW', '台北，台灣', 25.033, 121.5654, 'langmap', 'langmap', datetime('now'), datetime('now'), '["langmap"]', 'ai', 'approved'),
    (375, '新增詞句', 'zh-TW', 'TW', '台北，台灣', 25.033, 121.5654, 'langmap', 'langmap', datetime('now'), datetime('now'), '["langmap"]', 'ai', 'approved'),
    (376, '通過新增您語言或地區的詞句為我們的資料庫做貢獻。', 'zh-TW', 'TW', '台北，台灣', 25.033, 121.5654, 'langmap', 'langmap', datetime('now'), datetime('now'), '["langmap"]', 'ai', 'approved'),
    (377, '詞句數', 'zh-TW', 'TW', '台北，台灣', 25.033, 121.5654, 'langmap', 'langmap', datetime('now'), datetime('now'), '["langmap"]', 'ai', 'approved'),
    (378, '未知', 'zh-TW', 'TW', '台北，台灣', 25.033, 121.5654, 'langmap', 'langmap', datetime('now'), datetime('now'), '["langmap"]', 'ai', 'approved'),
    (379, '新增新詞 →', 'zh-TW', 'TW', '台北，台灣', 25.033, 121.5654, 'langmap', 'langmap', datetime('now'), datetime('now'), '["langmap"]', 'ai', 'approved'),
    (380, '探索地圖', 'zh-TW', 'TW', '台北，台灣', 25.033, 121.5654, 'langmap', 'langmap', datetime('now'), datetime('now'), '["langmap"]', 'ai', 'approved'),
    (381, '在互動式世界地圖上視覺化語言多樣性。', 'zh-TW', 'TW', '台北，台灣', 25.033, 121.5654, 'langmap', 'langmap', datetime('now'), datetime('now'), '["langmap"]', 'ai', 'approved'),
    (382, '檢視地圖 →', 'zh-TW', 'TW', '台北，台灣', 25.033, 121.5654, 'langmap', 'langmap', datetime('now'), datetime('now'), '["langmap"]', 'ai', 'approved'),
    (383, '正在載入地圖...', 'zh-TW', 'TW', '台北，台灣', 25.033, 121.5654, 'langmap', 'langmap', datetime('now'), datetime('now'), '["langmap"]', 'ai', 'approved'),
    (384, '主頁', 'zh-TW', 'TW', '台北，台灣', 25.033, 121.5654, 'langmap', 'langmap', datetime('now'), datetime('now'), '["langmap"]', 'ai', 'approved'),
    (385, '© {year} langmap - 語言詞句地圖平台', 'zh-TW', 'TW', '台北，台灣', 25.033, 121.5654, 'langmap', 'langmap', datetime('now'), datetime('now'), '["langmap"]', 'ai', 'approved'),
    (386, '跨語言和地區查詢語言詞句', 'zh-TW', 'TW', '台北，台灣', 25.033, 121.5654, 'langmap', 'langmap', datetime('now'), datetime('now'), '["langmap"]', 'ai', 'approved'),
    (387, '輸入詞語或句子...', 'zh-TW', 'TW', '台北，台灣', 25.033, 121.5654, 'langmap', 'langmap', datetime('now'), datetime('now'), '["langmap"]', 'ai', 'approved'),
    (388, '正在搜尋詞句...', 'zh-TW', 'TW', '台北，台灣', 25.033, 121.5654, 'langmap', 'langmap', datetime('now'), datetime('now'), '["langmap"]', 'ai', 'approved'),
    (389, '未找到結果', 'zh-TW', 'TW', '台北，台灣', 25.033, 121.5654, 'langmap', 'langmap', datetime('now'), datetime('now'), '["langmap"]', 'ai', 'approved'),
    (390, '嘗試不同的搜尋詞或新增新詞句', 'zh-TW', 'TW', '台北，台灣', 25.033, 121.5654, 'langmap', 'langmap', datetime('now'), datetime('now'), '["langmap"]', 'ai', 'approved'),
    (391, '新增"{expression}"', 'zh-TW', 'TW', '台北，台灣', 25.033, 121.5654, 'langmap', 'langmap', datetime('now'), datetime('now'), '["langmap"]', 'ai', 'approved'),
    (392, '新詞句', 'zh-TW', 'TW', '台北，台灣', 25.033, 121.5654, 'langmap', 'langmap', datetime('now'), datetime('now'), '["langmap"]', 'ai', 'approved'),
    (393, '找到 {count} 條詞句', 'zh-TW', 'TW', '台北，台灣', 25.033, 121.5654, 'langmap', 'langmap', datetime('now'), datetime('now'), '["langmap"]', 'ai', 'approved'),
    (394, '返回', 'zh-TW', 'TW', '台北，台灣', 25.033, 121.5654, 'langmap', 'langmap', datetime('now'), datetime('now'), '["langmap"]', 'ai', 'approved'),
    (395, '新增新詞句', 'zh-TW', 'TW', '台北，台灣', 25.033, 121.5654, 'langmap', 'langmap', datetime('now'), datetime('now'), '["langmap"]', 'ai', 'approved'),
    (396, '文字', 'zh-TW', 'TW', '台北，台灣', 25.033, 121.5654, 'langmap', 'langmap', datetime('now'), datetime('now'), '["langmap"]', 'ai', 'approved'),
    (397, '輸入語言詞句', 'zh-TW', 'TW', '台北，台灣', 25.033, 121.5654, 'langmap', 'langmap', datetime('now'), datetime('now'), '["langmap"]', 'ai', 'approved'),
    (398, '該語言中的實際詞語或句子', 'zh-TW', 'TW', '台北，台灣', 25.033, 121.5654, 'langmap', 'langmap', datetime('now'), datetime('now'), '["langmap"]', 'ai', 'approved'),
    (399, '選擇語言', 'zh-TW', 'TW', '台北，台灣', 25.033, 121.5654, 'langmap', 'langmap', datetime('now'), datetime('now'), '["langmap"]', 'ai', 'approved'),
    (400, '為此詞句選擇語言', 'zh-TW', 'TW', '台北，台灣', 25.033, 121.5654, 'langmap', 'langmap', datetime('now'), datetime('now'), '["langmap"]', 'ai', 'approved'),
    (401, '選擇語言...', 'zh-TW', 'TW', '台北，台灣', 25.033, 121.5654, 'langmap', 'langmap', datetime('now'), datetime('now'), '["langmap"]', 'ai', 'approved'),
    (402, '正在載入語言...', 'zh-TW', 'TW', '台北，台灣', 25.033, 121.5654, 'langmap', 'langmap', datetime('now'), datetime('now'), '["langmap"]', 'ai', 'approved'),
    (403, '地區（可選）', 'zh-TW', 'TW', '台北，台灣', 25.033, 121.5654, 'langmap', 'langmap', datetime('now'), datetime('now'), '["langmap"]', 'ai', 'approved'),
    (404, '例如：中國、西班牙、全球', 'zh-TW', 'TW', '台北，台灣', 25.033, 121.5654, 'langmap', 'langmap', datetime('now'), datetime('now'), '["langmap"]', 'ai', 'approved'),
    (405, '地理位置或區域', 'zh-TW', 'TW', '台北，台灣', 25.033, 121.5654, 'langmap', 'langmap', datetime('now'), datetime('now'), '["langmap"]', 'ai', 'approved'),
    (406, '偵測我的位置', 'zh-TW', 'TW', '台北，台灣', 25.033, 121.5654, 'langmap', 'langmap', datetime('now'), datetime('now'), '["langmap"]', 'ai', 'approved'),
    (407, '在地圖上選擇', 'zh-TW', 'TW', '台北，台灣', 25.033, 121.5654, 'langmap', 'langmap', datetime('now'), datetime('now'), '["langmap"]', 'ai', 'approved'),
    (408, '點擊地圖選擇區域', 'zh-TW', 'TW', '台北，台灣', 25.033, 121.5654, 'langmap', 'langmap', datetime('now'), datetime('now'), '["langmap"]', 'ai', 'approved'),
    (409, '您的瀏覽器不支援地理位置', 'zh-TW', 'TW', '台北，台灣', 25.033, 121.5654, 'langmap', 'langmap', datetime('now'), datetime('now'), '["langmap"]', 'ai', 'approved'),
    (410, '無法偵測您的位置', 'zh-TW', 'TW', '台北，台灣', 25.033, 121.5654, 'langmap', 'langmap', datetime('now'), datetime('now'), '["langmap"]', 'ai', 'approved'),
    (411, '正在解析位置資訊...', 'zh-TW', 'TW', '台北，台灣', 25.033, 121.5654, 'langmap', 'langmap', datetime('now'), datetime('now'), '["langmap"]', 'ai', 'approved'),
    (412, '無法解析位置資訊', 'zh-TW', 'TW', '台北，台灣', 25.033, 121.5654, 'langmap', 'langmap', datetime('now'), datetime('now'), '["langmap"]', 'ai', 'approved'),
    (413, '來源參考（可選）', 'zh-TW', 'TW', '台北，台灣', 25.033, 121.5654, 'langmap', 'langmap', datetime('now'), datetime('now'), '["langmap"]', 'ai', 'approved'),
    (414, '例如：維基詞典、Dictionary.com 或 URL', 'zh-TW', 'TW', '台北，台灣', 25.033, 121.5654, 'langmap', 'langmap', datetime('now'), datetime('now'), '["langmap"]', 'ai', 'approved'),
    (415, '此詞句的來源或參考', 'zh-TW', 'TW', '台北，台灣', 25.033, 121.5654, 'langmap', 'langmap', datetime('now'), datetime('now'), '["langmap"]', 'ai', 'approved'),
    (416, '建立詞句', 'zh-TW', 'TW', '台北，台灣', 25.033, 121.5654, 'langmap', 'langmap', datetime('now'), datetime('now'), '["langmap"]', 'ai', 'approved'),
    (417, '取消', 'zh-TW', 'TW', '台北，台灣', 25.033, 121.5654, 'langmap', 'langmap', datetime('now'), datetime('now'), '["langmap"]', 'ai', 'approved'),
    (418, '語言和文字為必填項。', 'zh-TW', 'TW', '台北，台灣', 25.033, 121.5654, 'langmap', 'langmap', datetime('now'), datetime('now'), '["langmap"]', 'ai', 'approved'),
    (419, '關聯含義', 'zh-TW', 'TW', '台北，台灣', 25.033, 121.5654, 'langmap', 'langmap', datetime('now'), datetime('now'), '["langmap"]', 'ai', 'approved'),
    (420, '關聯現有含義', 'zh-TW', 'TW', '台北，台灣', 25.033, 121.5654, 'langmap', 'langmap', datetime('now'), datetime('now'), '["langmap"]', 'ai', 'approved'),
    (421, '關聯新含義', 'zh-TW', 'TW', '台北，台灣', 25.033, 121.5654, 'langmap', 'langmap', datetime('now'), datetime('now'), '["langmap"]', 'ai', 'approved'),
    (422, '已選詞句：', 'zh-TW', 'TW', '台北，台灣', 25.033, 121.5654, 'langmap', 'langmap', datetime('now'), datetime('now'), '["langmap"]', 'ai', 'approved'),
    (423, '含義標題', 'zh-TW', 'TW', '台北，台灣', 25.033, 121.5654, 'langmap', 'langmap', datetime('now'), datetime('now'), '["langmap"]', 'ai', 'approved'),
    (424, '此含義的簡要標識', 'zh-TW', 'TW', '台北，台灣', 25.033, 121.5654, 'langmap', 'langmap', datetime('now'), datetime('now'), '["langmap"]', 'ai', 'approved'),
    (425, '捕捉此含義本質的短語', 'zh-TW', 'TW', '台北，台灣', 25.033, 121.5654, 'langmap', 'langmap', datetime('now'), datetime('now'), '["langmap"]', 'ai', 'approved'),
    (426, '含義描述', 'zh-TW', 'TW', '台北，台灣', 25.033, 121.5654, 'langmap', 'langmap', datetime('now'), datetime('now'), '["langmap"]', 'ai', 'approved'),
    (427, '此含義的詳細解釋', 'zh-TW', 'TW', '台北，台灣', 25.033, 121.5654, 'langmap', 'langmap', datetime('now'), datetime('now'), '["langmap"]', 'ai', 'approved'),
    (428, '對此含義所代表內容的全面描述', 'zh-TW', 'TW', '台北，台灣', 25.033, 121.5654, 'langmap', 'langmap', datetime('now'), datetime('now'), '["langmap"]', 'ai', 'approved'),
    (429, '標籤', 'zh-TW', 'TW', '台北，台灣', 25.033, 121.5654, 'langmap', 'langmap', datetime('now'), datetime('now'), '["langmap"]', 'ai', 'approved'),
    (430, '添加標籤...', 'zh-TW', 'TW', '台北，台灣', 25.033, 121.5654, 'langmap', 'langmap', datetime('now'), datetime('now'), '["langmap"]', 'ai', 'approved'),
    (431, '標籤有助於分類和查找含義（按回車鍵或逗號添加）', 'zh-TW', 'TW', '台北，台灣', 25.033, 121.5654, 'langmap', 'langmap', datetime('now'), datetime('now'), '["langmap"]', 'ai', 'approved'),
    (432, '新增語言', 'zh-TW', 'TW', '台北，台灣', 25.033, 121.5654, 'langmap', 'langmap', datetime('now'), datetime('now'), '["langmap"]', 'ai', 'approved'),
    (433, '語言代碼', 'zh-TW', 'TW', '台北，台灣', 25.033, 121.5654, 'langmap', 'langmap', datetime('now'), datetime('now'), '["langmap"]', 'ai', 'approved'),
    (434, '例如：custom-lang、toki-pona', 'zh-TW', 'TW', '台北，台灣', 25.033, 121.5654, 'langmap', 'langmap', datetime('now'), datetime('now'), '["langmap"]', 'ai', 'approved'),
    (435, '您語言的自訂代碼（可以是非標準的）', 'zh-TW', 'TW', '台北，台灣', 25.033, 121.5654, 'langmap', 'langmap', datetime('now'), datetime('now'), '["langmap"]', 'ai', 'approved'),
    (436, '語言名稱', 'zh-TW', 'TW', '台北，台灣', 25.033, 121.5654, 'langmap', 'langmap', datetime('now'), datetime('now'), '["langmap"]', 'ai', 'approved'),
    (437, '例如：自訂語言', 'zh-TW', 'TW', '台北，台灣', 25.033, 121.5654, 'langmap', 'langmap', datetime('now'), datetime('now'), '["langmap"]', 'ai', 'approved'),
    (438, '本地名稱', 'zh-TW', 'TW', '台北，台灣', 25.033, 121.5654, 'langmap', 'langmap', datetime('now'), datetime('now'), '["langmap"]', 'ai', 'approved'),
    (439, '例如：本地語言名稱', 'zh-TW', 'TW', '台北，台灣', 25.033, 121.5654, 'langmap', 'langmap', datetime('now'), datetime('now'), '["langmap"]', 'ai', 'approved'),
    (440, '地區信息', 'zh-TW', 'TW', '台北，台灣', 25.033, 121.5654, 'langmap', 'langmap', datetime('now'), datetime('now'), '["langmap"]', 'ai', 'approved'),
    (441, '地區名稱', 'zh-TW', 'TW', '台北，台灣', 25.033, 121.5654, 'langmap', 'langmap', datetime('now'), datetime('now'), '["langmap"]', 'ai', 'approved'),
    (442, '例如：倫敦，英國', 'zh-TW', 'TW', '台北，台灣', 25.033, 121.5654, 'langmap', 'langmap', datetime('now'), datetime('now'), '["langmap"]', 'ai', 'approved'),
    (443, '本地地區名稱', 'zh-TW', 'TW', '台北，台灣', 25.033, 121.5654, 'langmap', 'langmap', datetime('now'), datetime('now'), '["langmap"]', 'ai', 'approved'),
    (444, '緯度', 'zh-TW', 'TW', '台北，台灣', 25.033, 121.5654, 'langmap', 'langmap', datetime('now'), datetime('now'), '["langmap"]', 'ai', 'approved'),
    (445, '例如：51.5074', 'zh-TW', 'TW', '台北，台灣', 25.033, 121.5654, 'langmap', 'langmap', datetime('now'), datetime('now'), '["langmap"]', 'ai', 'approved'),
    (446, '經度', 'zh-TW', 'TW', '台北，台灣', 25.033, 121.5654, 'langmap', 'langmap', datetime('now'), datetime('now'), '["langmap"]', 'ai', 'approved'),
    (447, '例如：-0.1278', 'zh-TW', 'TW', '台北，台灣', 25.033, 121.5654, 'langmap', 'langmap', datetime('now'), datetime('now'), '["langmap"]', 'ai', 'approved'),
    (448, '隱藏地圖', 'zh-TW', 'TW', '台北，台灣', 25.033, 121.5654, 'langmap', 'langmap', datetime('now'), datetime('now'), '["langmap"]', 'ai', 'approved'),
    (449, '文字方向', 'zh-TW', 'TW', '台北，台灣', 25.033, 121.5654, 'langmap', 'langmap', datetime('now'), datetime('now'), '["langmap"]', 'ai', 'approved'),
    (450, '從左到右 (LTR)', 'zh-TW', 'TW', '台北，台灣', 25.033, 121.5654, 'langmap', 'langmap', datetime('now'), datetime('now'), '["langmap"]', 'ai', 'approved'),
    (451, '從右到左 (RTL)', 'zh-TW', 'TW', '台北，台灣', 25.033, 121.5654, 'langmap', 'langmap', datetime('now'), datetime('now'), '["langmap"]', 'ai', 'approved'),
    (452, '正在新增...', 'zh-TW', 'TW', '台北，台灣', 25.033, 121.5654, 'langmap', 'langmap', datetime('now'), datetime('now'), '["langmap"]', 'ai', 'approved'),
    (453, '新增語言失敗，請重試。', 'zh-TW', 'TW', '台北，台灣', 25.033, 121.5654, 'langmap', 'langmap', datetime('now'), datetime('now'), '["langmap"]', 'ai', 'approved'),
    (454, '返回搜尋', 'zh-TW', 'TW', '台北，台灣', 25.033, 121.5654, 'langmap', 'langmap', datetime('now'), datetime('now'), '["langmap"]', 'ai', 'approved'),
    (455, '正在載入詞句詳情...', 'zh-TW', 'TW', '台北，台灣', 25.033, 121.5654, 'langmap', 'langmap', datetime('now'), datetime('now'), '["langmap"]', 'ai', 'approved'),
    (456, '詞句詳情', 'zh-TW', 'TW', '台北，台灣', 25.033, 121.5654, 'langmap', 'langmap', datetime('now'), datetime('now'), '["langmap"]', 'ai', 'approved'),
    (457, '關聯詞句', 'zh-TW', 'TW', '台北，台灣', 25.033, 121.5654, 'langmap', 'langmap', datetime('now'), datetime('now'), '["langmap"]', 'ai', 'approved'),
    (458, '搜尋要關聯的詞句...', 'zh-TW', 'TW', '台北，台灣', 25.033, 121.5654, 'langmap', 'langmap', datetime('now'), datetime('now'), '["langmap"]', 'ai', 'approved'),
    (459, '正在搜尋...', 'zh-TW', 'TW', '台北，台灣', 25.033, 121.5654, 'langmap', 'langmap', datetime('now'), datetime('now'), '["langmap"]', 'ai', 'approved'),
    (460, '未找到詞句。請嘗試不同的搜尋詞。', 'zh-TW', 'TW', '台北，台灣', 25.033, 121.5654, 'langmap', 'langmap', datetime('now'), datetime('now'), '["langmap"]', 'ai', 'approved'),
    (461, '連結', 'zh-TW', 'TW', '台北，台灣', 25.033, 121.5654, 'langmap', 'langmap', datetime('now'), datetime('now'), '["langmap"]', 'ai', 'approved'),
    (462, '已連結', 'zh-TW', 'TW', '台北，台灣', 25.033, 121.5654, 'langmap', 'langmap', datetime('now'), datetime('now'), '["langmap"]', 'ai', 'approved'),
    (463, '搜尋結果包含當前詞句。', 'zh-TW', 'TW', '台北，台灣', 25.033, 121.5654, 'langmap', 'langmap', datetime('now'), datetime('now'), '["langmap"]', 'ai', 'approved'),
    (464, '連結到含義：', 'zh-TW', 'TW', '台北，台灣', 25.033, 121.5654, 'langmap', 'langmap', datetime('now'), datetime('now'), '["langmap"]', 'ai', 'approved'),
    (465, '-- 選擇含義 --', 'zh-TW', 'TW', '台北，台灣', 25.033, 121.5654, 'langmap', 'langmap', datetime('now'), datetime('now'), '["langmap"]', 'ai', 'approved'),
    (466, '建立新含義…', 'zh-TW', 'TW', '台北，台灣', 25.033, 121.5654, 'langmap', 'langmap', datetime('now'), datetime('now'), '["langmap"]', 'ai', 'approved'),
    (467, '新含義標題', 'zh-TW', 'TW', '台北，台灣', 25.033, 121.5654, 'langmap', 'langmap', datetime('now'), datetime('now'), '["langmap"]', 'ai', 'approved'),
    (468, '建立含義', 'zh-TW', 'TW', '台北，台灣', 25.033, 121.5654, 'langmap', 'langmap', datetime('now'), datetime('now'), '["langmap"]', 'ai', 'approved'),
    (469, '此詞句未關聯任何含義', 'zh-TW', 'TW', '台北，台灣', 25.033, 121.5654, 'langmap', 'langmap', datetime('now'), datetime('now'), '["langmap"]', 'ai', 'approved'),
    (470, '全球', 'zh-TW', 'TW', '台北，台灣', 25.033, 121.5654, 'langmap', 'langmap', datetime('now'), datetime('now'), '["langmap"]', 'ai', 'approved'),
    (471, '播放', 'zh-TW', 'TW', '台北，台灣', 25.033, 121.5654, 'langmap', 'langmap', datetime('now'), datetime('now'), '["langmap"]', 'ai', 'approved'),
    (472, '自動', 'zh-TW', 'TW', '台北，台灣', 25.033, 121.5654, 'langmap', 'langmap', datetime('now'), datetime('now'), '["langmap"]', 'ai', 'approved'),
    (473, '版本歷史', 'zh-TW', 'TW', '台北，台灣', 25.033, 121.5654, 'langmap', 'langmap', datetime('now'), datetime('now'), '["langmap"]', 'ai', 'approved'),
    (474, '正在載入版本...', 'zh-TW', 'TW', '台北，台灣', 25.033, 121.5654, 'langmap', 'langmap', datetime('now'), datetime('now'), '["langmap"]', 'ai', 'approved'),
    (475, '無可用版本', 'zh-TW', 'TW', '台北，台灣', 25.033, 121.5654, 'langmap', 'langmap', datetime('now'), datetime('now'), '["langmap"]', 'ai', 'approved'),
    (476, '匿名', 'zh-TW', 'TW', '台北，台灣', 25.033, 121.5654, 'langmap', 'langmap', datetime('now'), datetime('now'), '["langmap"]', 'ai', 'approved'),
    (477, 'Explore the World of Languages', 'en-US', 'US', 'New York, United States', 40.7128, -74.006, 'langmap', 'langmap', datetime('now'), datetime('now'), '["langmap"]', 'ai', 'approved'),
    (478, 'Discover how expressions vary across regions and cultures', 'en-US', 'US', 'New York, United States', 40.7128, -74.006, 'langmap', 'langmap', datetime('now'), datetime('now'), '["langmap"]', 'ai', 'approved'),
    (479, 'Search for an expression...', 'en-US', 'US', 'New York, United States', 40.7128, -74.006, 'langmap', 'langmap', datetime('now'), datetime('now'), '["langmap"]', 'ai', 'approved'),
    (480, 'Search', 'en-US', 'US', 'New York, United States', 40.7128, -74.006, 'langmap', 'langmap', datetime('now'), datetime('now'), '["langmap"]', 'ai', 'approved'),
    (481, 'Total Expressions', 'en-US', 'US', 'New York, United States', 40.7128, -74.006, 'langmap', 'langmap', datetime('now'), datetime('now'), '["langmap"]', 'ai', 'approved'),
    (482, 'Languages', 'en-US', 'US', 'New York, United States', 40.7128, -74.006, 'langmap', 'langmap', datetime('now'), datetime('now'), '["langmap"]', 'ai', 'approved'),
    (483, 'Regions', 'en-US', 'US', 'New York, United States', 40.7128, -74.006, 'langmap', 'langmap', datetime('now'), datetime('now'), '["langmap"]', 'ai', 'approved'),
    (484, 'Global Language Distribution', 'en-US', 'US', 'New York, United States', 40.7128, -74.006, 'langmap', 'langmap', datetime('now'), datetime('now'), '["langmap"]', 'ai', 'approved'),
    (485, 'Explore the richness of linguistic expressions across different regions. Larger circles indicate more expressions in that area.', 'en-US', 'US', 'New York, United States', 40.7128, -74.006, 'langmap', 'langmap', datetime('now'), datetime('now'), '["langmap"]', 'ai', 'approved'),
    (486, 'Expression Density', 'en-US', 'US', 'New York, United States', 40.7128, -74.006, 'langmap', 'langmap', datetime('now'), datetime('now'), '["langmap"]', 'ai', 'approved'),
    (487, 'Low', 'en-US', 'US', 'New York, United States', 40.7128, -74.006, 'langmap', 'langmap', datetime('now'), datetime('now'), '["langmap"]', 'ai', 'approved'),
    (488, 'Medium', 'en-US', 'US', 'New York, United States', 40.7128, -74.006, 'langmap', 'langmap', datetime('now'), datetime('now'), '["langmap"]', 'ai', 'approved'),
    (489, 'High', 'en-US', 'US', 'New York, United States', 40.7128, -74.006, 'langmap', 'langmap', datetime('now'), datetime('now'), '["langmap"]', 'ai', 'approved'),
    (490, 'Get Started', 'en-US', 'US', 'New York, United States', 40.7128, -74.006, 'langmap', 'langmap', datetime('now'), datetime('now'), '["langmap"]', 'ai', 'approved'),
    (491, 'Search Expressions', 'en-US', 'US', 'New York, United States', 40.7128, -74.006, 'langmap', 'langmap', datetime('now'), datetime('now'), '["langmap"]', 'ai', 'approved'),
    (492, 'Find how words and sentences are expressed across different languages and regions.', 'en-US', 'US', 'New York, United States', 40.7128, -74.006, 'langmap', 'langmap', datetime('now'), datetime('now'), '["langmap"]', 'ai', 'approved'),
    (493, 'Start Searching →', 'en-US', 'US', 'New York, United States', 40.7128, -74.006, 'langmap', 'langmap', datetime('now'), datetime('now'), '["langmap"]', 'ai', 'approved'),
    (494, 'Add Expression', 'en-US', 'US', 'New York, United States', 40.7128, -74.006, 'langmap', 'langmap', datetime('now'), datetime('now'), '["langmap"]', 'ai', 'approved'),
    (495, 'Contribute to our database by adding expressions from your language or region.', 'en-US', 'US', 'New York, United States', 40.7128, -74.006, 'langmap', 'langmap', datetime('now'), datetime('now'), '["langmap"]', 'ai', 'approved'),
    (496, 'Region', 'en-US', 'US', 'New York, United States', 40.7128, -74.006, 'langmap', 'langmap', datetime('now'), datetime('now'), '["langmap"]', 'ai', 'approved'),
    (497, 'Language', 'en-US', 'US', 'New York, United States', 40.7128, -74.006, 'langmap', 'langmap', datetime('now'), datetime('now'), '["langmap"]', 'ai', 'approved'),
    (498, 'Expressions', 'en-US', 'US', 'New York, United States', 40.7128, -74.006, 'langmap', 'langmap', datetime('now'), datetime('now'), '["langmap"]', 'ai', 'approved'),
    (499, 'Unknown', 'en-US', 'US', 'New York, United States', 40.7128, -74.006, 'langmap', 'langmap', datetime('now'), datetime('now'), '["langmap"]', 'ai', 'approved'),
    (500, 'Add New →', 'en-US', 'US', 'New York, United States', 40.7128, -74.006, 'langmap', 'langmap', datetime('now'), datetime('now'), '["langmap"]', 'ai', 'approved');
INSERT OR IGNORE INTO expression_versions (expression_id, text, region_name, region_latitude, region_longitude, created_by, created_at) VALUES
    (1, '世界の言語を探求する', '東京、日本', 35.6762, 139.6503, 'langmap', datetime('now')),
    (2, '地域や文化によって表現方法がどう異なるかを発見する', '東京、日本', 35.6762, 139.6503, 'langmap', datetime('now')),
    (3, '表現を検索...', '東京、日本', 35.6762, 139.6503, 'langmap', datetime('now')),
    (4, '検索', '東京、日本', 35.6762, 139.6503, 'langmap', datetime('now')),
    (5, '総表現数', '東京、日本', 35.6762, 139.6503, 'langmap', datetime('now')),
    (6, '言語', '東京、日本', 35.6762, 139.6503, 'langmap', datetime('now')),
    (7, '地域', '東京、日本', 35.6762, 139.6503, 'langmap', datetime('now')),
    (8, 'グローバル言語分布', '東京、日本', 35.6762, 139.6503, 'langmap', datetime('now')),
    (9, 'さまざまな地域における言語表現の豊かさを探求します。円が大きいほど、その地域の表現がより多くなっています。', '東京、日本', 35.6762, 139.6503, 'langmap', datetime('now')),
    (10, '表現密度', '東京、日本', 35.6762, 139.6503, 'langmap', datetime('now')),
    (11, '始めましょう', '東京、日本', 35.6762, 139.6503, 'langmap', datetime('now')),
    (12, '表現を検索', '東京、日本', 35.6762, 139.6503, 'langmap', datetime('now')),
    (13, 'さまざまな言語や地域で単語や文がどのように表現されているかを見つけます。', '東京、日本', 35.6762, 139.6503, 'langmap', datetime('now')),
    (14, '検索を開始 →', '東京、日本', 35.6762, 139.6503, 'langmap', datetime('now')),
    (15, '表現を追加', '東京、日本', 35.6762, 139.6503, 'langmap', datetime('now')),
    (16, 'あなたの言語や地域の表現を追加して、私たちのデータベースに貢献してください。', '東京、日本', 35.6762, 139.6503, 'langmap', datetime('now')),
    (17, '表現数', '東京、日本', 35.6762, 139.6503, 'langmap', datetime('now')),
    (18, '不明', '東京、日本', 35.6762, 139.6503, 'langmap', datetime('now')),
    (19, '新規追加 →', '東京、日本', 35.6762, 139.6503, 'langmap', datetime('now')),
    (20, '地図を探索', '東京、日本', 35.6762, 139.6503, 'langmap', datetime('now')),
    (21, 'インタラクティブな世界地図で言語の多様性を可視化。', '東京、日本', 35.6762, 139.6503, 'langmap', datetime('now')),
    (22, '地図を表示 →', '東京、日本', 35.6762, 139.6503, 'langmap', datetime('now')),
    (23, '地図を読み込み中...', '東京、日本', 35.6762, 139.6503, 'langmap', datetime('now')),
    (24, 'ホーム', '東京、日本', 35.6762, 139.6503, 'langmap', datetime('now')),
    (25, '© {year} langmap - 言語表現マッピングプラットフォーム', '東京、日本', 35.6762, 139.6503, 'langmap', datetime('now')),
    (26, 'さまざまな言語や地域の言語表現を見つける', '東京、日本', 35.6762, 139.6503, 'langmap', datetime('now')),
    (27, '単語や文を入力...', '東京、日本', 35.6762, 139.6503, 'langmap', datetime('now')),
    (28, '表現を検索中...', '東京、日本', 35.6762, 139.6503, 'langmap', datetime('now')),
    (29, '結果が見つかりません', '東京、日本', 35.6762, 139.6503, 'langmap', datetime('now')),
    (30, '別の検語を試すか、新しい表現を追加してください', '東京、日本', 35.6762, 139.6503, 'langmap', datetime('now')),
    (31, '"{expression}" を追加', '東京、日本', 35.6762, 139.6503, 'langmap', datetime('now')),
    (32, '新しい表現', '東京、日本', 35.6762, 139.6503, 'langmap', datetime('now')),
    (33, '{count} 件の表現が見つかりました', '東京、日本', 35.6762, 139.6503, 'langmap', datetime('now')),
    (34, '戻る', '東京、日本', 35.6762, 139.6503, 'langmap', datetime('now')),
    (35, '新しい表現を追加', '東京、日本', 35.6762, 139.6503, 'langmap', datetime('now')),
    (36, 'テキスト', '東京、日本', 35.6762, 139.6503, 'langmap', datetime('now')),
    (37, '言語表現を入力', '東京、日本', 35.6762, 139.6503, 'langmap', datetime('now')),
    (38, '言語における実際の単語や文', '東京、日本', 35.6762, 139.6503, 'langmap', datetime('now')),
    (39, '言語を選択', '東京、日本', 35.6762, 139.6503, 'langmap', datetime('now')),
    (40, 'この表現の言語を選択', '東京、日本', 35.6762, 139.6503, 'langmap', datetime('now')),
    (41, '言語を選択...', '東京、日本', 35.6762, 139.6503, 'langmap', datetime('now')),
    (42, '言語を読み込み中...', '東京、日本', 35.6762, 139.6503, 'langmap', datetime('now')),
    (43, '地域 (任意)', '東京、日本', 35.6762, 139.6503, 'langmap', datetime('now')),
    (44, '例: 中国, スペイン, グローバル', '東京、日本', 35.6762, 139.6503, 'langmap', datetime('now')),
    (45, '地理的地域またはエリア', '東京、日本', 35.6762, 139.6503, 'langmap', datetime('now')),
    (46, '現在地を検出', '東京、日本', 35.6762, 139.6503, 'langmap', datetime('now')),
    (47, '地図上で選択', '東京、日本', 35.6762, 139.6503, 'langmap', datetime('now')),
    (48, '地図をクリックして地域を選択', '東京、日本', 35.6762, 139.6503, 'langmap', datetime('now')),
    (49, 'お使いのブラウザはジオロケーションをサポートしていません', '東京、日本', 35.6762, 139.6503, 'langmap', datetime('now')),
    (50, '位置情報の検出に失敗しました', '東京、日本', 35.6762, 139.6503, 'langmap', datetime('now')),
    (51, '位置情報を解析中...', '東京、日本', 35.6762, 139.6503, 'langmap', datetime('now')),
    (52, '位置情報の解析に失敗しました', '東京、日本', 35.6762, 139.6503, 'langmap', datetime('now')),
    (53, 'ソース参照 (任意)', '東京、日本', 35.6762, 139.6503, 'langmap', datetime('now')),
    (54, '例: Wiktionary, Dictionary.com, またはURL', '東京、日本', 35.6762, 139.6503, 'langmap', datetime('now')),
    (55, 'この表現の出典または参照', '東京、日本', 35.6762, 139.6503, 'langmap', datetime('now')),
    (56, '表現を作成', '東京、日本', 35.6762, 139.6503, 'langmap', datetime('now')),
    (57, '送信中...', '東京、日本', 35.6762, 139.6503, 'langmap', datetime('now')),
    (58, 'キャンセル', '東京、日本', 35.6762, 139.6503, 'langmap', datetime('now')),
    (59, '言語とテキストは必須です。', '東京、日本', 35.6762, 139.6503, 'langmap', datetime('now')),
    (60, '意味に関連付ける', '東京、日本', 35.6762, 139.6503, 'langmap', datetime('now')),
    (61, '既存の意味に関連付ける', '東京、日本', 35.6762, 139.6503, 'langmap', datetime('now')),
    (62, '新しい意味に関連付ける', '東京、日本', 35.6762, 139.6503, 'langmap', datetime('now')),
    (63, '選択された表現:', '東京、日本', 35.6762, 139.6503, 'langmap', datetime('now')),
    (64, '意味の語彙', '東京、日本', 35.6762, 139.6503, 'langmap', datetime('now')),
    (65, 'この意味の簡単な識別子', '東京、日本', 35.6762, 139.6503, 'langmap', datetime('now')),
    (66, 'この意味の本質を捉えた短いフレーズ', '東京、日本', 35.6762, 139.6503, 'langmap', datetime('now')),
    (67, '意味の説明', '東京、日本', 35.6762, 139.6503, 'langmap', datetime('now')),
    (68, 'この意味の詳細な説明', '東京、日本', 35.6762, 139.6503, 'langmap', datetime('now')),
    (69, 'この意味が何を表しているかの包括的な説明', '東京、日本', 35.6762, 139.6503, 'langmap', datetime('now')),
    (70, 'タグ', '東京、日本', 35.6762, 139.6503, 'langmap', datetime('now')),
    (71, 'タグを追加...', '東京、日本', 35.6762, 139.6503, 'langmap', datetime('now')),
    (72, 'タグは意味の分類と検索に役立ちます（Enterキーまたはカンマで追加）', '東京、日本', 35.6762, 139.6503, 'langmap', datetime('now')),
    (73, '+ 新しい言語を追加', '東京、日本', 35.6762, 139.6503, 'langmap', datetime('now')),
    (74, '言語コード', '東京、日本', 35.6762, 139.6503, 'langmap', datetime('now')),
    (75, '例：custom-lang, toki-pona', '東京、日本', 35.6762, 139.6503, 'langmap', datetime('now')),
    (76, 'あなたの言語のカスタムコード（非標準でも可）', '東京、日本', 35.6762, 139.6503, 'langmap', datetime('now')),
    (77, '言語名', '東京、日本', 35.6762, 139.6503, 'langmap', datetime('now')),
    (78, '例：カスタム言語', '東京、日本', 35.6762, 139.6503, 'langmap', datetime('now')),
    (79, 'ネイティブ名', '東京、日本', 35.6762, 139.6503, 'langmap', datetime('now')),
    (80, '例：ネイティブ言語名', '東京、日本', 35.6762, 139.6503, 'langmap', datetime('now')),
    (81, '地域情報', '東京、日本', 35.6762, 139.6503, 'langmap', datetime('now')),
    (82, '地域名', '東京、日本', 35.6762, 139.6503, 'langmap', datetime('now')),
    (83, '例：ロンドン、イギリス', '東京、日本', 35.6762, 139.6503, 'langmap', datetime('now')),
    (84, 'ネイティブ地域名', '東京、日本', 35.6762, 139.6503, 'langmap', datetime('now')),
    (85, '緯度', '東京、日本', 35.6762, 139.6503, 'langmap', datetime('now')),
    (86, '例：51.5074', '東京、日本', 35.6762, 139.6503, 'langmap', datetime('now')),
    (87, '経度', '東京、日本', 35.6762, 139.6503, 'langmap', datetime('now')),
    (88, '例：-0.1278', '東京、日本', 35.6762, 139.6503, 'langmap', datetime('now')),
    (89, '地図を隠す', '東京、日本', 35.6762, 139.6503, 'langmap', datetime('now')),
    (90, '文字方向', '東京、日本', 35.6762, 139.6503, 'langmap', datetime('now')),
    (91, '左から右（LTR）', '東京、日本', 35.6762, 139.6503, 'langmap', datetime('now')),
    (92, '右から左（RTL）', '東京、日本', 35.6762, 139.6503, 'langmap', datetime('now')),
    (93, '追加中...', '東京、日本', 35.6762, 139.6503, 'langmap', datetime('now')),
    (94, '言語の追加に失敗しました。もう一度お試しください。', '東京、日本', 35.6762, 139.6503, 'langmap', datetime('now')),
    (95, '検索に戻る', '東京、日本', 35.6762, 139.6503, 'langmap', datetime('now')),
    (96, '表現の詳細を読み込み中...', '東京、日本', 35.6762, 139.6503, 'langmap', datetime('now')),
    (97, '表現の詳細', '東京、日本', 35.6762, 139.6503, 'langmap', datetime('now')),
    (98, '関連する意味', '東京、日本', 35.6762, 139.6503, 'langmap', datetime('now')),
    (99, '表現を関連付ける', '東京、日本', 35.6762, 139.6503, 'langmap', datetime('now')),
    (100, '関連付ける表現を検索...', '東京、日本', 35.6762, 139.6503, 'langmap', datetime('now')),
    (101, '検索中...', '東京、日本', 35.6762, 139.6503, 'langmap', datetime('now')),
    (102, '表現が見つかりません。別の検索語を試してください。', '東京、日本', 35.6762, 139.6503, 'langmap', datetime('now')),
    (103, 'リンク', '東京、日本', 35.6762, 139.6503, 'langmap', datetime('now')),
    (104, 'すでにリンク済み', '東京、日本', 35.6762, 139.6503, 'langmap', datetime('now')),
    (105, '検索結果に現在の表現が含まれています。', '東京、日本', 35.6762, 139.6503, 'langmap', datetime('now')),
    (106, '意味にリンク:', '東京、日本', 35.6762, 139.6503, 'langmap', datetime('now')),
    (107, '-- 意味を選択 --', '東京、日本', 35.6762, 139.6503, 'langmap', datetime('now')),
    (108, '新しい意味を作成…', '東京、日本', 35.6762, 139.6503, 'langmap', datetime('now')),
    (109, '新しい意味の語彙', '東京、日本', 35.6762, 139.6503, 'langmap', datetime('now')),
    (110, '意味を作成', '東京、日本', 35.6762, 139.6503, 'langmap', datetime('now')),
    (111, 'この表現に関連する意味はありません', '東京、日本', 35.6762, 139.6503, 'langmap', datetime('now')),
    (112, '意味と関連付ける', '東京、日本', 35.6762, 139.6503, 'langmap', datetime('now')),
    (113, 'グローバル', '東京、日本', 35.6762, 139.6503, 'langmap', datetime('now')),
    (114, '再生', '東京、日本', 35.6762, 139.6503, 'langmap', datetime('now')),
    (115, '自動', '東京、日本', 35.6762, 139.6503, 'langmap', datetime('now')),
    (116, 'バージョン履歴', '東京、日本', 35.6762, 139.6503, 'langmap', datetime('now')),
    (117, 'バージョンを読み込み中...', '東京、日本', 35.6762, 139.6503, 'langmap', datetime('now')),
    (118, '利用可能なバージョンがありません', '東京、日本', 35.6762, 139.6503, 'langmap', datetime('now')),
    (119, '匿名', '東京、日本', 35.6762, 139.6503, 'langmap', datetime('now')),
    (120, '探索世界语言', '北京，中国', 39.9042, 116.4074, 'langmap', datetime('now')),
    (121, '发现各地区和文化的语言差异', '北京，中国', 39.9042, 116.4074, 'langmap', datetime('now')),
    (122, '搜索词句...', '北京，中国', 39.9042, 116.4074, 'langmap', datetime('now')),
    (123, '搜索', '北京，中国', 39.9042, 116.4074, 'langmap', datetime('now')),
    (124, '总词句数', '北京，中国', 39.9042, 116.4074, 'langmap', datetime('now')),
    (125, '语言', '北京，中国', 39.9042, 116.4074, 'langmap', datetime('now')),
    (126, '地区', '北京，中国', 39.9042, 116.4074, 'langmap', datetime('now')),
    (127, '全球语言分布', '北京，中国', 39.9042, 116.4074, 'langmap', datetime('now')),
    (128, '探索不同地区的语言丰富性。圆圈越大表示该地区词句越多。', '北京，中国', 39.9042, 116.4074, 'langmap', datetime('now')),
    (129, '词句密度', '北京，中国', 39.9042, 116.4074, 'langmap', datetime('now')),
    (130, '开始使用', '北京，中国', 39.9042, 116.4074, 'langmap', datetime('now')),
    (131, '搜索词句', '北京，中国', 39.9042, 116.4074, 'langmap', datetime('now')),
    (132, '查找不同语言和地区中词语和句子的表达方式。', '北京，中国', 39.9042, 116.4074, 'langmap', datetime('now')),
    (133, '开始搜索 →', '北京，中国', 39.9042, 116.4074, 'langmap', datetime('now')),
    (134, '添加词句', '北京，中国', 39.9042, 116.4074, 'langmap', datetime('now')),
    (135, '通过添加您语言或地区的词句为我们的数据库做贡献。', '北京，中国', 39.9042, 116.4074, 'langmap', datetime('now')),
    (136, '词句数', '北京，中国', 39.9042, 116.4074, 'langmap', datetime('now')),
    (137, '未知', '北京，中国', 39.9042, 116.4074, 'langmap', datetime('now')),
    (138, '添加新词 →', '北京，中国', 39.9042, 116.4074, 'langmap', datetime('now')),
    (139, '探索地图', '北京，中国', 39.9042, 116.4074, 'langmap', datetime('now')),
    (140, '在交互式世界地图上可视化语言多样性。', '北京，中国', 39.9042, 116.4074, 'langmap', datetime('now')),
    (141, '查看地图 →', '北京，中国', 39.9042, 116.4074, 'langmap', datetime('now')),
    (142, '正在加载地图...', '北京，中国', 39.9042, 116.4074, 'langmap', datetime('now')),
    (143, '主页', '北京，中国', 39.9042, 116.4074, 'langmap', datetime('now')),
    (144, '© {year} langmap - 语言词句地图平台', '北京，中国', 39.9042, 116.4074, 'langmap', datetime('now')),
    (145, '跨语言和地区查找语言词句', '北京，中国', 39.9042, 116.4074, 'langmap', datetime('now')),
    (146, '输入词语或句子...', '北京，中国', 39.9042, 116.4074, 'langmap', datetime('now')),
    (147, '正在搜索词句...', '北京，中国', 39.9042, 116.4074, 'langmap', datetime('now')),
    (148, '未找到结果', '北京，中国', 39.9042, 116.4074, 'langmap', datetime('now')),
    (149, '尝试不同的搜索词或添加新词句', '北京，中国', 39.9042, 116.4074, 'langmap', datetime('now')),
    (150, '添加"{expression}"', '北京，中国', 39.9042, 116.4074, 'langmap', datetime('now')),
    (151, '新词句', '北京，中国', 39.9042, 116.4074, 'langmap', datetime('now')),
    (152, '找到 {count} 条词句', '北京，中国', 39.9042, 116.4074, 'langmap', datetime('now')),
    (153, '返回', '北京，中国', 39.9042, 116.4074, 'langmap', datetime('now')),
    (154, '添加新词句', '北京，中国', 39.9042, 116.4074, 'langmap', datetime('now')),
    (155, '文本', '北京，中国', 39.9042, 116.4074, 'langmap', datetime('now')),
    (156, '输入语言词句', '北京，中国', 39.9042, 116.4074, 'langmap', datetime('now')),
    (157, '该语言中的实际词语或句子', '北京，中国', 39.9042, 116.4074, 'langmap', datetime('now')),
    (158, '选择语言', '北京，中国', 39.9042, 116.4074, 'langmap', datetime('now')),
    (159, '为此词句选择语言', '北京，中国', 39.9042, 116.4074, 'langmap', datetime('now')),
    (160, '选择语言...', '北京，中国', 39.9042, 116.4074, 'langmap', datetime('now')),
    (161, '正在加载语言...', '北京，中国', 39.9042, 116.4074, 'langmap', datetime('now')),
    (162, '地区（可选）', '北京，中国', 39.9042, 116.4074, 'langmap', datetime('now')),
    (163, '例如：中国、西班牙、全球', '北京，中国', 39.9042, 116.4074, 'langmap', datetime('now')),
    (164, '地理位置或区域', '北京，中国', 39.9042, 116.4074, 'langmap', datetime('now')),
    (165, '检测我的位置', '北京，中国', 39.9042, 116.4074, 'langmap', datetime('now')),
    (166, '在地图上选择', '北京，中国', 39.9042, 116.4074, 'langmap', datetime('now')),
    (167, '点击地图选择区域', '北京，中国', 39.9042, 116.4074, 'langmap', datetime('now')),
    (168, '您的浏览器不支持地理位置', '北京，中国', 39.9042, 116.4074, 'langmap', datetime('now')),
    (169, '无法检测您的位置', '北京，中国', 39.9042, 116.4074, 'langmap', datetime('now')),
    (170, '正在解析位置信息...', '北京，中国', 39.9042, 116.4074, 'langmap', datetime('now')),
    (171, '无法解析位置信息', '北京，中国', 39.9042, 116.4074, 'langmap', datetime('now')),
    (172, '来源参考（可选）', '北京，中国', 39.9042, 116.4074, 'langmap', datetime('now')),
    (173, '例如：维基词典、Dictionary.com 或 URL', '北京，中国', 39.9042, 116.4074, 'langmap', datetime('now')),
    (174, '此词句的来源或参考', '北京，中国', 39.9042, 116.4074, 'langmap', datetime('now')),
    (175, '创建词句', '北京，中国', 39.9042, 116.4074, 'langmap', datetime('now')),
    (176, '取消', '北京，中国', 39.9042, 116.4074, 'langmap', datetime('now')),
    (177, '语言和文本为必填项。', '北京，中国', 39.9042, 116.4074, 'langmap', datetime('now')),
    (178, '关联含义', '北京，中国', 39.9042, 116.4074, 'langmap', datetime('now')),
    (179, '关联现有含义', '北京，中国', 39.9042, 116.4074, 'langmap', datetime('now')),
    (180, '关联新含义', '北京，中国', 39.9042, 116.4074, 'langmap', datetime('now')),
    (181, '已选词句：', '北京，中国', 39.9042, 116.4074, 'langmap', datetime('now')),
    (182, '含义标题', '北京，中国', 39.9042, 116.4074, 'langmap', datetime('now')),
    (183, '此含义的简要标识', '北京，中国', 39.9042, 116.4074, 'langmap', datetime('now')),
    (184, '捕捉此含义本质的短语', '北京，中国', 39.9042, 116.4074, 'langmap', datetime('now')),
    (185, '含义描述', '北京，中国', 39.9042, 116.4074, 'langmap', datetime('now')),
    (186, '此含义的详细解释', '北京，中国', 39.9042, 116.4074, 'langmap', datetime('now')),
    (187, '对此含义所代表内容的全面描述', '北京，中国', 39.9042, 116.4074, 'langmap', datetime('now')),
    (188, '标签', '北京，中国', 39.9042, 116.4074, 'langmap', datetime('now')),
    (189, '添加标签...', '北京，中国', 39.9042, 116.4074, 'langmap', datetime('now')),
    (190, '标签有助于分类和查找含义（按回车键或逗号添加）', '北京，中国', 39.9042, 116.4074, 'langmap', datetime('now')),
    (191, '添加语言', '北京，中国', 39.9042, 116.4074, 'langmap', datetime('now')),
    (192, '语言代码', '北京，中国', 39.9042, 116.4074, 'langmap', datetime('now')),
    (193, '例如：custom-lang、toki-pona', '北京，中国', 39.9042, 116.4074, 'langmap', datetime('now')),
    (194, '您语言的自定义代码（可以是非标准的）', '北京，中国', 39.9042, 116.4074, 'langmap', datetime('now')),
    (195, '语言名称', '北京，中国', 39.9042, 116.4074, 'langmap', datetime('now')),
    (196, '例如：自定义语言', '北京，中国', 39.9042, 116.4074, 'langmap', datetime('now')),
    (197, '本地名称', '北京，中国', 39.9042, 116.4074, 'langmap', datetime('now')),
    (198, '例如：本地语言名称', '北京，中国', 39.9042, 116.4074, 'langmap', datetime('now')),
    (199, '文字方向', '北京，中国', 39.9042, 116.4074, 'langmap', datetime('now')),
    (200, '从左到右 (LTR)', '北京，中国', 39.9042, 116.4074, 'langmap', datetime('now')),
    (201, '从右到左 (RTL)', '北京，中国', 39.9042, 116.4074, 'langmap', datetime('now')),
    (202, '正在添加...', '北京，中国', 39.9042, 116.4074, 'langmap', datetime('now')),
    (203, '添加语言失败，请重试。', '北京，中国', 39.9042, 116.4074, 'langmap', datetime('now')),
    (204, '纬度', '北京，中国', 39.9042, 116.4074, 'langmap', datetime('now')),
    (205, '例如：51.5074', '北京，中国', 39.9042, 116.4074, 'langmap', datetime('now')),
    (206, '经度', '北京，中国', 39.9042, 116.4074, 'langmap', datetime('now')),
    (207, '例如：-0.1278', '北京，中国', 39.9042, 116.4074, 'langmap', datetime('now')),
    (208, '地区信息', '北京，中国', 39.9042, 116.4074, 'langmap', datetime('now')),
    (209, '地区名称', '北京，中国', 39.9042, 116.4074, 'langmap', datetime('now')),
    (210, '例如：伦敦，英国', '北京，中国', 39.9042, 116.4074, 'langmap', datetime('now')),
    (211, '本地地区名称', '北京，中国', 39.9042, 116.4074, 'langmap', datetime('now')),
    (212, '例如：伦德雷斯，英国', '北京，中国', 39.9042, 116.4074, 'langmap', datetime('now')),
    (213, '隐藏地图', '北京，中国', 39.9042, 116.4074, 'langmap', datetime('now')),
    (214, '返回搜索', '北京，中国', 39.9042, 116.4074, 'langmap', datetime('now')),
    (215, '正在加载词句详情...', '北京，中国', 39.9042, 116.4074, 'langmap', datetime('now')),
    (216, '词句详情', '北京，中国', 39.9042, 116.4074, 'langmap', datetime('now')),
    (217, '关联词句', '北京，中国', 39.9042, 116.4074, 'langmap', datetime('now')),
    (218, '搜索要关联的词句...', '北京，中国', 39.9042, 116.4074, 'langmap', datetime('now')),
    (219, '正在搜索...', '北京，中国', 39.9042, 116.4074, 'langmap', datetime('now')),
    (220, '未找到词句。请尝试不同的搜索词。', '北京，中国', 39.9042, 116.4074, 'langmap', datetime('now')),
    (221, '链接', '北京，中国', 39.9042, 116.4074, 'langmap', datetime('now')),
    (222, '已链接', '北京，中国', 39.9042, 116.4074, 'langmap', datetime('now')),
    (223, '搜索结果包含当前词句。', '北京，中国', 39.9042, 116.4074, 'langmap', datetime('now')),
    (224, '链接到含义：', '北京，中国', 39.9042, 116.4074, 'langmap', datetime('now')),
    (225, '-- 选择含义 --', '北京，中国', 39.9042, 116.4074, 'langmap', datetime('now')),
    (226, '创建新含义…', '北京，中国', 39.9042, 116.4074, 'langmap', datetime('now')),
    (227, '新含义标题', '北京，中国', 39.9042, 116.4074, 'langmap', datetime('now')),
    (228, '创建含义', '北京，中国', 39.9042, 116.4074, 'langmap', datetime('now')),
    (229, '此词句未关联任何含义', '北京，中国', 39.9042, 116.4074, 'langmap', datetime('now')),
    (230, '全球', '北京，中国', 39.9042, 116.4074, 'langmap', datetime('now')),
    (231, '播放', '北京，中国', 39.9042, 116.4074, 'langmap', datetime('now')),
    (232, '自动', '北京，中国', 39.9042, 116.4074, 'langmap', datetime('now')),
    (233, '版本历史', '北京，中国', 39.9042, 116.4074, 'langmap', datetime('now')),
    (234, '正在加载版本...', '北京，中国', 39.9042, 116.4074, 'langmap', datetime('now')),
    (235, '无可用版本', '北京，中国', 39.9042, 116.4074, 'langmap', datetime('now')),
    (236, '匿名', '北京，中国', 39.9042, 116.4074, 'langmap', datetime('now')),
    (237, 'Explorer le monde des langues', 'Paris, France', 48.8566, 2.3522, 'langmap', datetime('now')),
    (238, 'Découvrez comment les expressions varient selon les régions et les cultures', 'Paris, France', 48.8566, 2.3522, 'langmap', datetime('now')),
    (239, 'Rechercher une expression...', 'Paris, France', 48.8566, 2.3522, 'langmap', datetime('now')),
    (240, 'Recherche', 'Paris, France', 48.8566, 2.3522, 'langmap', datetime('now')),
    (241, 'Total des expressions', 'Paris, France', 48.8566, 2.3522, 'langmap', datetime('now')),
    (242, 'Langues', 'Paris, France', 48.8566, 2.3522, 'langmap', datetime('now')),
    (243, 'Régions', 'Paris, France', 48.8566, 2.3522, 'langmap', datetime('now')),
    (244, 'Distribution mondiale des langues', 'Paris, France', 48.8566, 2.3522, 'langmap', datetime('now')),
    (245, 'Explorez la richesse des expressions linguistiques dans différentes régions. Les cercles plus grands indiquent davantage d''expressions dans cette zone.', 'Paris, France', 48.8566, 2.3522, 'langmap', datetime('now')),
    (246, 'Densité des expressions', 'Paris, France', 48.8566, 2.3522, 'langmap', datetime('now')),
    (247, 'Faible', 'Paris, France', 48.8566, 2.3522, 'langmap', datetime('now')),
    (248, 'Moyen', 'Paris, France', 48.8566, 2.3522, 'langmap', datetime('now')),
    (249, 'Élevé', 'Paris, France', 48.8566, 2.3522, 'langmap', datetime('now')),
    (250, 'Commencer', 'Paris, France', 48.8566, 2.3522, 'langmap', datetime('now')),
    (251, 'Rechercher des expressions', 'Paris, France', 48.8566, 2.3522, 'langmap', datetime('now')),
    (252, 'Trouvez comment les mots et les phrases sont exprimés dans différentes langues et régions.', 'Paris, France', 48.8566, 2.3522, 'langmap', datetime('now')),
    (253, 'Commencer la recherche →', 'Paris, France', 48.8566, 2.3522, 'langmap', datetime('now')),
    (254, 'Ajouter une expression', 'Paris, France', 48.8566, 2.3522, 'langmap', datetime('now')),
    (255, 'Contribuez à notre base de données en ajoutant des expressions de votre langue ou région.', 'Paris, France', 48.8566, 2.3522, 'langmap', datetime('now')),
    (256, 'Région', 'Paris, France', 48.8566, 2.3522, 'langmap', datetime('now')),
    (257, 'Langue', 'Paris, France', 48.8566, 2.3522, 'langmap', datetime('now')),
    (258, 'Expressions', 'Paris, France', 48.8566, 2.3522, 'langmap', datetime('now')),
    (259, 'Inconnu', 'Paris, France', 48.8566, 2.3522, 'langmap', datetime('now')),
    (260, 'Ajouter nouveau →', 'Paris, France', 48.8566, 2.3522, 'langmap', datetime('now')),
    (261, 'Explorer la carte', 'Paris, France', 48.8566, 2.3522, 'langmap', datetime('now')),
    (262, 'Visualisez la diversité linguistique sur une carte mondiale interactive.', 'Paris, France', 48.8566, 2.3522, 'langmap', datetime('now')),
    (263, 'Voir la carte →', 'Paris, France', 48.8566, 2.3522, 'langmap', datetime('now')),
    (264, 'Chargement de la carte...', 'Paris, France', 48.8566, 2.3522, 'langmap', datetime('now')),
    (265, 'Accueil', 'Paris, France', 48.8566, 2.3522, 'langmap', datetime('now')),
    (266, 'Rechercher', 'Paris, France', 48.8566, 2.3522, 'langmap', datetime('now')),
    (267, '© {year} langmap - Plateforme de cartographie des expressions linguistiques', 'Paris, France', 48.8566, 2.3522, 'langmap', datetime('now')),
    (268, 'Trouvez des expressions linguistiques dans différentes langues et régions', 'Paris, France', 48.8566, 2.3522, 'langmap', datetime('now')),
    (269, 'Entrez un mot ou une phrase...', 'Paris, France', 48.8566, 2.3522, 'langmap', datetime('now')),
    (270, 'Recherche d''expressions...', 'Paris, France', 48.8566, 2.3522, 'langmap', datetime('now')),
    (271, 'Aucun résultat trouvé', 'Paris, France', 48.8566, 2.3522, 'langmap', datetime('now')),
    (272, 'Essayez des termes de recherche différents ou ajoutez une nouvelle expression', 'Paris, France', 48.8566, 2.3522, 'langmap', datetime('now')),
    (273, 'Ajouter "{expression}"', 'Paris, France', 48.8566, 2.3522, 'langmap', datetime('now')),
    (274, 'nouvelle expression', 'Paris, France', 48.8566, 2.3522, 'langmap', datetime('now')),
    (275, 'Trouvé {count} expression{plural}', 'Paris, France', 48.8566, 2.3522, 'langmap', datetime('now')),
    (276, 'Retour', 'Paris, France', 48.8566, 2.3522, 'langmap', datetime('now')),
    (277, 'Ajouter une nouvelle expression', 'Paris, France', 48.8566, 2.3522, 'langmap', datetime('now')),
    (278, 'Texte', 'Paris, France', 48.8566, 2.3522, 'langmap', datetime('now')),
    (279, 'Entrez l''expression linguistique', 'Paris, France', 48.8566, 2.3522, 'langmap', datetime('now')),
    (280, 'Le mot ou la phrase réelle dans la langue', 'Paris, France', 48.8566, 2.3522, 'langmap', datetime('now')),
    (281, 'Sélectionner la langue', 'Paris, France', 48.8566, 2.3522, 'langmap', datetime('now')),
    (282, 'Sélectionnez la langue pour cette expression', 'Paris, France', 48.8566, 2.3522, 'langmap', datetime('now')),
    (283, 'Sélectionner la langue...', 'Paris, France', 48.8566, 2.3522, 'langmap', datetime('now')),
    (284, 'Chargement des langues...', 'Paris, France', 48.8566, 2.3522, 'langmap', datetime('now')),
    (285, 'Région (facultatif)', 'Paris, France', 48.8566, 2.3522, 'langmap', datetime('now')),
    (286, 'ex. Chine, Espagne, Global', 'Paris, France', 48.8566, 2.3522, 'langmap', datetime('now')),
    (287, 'Région géographique ou zone', 'Paris, France', 48.8566, 2.3522, 'langmap', datetime('now')),
    (288, 'Détecter ma position', 'Paris, France', 48.8566, 2.3522, 'langmap', datetime('now')),
    (289, 'Sélectionner sur la carte', 'Paris, France', 48.8566, 2.3522, 'langmap', datetime('now')),
    (290, 'Cliquez sur la carte pour sélectionner une région', 'Paris, France', 48.8566, 2.3522, 'langmap', datetime('now')),
    (291, 'La géolocalisation n''est pas prise en charge par votre navigateur', 'Paris, France', 48.8566, 2.3522, 'langmap', datetime('now')),
    (292, 'Échec de la détection de votre position', 'Paris, France', 48.8566, 2.3522, 'langmap', datetime('now')),
    (293, 'Analyse des informations de localisation...', 'Paris, France', 48.8566, 2.3522, 'langmap', datetime('now')),
    (294, 'Échec de l''analyse des informations de localisation', 'Paris, France', 48.8566, 2.3522, 'langmap', datetime('now')),
    (295, 'Référence de source (facultatif)', 'Paris, France', 48.8566, 2.3522, 'langmap', datetime('now')),
    (296, 'ex. Wiktionary, Dictionary.com, ou une URL', 'Paris, France', 48.8566, 2.3522, 'langmap', datetime('now')),
    (297, 'Origine ou référence pour cette expression', 'Paris, France', 48.8566, 2.3522, 'langmap', datetime('now')),
    (298, 'Créer l''expression', 'Paris, France', 48.8566, 2.3522, 'langmap', datetime('now')),
    (299, 'Annuler', 'Paris, France', 48.8566, 2.3522, 'langmap', datetime('now')),
    (300, 'La langue et le texte sont requis.', 'Paris, France', 48.8566, 2.3522, 'langmap', datetime('now')),
    (301, 'Associer à une signification', 'Paris, France', 48.8566, 2.3522, 'langmap', datetime('now')),
    (302, 'Associer à une signification existante', 'Paris, France', 48.8566, 2.3522, 'langmap', datetime('now')),
    (303, 'Associer à une nouvelle signification', 'Paris, France', 48.8566, 2.3522, 'langmap', datetime('now')),
    (304, 'Expression sélectionnée:', 'Paris, France', 48.8566, 2.3522, 'langmap', datetime('now')),
    (305, 'Glose de la signification', 'Paris, France', 48.8566, 2.3522, 'langmap', datetime('now')),
    (306, 'Identifiant bref pour cette signification', 'Paris, France', 48.8566, 2.3522, 'langmap', datetime('now')),
    (307, 'Une courte phrase qui capture l''essence de cette signification', 'Paris, France', 48.8566, 2.3522, 'langmap', datetime('now')),
    (308, 'Description de la signification', 'Paris, France', 48.8566, 2.3522, 'langmap', datetime('now')),
    (309, 'Explication détaillée de cette signification', 'Paris, France', 48.8566, 2.3522, 'langmap', datetime('now')),
    (310, 'Une description complète de ce que représente cette signification', 'Paris, France', 48.8566, 2.3522, 'langmap', datetime('now')),
    (311, 'Étiquettes', 'Paris, France', 48.8566, 2.3522, 'langmap', datetime('now')),
    (312, 'Ajouter une étiquette...', 'Paris, France', 48.8566, 2.3522, 'langmap', datetime('now')),
    (313, 'Les étiquettes aident à catégoriser et trouver des significations (appuyez sur Entrée ou virgule pour ajouter)', 'Paris, France', 48.8566, 2.3522, 'langmap', datetime('now')),
    (314, 'Ajouter une langue', 'Paris, France', 48.8566, 2.3522, 'langmap', datetime('now')),
    (315, 'Code de langue', 'Paris, France', 48.8566, 2.3522, 'langmap', datetime('now')),
    (316, 'ex. custom-lang, toki-pona', 'Paris, France', 48.8566, 2.3522, 'langmap', datetime('now')),
    (317, 'Code personnalisé pour votre langue (peut être non standard)', 'Paris, France', 48.8566, 2.3522, 'langmap', datetime('now')),
    (318, 'Nom de la langue', 'Paris, France', 48.8566, 2.3522, 'langmap', datetime('now')),
    (319, 'ex. Langue personnalisée', 'Paris, France', 48.8566, 2.3522, 'langmap', datetime('now')),
    (320, 'Nom Natif', 'Paris, France', 48.8566, 2.3522, 'langmap', datetime('now')),
    (321, 'ex. Nom de la langue maternelle', 'Paris, France', 48.8566, 2.3522, 'langmap', datetime('now')),
    (322, 'Informations sur la région', 'Paris, France', 48.8566, 2.3522, 'langmap', datetime('now')),
    (323, 'Nom de la Région', 'Paris, France', 48.8566, 2.3522, 'langmap', datetime('now')),
    (324, 'ex. Londres, Royaume-Uni', 'Paris, France', 48.8566, 2.3522, 'langmap', datetime('now')),
    (325, 'Nom de Région Natif', 'Paris, France', 48.8566, 2.3522, 'langmap', datetime('now')),
    (326, 'Latitude', 'Paris, France', 48.8566, 2.3522, 'langmap', datetime('now')),
    (327, 'ex. 51.5074', 'Paris, France', 48.8566, 2.3522, 'langmap', datetime('now')),
    (328, 'Longitude', 'Paris, France', 48.8566, 2.3522, 'langmap', datetime('now')),
    (329, 'ex. -0.1278', 'Paris, France', 48.8566, 2.3522, 'langmap', datetime('now')),
    (330, 'Masquer la carte', 'Paris, France', 48.8566, 2.3522, 'langmap', datetime('now')),
    (331, 'Direction du Texte', 'Paris, France', 48.8566, 2.3522, 'langmap', datetime('now')),
    (332, 'De gauche à droite (LTR)', 'Paris, France', 48.8566, 2.3522, 'langmap', datetime('now')),
    (333, 'De droite à gauche (RTL)', 'Paris, France', 48.8566, 2.3522, 'langmap', datetime('now')),
    (334, 'Ajout en cours...', 'Paris, France', 48.8566, 2.3522, 'langmap', datetime('now')),
    (335, 'Échec de l''ajout de la langue. Veuillez réessayer.', 'Paris, France', 48.8566, 2.3522, 'langmap', datetime('now')),
    (336, 'Retour à la recherche', 'Paris, France', 48.8566, 2.3522, 'langmap', datetime('now')),
    (337, 'Chargement des détails de l''expression...', 'Paris, France', 48.8566, 2.3522, 'langmap', datetime('now')),
    (338, 'Détails de l''expression', 'Paris, France', 48.8566, 2.3522, 'langmap', datetime('now')),
    (339, 'Significations associées', 'Paris, France', 48.8566, 2.3522, 'langmap', datetime('now')),
    (340, 'Associer des expressions', 'Paris, France', 48.8566, 2.3522, 'langmap', datetime('now')),
    (341, 'Rechercher des expressions à associer...', 'Paris, France', 48.8566, 2.3522, 'langmap', datetime('now')),
    (342, 'Recherche en cours...', 'Paris, France', 48.8566, 2.3522, 'langmap', datetime('now')),
    (343, 'Aucune expression trouvée. Essayez des termes de recherche différents.', 'Paris, France', 48.8566, 2.3522, 'langmap', datetime('now')),
    (344, 'Lier', 'Paris, France', 48.8566, 2.3522, 'langmap', datetime('now')),
    (345, 'Déjà lié', 'Paris, France', 48.8566, 2.3522, 'langmap', datetime('now')),
    (346, 'Les résultats de recherche incluent l''expression actuelle.', 'Paris, France', 48.8566, 2.3522, 'langmap', datetime('now')),
    (347, 'Lier à la signification:', 'Paris, France', 48.8566, 2.3522, 'langmap', datetime('now')),
    (348, '-- Sélectionner une signification --', 'Paris, France', 48.8566, 2.3522, 'langmap', datetime('now')),
    (349, 'Créer une nouvelle signification…', 'Paris, France', 48.8566, 2.3522, 'langmap', datetime('now')),
    (350, 'Glose de la nouvelle signification', 'Paris, France', 48.8566, 2.3522, 'langmap', datetime('now')),
    (351, 'Créer une signification', 'Paris, France', 48.8566, 2.3522, 'langmap', datetime('now')),
    (352, 'Aucune signification associée à cette expression', 'Paris, France', 48.8566, 2.3522, 'langmap', datetime('now')),
    (353, 'Associer avec des significations', 'Paris, France', 48.8566, 2.3522, 'langmap', datetime('now')),
    (354, 'Global', 'Paris, France', 48.8566, 2.3522, 'langmap', datetime('now')),
    (355, 'Jouer', 'Paris, France', 48.8566, 2.3522, 'langmap', datetime('now')),
    (356, 'auto', 'Paris, France', 48.8566, 2.3522, 'langmap', datetime('now')),
    (357, 'Historique des versions', 'Paris, France', 48.8566, 2.3522, 'langmap', datetime('now')),
    (358, 'Chargement des versions...', 'Paris, France', 48.8566, 2.3522, 'langmap', datetime('now')),
    (359, 'Aucune version disponible', 'Paris, France', 48.8566, 2.3522, 'langmap', datetime('now')),
    (360, 'Anonyme', 'Paris, France', 48.8566, 2.3522, 'langmap', datetime('now')),
    (361, '探索世界語言', '台北，台灣', 25.033, 121.5654, 'langmap', datetime('now')),
    (362, '發現各地區和文化的語言差異', '台北，台灣', 25.033, 121.5654, 'langmap', datetime('now')),
    (363, '搜尋詞句...', '台北，台灣', 25.033, 121.5654, 'langmap', datetime('now')),
    (364, '搜尋', '台北，台灣', 25.033, 121.5654, 'langmap', datetime('now')),
    (365, '總詞句數', '台北，台灣', 25.033, 121.5654, 'langmap', datetime('now')),
    (366, '語言', '台北，台灣', 25.033, 121.5654, 'langmap', datetime('now')),
    (367, '地區', '台北，台灣', 25.033, 121.5654, 'langmap', datetime('now')),
    (368, '全球語言分佈', '台北，台灣', 25.033, 121.5654, 'langmap', datetime('now')),
    (369, '探索不同地區的語言豐富性。圓圈越大表示該地區詞句越多。', '台北，台灣', 25.033, 121.5654, 'langmap', datetime('now')),
    (370, '詞句密度', '台北，台灣', 25.033, 121.5654, 'langmap', datetime('now')),
    (371, '開始使用', '台北，台灣', 25.033, 121.5654, 'langmap', datetime('now')),
    (372, '搜尋詞句', '台北，台灣', 25.033, 121.5654, 'langmap', datetime('now')),
    (373, '查找不同語言和地區中詞語和句子的表達方式。', '台北，台灣', 25.033, 121.5654, 'langmap', datetime('now')),
    (374, '開始搜尋 →', '台北，台灣', 25.033, 121.5654, 'langmap', datetime('now')),
    (375, '新增詞句', '台北，台灣', 25.033, 121.5654, 'langmap', datetime('now')),
    (376, '通過新增您語言或地區的詞句為我們的資料庫做貢獻。', '台北，台灣', 25.033, 121.5654, 'langmap', datetime('now')),
    (377, '詞句數', '台北，台灣', 25.033, 121.5654, 'langmap', datetime('now')),
    (378, '未知', '台北，台灣', 25.033, 121.5654, 'langmap', datetime('now')),
    (379, '新增新詞 →', '台北，台灣', 25.033, 121.5654, 'langmap', datetime('now')),
    (380, '探索地圖', '台北，台灣', 25.033, 121.5654, 'langmap', datetime('now')),
    (381, '在互動式世界地圖上視覺化語言多樣性。', '台北，台灣', 25.033, 121.5654, 'langmap', datetime('now')),
    (382, '檢視地圖 →', '台北，台灣', 25.033, 121.5654, 'langmap', datetime('now')),
    (383, '正在載入地圖...', '台北，台灣', 25.033, 121.5654, 'langmap', datetime('now')),
    (384, '主頁', '台北，台灣', 25.033, 121.5654, 'langmap', datetime('now')),
    (385, '© {year} langmap - 語言詞句地圖平台', '台北，台灣', 25.033, 121.5654, 'langmap', datetime('now')),
    (386, '跨語言和地區查詢語言詞句', '台北，台灣', 25.033, 121.5654, 'langmap', datetime('now')),
    (387, '輸入詞語或句子...', '台北，台灣', 25.033, 121.5654, 'langmap', datetime('now')),
    (388, '正在搜尋詞句...', '台北，台灣', 25.033, 121.5654, 'langmap', datetime('now')),
    (389, '未找到結果', '台北，台灣', 25.033, 121.5654, 'langmap', datetime('now')),
    (390, '嘗試不同的搜尋詞或新增新詞句', '台北，台灣', 25.033, 121.5654, 'langmap', datetime('now')),
    (391, '新增"{expression}"', '台北，台灣', 25.033, 121.5654, 'langmap', datetime('now')),
    (392, '新詞句', '台北，台灣', 25.033, 121.5654, 'langmap', datetime('now')),
    (393, '找到 {count} 條詞句', '台北，台灣', 25.033, 121.5654, 'langmap', datetime('now')),
    (394, '返回', '台北，台灣', 25.033, 121.5654, 'langmap', datetime('now')),
    (395, '新增新詞句', '台北，台灣', 25.033, 121.5654, 'langmap', datetime('now')),
    (396, '文字', '台北，台灣', 25.033, 121.5654, 'langmap', datetime('now')),
    (397, '輸入語言詞句', '台北，台灣', 25.033, 121.5654, 'langmap', datetime('now')),
    (398, '該語言中的實際詞語或句子', '台北，台灣', 25.033, 121.5654, 'langmap', datetime('now')),
    (399, '選擇語言', '台北，台灣', 25.033, 121.5654, 'langmap', datetime('now')),
    (400, '為此詞句選擇語言', '台北，台灣', 25.033, 121.5654, 'langmap', datetime('now')),
    (401, '選擇語言...', '台北，台灣', 25.033, 121.5654, 'langmap', datetime('now')),
    (402, '正在載入語言...', '台北，台灣', 25.033, 121.5654, 'langmap', datetime('now')),
    (403, '地區（可選）', '台北，台灣', 25.033, 121.5654, 'langmap', datetime('now')),
    (404, '例如：中國、西班牙、全球', '台北，台灣', 25.033, 121.5654, 'langmap', datetime('now')),
    (405, '地理位置或區域', '台北，台灣', 25.033, 121.5654, 'langmap', datetime('now')),
    (406, '偵測我的位置', '台北，台灣', 25.033, 121.5654, 'langmap', datetime('now')),
    (407, '在地圖上選擇', '台北，台灣', 25.033, 121.5654, 'langmap', datetime('now')),
    (408, '點擊地圖選擇區域', '台北，台灣', 25.033, 121.5654, 'langmap', datetime('now')),
    (409, '您的瀏覽器不支援地理位置', '台北，台灣', 25.033, 121.5654, 'langmap', datetime('now')),
    (410, '無法偵測您的位置', '台北，台灣', 25.033, 121.5654, 'langmap', datetime('now')),
    (411, '正在解析位置資訊...', '台北，台灣', 25.033, 121.5654, 'langmap', datetime('now')),
    (412, '無法解析位置資訊', '台北，台灣', 25.033, 121.5654, 'langmap', datetime('now')),
    (413, '來源參考（可選）', '台北，台灣', 25.033, 121.5654, 'langmap', datetime('now')),
    (414, '例如：維基詞典、Dictionary.com 或 URL', '台北，台灣', 25.033, 121.5654, 'langmap', datetime('now')),
    (415, '此詞句的來源或參考', '台北，台灣', 25.033, 121.5654, 'langmap', datetime('now')),
    (416, '建立詞句', '台北，台灣', 25.033, 121.5654, 'langmap', datetime('now')),
    (417, '取消', '台北，台灣', 25.033, 121.5654, 'langmap', datetime('now')),
    (418, '語言和文字為必填項。', '台北，台灣', 25.033, 121.5654, 'langmap', datetime('now')),
    (419, '關聯含義', '台北，台灣', 25.033, 121.5654, 'langmap', datetime('now')),
    (420, '關聯現有含義', '台北，台灣', 25.033, 121.5654, 'langmap', datetime('now')),
    (421, '關聯新含義', '台北，台灣', 25.033, 121.5654, 'langmap', datetime('now')),
    (422, '已選詞句：', '台北，台灣', 25.033, 121.5654, 'langmap', datetime('now')),
    (423, '含義標題', '台北，台灣', 25.033, 121.5654, 'langmap', datetime('now')),
    (424, '此含義的簡要標識', '台北，台灣', 25.033, 121.5654, 'langmap', datetime('now')),
    (425, '捕捉此含義本質的短語', '台北，台灣', 25.033, 121.5654, 'langmap', datetime('now')),
    (426, '含義描述', '台北，台灣', 25.033, 121.5654, 'langmap', datetime('now')),
    (427, '此含義的詳細解釋', '台北，台灣', 25.033, 121.5654, 'langmap', datetime('now')),
    (428, '對此含義所代表內容的全面描述', '台北，台灣', 25.033, 121.5654, 'langmap', datetime('now')),
    (429, '標籤', '台北，台灣', 25.033, 121.5654, 'langmap', datetime('now')),
    (430, '添加標籤...', '台北，台灣', 25.033, 121.5654, 'langmap', datetime('now')),
    (431, '標籤有助於分類和查找含義（按回車鍵或逗號添加）', '台北，台灣', 25.033, 121.5654, 'langmap', datetime('now')),
    (432, '新增語言', '台北，台灣', 25.033, 121.5654, 'langmap', datetime('now')),
    (433, '語言代碼', '台北，台灣', 25.033, 121.5654, 'langmap', datetime('now')),
    (434, '例如：custom-lang、toki-pona', '台北，台灣', 25.033, 121.5654, 'langmap', datetime('now')),
    (435, '您語言的自訂代碼（可以是非標準的）', '台北，台灣', 25.033, 121.5654, 'langmap', datetime('now')),
    (436, '語言名稱', '台北，台灣', 25.033, 121.5654, 'langmap', datetime('now')),
    (437, '例如：自訂語言', '台北，台灣', 25.033, 121.5654, 'langmap', datetime('now')),
    (438, '本地名稱', '台北，台灣', 25.033, 121.5654, 'langmap', datetime('now')),
    (439, '例如：本地語言名稱', '台北，台灣', 25.033, 121.5654, 'langmap', datetime('now')),
    (440, '地區信息', '台北，台灣', 25.033, 121.5654, 'langmap', datetime('now')),
    (441, '地區名稱', '台北，台灣', 25.033, 121.5654, 'langmap', datetime('now')),
    (442, '例如：倫敦，英國', '台北，台灣', 25.033, 121.5654, 'langmap', datetime('now')),
    (443, '本地地區名稱', '台北，台灣', 25.033, 121.5654, 'langmap', datetime('now')),
    (444, '緯度', '台北，台灣', 25.033, 121.5654, 'langmap', datetime('now')),
    (445, '例如：51.5074', '台北，台灣', 25.033, 121.5654, 'langmap', datetime('now')),
    (446, '經度', '台北，台灣', 25.033, 121.5654, 'langmap', datetime('now')),
    (447, '例如：-0.1278', '台北，台灣', 25.033, 121.5654, 'langmap', datetime('now')),
    (448, '隱藏地圖', '台北，台灣', 25.033, 121.5654, 'langmap', datetime('now')),
    (449, '文字方向', '台北，台灣', 25.033, 121.5654, 'langmap', datetime('now')),
    (450, '從左到右 (LTR)', '台北，台灣', 25.033, 121.5654, 'langmap', datetime('now')),
    (451, '從右到左 (RTL)', '台北，台灣', 25.033, 121.5654, 'langmap', datetime('now')),
    (452, '正在新增...', '台北，台灣', 25.033, 121.5654, 'langmap', datetime('now')),
    (453, '新增語言失敗，請重試。', '台北，台灣', 25.033, 121.5654, 'langmap', datetime('now')),
    (454, '返回搜尋', '台北，台灣', 25.033, 121.5654, 'langmap', datetime('now')),
    (455, '正在載入詞句詳情...', '台北，台灣', 25.033, 121.5654, 'langmap', datetime('now')),
    (456, '詞句詳情', '台北，台灣', 25.033, 121.5654, 'langmap', datetime('now')),
    (457, '關聯詞句', '台北，台灣', 25.033, 121.5654, 'langmap', datetime('now')),
    (458, '搜尋要關聯的詞句...', '台北，台灣', 25.033, 121.5654, 'langmap', datetime('now')),
    (459, '正在搜尋...', '台北，台灣', 25.033, 121.5654, 'langmap', datetime('now')),
    (460, '未找到詞句。請嘗試不同的搜尋詞。', '台北，台灣', 25.033, 121.5654, 'langmap', datetime('now')),
    (461, '連結', '台北，台灣', 25.033, 121.5654, 'langmap', datetime('now')),
    (462, '已連結', '台北，台灣', 25.033, 121.5654, 'langmap', datetime('now')),
    (463, '搜尋結果包含當前詞句。', '台北，台灣', 25.033, 121.5654, 'langmap', datetime('now')),
    (464, '連結到含義：', '台北，台灣', 25.033, 121.5654, 'langmap', datetime('now')),
    (465, '-- 選擇含義 --', '台北，台灣', 25.033, 121.5654, 'langmap', datetime('now')),
    (466, '建立新含義…', '台北，台灣', 25.033, 121.5654, 'langmap', datetime('now')),
    (467, '新含義標題', '台北，台灣', 25.033, 121.5654, 'langmap', datetime('now')),
    (468, '建立含義', '台北，台灣', 25.033, 121.5654, 'langmap', datetime('now')),
    (469, '此詞句未關聯任何含義', '台北，台灣', 25.033, 121.5654, 'langmap', datetime('now')),
    (470, '全球', '台北，台灣', 25.033, 121.5654, 'langmap', datetime('now')),
    (471, '播放', '台北，台灣', 25.033, 121.5654, 'langmap', datetime('now')),
    (472, '自動', '台北，台灣', 25.033, 121.5654, 'langmap', datetime('now')),
    (473, '版本歷史', '台北，台灣', 25.033, 121.5654, 'langmap', datetime('now')),
    (474, '正在載入版本...', '台北，台灣', 25.033, 121.5654, 'langmap', datetime('now')),
    (475, '無可用版本', '台北，台灣', 25.033, 121.5654, 'langmap', datetime('now')),
    (476, '匿名', '台北，台灣', 25.033, 121.5654, 'langmap', datetime('now')),
    (477, 'Explore the World of Languages', 'New York, United States', 40.7128, -74.006, 'langmap', datetime('now')),
    (478, 'Discover how expressions vary across regions and cultures', 'New York, United States', 40.7128, -74.006, 'langmap', datetime('now')),
    (479, 'Search for an expression...', 'New York, United States', 40.7128, -74.006, 'langmap', datetime('now')),
    (480, 'Search', 'New York, United States', 40.7128, -74.006, 'langmap', datetime('now')),
    (481, 'Total Expressions', 'New York, United States', 40.7128, -74.006, 'langmap', datetime('now')),
    (482, 'Languages', 'New York, United States', 40.7128, -74.006, 'langmap', datetime('now')),
    (483, 'Regions', 'New York, United States', 40.7128, -74.006, 'langmap', datetime('now')),
    (484, 'Global Language Distribution', 'New York, United States', 40.7128, -74.006, 'langmap', datetime('now')),
    (485, 'Explore the richness of linguistic expressions across different regions. Larger circles indicate more expressions in that area.', 'New York, United States', 40.7128, -74.006, 'langmap', datetime('now')),
    (486, 'Expression Density', 'New York, United States', 40.7128, -74.006, 'langmap', datetime('now')),
    (487, 'Low', 'New York, United States', 40.7128, -74.006, 'langmap', datetime('now')),
    (488, 'Medium', 'New York, United States', 40.7128, -74.006, 'langmap', datetime('now')),
    (489, 'High', 'New York, United States', 40.7128, -74.006, 'langmap', datetime('now')),
    (490, 'Get Started', 'New York, United States', 40.7128, -74.006, 'langmap', datetime('now')),
    (491, 'Search Expressions', 'New York, United States', 40.7128, -74.006, 'langmap', datetime('now')),
    (492, 'Find how words and sentences are expressed across different languages and regions.', 'New York, United States', 40.7128, -74.006, 'langmap', datetime('now')),
    (493, 'Start Searching →', 'New York, United States', 40.7128, -74.006, 'langmap', datetime('now')),
    (494, 'Add Expression', 'New York, United States', 40.7128, -74.006, 'langmap', datetime('now')),
    (495, 'Contribute to our database by adding expressions from your language or region.', 'New York, United States', 40.7128, -74.006, 'langmap', datetime('now')),
    (496, 'Region', 'New York, United States', 40.7128, -74.006, 'langmap', datetime('now')),
    (497, 'Language', 'New York, United States', 40.7128, -74.006, 'langmap', datetime('now')),
    (498, 'Expressions', 'New York, United States', 40.7128, -74.006, 'langmap', datetime('now')),
    (499, 'Unknown', 'New York, United States', 40.7128, -74.006, 'langmap', datetime('now')),
    (500, 'Add New →', 'New York, United States', 40.7128, -74.006, 'langmap', datetime('now'));
INSERT OR IGNORE INTO expressions (id, text, language_code, region_code, region_name, region_latitude, region_longitude, created_by, updated_by, created_at, updated_at, tags, source_type, review_status) VALUES
    (501, 'Explore Map', 'en-US', 'US', 'New York, United States', 40.7128, -74.006, 'langmap', 'langmap', datetime('now'), datetime('now'), '["langmap"]', 'ai', 'approved'),
    (502, 'Visualize linguistic diversity on an interactive world map.', 'en-US', 'US', 'New York, United States', 40.7128, -74.006, 'langmap', 'langmap', datetime('now'), datetime('now'), '["langmap"]', 'ai', 'approved'),
    (503, 'View Map →', 'en-US', 'US', 'New York, United States', 40.7128, -74.006, 'langmap', 'langmap', datetime('now'), datetime('now'), '["langmap"]', 'ai', 'approved'),
    (504, 'Loading map...', 'en-US', 'US', 'New York, United States', 40.7128, -74.006, 'langmap', 'langmap', datetime('now'), datetime('now'), '["langmap"]', 'ai', 'approved'),
    (505, 'Home', 'en-US', 'US', 'New York, United States', 40.7128, -74.006, 'langmap', 'langmap', datetime('now'), datetime('now'), '["langmap"]', 'ai', 'approved'),
    (506, '© {year} langmap - Linguistic Expression Mapping Platform', 'en-US', 'US', 'New York, United States', 40.7128, -74.006, 'langmap', 'langmap', datetime('now'), datetime('now'), '["langmap"]', 'ai', 'approved'),
    (507, 'Find linguistic expressions across languages and regions', 'en-US', 'US', 'New York, United States', 40.7128, -74.006, 'langmap', 'langmap', datetime('now'), datetime('now'), '["langmap"]', 'ai', 'approved'),
    (508, 'Enter a word or sentence...', 'en-US', 'US', 'New York, United States', 40.7128, -74.006, 'langmap', 'langmap', datetime('now'), datetime('now'), '["langmap"]', 'ai', 'approved'),
    (509, 'Searching expressions...', 'en-US', 'US', 'New York, United States', 40.7128, -74.006, 'langmap', 'langmap', datetime('now'), datetime('now'), '["langmap"]', 'ai', 'approved'),
    (510, 'No results found', 'en-US', 'US', 'New York, United States', 40.7128, -74.006, 'langmap', 'langmap', datetime('now'), datetime('now'), '["langmap"]', 'ai', 'approved'),
    (511, 'Try different search terms or add a new expression', 'en-US', 'US', 'New York, United States', 40.7128, -74.006, 'langmap', 'langmap', datetime('now'), datetime('now'), '["langmap"]', 'ai', 'approved'),
    (512, 'Add "{expression}"', 'en-US', 'US', 'New York, United States', 40.7128, -74.006, 'langmap', 'langmap', datetime('now'), datetime('now'), '["langmap"]', 'ai', 'approved'),
    (513, 'new expression', 'en-US', 'US', 'New York, United States', 40.7128, -74.006, 'langmap', 'langmap', datetime('now'), datetime('now'), '["langmap"]', 'ai', 'approved'),
    (514, 'Found {count} expression{plural}', 'en-US', 'US', 'New York, United States', 40.7128, -74.006, 'langmap', 'langmap', datetime('now'), datetime('now'), '["langmap"]', 'ai', 'approved'),
    (515, 'Back', 'en-US', 'US', 'New York, United States', 40.7128, -74.006, 'langmap', 'langmap', datetime('now'), datetime('now'), '["langmap"]', 'ai', 'approved'),
    (516, 'Add New Expression', 'en-US', 'US', 'New York, United States', 40.7128, -74.006, 'langmap', 'langmap', datetime('now'), datetime('now'), '["langmap"]', 'ai', 'approved'),
    (517, 'Text', 'en-US', 'US', 'New York, United States', 40.7128, -74.006, 'langmap', 'langmap', datetime('now'), datetime('now'), '["langmap"]', 'ai', 'approved'),
    (518, 'Enter the linguistic expression', 'en-US', 'US', 'New York, United States', 40.7128, -74.006, 'langmap', 'langmap', datetime('now'), datetime('now'), '["langmap"]', 'ai', 'approved'),
    (519, 'The actual word or sentence in the language', 'en-US', 'US', 'New York, United States', 40.7128, -74.006, 'langmap', 'langmap', datetime('now'), datetime('now'), '["langmap"]', 'ai', 'approved'),
    (520, 'Select language', 'en-US', 'US', 'New York, United States', 40.7128, -74.006, 'langmap', 'langmap', datetime('now'), datetime('now'), '["langmap"]', 'ai', 'approved'),
    (521, 'Select the language for this expression', 'en-US', 'US', 'New York, United States', 40.7128, -74.006, 'langmap', 'langmap', datetime('now'), datetime('now'), '["langmap"]', 'ai', 'approved'),
    (522, 'Select language...', 'en-US', 'US', 'New York, United States', 40.7128, -74.006, 'langmap', 'langmap', datetime('now'), datetime('now'), '["langmap"]', 'ai', 'approved'),
    (523, 'Loading languages...', 'en-US', 'US', 'New York, United States', 40.7128, -74.006, 'langmap', 'langmap', datetime('now'), datetime('now'), '["langmap"]', 'ai', 'approved'),
    (524, 'Region (optional)', 'en-US', 'US', 'New York, United States', 40.7128, -74.006, 'langmap', 'langmap', datetime('now'), datetime('now'), '["langmap"]', 'ai', 'approved'),
    (525, 'e.g. China, Spain, Global', 'en-US', 'US', 'New York, United States', 40.7128, -74.006, 'langmap', 'langmap', datetime('now'), datetime('now'), '["langmap"]', 'ai', 'approved'),
    (526, 'Geographic region or area', 'en-US', 'US', 'New York, United States', 40.7128, -74.006, 'langmap', 'langmap', datetime('now'), datetime('now'), '["langmap"]', 'ai', 'approved'),
    (527, 'Detect my location', 'en-US', 'US', 'New York, United States', 40.7128, -74.006, 'langmap', 'langmap', datetime('now'), datetime('now'), '["langmap"]', 'ai', 'approved'),
    (528, 'Select on map', 'en-US', 'US', 'New York, United States', 40.7128, -74.006, 'langmap', 'langmap', datetime('now'), datetime('now'), '["langmap"]', 'ai', 'approved'),
    (529, 'Click on the map to select a region', 'en-US', 'US', 'New York, United States', 40.7128, -74.006, 'langmap', 'langmap', datetime('now'), datetime('now'), '["langmap"]', 'ai', 'approved'),
    (530, 'Geolocation is not supported by your browser', 'en-US', 'US', 'New York, United States', 40.7128, -74.006, 'langmap', 'langmap', datetime('now'), datetime('now'), '["langmap"]', 'ai', 'approved'),
    (531, 'Failed to detect your location', 'en-US', 'US', 'New York, United States', 40.7128, -74.006, 'langmap', 'langmap', datetime('now'), datetime('now'), '["langmap"]', 'ai', 'approved'),
    (532, 'Parsing location information...', 'en-US', 'US', 'New York, United States', 40.7128, -74.006, 'langmap', 'langmap', datetime('now'), datetime('now'), '["langmap"]', 'ai', 'approved'),
    (533, 'Failed to parse location information', 'en-US', 'US', 'New York, United States', 40.7128, -74.006, 'langmap', 'langmap', datetime('now'), datetime('now'), '["langmap"]', 'ai', 'approved'),
    (534, 'Source reference (optional)', 'en-US', 'US', 'New York, United States', 40.7128, -74.006, 'langmap', 'langmap', datetime('now'), datetime('now'), '["langmap"]', 'ai', 'approved'),
    (535, 'e.g. Wiktionary, Dictionary.com, or a URL', 'en-US', 'US', 'New York, United States', 40.7128, -74.006, 'langmap', 'langmap', datetime('now'), datetime('now'), '["langmap"]', 'ai', 'approved'),
    (536, 'Origin or reference for this expression', 'en-US', 'US', 'New York, United States', 40.7128, -74.006, 'langmap', 'langmap', datetime('now'), datetime('now'), '["langmap"]', 'ai', 'approved'),
    (537, 'Create Expression', 'en-US', 'US', 'New York, United States', 40.7128, -74.006, 'langmap', 'langmap', datetime('now'), datetime('now'), '["langmap"]', 'ai', 'approved'),
    (538, 'Cancel', 'en-US', 'US', 'New York, United States', 40.7128, -74.006, 'langmap', 'langmap', datetime('now'), datetime('now'), '["langmap"]', 'ai', 'approved'),
    (539, 'Language and text are required.', 'en-US', 'US', 'New York, United States', 40.7128, -74.006, 'langmap', 'langmap', datetime('now'), datetime('now'), '["langmap"]', 'ai', 'approved'),
    (540, 'Associate with Meaning', 'en-US', 'US', 'New York, United States', 40.7128, -74.006, 'langmap', 'langmap', datetime('now'), datetime('now'), '["langmap"]', 'ai', 'approved'),
    (541, 'Associate with Existing Meaning', 'en-US', 'US', 'New York, United States', 40.7128, -74.006, 'langmap', 'langmap', datetime('now'), datetime('now'), '["langmap"]', 'ai', 'approved'),
    (542, 'Associate with New Meaning', 'en-US', 'US', 'New York, United States', 40.7128, -74.006, 'langmap', 'langmap', datetime('now'), datetime('now'), '["langmap"]', 'ai', 'approved'),
    (543, 'Selected expression:', 'en-US', 'US', 'New York, United States', 40.7128, -74.006, 'langmap', 'langmap', datetime('now'), datetime('now'), '["langmap"]', 'ai', 'approved'),
    (544, 'Meaning Gloss', 'en-US', 'US', 'New York, United States', 40.7128, -74.006, 'langmap', 'langmap', datetime('now'), datetime('now'), '["langmap"]', 'ai', 'approved'),
    (545, 'Brief identifier for this meaning', 'en-US', 'US', 'New York, United States', 40.7128, -74.006, 'langmap', 'langmap', datetime('now'), datetime('now'), '["langmap"]', 'ai', 'approved'),
    (546, 'A short phrase that captures the essence of this meaning', 'en-US', 'US', 'New York, United States', 40.7128, -74.006, 'langmap', 'langmap', datetime('now'), datetime('now'), '["langmap"]', 'ai', 'approved'),
    (547, 'Meaning Description', 'en-US', 'US', 'New York, United States', 40.7128, -74.006, 'langmap', 'langmap', datetime('now'), datetime('now'), '["langmap"]', 'ai', 'approved'),
    (548, 'Detailed explanation of this meaning', 'en-US', 'US', 'New York, United States', 40.7128, -74.006, 'langmap', 'langmap', datetime('now'), datetime('now'), '["langmap"]', 'ai', 'approved'),
    (549, 'A comprehensive description of what this meaning represents', 'en-US', 'US', 'New York, United States', 40.7128, -74.006, 'langmap', 'langmap', datetime('now'), datetime('now'), '["langmap"]', 'ai', 'approved'),
    (550, 'Tags', 'en-US', 'US', 'New York, United States', 40.7128, -74.006, 'langmap', 'langmap', datetime('now'), datetime('now'), '["langmap"]', 'ai', 'approved'),
    (551, 'Add a tag...', 'en-US', 'US', 'New York, United States', 40.7128, -74.006, 'langmap', 'langmap', datetime('now'), datetime('now'), '["langmap"]', 'ai', 'approved'),
    (552, 'Tags help categorize and find meanings (press Enter or comma to add)', 'en-US', 'US', 'New York, United States', 40.7128, -74.006, 'langmap', 'langmap', datetime('now'), datetime('now'), '["langmap"]', 'ai', 'approved'),
    (553, 'Add Language', 'en-US', 'US', 'New York, United States', 40.7128, -74.006, 'langmap', 'langmap', datetime('now'), datetime('now'), '["langmap"]', 'ai', 'approved'),
    (554, 'Language Code', 'en-US', 'US', 'New York, United States', 40.7128, -74.006, 'langmap', 'langmap', datetime('now'), datetime('now'), '["langmap"]', 'ai', 'approved'),
    (555, 'e.g. custom-lang, toki-pona', 'en-US', 'US', 'New York, United States', 40.7128, -74.006, 'langmap', 'langmap', datetime('now'), datetime('now'), '["langmap"]', 'ai', 'approved'),
    (556, 'Custom code for your language (can be non-standard)', 'en-US', 'US', 'New York, United States', 40.7128, -74.006, 'langmap', 'langmap', datetime('now'), datetime('now'), '["langmap"]', 'ai', 'approved'),
    (557, 'Language Name', 'en-US', 'US', 'New York, United States', 40.7128, -74.006, 'langmap', 'langmap', datetime('now'), datetime('now'), '["langmap"]', 'ai', 'approved'),
    (558, 'e.g. Custom Language', 'en-US', 'US', 'New York, United States', 40.7128, -74.006, 'langmap', 'langmap', datetime('now'), datetime('now'), '["langmap"]', 'ai', 'approved'),
    (559, 'Native Name', 'en-US', 'US', 'New York, United States', 40.7128, -74.006, 'langmap', 'langmap', datetime('now'), datetime('now'), '["langmap"]', 'ai', 'approved'),
    (560, 'e.g. Native Language Name', 'en-US', 'US', 'New York, United States', 40.7128, -74.006, 'langmap', 'langmap', datetime('now'), datetime('now'), '["langmap"]', 'ai', 'approved'),
    (561, 'Text Direction', 'en-US', 'US', 'New York, United States', 40.7128, -74.006, 'langmap', 'langmap', datetime('now'), datetime('now'), '["langmap"]', 'ai', 'approved'),
    (562, 'Left to Right (LTR)', 'en-US', 'US', 'New York, United States', 40.7128, -74.006, 'langmap', 'langmap', datetime('now'), datetime('now'), '["langmap"]', 'ai', 'approved'),
    (563, 'Right to Left (RTL)', 'en-US', 'US', 'New York, United States', 40.7128, -74.006, 'langmap', 'langmap', datetime('now'), datetime('now'), '["langmap"]', 'ai', 'approved'),
    (564, 'Adding...', 'en-US', 'US', 'New York, United States', 40.7128, -74.006, 'langmap', 'langmap', datetime('now'), datetime('now'), '["langmap"]', 'ai', 'approved'),
    (565, 'Failed to add language. Please try again.', 'en-US', 'US', 'New York, United States', 40.7128, -74.006, 'langmap', 'langmap', datetime('now'), datetime('now'), '["langmap"]', 'ai', 'approved'),
    (566, 'Latitude', 'en-US', 'US', 'New York, United States', 40.7128, -74.006, 'langmap', 'langmap', datetime('now'), datetime('now'), '["langmap"]', 'ai', 'approved'),
    (567, 'e.g. 51.5074', 'en-US', 'US', 'New York, United States', 40.7128, -74.006, 'langmap', 'langmap', datetime('now'), datetime('now'), '["langmap"]', 'ai', 'approved'),
    (568, 'Longitude', 'en-US', 'US', 'New York, United States', 40.7128, -74.006, 'langmap', 'langmap', datetime('now'), datetime('now'), '["langmap"]', 'ai', 'approved'),
    (569, 'e.g. -0.1278', 'en-US', 'US', 'New York, United States', 40.7128, -74.006, 'langmap', 'langmap', datetime('now'), datetime('now'), '["langmap"]', 'ai', 'approved'),
    (570, 'Region Information', 'en-US', 'US', 'New York, United States', 40.7128, -74.006, 'langmap', 'langmap', datetime('now'), datetime('now'), '["langmap"]', 'ai', 'approved'),
    (571, 'Region Name', 'en-US', 'US', 'New York, United States', 40.7128, -74.006, 'langmap', 'langmap', datetime('now'), datetime('now'), '["langmap"]', 'ai', 'approved'),
    (572, 'e.g. London, UK', 'en-US', 'US', 'New York, United States', 40.7128, -74.006, 'langmap', 'langmap', datetime('now'), datetime('now'), '["langmap"]', 'ai', 'approved'),
    (573, 'Native Region Name', 'en-US', 'US', 'New York, United States', 40.7128, -74.006, 'langmap', 'langmap', datetime('now'), datetime('now'), '["langmap"]', 'ai', 'approved'),
    (574, 'e.g. Londres, R.-U.', 'en-US', 'US', 'New York, United States', 40.7128, -74.006, 'langmap', 'langmap', datetime('now'), datetime('now'), '["langmap"]', 'ai', 'approved'),
    (575, 'Hide Map', 'en-US', 'US', 'New York, United States', 40.7128, -74.006, 'langmap', 'langmap', datetime('now'), datetime('now'), '["langmap"]', 'ai', 'approved'),
    (576, 'Back to Search', 'en-US', 'US', 'New York, United States', 40.7128, -74.006, 'langmap', 'langmap', datetime('now'), datetime('now'), '["langmap"]', 'ai', 'approved'),
    (577, 'Loading expression details...', 'en-US', 'US', 'New York, United States', 40.7128, -74.006, 'langmap', 'langmap', datetime('now'), datetime('now'), '["langmap"]', 'ai', 'approved'),
    (578, 'Expression Details', 'en-US', 'US', 'New York, United States', 40.7128, -74.006, 'langmap', 'langmap', datetime('now'), datetime('now'), '["langmap"]', 'ai', 'approved'),
    (579, 'Associated Meanings', 'en-US', 'US', 'New York, United States', 40.7128, -74.006, 'langmap', 'langmap', datetime('now'), datetime('now'), '["langmap"]', 'ai', 'approved'),
    (580, 'Associate Expressions', 'en-US', 'US', 'New York, United States', 40.7128, -74.006, 'langmap', 'langmap', datetime('now'), datetime('now'), '["langmap"]', 'ai', 'approved'),
    (581, 'Search expressions to associate...', 'en-US', 'US', 'New York, United States', 40.7128, -74.006, 'langmap', 'langmap', datetime('now'), datetime('now'), '["langmap"]', 'ai', 'approved'),
    (582, 'Searching...', 'en-US', 'US', 'New York, United States', 40.7128, -74.006, 'langmap', 'langmap', datetime('now'), datetime('now'), '["langmap"]', 'ai', 'approved'),
    (583, 'No expressions found. Try different search terms.', 'en-US', 'US', 'New York, United States', 40.7128, -74.006, 'langmap', 'langmap', datetime('now'), datetime('now'), '["langmap"]', 'ai', 'approved'),
    (584, 'Link', 'en-US', 'US', 'New York, United States', 40.7128, -74.006, 'langmap', 'langmap', datetime('now'), datetime('now'), '["langmap"]', 'ai', 'approved'),
    (585, 'Already linked', 'en-US', 'US', 'New York, United States', 40.7128, -74.006, 'langmap', 'langmap', datetime('now'), datetime('now'), '["langmap"]', 'ai', 'approved'),
    (586, 'Search results include the current expression.', 'en-US', 'US', 'New York, United States', 40.7128, -74.006, 'langmap', 'langmap', datetime('now'), datetime('now'), '["langmap"]', 'ai', 'approved'),
    (587, 'Link to meaning:', 'en-US', 'US', 'New York, United States', 40.7128, -74.006, 'langmap', 'langmap', datetime('now'), datetime('now'), '["langmap"]', 'ai', 'approved'),
    (588, '-- Select meaning --', 'en-US', 'US', 'New York, United States', 40.7128, -74.006, 'langmap', 'langmap', datetime('now'), datetime('now'), '["langmap"]', 'ai', 'approved'),
    (589, 'Create new meaning…', 'en-US', 'US', 'New York, United States', 40.7128, -74.006, 'langmap', 'langmap', datetime('now'), datetime('now'), '["langmap"]', 'ai', 'approved'),
    (590, 'New meaning gloss', 'en-US', 'US', 'New York, United States', 40.7128, -74.006, 'langmap', 'langmap', datetime('now'), datetime('now'), '["langmap"]', 'ai', 'approved'),
    (591, 'Create Meaning', 'en-US', 'US', 'New York, United States', 40.7128, -74.006, 'langmap', 'langmap', datetime('now'), datetime('now'), '["langmap"]', 'ai', 'approved'),
    (592, 'No meanings associated with this expression', 'en-US', 'US', 'New York, United States', 40.7128, -74.006, 'langmap', 'langmap', datetime('now'), datetime('now'), '["langmap"]', 'ai', 'approved'),
    (593, 'Associate with meanings', 'en-US', 'US', 'New York, United States', 40.7128, -74.006, 'langmap', 'langmap', datetime('now'), datetime('now'), '["langmap"]', 'ai', 'approved'),
    (594, 'Global', 'en-US', 'US', 'New York, United States', 40.7128, -74.006, 'langmap', 'langmap', datetime('now'), datetime('now'), '["langmap"]', 'ai', 'approved'),
    (595, 'Play', 'en-US', 'US', 'New York, United States', 40.7128, -74.006, 'langmap', 'langmap', datetime('now'), datetime('now'), '["langmap"]', 'ai', 'approved'),
    (596, 'auto', 'en-US', 'US', 'New York, United States', 40.7128, -74.006, 'langmap', 'langmap', datetime('now'), datetime('now'), '["langmap"]', 'ai', 'approved'),
    (597, 'Version History', 'en-US', 'US', 'New York, United States', 40.7128, -74.006, 'langmap', 'langmap', datetime('now'), datetime('now'), '["langmap"]', 'ai', 'approved'),
    (598, 'Loading versions...', 'en-US', 'US', 'New York, United States', 40.7128, -74.006, 'langmap', 'langmap', datetime('now'), datetime('now'), '["langmap"]', 'ai', 'approved'),
    (599, 'No versions available', 'en-US', 'US', 'New York, United States', 40.7128, -74.006, 'langmap', 'langmap', datetime('now'), datetime('now'), '["langmap"]', 'ai', 'approved'),
    (600, 'Anonymous', 'en-US', 'US', 'New York, United States', 40.7128, -74.006, 'langmap', 'langmap', datetime('now'), datetime('now'), '["langmap"]', 'ai', 'approved'),
    (601, 'Explora el mundo de los idiomas', 'es', 'ES', 'Madrid, España', 40.4168, -3.7038, 'langmap', 'langmap', datetime('now'), datetime('now'), '["langmap"]', 'ai', 'approved'),
    (602, 'Descubre cómo varían las expresiones según las regiones y culturas', 'es', 'ES', 'Madrid, España', 40.4168, -3.7038, 'langmap', 'langmap', datetime('now'), datetime('now'), '["langmap"]', 'ai', 'approved'),
    (603, 'Buscar una expresión...', 'es', 'ES', 'Madrid, España', 40.4168, -3.7038, 'langmap', 'langmap', datetime('now'), datetime('now'), '["langmap"]', 'ai', 'approved'),
    (604, 'Buscar', 'es', 'ES', 'Madrid, España', 40.4168, -3.7038, 'langmap', 'langmap', datetime('now'), datetime('now'), '["langmap"]', 'ai', 'approved'),
    (605, 'Expresiones totales', 'es', 'ES', 'Madrid, España', 40.4168, -3.7038, 'langmap', 'langmap', datetime('now'), datetime('now'), '["langmap"]', 'ai', 'approved'),
    (606, 'Idiomas', 'es', 'ES', 'Madrid, España', 40.4168, -3.7038, 'langmap', 'langmap', datetime('now'), datetime('now'), '["langmap"]', 'ai', 'approved'),
    (607, 'Regiones', 'es', 'ES', 'Madrid, España', 40.4168, -3.7038, 'langmap', 'langmap', datetime('now'), datetime('now'), '["langmap"]', 'ai', 'approved'),
    (608, 'Distribución global del idioma', 'es', 'ES', 'Madrid, España', 40.4168, -3.7038, 'langmap', 'langmap', datetime('now'), datetime('now'), '["langmap"]', 'ai', 'approved'),
    (609, 'Explora la riqueza de las expresiones lingüísticas en diferentes regiones. Los círculos más grandes indican más expresiones en esa área.', 'es', 'ES', 'Madrid, España', 40.4168, -3.7038, 'langmap', 'langmap', datetime('now'), datetime('now'), '["langmap"]', 'ai', 'approved'),
    (610, 'Densidad de expresiones', 'es', 'ES', 'Madrid, España', 40.4168, -3.7038, 'langmap', 'langmap', datetime('now'), datetime('now'), '["langmap"]', 'ai', 'approved'),
    (611, 'Bajo', 'es', 'ES', 'Madrid, España', 40.4168, -3.7038, 'langmap', 'langmap', datetime('now'), datetime('now'), '["langmap"]', 'ai', 'approved'),
    (612, 'Medio', 'es', 'ES', 'Madrid, España', 40.4168, -3.7038, 'langmap', 'langmap', datetime('now'), datetime('now'), '["langmap"]', 'ai', 'approved'),
    (613, 'Alto', 'es', 'ES', 'Madrid, España', 40.4168, -3.7038, 'langmap', 'langmap', datetime('now'), datetime('now'), '["langmap"]', 'ai', 'approved'),
    (614, 'Comenzar', 'es', 'ES', 'Madrid, España', 40.4168, -3.7038, 'langmap', 'langmap', datetime('now'), datetime('now'), '["langmap"]', 'ai', 'approved'),
    (615, 'Buscar expresiones', 'es', 'ES', 'Madrid, España', 40.4168, -3.7038, 'langmap', 'langmap', datetime('now'), datetime('now'), '["langmap"]', 'ai', 'approved'),
    (616, 'Encuentra cómo se expresan palabras y oraciones en diferentes idiomas y regiones.', 'es', 'ES', 'Madrid, España', 40.4168, -3.7038, 'langmap', 'langmap', datetime('now'), datetime('now'), '["langmap"]', 'ai', 'approved'),
    (617, 'Comenzar búsqueda →', 'es', 'ES', 'Madrid, España', 40.4168, -3.7038, 'langmap', 'langmap', datetime('now'), datetime('now'), '["langmap"]', 'ai', 'approved'),
    (618, 'Agregar expresión', 'es', 'ES', 'Madrid, España', 40.4168, -3.7038, 'langmap', 'langmap', datetime('now'), datetime('now'), '["langmap"]', 'ai', 'approved'),
    (619, 'Contribuye a nuestra base de datos agregando expresiones de tu idioma o región.', 'es', 'ES', 'Madrid, España', 40.4168, -3.7038, 'langmap', 'langmap', datetime('now'), datetime('now'), '["langmap"]', 'ai', 'approved'),
    (620, 'Región', 'es', 'ES', 'Madrid, España', 40.4168, -3.7038, 'langmap', 'langmap', datetime('now'), datetime('now'), '["langmap"]', 'ai', 'approved'),
    (621, 'Idioma', 'es', 'ES', 'Madrid, España', 40.4168, -3.7038, 'langmap', 'langmap', datetime('now'), datetime('now'), '["langmap"]', 'ai', 'approved'),
    (622, 'Expresiones', 'es', 'ES', 'Madrid, España', 40.4168, -3.7038, 'langmap', 'langmap', datetime('now'), datetime('now'), '["langmap"]', 'ai', 'approved'),
    (623, 'Desconocido', 'es', 'ES', 'Madrid, España', 40.4168, -3.7038, 'langmap', 'langmap', datetime('now'), datetime('now'), '["langmap"]', 'ai', 'approved'),
    (624, 'Agregar nueva →', 'es', 'ES', 'Madrid, España', 40.4168, -3.7038, 'langmap', 'langmap', datetime('now'), datetime('now'), '["langmap"]', 'ai', 'approved'),
    (625, 'Explorar mapa', 'es', 'ES', 'Madrid, España', 40.4168, -3.7038, 'langmap', 'langmap', datetime('now'), datetime('now'), '["langmap"]', 'ai', 'approved'),
    (626, 'Visualiza la diversidad lingüística en un mapa mundial interactivo.', 'es', 'ES', 'Madrid, España', 40.4168, -3.7038, 'langmap', 'langmap', datetime('now'), datetime('now'), '["langmap"]', 'ai', 'approved'),
    (627, 'Ver mapa →', 'es', 'ES', 'Madrid, España', 40.4168, -3.7038, 'langmap', 'langmap', datetime('now'), datetime('now'), '["langmap"]', 'ai', 'approved'),
    (628, 'Cargando mapa...', 'es', 'ES', 'Madrid, España', 40.4168, -3.7038, 'langmap', 'langmap', datetime('now'), datetime('now'), '["langmap"]', 'ai', 'approved'),
    (629, 'Inicio', 'es', 'ES', 'Madrid, España', 40.4168, -3.7038, 'langmap', 'langmap', datetime('now'), datetime('now'), '["langmap"]', 'ai', 'approved'),
    (630, '© {year} langmap - Plataforma de mapeo de expresiones lingüísticas', 'es', 'ES', 'Madrid, España', 40.4168, -3.7038, 'langmap', 'langmap', datetime('now'), datetime('now'), '["langmap"]', 'ai', 'approved'),
    (631, 'Encuentra expresiones lingüísticas en idiomas y regiones', 'es', 'ES', 'Madrid, España', 40.4168, -3.7038, 'langmap', 'langmap', datetime('now'), datetime('now'), '["langmap"]', 'ai', 'approved'),
    (632, 'Ingresa una palabra o oración...', 'es', 'ES', 'Madrid, España', 40.4168, -3.7038, 'langmap', 'langmap', datetime('now'), datetime('now'), '["langmap"]', 'ai', 'approved'),
    (633, 'Buscando expresiones...', 'es', 'ES', 'Madrid, España', 40.4168, -3.7038, 'langmap', 'langmap', datetime('now'), datetime('now'), '["langmap"]', 'ai', 'approved'),
    (634, 'No se encontraron resultados', 'es', 'ES', 'Madrid, España', 40.4168, -3.7038, 'langmap', 'langmap', datetime('now'), datetime('now'), '["langmap"]', 'ai', 'approved'),
    (635, 'Prueba con términos de búsqueda diferentes o agrega una nueva expresión', 'es', 'ES', 'Madrid, España', 40.4168, -3.7038, 'langmap', 'langmap', datetime('now'), datetime('now'), '["langmap"]', 'ai', 'approved'),
    (636, 'Agregar "{expression}"', 'es', 'ES', 'Madrid, España', 40.4168, -3.7038, 'langmap', 'langmap', datetime('now'), datetime('now'), '["langmap"]', 'ai', 'approved'),
    (637, 'nueva expresión', 'es', 'ES', 'Madrid, España', 40.4168, -3.7038, 'langmap', 'langmap', datetime('now'), datetime('now'), '["langmap"]', 'ai', 'approved'),
    (638, 'Se encontraron {count} expresión{plural}', 'es', 'ES', 'Madrid, España', 40.4168, -3.7038, 'langmap', 'langmap', datetime('now'), datetime('now'), '["langmap"]', 'ai', 'approved'),
    (639, 'es', 'es', 'ES', 'Madrid, España', 40.4168, -3.7038, 'langmap', 'langmap', datetime('now'), datetime('now'), '["langmap"]', 'ai', 'approved'),
    (640, 'Atrás', 'es', 'ES', 'Madrid, España', 40.4168, -3.7038, 'langmap', 'langmap', datetime('now'), datetime('now'), '["langmap"]', 'ai', 'approved'),
    (641, 'Agregar nueva expresión', 'es', 'ES', 'Madrid, España', 40.4168, -3.7038, 'langmap', 'langmap', datetime('now'), datetime('now'), '["langmap"]', 'ai', 'approved'),
    (642, 'Texto', 'es', 'ES', 'Madrid, España', 40.4168, -3.7038, 'langmap', 'langmap', datetime('now'), datetime('now'), '["langmap"]', 'ai', 'approved'),
    (643, 'Ingresa la expresión lingüística', 'es', 'ES', 'Madrid, España', 40.4168, -3.7038, 'langmap', 'langmap', datetime('now'), datetime('now'), '["langmap"]', 'ai', 'approved'),
    (644, 'La palabra o oración real en el idioma', 'es', 'ES', 'Madrid, España', 40.4168, -3.7038, 'langmap', 'langmap', datetime('now'), datetime('now'), '["langmap"]', 'ai', 'approved'),
    (645, 'Seleccionar idioma', 'es', 'ES', 'Madrid, España', 40.4168, -3.7038, 'langmap', 'langmap', datetime('now'), datetime('now'), '["langmap"]', 'ai', 'approved'),
    (646, 'Selecciona el idioma para esta expresión', 'es', 'ES', 'Madrid, España', 40.4168, -3.7038, 'langmap', 'langmap', datetime('now'), datetime('now'), '["langmap"]', 'ai', 'approved'),
    (647, 'Seleccionar idioma...', 'es', 'ES', 'Madrid, España', 40.4168, -3.7038, 'langmap', 'langmap', datetime('now'), datetime('now'), '["langmap"]', 'ai', 'approved'),
    (648, 'Cargando idiomas...', 'es', 'ES', 'Madrid, España', 40.4168, -3.7038, 'langmap', 'langmap', datetime('now'), datetime('now'), '["langmap"]', 'ai', 'approved'),
    (649, 'Región (opcional)', 'es', 'ES', 'Madrid, España', 40.4168, -3.7038, 'langmap', 'langmap', datetime('now'), datetime('now'), '["langmap"]', 'ai', 'approved'),
    (650, 'ej. China, España, Global', 'es', 'ES', 'Madrid, España', 40.4168, -3.7038, 'langmap', 'langmap', datetime('now'), datetime('now'), '["langmap"]', 'ai', 'approved'),
    (651, 'Región geográfica o área', 'es', 'ES', 'Madrid, España', 40.4168, -3.7038, 'langmap', 'langmap', datetime('now'), datetime('now'), '["langmap"]', 'ai', 'approved'),
    (652, 'Detectar mi ubicación', 'es', 'ES', 'Madrid, España', 40.4168, -3.7038, 'langmap', 'langmap', datetime('now'), datetime('now'), '["langmap"]', 'ai', 'approved'),
    (653, 'Seleccionar en el mapa', 'es', 'ES', 'Madrid, España', 40.4168, -3.7038, 'langmap', 'langmap', datetime('now'), datetime('now'), '["langmap"]', 'ai', 'approved'),
    (654, 'Haz clic en el mapa para seleccionar una región', 'es', 'ES', 'Madrid, España', 40.4168, -3.7038, 'langmap', 'langmap', datetime('now'), datetime('now'), '["langmap"]', 'ai', 'approved'),
    (655, 'La geolocalización no es compatible con tu navegador', 'es', 'ES', 'Madrid, España', 40.4168, -3.7038, 'langmap', 'langmap', datetime('now'), datetime('now'), '["langmap"]', 'ai', 'approved'),
    (656, 'No se pudo detectar tu ubicación', 'es', 'ES', 'Madrid, España', 40.4168, -3.7038, 'langmap', 'langmap', datetime('now'), datetime('now'), '["langmap"]', 'ai', 'approved'),
    (657, 'Analizando información de ubicación...', 'es', 'ES', 'Madrid, España', 40.4168, -3.7038, 'langmap', 'langmap', datetime('now'), datetime('now'), '["langmap"]', 'ai', 'approved'),
    (658, 'Error al analizar la información de ubicación', 'es', 'ES', 'Madrid, España', 40.4168, -3.7038, 'langmap', 'langmap', datetime('now'), datetime('now'), '["langmap"]', 'ai', 'approved'),
    (659, 'Referencia de fuente (opcional)', 'es', 'ES', 'Madrid, España', 40.4168, -3.7038, 'langmap', 'langmap', datetime('now'), datetime('now'), '["langmap"]', 'ai', 'approved'),
    (660, 'ej. Wiktionary, Dictionary.com, o una URL', 'es', 'ES', 'Madrid, España', 40.4168, -3.7038, 'langmap', 'langmap', datetime('now'), datetime('now'), '["langmap"]', 'ai', 'approved'),
    (661, 'Origen o referencia para esta expresión', 'es', 'ES', 'Madrid, España', 40.4168, -3.7038, 'langmap', 'langmap', datetime('now'), datetime('now'), '["langmap"]', 'ai', 'approved'),
    (662, 'Crear expresión', 'es', 'ES', 'Madrid, España', 40.4168, -3.7038, 'langmap', 'langmap', datetime('now'), datetime('now'), '["langmap"]', 'ai', 'approved'),
    (663, 'Cancelar', 'es', 'ES', 'Madrid, España', 40.4168, -3.7038, 'langmap', 'langmap', datetime('now'), datetime('now'), '["langmap"]', 'ai', 'approved'),
    (664, 'El idioma y el texto son obligatorios.', 'es', 'ES', 'Madrid, España', 40.4168, -3.7038, 'langmap', 'langmap', datetime('now'), datetime('now'), '["langmap"]', 'ai', 'approved'),
    (665, 'Asociar con significado', 'es', 'ES', 'Madrid, España', 40.4168, -3.7038, 'langmap', 'langmap', datetime('now'), datetime('now'), '["langmap"]', 'ai', 'approved'),
    (666, 'Asociar con significado existente', 'es', 'ES', 'Madrid, España', 40.4168, -3.7038, 'langmap', 'langmap', datetime('now'), datetime('now'), '["langmap"]', 'ai', 'approved'),
    (667, 'Asociar con nuevo significado', 'es', 'ES', 'Madrid, España', 40.4168, -3.7038, 'langmap', 'langmap', datetime('now'), datetime('now'), '["langmap"]', 'ai', 'approved'),
    (668, 'Expresión seleccionada:', 'es', 'ES', 'Madrid, España', 40.4168, -3.7038, 'langmap', 'langmap', datetime('now'), datetime('now'), '["langmap"]', 'ai', 'approved'),
    (669, 'Glosa del significado', 'es', 'ES', 'Madrid, España', 40.4168, -3.7038, 'langmap', 'langmap', datetime('now'), datetime('now'), '["langmap"]', 'ai', 'approved'),
    (670, 'Identificador breve para este significado', 'es', 'ES', 'Madrid, España', 40.4168, -3.7038, 'langmap', 'langmap', datetime('now'), datetime('now'), '["langmap"]', 'ai', 'approved'),
    (671, 'Una frase corta que captura la esencia de este significado', 'es', 'ES', 'Madrid, España', 40.4168, -3.7038, 'langmap', 'langmap', datetime('now'), datetime('now'), '["langmap"]', 'ai', 'approved'),
    (672, 'Descripción del significado', 'es', 'ES', 'Madrid, España', 40.4168, -3.7038, 'langmap', 'langmap', datetime('now'), datetime('now'), '["langmap"]', 'ai', 'approved'),
    (673, 'Explicación detallada de este significado', 'es', 'ES', 'Madrid, España', 40.4168, -3.7038, 'langmap', 'langmap', datetime('now'), datetime('now'), '["langmap"]', 'ai', 'approved'),
    (674, 'Una descripción completa de lo que representa este significado', 'es', 'ES', 'Madrid, España', 40.4168, -3.7038, 'langmap', 'langmap', datetime('now'), datetime('now'), '["langmap"]', 'ai', 'approved'),
    (675, 'Etiquetas', 'es', 'ES', 'Madrid, España', 40.4168, -3.7038, 'langmap', 'langmap', datetime('now'), datetime('now'), '["langmap"]', 'ai', 'approved'),
    (676, 'Añadir una etiqueta...', 'es', 'ES', 'Madrid, España', 40.4168, -3.7038, 'langmap', 'langmap', datetime('now'), datetime('now'), '["langmap"]', 'ai', 'approved'),
    (677, 'Las etiquetas ayudan a categorizar y encontrar significados (presiona Enter o coma para añadir)', 'es', 'ES', 'Madrid, España', 40.4168, -3.7038, 'langmap', 'langmap', datetime('now'), datetime('now'), '["langmap"]', 'ai', 'approved'),
    (678, 'Agregar idioma', 'es', 'ES', 'Madrid, España', 40.4168, -3.7038, 'langmap', 'langmap', datetime('now'), datetime('now'), '["langmap"]', 'ai', 'approved'),
    (679, 'Código de idioma', 'es', 'ES', 'Madrid, España', 40.4168, -3.7038, 'langmap', 'langmap', datetime('now'), datetime('now'), '["langmap"]', 'ai', 'approved'),
    (680, 'ej. custom-lang, toki-pona', 'es', 'ES', 'Madrid, España', 40.4168, -3.7038, 'langmap', 'langmap', datetime('now'), datetime('now'), '["langmap"]', 'ai', 'approved'),
    (681, 'Código personalizado para tu idioma (puede ser no estándar)', 'es', 'ES', 'Madrid, España', 40.4168, -3.7038, 'langmap', 'langmap', datetime('now'), datetime('now'), '["langmap"]', 'ai', 'approved'),
    (682, 'Nombre del idioma', 'es', 'ES', 'Madrid, España', 40.4168, -3.7038, 'langmap', 'langmap', datetime('now'), datetime('now'), '["langmap"]', 'ai', 'approved'),
    (683, 'ej. Idioma personalizado', 'es', 'ES', 'Madrid, España', 40.4168, -3.7038, 'langmap', 'langmap', datetime('now'), datetime('now'), '["langmap"]', 'ai', 'approved'),
    (684, 'Nombre nativo', 'es', 'ES', 'Madrid, España', 40.4168, -3.7038, 'langmap', 'langmap', datetime('now'), datetime('now'), '["langmap"]', 'ai', 'approved'),
    (685, 'ej. Idioma Nativo', 'es', 'ES', 'Madrid, España', 40.4168, -3.7038, 'langmap', 'langmap', datetime('now'), datetime('now'), '["langmap"]', 'ai', 'approved'),
    (686, 'Dirección del Texto', 'es', 'ES', 'Madrid, España', 40.4168, -3.7038, 'langmap', 'langmap', datetime('now'), datetime('now'), '["langmap"]', 'ai', 'approved'),
    (687, 'Izquierda a Derecha (LTR)', 'es', 'ES', 'Madrid, España', 40.4168, -3.7038, 'langmap', 'langmap', datetime('now'), datetime('now'), '["langmap"]', 'ai', 'approved'),
    (688, 'Derecha a Izquierda (RTL)', 'es', 'ES', 'Madrid, España', 40.4168, -3.7038, 'langmap', 'langmap', datetime('now'), datetime('now'), '["langmap"]', 'ai', 'approved'),
    (689, 'Agregando...', 'es', 'ES', 'Madrid, España', 40.4168, -3.7038, 'langmap', 'langmap', datetime('now'), datetime('now'), '["langmap"]', 'ai', 'approved'),
    (690, 'Error al agregar el idioma. Por favor, inténtelo de nuevo.', 'es', 'ES', 'Madrid, España', 40.4168, -3.7038, 'langmap', 'langmap', datetime('now'), datetime('now'), '["langmap"]', 'ai', 'approved'),
    (691, 'Latitud', 'es', 'ES', 'Madrid, España', 40.4168, -3.7038, 'langmap', 'langmap', datetime('now'), datetime('now'), '["langmap"]', 'ai', 'approved'),
    (692, 'ej. 51.5074', 'es', 'ES', 'Madrid, España', 40.4168, -3.7038, 'langmap', 'langmap', datetime('now'), datetime('now'), '["langmap"]', 'ai', 'approved'),
    (693, 'Longitud', 'es', 'ES', 'Madrid, España', 40.4168, -3.7038, 'langmap', 'langmap', datetime('now'), datetime('now'), '["langmap"]', 'ai', 'approved'),
    (694, 'ej. -0.1278', 'es', 'ES', 'Madrid, España', 40.4168, -3.7038, 'langmap', 'langmap', datetime('now'), datetime('now'), '["langmap"]', 'ai', 'approved'),
    (695, 'Información de Región', 'es', 'ES', 'Madrid, España', 40.4168, -3.7038, 'langmap', 'langmap', datetime('now'), datetime('now'), '["langmap"]', 'ai', 'approved'),
    (696, 'Nombre de Región', 'es', 'ES', 'Madrid, España', 40.4168, -3.7038, 'langmap', 'langmap', datetime('now'), datetime('now'), '["langmap"]', 'ai', 'approved'),
    (697, 'ej. Londres, Reino Unido', 'es', 'ES', 'Madrid, España', 40.4168, -3.7038, 'langmap', 'langmap', datetime('now'), datetime('now'), '["langmap"]', 'ai', 'approved'),
    (698, 'Nombre de Región Nativa', 'es', 'ES', 'Madrid, España', 40.4168, -3.7038, 'langmap', 'langmap', datetime('now'), datetime('now'), '["langmap"]', 'ai', 'approved'),
    (699, 'Ocultar Mapa', 'es', 'ES', 'Madrid, España', 40.4168, -3.7038, 'langmap', 'langmap', datetime('now'), datetime('now'), '["langmap"]', 'ai', 'approved'),
    (700, 'Volver a la búsqueda', 'es', 'ES', 'Madrid, España', 40.4168, -3.7038, 'langmap', 'langmap', datetime('now'), datetime('now'), '["langmap"]', 'ai', 'approved'),
    (701, 'Cargando detalles de la expresión...', 'es', 'ES', 'Madrid, España', 40.4168, -3.7038, 'langmap', 'langmap', datetime('now'), datetime('now'), '["langmap"]', 'ai', 'approved'),
    (702, 'Detalles de la expresión', 'es', 'ES', 'Madrid, España', 40.4168, -3.7038, 'langmap', 'langmap', datetime('now'), datetime('now'), '["langmap"]', 'ai', 'approved'),
    (703, 'Significados asociados', 'es', 'ES', 'Madrid, España', 40.4168, -3.7038, 'langmap', 'langmap', datetime('now'), datetime('now'), '["langmap"]', 'ai', 'approved'),
    (704, 'Asociar expresiones', 'es', 'ES', 'Madrid, España', 40.4168, -3.7038, 'langmap', 'langmap', datetime('now'), datetime('now'), '["langmap"]', 'ai', 'approved'),
    (705, 'Buscar expresiones para asociar...', 'es', 'ES', 'Madrid, España', 40.4168, -3.7038, 'langmap', 'langmap', datetime('now'), datetime('now'), '["langmap"]', 'ai', 'approved'),
    (706, 'Buscando...', 'es', 'ES', 'Madrid, España', 40.4168, -3.7038, 'langmap', 'langmap', datetime('now'), datetime('now'), '["langmap"]', 'ai', 'approved'),
    (707, 'No se encontraron expresiones. Prueba con términos de búsqueda diferentes.', 'es', 'ES', 'Madrid, España', 40.4168, -3.7038, 'langmap', 'langmap', datetime('now'), datetime('now'), '["langmap"]', 'ai', 'approved'),
    (708, 'Enlazar', 'es', 'ES', 'Madrid, España', 40.4168, -3.7038, 'langmap', 'langmap', datetime('now'), datetime('now'), '["langmap"]', 'ai', 'approved'),
    (709, 'Ya enlazado', 'es', 'ES', 'Madrid, España', 40.4168, -3.7038, 'langmap', 'langmap', datetime('now'), datetime('now'), '["langmap"]', 'ai', 'approved'),
    (710, 'Los resultados de búsqueda incluyen la expresión actual.', 'es', 'ES', 'Madrid, España', 40.4168, -3.7038, 'langmap', 'langmap', datetime('now'), datetime('now'), '["langmap"]', 'ai', 'approved'),
    (711, 'Enlazar al significado:', 'es', 'ES', 'Madrid, España', 40.4168, -3.7038, 'langmap', 'langmap', datetime('now'), datetime('now'), '["langmap"]', 'ai', 'approved'),
    (712, '-- Seleccionar significado --', 'es', 'ES', 'Madrid, España', 40.4168, -3.7038, 'langmap', 'langmap', datetime('now'), datetime('now'), '["langmap"]', 'ai', 'approved'),
    (713, 'Crear nuevo significado…', 'es', 'ES', 'Madrid, España', 40.4168, -3.7038, 'langmap', 'langmap', datetime('now'), datetime('now'), '["langmap"]', 'ai', 'approved'),
    (714, 'Glosa del nuevo significado', 'es', 'ES', 'Madrid, España', 40.4168, -3.7038, 'langmap', 'langmap', datetime('now'), datetime('now'), '["langmap"]', 'ai', 'approved'),
    (715, 'Crear significado', 'es', 'ES', 'Madrid, España', 40.4168, -3.7038, 'langmap', 'langmap', datetime('now'), datetime('now'), '["langmap"]', 'ai', 'approved'),
    (716, 'No hay significados asociados con esta expresión', 'es', 'ES', 'Madrid, España', 40.4168, -3.7038, 'langmap', 'langmap', datetime('now'), datetime('now'), '["langmap"]', 'ai', 'approved'),
    (717, 'Asociar con significados', 'es', 'ES', 'Madrid, España', 40.4168, -3.7038, 'langmap', 'langmap', datetime('now'), datetime('now'), '["langmap"]', 'ai', 'approved'),
    (718, 'Global', 'es', 'ES', 'Madrid, España', 40.4168, -3.7038, 'langmap', 'langmap', datetime('now'), datetime('now'), '["langmap"]', 'ai', 'approved'),
    (719, 'Reproducir', 'es', 'ES', 'Madrid, España', 40.4168, -3.7038, 'langmap', 'langmap', datetime('now'), datetime('now'), '["langmap"]', 'ai', 'approved'),
    (720, 'auto', 'es', 'ES', 'Madrid, España', 40.4168, -3.7038, 'langmap', 'langmap', datetime('now'), datetime('now'), '["langmap"]', 'ai', 'approved'),
    (721, 'Historial de versiones', 'es', 'ES', 'Madrid, España', 40.4168, -3.7038, 'langmap', 'langmap', datetime('now'), datetime('now'), '["langmap"]', 'ai', 'approved'),
    (722, 'Cargando versiones...', 'es', 'ES', 'Madrid, España', 40.4168, -3.7038, 'langmap', 'langmap', datetime('now'), datetime('now'), '["langmap"]', 'ai', 'approved'),
    (723, 'No hay versiones disponibles', 'es', 'ES', 'Madrid, España', 40.4168, -3.7038, 'langmap', 'langmap', datetime('now'), datetime('now'), '["langmap"]', 'ai', 'approved'),
    (724, 'Anónimo', 'es', 'ES', 'Madrid, España', 40.4168, -3.7038, 'langmap', 'langmap', datetime('now'), datetime('now'), '["langmap"]', 'ai', 'approved');
INSERT OR IGNORE INTO expression_versions (expression_id, text, region_name, region_latitude, region_longitude, created_by, created_at) VALUES
    (501, 'Explore Map', 'New York, United States', 40.7128, -74.006, 'langmap', datetime('now')),
    (502, 'Visualize linguistic diversity on an interactive world map.', 'New York, United States', 40.7128, -74.006, 'langmap', datetime('now')),
    (503, 'View Map →', 'New York, United States', 40.7128, -74.006, 'langmap', datetime('now')),
    (504, 'Loading map...', 'New York, United States', 40.7128, -74.006, 'langmap', datetime('now')),
    (505, 'Home', 'New York, United States', 40.7128, -74.006, 'langmap', datetime('now')),
    (506, '© {year} langmap - Linguistic Expression Mapping Platform', 'New York, United States', 40.7128, -74.006, 'langmap', datetime('now')),
    (507, 'Find linguistic expressions across languages and regions', 'New York, United States', 40.7128, -74.006, 'langmap', datetime('now')),
    (508, 'Enter a word or sentence...', 'New York, United States', 40.7128, -74.006, 'langmap', datetime('now')),
    (509, 'Searching expressions...', 'New York, United States', 40.7128, -74.006, 'langmap', datetime('now')),
    (510, 'No results found', 'New York, United States', 40.7128, -74.006, 'langmap', datetime('now')),
    (511, 'Try different search terms or add a new expression', 'New York, United States', 40.7128, -74.006, 'langmap', datetime('now')),
    (512, 'Add "{expression}"', 'New York, United States', 40.7128, -74.006, 'langmap', datetime('now')),
    (513, 'new expression', 'New York, United States', 40.7128, -74.006, 'langmap', datetime('now')),
    (514, 'Found {count} expression{plural}', 'New York, United States', 40.7128, -74.006, 'langmap', datetime('now')),
    (515, 'Back', 'New York, United States', 40.7128, -74.006, 'langmap', datetime('now')),
    (516, 'Add New Expression', 'New York, United States', 40.7128, -74.006, 'langmap', datetime('now')),
    (517, 'Text', 'New York, United States', 40.7128, -74.006, 'langmap', datetime('now')),
    (518, 'Enter the linguistic expression', 'New York, United States', 40.7128, -74.006, 'langmap', datetime('now')),
    (519, 'The actual word or sentence in the language', 'New York, United States', 40.7128, -74.006, 'langmap', datetime('now')),
    (520, 'Select language', 'New York, United States', 40.7128, -74.006, 'langmap', datetime('now')),
    (521, 'Select the language for this expression', 'New York, United States', 40.7128, -74.006, 'langmap', datetime('now')),
    (522, 'Select language...', 'New York, United States', 40.7128, -74.006, 'langmap', datetime('now')),
    (523, 'Loading languages...', 'New York, United States', 40.7128, -74.006, 'langmap', datetime('now')),
    (524, 'Region (optional)', 'New York, United States', 40.7128, -74.006, 'langmap', datetime('now')),
    (525, 'e.g. China, Spain, Global', 'New York, United States', 40.7128, -74.006, 'langmap', datetime('now')),
    (526, 'Geographic region or area', 'New York, United States', 40.7128, -74.006, 'langmap', datetime('now')),
    (527, 'Detect my location', 'New York, United States', 40.7128, -74.006, 'langmap', datetime('now')),
    (528, 'Select on map', 'New York, United States', 40.7128, -74.006, 'langmap', datetime('now')),
    (529, 'Click on the map to select a region', 'New York, United States', 40.7128, -74.006, 'langmap', datetime('now')),
    (530, 'Geolocation is not supported by your browser', 'New York, United States', 40.7128, -74.006, 'langmap', datetime('now')),
    (531, 'Failed to detect your location', 'New York, United States', 40.7128, -74.006, 'langmap', datetime('now')),
    (532, 'Parsing location information...', 'New York, United States', 40.7128, -74.006, 'langmap', datetime('now')),
    (533, 'Failed to parse location information', 'New York, United States', 40.7128, -74.006, 'langmap', datetime('now')),
    (534, 'Source reference (optional)', 'New York, United States', 40.7128, -74.006, 'langmap', datetime('now')),
    (535, 'e.g. Wiktionary, Dictionary.com, or a URL', 'New York, United States', 40.7128, -74.006, 'langmap', datetime('now')),
    (536, 'Origin or reference for this expression', 'New York, United States', 40.7128, -74.006, 'langmap', datetime('now')),
    (537, 'Create Expression', 'New York, United States', 40.7128, -74.006, 'langmap', datetime('now')),
    (538, 'Cancel', 'New York, United States', 40.7128, -74.006, 'langmap', datetime('now')),
    (539, 'Language and text are required.', 'New York, United States', 40.7128, -74.006, 'langmap', datetime('now')),
    (540, 'Associate with Meaning', 'New York, United States', 40.7128, -74.006, 'langmap', datetime('now')),
    (541, 'Associate with Existing Meaning', 'New York, United States', 40.7128, -74.006, 'langmap', datetime('now')),
    (542, 'Associate with New Meaning', 'New York, United States', 40.7128, -74.006, 'langmap', datetime('now')),
    (543, 'Selected expression:', 'New York, United States', 40.7128, -74.006, 'langmap', datetime('now')),
    (544, 'Meaning Gloss', 'New York, United States', 40.7128, -74.006, 'langmap', datetime('now')),
    (545, 'Brief identifier for this meaning', 'New York, United States', 40.7128, -74.006, 'langmap', datetime('now')),
    (546, 'A short phrase that captures the essence of this meaning', 'New York, United States', 40.7128, -74.006, 'langmap', datetime('now')),
    (547, 'Meaning Description', 'New York, United States', 40.7128, -74.006, 'langmap', datetime('now')),
    (548, 'Detailed explanation of this meaning', 'New York, United States', 40.7128, -74.006, 'langmap', datetime('now')),
    (549, 'A comprehensive description of what this meaning represents', 'New York, United States', 40.7128, -74.006, 'langmap', datetime('now')),
    (550, 'Tags', 'New York, United States', 40.7128, -74.006, 'langmap', datetime('now')),
    (551, 'Add a tag...', 'New York, United States', 40.7128, -74.006, 'langmap', datetime('now')),
    (552, 'Tags help categorize and find meanings (press Enter or comma to add)', 'New York, United States', 40.7128, -74.006, 'langmap', datetime('now')),
    (553, 'Add Language', 'New York, United States', 40.7128, -74.006, 'langmap', datetime('now')),
    (554, 'Language Code', 'New York, United States', 40.7128, -74.006, 'langmap', datetime('now')),
    (555, 'e.g. custom-lang, toki-pona', 'New York, United States', 40.7128, -74.006, 'langmap', datetime('now')),
    (556, 'Custom code for your language (can be non-standard)', 'New York, United States', 40.7128, -74.006, 'langmap', datetime('now')),
    (557, 'Language Name', 'New York, United States', 40.7128, -74.006, 'langmap', datetime('now')),
    (558, 'e.g. Custom Language', 'New York, United States', 40.7128, -74.006, 'langmap', datetime('now')),
    (559, 'Native Name', 'New York, United States', 40.7128, -74.006, 'langmap', datetime('now')),
    (560, 'e.g. Native Language Name', 'New York, United States', 40.7128, -74.006, 'langmap', datetime('now')),
    (561, 'Text Direction', 'New York, United States', 40.7128, -74.006, 'langmap', datetime('now')),
    (562, 'Left to Right (LTR)', 'New York, United States', 40.7128, -74.006, 'langmap', datetime('now')),
    (563, 'Right to Left (RTL)', 'New York, United States', 40.7128, -74.006, 'langmap', datetime('now')),
    (564, 'Adding...', 'New York, United States', 40.7128, -74.006, 'langmap', datetime('now')),
    (565, 'Failed to add language. Please try again.', 'New York, United States', 40.7128, -74.006, 'langmap', datetime('now')),
    (566, 'Latitude', 'New York, United States', 40.7128, -74.006, 'langmap', datetime('now')),
    (567, 'e.g. 51.5074', 'New York, United States', 40.7128, -74.006, 'langmap', datetime('now')),
    (568, 'Longitude', 'New York, United States', 40.7128, -74.006, 'langmap', datetime('now')),
    (569, 'e.g. -0.1278', 'New York, United States', 40.7128, -74.006, 'langmap', datetime('now')),
    (570, 'Region Information', 'New York, United States', 40.7128, -74.006, 'langmap', datetime('now')),
    (571, 'Region Name', 'New York, United States', 40.7128, -74.006, 'langmap', datetime('now')),
    (572, 'e.g. London, UK', 'New York, United States', 40.7128, -74.006, 'langmap', datetime('now')),
    (573, 'Native Region Name', 'New York, United States', 40.7128, -74.006, 'langmap', datetime('now')),
    (574, 'e.g. Londres, R.-U.', 'New York, United States', 40.7128, -74.006, 'langmap', datetime('now')),
    (575, 'Hide Map', 'New York, United States', 40.7128, -74.006, 'langmap', datetime('now')),
    (576, 'Back to Search', 'New York, United States', 40.7128, -74.006, 'langmap', datetime('now')),
    (577, 'Loading expression details...', 'New York, United States', 40.7128, -74.006, 'langmap', datetime('now')),
    (578, 'Expression Details', 'New York, United States', 40.7128, -74.006, 'langmap', datetime('now')),
    (579, 'Associated Meanings', 'New York, United States', 40.7128, -74.006, 'langmap', datetime('now')),
    (580, 'Associate Expressions', 'New York, United States', 40.7128, -74.006, 'langmap', datetime('now')),
    (581, 'Search expressions to associate...', 'New York, United States', 40.7128, -74.006, 'langmap', datetime('now')),
    (582, 'Searching...', 'New York, United States', 40.7128, -74.006, 'langmap', datetime('now')),
    (583, 'No expressions found. Try different search terms.', 'New York, United States', 40.7128, -74.006, 'langmap', datetime('now')),
    (584, 'Link', 'New York, United States', 40.7128, -74.006, 'langmap', datetime('now')),
    (585, 'Already linked', 'New York, United States', 40.7128, -74.006, 'langmap', datetime('now')),
    (586, 'Search results include the current expression.', 'New York, United States', 40.7128, -74.006, 'langmap', datetime('now')),
    (587, 'Link to meaning:', 'New York, United States', 40.7128, -74.006, 'langmap', datetime('now')),
    (588, '-- Select meaning --', 'New York, United States', 40.7128, -74.006, 'langmap', datetime('now')),
    (589, 'Create new meaning…', 'New York, United States', 40.7128, -74.006, 'langmap', datetime('now')),
    (590, 'New meaning gloss', 'New York, United States', 40.7128, -74.006, 'langmap', datetime('now')),
    (591, 'Create Meaning', 'New York, United States', 40.7128, -74.006, 'langmap', datetime('now')),
    (592, 'No meanings associated with this expression', 'New York, United States', 40.7128, -74.006, 'langmap', datetime('now')),
    (593, 'Associate with meanings', 'New York, United States', 40.7128, -74.006, 'langmap', datetime('now')),
    (594, 'Global', 'New York, United States', 40.7128, -74.006, 'langmap', datetime('now')),
    (595, 'Play', 'New York, United States', 40.7128, -74.006, 'langmap', datetime('now')),
    (596, 'auto', 'New York, United States', 40.7128, -74.006, 'langmap', datetime('now')),
    (597, 'Version History', 'New York, United States', 40.7128, -74.006, 'langmap', datetime('now')),
    (598, 'Loading versions...', 'New York, United States', 40.7128, -74.006, 'langmap', datetime('now')),
    (599, 'No versions available', 'New York, United States', 40.7128, -74.006, 'langmap', datetime('now')),
    (600, 'Anonymous', 'New York, United States', 40.7128, -74.006, 'langmap', datetime('now')),
    (601, 'Explora el mundo de los idiomas', 'Madrid, España', 40.4168, -3.7038, 'langmap', datetime('now')),
    (602, 'Descubre cómo varían las expresiones según las regiones y culturas', 'Madrid, España', 40.4168, -3.7038, 'langmap', datetime('now')),
    (603, 'Buscar una expresión...', 'Madrid, España', 40.4168, -3.7038, 'langmap', datetime('now')),
    (604, 'Buscar', 'Madrid, España', 40.4168, -3.7038, 'langmap', datetime('now')),
    (605, 'Expresiones totales', 'Madrid, España', 40.4168, -3.7038, 'langmap', datetime('now')),
    (606, 'Idiomas', 'Madrid, España', 40.4168, -3.7038, 'langmap', datetime('now')),
    (607, 'Regiones', 'Madrid, España', 40.4168, -3.7038, 'langmap', datetime('now')),
    (608, 'Distribución global del idioma', 'Madrid, España', 40.4168, -3.7038, 'langmap', datetime('now')),
    (609, 'Explora la riqueza de las expresiones lingüísticas en diferentes regiones. Los círculos más grandes indican más expresiones en esa área.', 'Madrid, España', 40.4168, -3.7038, 'langmap', datetime('now')),
    (610, 'Densidad de expresiones', 'Madrid, España', 40.4168, -3.7038, 'langmap', datetime('now')),
    (611, 'Bajo', 'Madrid, España', 40.4168, -3.7038, 'langmap', datetime('now')),
    (612, 'Medio', 'Madrid, España', 40.4168, -3.7038, 'langmap', datetime('now')),
    (613, 'Alto', 'Madrid, España', 40.4168, -3.7038, 'langmap', datetime('now')),
    (614, 'Comenzar', 'Madrid, España', 40.4168, -3.7038, 'langmap', datetime('now')),
    (615, 'Buscar expresiones', 'Madrid, España', 40.4168, -3.7038, 'langmap', datetime('now')),
    (616, 'Encuentra cómo se expresan palabras y oraciones en diferentes idiomas y regiones.', 'Madrid, España', 40.4168, -3.7038, 'langmap', datetime('now')),
    (617, 'Comenzar búsqueda →', 'Madrid, España', 40.4168, -3.7038, 'langmap', datetime('now')),
    (618, 'Agregar expresión', 'Madrid, España', 40.4168, -3.7038, 'langmap', datetime('now')),
    (619, 'Contribuye a nuestra base de datos agregando expresiones de tu idioma o región.', 'Madrid, España', 40.4168, -3.7038, 'langmap', datetime('now')),
    (620, 'Región', 'Madrid, España', 40.4168, -3.7038, 'langmap', datetime('now')),
    (621, 'Idioma', 'Madrid, España', 40.4168, -3.7038, 'langmap', datetime('now')),
    (622, 'Expresiones', 'Madrid, España', 40.4168, -3.7038, 'langmap', datetime('now')),
    (623, 'Desconocido', 'Madrid, España', 40.4168, -3.7038, 'langmap', datetime('now')),
    (624, 'Agregar nueva →', 'Madrid, España', 40.4168, -3.7038, 'langmap', datetime('now')),
    (625, 'Explorar mapa', 'Madrid, España', 40.4168, -3.7038, 'langmap', datetime('now')),
    (626, 'Visualiza la diversidad lingüística en un mapa mundial interactivo.', 'Madrid, España', 40.4168, -3.7038, 'langmap', datetime('now')),
    (627, 'Ver mapa →', 'Madrid, España', 40.4168, -3.7038, 'langmap', datetime('now')),
    (628, 'Cargando mapa...', 'Madrid, España', 40.4168, -3.7038, 'langmap', datetime('now')),
    (629, 'Inicio', 'Madrid, España', 40.4168, -3.7038, 'langmap', datetime('now')),
    (630, '© {year} langmap - Plataforma de mapeo de expresiones lingüísticas', 'Madrid, España', 40.4168, -3.7038, 'langmap', datetime('now')),
    (631, 'Encuentra expresiones lingüísticas en idiomas y regiones', 'Madrid, España', 40.4168, -3.7038, 'langmap', datetime('now')),
    (632, 'Ingresa una palabra o oración...', 'Madrid, España', 40.4168, -3.7038, 'langmap', datetime('now')),
    (633, 'Buscando expresiones...', 'Madrid, España', 40.4168, -3.7038, 'langmap', datetime('now')),
    (634, 'No se encontraron resultados', 'Madrid, España', 40.4168, -3.7038, 'langmap', datetime('now')),
    (635, 'Prueba con términos de búsqueda diferentes o agrega una nueva expresión', 'Madrid, España', 40.4168, -3.7038, 'langmap', datetime('now')),
    (636, 'Agregar "{expression}"', 'Madrid, España', 40.4168, -3.7038, 'langmap', datetime('now')),
    (637, 'nueva expresión', 'Madrid, España', 40.4168, -3.7038, 'langmap', datetime('now')),
    (638, 'Se encontraron {count} expresión{plural}', 'Madrid, España', 40.4168, -3.7038, 'langmap', datetime('now')),
    (639, 'es', 'Madrid, España', 40.4168, -3.7038, 'langmap', datetime('now')),
    (640, 'Atrás', 'Madrid, España', 40.4168, -3.7038, 'langmap', datetime('now')),
    (641, 'Agregar nueva expresión', 'Madrid, España', 40.4168, -3.7038, 'langmap', datetime('now')),
    (642, 'Texto', 'Madrid, España', 40.4168, -3.7038, 'langmap', datetime('now')),
    (643, 'Ingresa la expresión lingüística', 'Madrid, España', 40.4168, -3.7038, 'langmap', datetime('now')),
    (644, 'La palabra o oración real en el idioma', 'Madrid, España', 40.4168, -3.7038, 'langmap', datetime('now')),
    (645, 'Seleccionar idioma', 'Madrid, España', 40.4168, -3.7038, 'langmap', datetime('now')),
    (646, 'Selecciona el idioma para esta expresión', 'Madrid, España', 40.4168, -3.7038, 'langmap', datetime('now')),
    (647, 'Seleccionar idioma...', 'Madrid, España', 40.4168, -3.7038, 'langmap', datetime('now')),
    (648, 'Cargando idiomas...', 'Madrid, España', 40.4168, -3.7038, 'langmap', datetime('now')),
    (649, 'Región (opcional)', 'Madrid, España', 40.4168, -3.7038, 'langmap', datetime('now')),
    (650, 'ej. China, España, Global', 'Madrid, España', 40.4168, -3.7038, 'langmap', datetime('now')),
    (651, 'Región geográfica o área', 'Madrid, España', 40.4168, -3.7038, 'langmap', datetime('now')),
    (652, 'Detectar mi ubicación', 'Madrid, España', 40.4168, -3.7038, 'langmap', datetime('now')),
    (653, 'Seleccionar en el mapa', 'Madrid, España', 40.4168, -3.7038, 'langmap', datetime('now')),
    (654, 'Haz clic en el mapa para seleccionar una región', 'Madrid, España', 40.4168, -3.7038, 'langmap', datetime('now')),
    (655, 'La geolocalización no es compatible con tu navegador', 'Madrid, España', 40.4168, -3.7038, 'langmap', datetime('now')),
    (656, 'No se pudo detectar tu ubicación', 'Madrid, España', 40.4168, -3.7038, 'langmap', datetime('now')),
    (657, 'Analizando información de ubicación...', 'Madrid, España', 40.4168, -3.7038, 'langmap', datetime('now')),
    (658, 'Error al analizar la información de ubicación', 'Madrid, España', 40.4168, -3.7038, 'langmap', datetime('now')),
    (659, 'Referencia de fuente (opcional)', 'Madrid, España', 40.4168, -3.7038, 'langmap', datetime('now')),
    (660, 'ej. Wiktionary, Dictionary.com, o una URL', 'Madrid, España', 40.4168, -3.7038, 'langmap', datetime('now')),
    (661, 'Origen o referencia para esta expresión', 'Madrid, España', 40.4168, -3.7038, 'langmap', datetime('now')),
    (662, 'Crear expresión', 'Madrid, España', 40.4168, -3.7038, 'langmap', datetime('now')),
    (663, 'Cancelar', 'Madrid, España', 40.4168, -3.7038, 'langmap', datetime('now')),
    (664, 'El idioma y el texto son obligatorios.', 'Madrid, España', 40.4168, -3.7038, 'langmap', datetime('now')),
    (665, 'Asociar con significado', 'Madrid, España', 40.4168, -3.7038, 'langmap', datetime('now')),
    (666, 'Asociar con significado existente', 'Madrid, España', 40.4168, -3.7038, 'langmap', datetime('now')),
    (667, 'Asociar con nuevo significado', 'Madrid, España', 40.4168, -3.7038, 'langmap', datetime('now')),
    (668, 'Expresión seleccionada:', 'Madrid, España', 40.4168, -3.7038, 'langmap', datetime('now')),
    (669, 'Glosa del significado', 'Madrid, España', 40.4168, -3.7038, 'langmap', datetime('now')),
    (670, 'Identificador breve para este significado', 'Madrid, España', 40.4168, -3.7038, 'langmap', datetime('now')),
    (671, 'Una frase corta que captura la esencia de este significado', 'Madrid, España', 40.4168, -3.7038, 'langmap', datetime('now')),
    (672, 'Descripción del significado', 'Madrid, España', 40.4168, -3.7038, 'langmap', datetime('now')),
    (673, 'Explicación detallada de este significado', 'Madrid, España', 40.4168, -3.7038, 'langmap', datetime('now')),
    (674, 'Una descripción completa de lo que representa este significado', 'Madrid, España', 40.4168, -3.7038, 'langmap', datetime('now')),
    (675, 'Etiquetas', 'Madrid, España', 40.4168, -3.7038, 'langmap', datetime('now')),
    (676, 'Añadir una etiqueta...', 'Madrid, España', 40.4168, -3.7038, 'langmap', datetime('now')),
    (677, 'Las etiquetas ayudan a categorizar y encontrar significados (presiona Enter o coma para añadir)', 'Madrid, España', 40.4168, -3.7038, 'langmap', datetime('now')),
    (678, 'Agregar idioma', 'Madrid, España', 40.4168, -3.7038, 'langmap', datetime('now')),
    (679, 'Código de idioma', 'Madrid, España', 40.4168, -3.7038, 'langmap', datetime('now')),
    (680, 'ej. custom-lang, toki-pona', 'Madrid, España', 40.4168, -3.7038, 'langmap', datetime('now')),
    (681, 'Código personalizado para tu idioma (puede ser no estándar)', 'Madrid, España', 40.4168, -3.7038, 'langmap', datetime('now')),
    (682, 'Nombre del idioma', 'Madrid, España', 40.4168, -3.7038, 'langmap', datetime('now')),
    (683, 'ej. Idioma personalizado', 'Madrid, España', 40.4168, -3.7038, 'langmap', datetime('now')),
    (684, 'Nombre nativo', 'Madrid, España', 40.4168, -3.7038, 'langmap', datetime('now')),
    (685, 'ej. Idioma Nativo', 'Madrid, España', 40.4168, -3.7038, 'langmap', datetime('now')),
    (686, 'Dirección del Texto', 'Madrid, España', 40.4168, -3.7038, 'langmap', datetime('now')),
    (687, 'Izquierda a Derecha (LTR)', 'Madrid, España', 40.4168, -3.7038, 'langmap', datetime('now')),
    (688, 'Derecha a Izquierda (RTL)', 'Madrid, España', 40.4168, -3.7038, 'langmap', datetime('now')),
    (689, 'Agregando...', 'Madrid, España', 40.4168, -3.7038, 'langmap', datetime('now')),
    (690, 'Error al agregar el idioma. Por favor, inténtelo de nuevo.', 'Madrid, España', 40.4168, -3.7038, 'langmap', datetime('now')),
    (691, 'Latitud', 'Madrid, España', 40.4168, -3.7038, 'langmap', datetime('now')),
    (692, 'ej. 51.5074', 'Madrid, España', 40.4168, -3.7038, 'langmap', datetime('now')),
    (693, 'Longitud', 'Madrid, España', 40.4168, -3.7038, 'langmap', datetime('now')),
    (694, 'ej. -0.1278', 'Madrid, España', 40.4168, -3.7038, 'langmap', datetime('now')),
    (695, 'Información de Región', 'Madrid, España', 40.4168, -3.7038, 'langmap', datetime('now')),
    (696, 'Nombre de Región', 'Madrid, España', 40.4168, -3.7038, 'langmap', datetime('now')),
    (697, 'ej. Londres, Reino Unido', 'Madrid, España', 40.4168, -3.7038, 'langmap', datetime('now')),
    (698, 'Nombre de Región Nativa', 'Madrid, España', 40.4168, -3.7038, 'langmap', datetime('now')),
    (699, 'Ocultar Mapa', 'Madrid, España', 40.4168, -3.7038, 'langmap', datetime('now')),
    (700, 'Volver a la búsqueda', 'Madrid, España', 40.4168, -3.7038, 'langmap', datetime('now')),
    (701, 'Cargando detalles de la expresión...', 'Madrid, España', 40.4168, -3.7038, 'langmap', datetime('now')),
    (702, 'Detalles de la expresión', 'Madrid, España', 40.4168, -3.7038, 'langmap', datetime('now')),
    (703, 'Significados asociados', 'Madrid, España', 40.4168, -3.7038, 'langmap', datetime('now')),
    (704, 'Asociar expresiones', 'Madrid, España', 40.4168, -3.7038, 'langmap', datetime('now')),
    (705, 'Buscar expresiones para asociar...', 'Madrid, España', 40.4168, -3.7038, 'langmap', datetime('now')),
    (706, 'Buscando...', 'Madrid, España', 40.4168, -3.7038, 'langmap', datetime('now')),
    (707, 'No se encontraron expresiones. Prueba con términos de búsqueda diferentes.', 'Madrid, España', 40.4168, -3.7038, 'langmap', datetime('now')),
    (708, 'Enlazar', 'Madrid, España', 40.4168, -3.7038, 'langmap', datetime('now')),
    (709, 'Ya enlazado', 'Madrid, España', 40.4168, -3.7038, 'langmap', datetime('now')),
    (710, 'Los resultados de búsqueda incluyen la expresión actual.', 'Madrid, España', 40.4168, -3.7038, 'langmap', datetime('now')),
    (711, 'Enlazar al significado:', 'Madrid, España', 40.4168, -3.7038, 'langmap', datetime('now')),
    (712, '-- Seleccionar significado --', 'Madrid, España', 40.4168, -3.7038, 'langmap', datetime('now')),
    (713, 'Crear nuevo significado…', 'Madrid, España', 40.4168, -3.7038, 'langmap', datetime('now')),
    (714, 'Glosa del nuevo significado', 'Madrid, España', 40.4168, -3.7038, 'langmap', datetime('now')),
    (715, 'Crear significado', 'Madrid, España', 40.4168, -3.7038, 'langmap', datetime('now')),
    (716, 'No hay significados asociados con esta expresión', 'Madrid, España', 40.4168, -3.7038, 'langmap', datetime('now')),
    (717, 'Asociar con significados', 'Madrid, España', 40.4168, -3.7038, 'langmap', datetime('now')),
    (718, 'Global', 'Madrid, España', 40.4168, -3.7038, 'langmap', datetime('now')),
    (719, 'Reproducir', 'Madrid, España', 40.4168, -3.7038, 'langmap', datetime('now')),
    (720, 'auto', 'Madrid, España', 40.4168, -3.7038, 'langmap', datetime('now')),
    (721, 'Historial de versiones', 'Madrid, España', 40.4168, -3.7038, 'langmap', datetime('now')),
    (722, 'Cargando versiones...', 'Madrid, España', 40.4168, -3.7038, 'langmap', datetime('now')),
    (723, 'No hay versiones disponibles', 'Madrid, España', 40.4168, -3.7038, 'langmap', datetime('now')),
    (724, 'Anónimo', 'Madrid, España', 40.4168, -3.7038, 'langmap', datetime('now'));
INSERT OR IGNORE INTO expression_meanings (expression_id, meaning_id, created_by, updated_by, created_at, updated_at) VALUES
    (463, 825539610, 'langmap', 'langmap', datetime('now'), datetime('now')),
    (464, 1320578155, 'langmap', 'langmap', datetime('now'), datetime('now')),
    (465, 1171371199, 'langmap', 'langmap', datetime('now'), datetime('now')),
    (466, 2048212694, 'langmap', 'langmap', datetime('now'), datetime('now')),
    (467, 787431441, 'langmap', 'langmap', datetime('now'), datetime('now')),
    (468, 1044591763, 'langmap', 'langmap', datetime('now'), datetime('now')),
    (469, 2010884750, 'langmap', 'langmap', datetime('now'), datetime('now')),
    (419, 1273274090, 'langmap', 'langmap', datetime('now'), datetime('now')),
    (470, 176252579, 'langmap', 'langmap', datetime('now'), datetime('now')),
    (471, 2089767296, 'langmap', 'langmap', datetime('now'), datetime('now')),
    (472, 645537796, 'langmap', 'langmap', datetime('now'), datetime('now')),
    (473, 1744326251, 'langmap', 'langmap', datetime('now'), datetime('now')),
    (474, 715462937, 'langmap', 'langmap', datetime('now'), datetime('now')),
    (475, 1713513424, 'langmap', 'langmap', datetime('now'), datetime('now')),
    (472, 80058487, 'langmap', 'langmap', datetime('now'), datetime('now')),
    (476, 82914960, 'langmap', 'langmap', datetime('now'), datetime('now')),
    (477, 1232590872, 'langmap', 'langmap', datetime('now'), datetime('now')),
    (478, 738769989, 'langmap', 'langmap', datetime('now'), datetime('now')),
    (479, 87878107, 'langmap', 'langmap', datetime('now'), datetime('now')),
    (480, 1861719002, 'langmap', 'langmap', datetime('now'), datetime('now')),
    (481, 2073608002, 'langmap', 'langmap', datetime('now'), datetime('now')),
    (482, 29825596, 'langmap', 'langmap', datetime('now'), datetime('now')),
    (483, 1909588150, 'langmap', 'langmap', datetime('now'), datetime('now')),
    (484, 228029697, 'langmap', 'langmap', datetime('now'), datetime('now')),
    (485, 1932949546, 'langmap', 'langmap', datetime('now'), datetime('now')),
    (486, 1280354696, 'langmap', 'langmap', datetime('now'), datetime('now')),
    (487, 1428858324, 'langmap', 'langmap', datetime('now'), datetime('now')),
    (488, 214696929, 'langmap', 'langmap', datetime('now'), datetime('now')),
    (489, 2136578862, 'langmap', 'langmap', datetime('now'), datetime('now')),
    (490, 1704825459, 'langmap', 'langmap', datetime('now'), datetime('now')),
    (491, 1798903561, 'langmap', 'langmap', datetime('now'), datetime('now')),
    (492, 889637427, 'langmap', 'langmap', datetime('now'), datetime('now')),
    (493, 2141226890, 'langmap', 'langmap', datetime('now'), datetime('now')),
    (494, 50585974, 'langmap', 'langmap', datetime('now'), datetime('now')),
    (495, 1556642706, 'langmap', 'langmap', datetime('now'), datetime('now')),
    (496, 250674643, 'langmap', 'langmap', datetime('now'), datetime('now')),
    (497, 393067094, 'langmap', 'langmap', datetime('now'), datetime('now')),
    (498, 1843177479, 'langmap', 'langmap', datetime('now'), datetime('now')),
    (499, 2147181533, 'langmap', 'langmap', datetime('now'), datetime('now')),
    (500, 1538332181, 'langmap', 'langmap', datetime('now'), datetime('now')),
    (501, 700350673, 'langmap', 'langmap', datetime('now'), datetime('now')),
    (502, 26891452, 'langmap', 'langmap', datetime('now'), datetime('now')),
    (503, 863807598, 'langmap', 'langmap', datetime('now'), datetime('now')),
    (504, 984290883, 'langmap', 'langmap', datetime('now'), datetime('now')),
    (505, 1175105589, 'langmap', 'langmap', datetime('now'), datetime('now')),
    (480, 1822030570, 'langmap', 'langmap', datetime('now'), datetime('now')),
    (506, 1804466275, 'langmap', 'langmap', datetime('now'), datetime('now')),
    (491, 480547274, 'langmap', 'langmap', datetime('now'), datetime('now')),
    (507, 666598698, 'langmap', 'langmap', datetime('now'), datetime('now')),
    (508, 782154075, 'langmap', 'langmap', datetime('now'), datetime('now')),
    (480, 808077362, 'langmap', 'langmap', datetime('now'), datetime('now')),
    (509, 1660781369, 'langmap', 'langmap', datetime('now'), datetime('now')),
    (510, 1623339377, 'langmap', 'langmap', datetime('now'), datetime('now')),
    (511, 890335645, 'langmap', 'langmap', datetime('now'), datetime('now')),
    (512, 556745063, 'langmap', 'langmap', datetime('now'), datetime('now')),
    (513, 831699112, 'langmap', 'langmap', datetime('now'), datetime('now')),
    (514, 2052550168, 'langmap', 'langmap', datetime('now'), datetime('now')),
    (515, 1768300647, 'langmap', 'langmap', datetime('now'), datetime('now')),
    (516, 653847431, 'langmap', 'langmap', datetime('now'), datetime('now')),
    (517, 610717035, 'langmap', 'langmap', datetime('now'), datetime('now')),
    (518, 378762400, 'langmap', 'langmap', datetime('now'), datetime('now')),
    (519, 1251764943, 'langmap', 'langmap', datetime('now'), datetime('now')),
    (497, 1469373345, 'langmap', 'langmap', datetime('now'), datetime('now')),
    (520, 1745197766, 'langmap', 'langmap', datetime('now'), datetime('now')),
    (521, 1935180845, 'langmap', 'langmap', datetime('now'), datetime('now')),
    (522, 1793722761, 'langmap', 'langmap', datetime('now'), datetime('now')),
    (523, 2099029340, 'langmap', 'langmap', datetime('now'), datetime('now')),
    (524, 101777746, 'langmap', 'langmap', datetime('now'), datetime('now')),
    (525, 747353279, 'langmap', 'langmap', datetime('now'), datetime('now')),
    (526, 259247799, 'langmap', 'langmap', datetime('now'), datetime('now')),
    (527, 1228718215, 'langmap', 'langmap', datetime('now'), datetime('now')),
    (528, 1606159683, 'langmap', 'langmap', datetime('now'), datetime('now')),
    (529, 1058233083, 'langmap', 'langmap', datetime('now'), datetime('now')),
    (530, 1874909642, 'langmap', 'langmap', datetime('now'), datetime('now')),
    (531, 735160078, 'langmap', 'langmap', datetime('now'), datetime('now')),
    (532, 1228788957, 'langmap', 'langmap', datetime('now'), datetime('now')),
    (533, 535669297, 'langmap', 'langmap', datetime('now'), datetime('now')),
    (534, 533920565, 'langmap', 'langmap', datetime('now'), datetime('now')),
    (535, 322599747, 'langmap', 'langmap', datetime('now'), datetime('now')),
    (536, 996426808, 'langmap', 'langmap', datetime('now'), datetime('now')),
    (537, 1242437667, 'langmap', 'langmap', datetime('now'), datetime('now')),
    (538, 814856456, 'langmap', 'langmap', datetime('now'), datetime('now')),
    (539, 669906916, 'langmap', 'langmap', datetime('now'), datetime('now')),
    (540, 11980301, 'langmap', 'langmap', datetime('now'), datetime('now')),
    (541, 450995876, 'langmap', 'langmap', datetime('now'), datetime('now')),
    (542, 837067897, 'langmap', 'langmap', datetime('now'), datetime('now')),
    (543, 588178763, 'langmap', 'langmap', datetime('now'), datetime('now')),
    (544, 1789770084, 'langmap', 'langmap', datetime('now'), datetime('now')),
    (545, 1132466761, 'langmap', 'langmap', datetime('now'), datetime('now')),
    (546, 999221063, 'langmap', 'langmap', datetime('now'), datetime('now')),
    (547, 1554575731, 'langmap', 'langmap', datetime('now'), datetime('now')),
    (548, 1636970553, 'langmap', 'langmap', datetime('now'), datetime('now')),
    (549, 1869566903, 'langmap', 'langmap', datetime('now'), datetime('now')),
    (550, 56467778, 'langmap', 'langmap', datetime('now'), datetime('now')),
    (551, 194913104, 'langmap', 'langmap', datetime('now'), datetime('now')),
    (552, 1385556360, 'langmap', 'langmap', datetime('now'), datetime('now')),
    (553, 1474179643, 'langmap', 'langmap', datetime('now'), datetime('now')),
    (554, 174195536, 'langmap', 'langmap', datetime('now'), datetime('now')),
    (555, 1355230541, 'langmap', 'langmap', datetime('now'), datetime('now')),
    (556, 10528370, 'langmap', 'langmap', datetime('now'), datetime('now')),
    (557, 54582974, 'langmap', 'langmap', datetime('now'), datetime('now')),
    (558, 1991926523, 'langmap', 'langmap', datetime('now'), datetime('now')),
    (559, 1716022447, 'langmap', 'langmap', datetime('now'), datetime('now')),
    (560, 1945432180, 'langmap', 'langmap', datetime('now'), datetime('now')),
    (561, 2030701872, 'langmap', 'langmap', datetime('now'), datetime('now')),
    (562, 822144154, 'langmap', 'langmap', datetime('now'), datetime('now')),
    (563, 208973083, 'langmap', 'langmap', datetime('now'), datetime('now')),
    (564, 1116697603, 'langmap', 'langmap', datetime('now'), datetime('now')),
    (565, 577671469, 'langmap', 'langmap', datetime('now'), datetime('now')),
    (566, 820519387, 'langmap', 'langmap', datetime('now'), datetime('now')),
    (567, 626365559, 'langmap', 'langmap', datetime('now'), datetime('now')),
    (568, 513569115, 'langmap', 'langmap', datetime('now'), datetime('now')),
    (569, 2107302769, 'langmap', 'langmap', datetime('now'), datetime('now')),
    (570, 1921468690, 'langmap', 'langmap', datetime('now'), datetime('now')),
    (571, 1018972716, 'langmap', 'langmap', datetime('now'), datetime('now')),
    (572, 306931297, 'langmap', 'langmap', datetime('now'), datetime('now')),
    (573, 647664578, 'langmap', 'langmap', datetime('now'), datetime('now')),
    (574, 765370063, 'langmap', 'langmap', datetime('now'), datetime('now')),
    (575, 2071213119, 'langmap', 'langmap', datetime('now'), datetime('now')),
    (576, 1173588834, 'langmap', 'langmap', datetime('now'), datetime('now')),
    (577, 916646339, 'langmap', 'langmap', datetime('now'), datetime('now')),
    (578, 303419628, 'langmap', 'langmap', datetime('now'), datetime('now')),
    (579, 1082150934, 'langmap', 'langmap', datetime('now'), datetime('now')),
    (580, 977355953, 'langmap', 'langmap', datetime('now'), datetime('now')),
    (538, 840883141, 'langmap', 'langmap', datetime('now'), datetime('now')),
    (581, 531232349, 'langmap', 'langmap', datetime('now'), datetime('now')),
    (480, 1801706047, 'langmap', 'langmap', datetime('now'), datetime('now')),
    (582, 204956308, 'langmap', 'langmap', datetime('now'), datetime('now')),
    (583, 396634966, 'langmap', 'langmap', datetime('now'), datetime('now')),
    (584, 1812761320, 'langmap', 'langmap', datetime('now'), datetime('now')),
    (585, 1733733173, 'langmap', 'langmap', datetime('now'), datetime('now')),
    (586, 825539610, 'langmap', 'langmap', datetime('now'), datetime('now')),
    (587, 1320578155, 'langmap', 'langmap', datetime('now'), datetime('now')),
    (588, 1171371199, 'langmap', 'langmap', datetime('now'), datetime('now')),
    (589, 2048212694, 'langmap', 'langmap', datetime('now'), datetime('now')),
    (590, 787431441, 'langmap', 'langmap', datetime('now'), datetime('now')),
    (591, 1044591763, 'langmap', 'langmap', datetime('now'), datetime('now')),
    (592, 2010884750, 'langmap', 'langmap', datetime('now'), datetime('now')),
    (593, 1273274090, 'langmap', 'langmap', datetime('now'), datetime('now')),
    (594, 176252579, 'langmap', 'langmap', datetime('now'), datetime('now')),
    (595, 2089767296, 'langmap', 'langmap', datetime('now'), datetime('now')),
    (596, 645537796, 'langmap', 'langmap', datetime('now'), datetime('now')),
    (597, 1744326251, 'langmap', 'langmap', datetime('now'), datetime('now')),
    (598, 715462937, 'langmap', 'langmap', datetime('now'), datetime('now')),
    (599, 1713513424, 'langmap', 'langmap', datetime('now'), datetime('now')),
    (596, 80058487, 'langmap', 'langmap', datetime('now'), datetime('now')),
    (600, 82914960, 'langmap', 'langmap', datetime('now'), datetime('now')),
    (601, 1232590872, 'langmap', 'langmap', datetime('now'), datetime('now')),
    (602, 738769989, 'langmap', 'langmap', datetime('now'), datetime('now')),
    (603, 87878107, 'langmap', 'langmap', datetime('now'), datetime('now')),
    (604, 1861719002, 'langmap', 'langmap', datetime('now'), datetime('now')),
    (605, 2073608002, 'langmap', 'langmap', datetime('now'), datetime('now')),
    (606, 29825596, 'langmap', 'langmap', datetime('now'), datetime('now')),
    (607, 1909588150, 'langmap', 'langmap', datetime('now'), datetime('now')),
    (608, 228029697, 'langmap', 'langmap', datetime('now'), datetime('now')),
    (609, 1932949546, 'langmap', 'langmap', datetime('now'), datetime('now')),
    (610, 1280354696, 'langmap', 'langmap', datetime('now'), datetime('now')),
    (611, 1428858324, 'langmap', 'langmap', datetime('now'), datetime('now')),
    (612, 214696929, 'langmap', 'langmap', datetime('now'), datetime('now')),
    (613, 2136578862, 'langmap', 'langmap', datetime('now'), datetime('now')),
    (614, 1704825459, 'langmap', 'langmap', datetime('now'), datetime('now')),
    (615, 1798903561, 'langmap', 'langmap', datetime('now'), datetime('now')),
    (616, 889637427, 'langmap', 'langmap', datetime('now'), datetime('now')),
    (617, 2141226890, 'langmap', 'langmap', datetime('now'), datetime('now')),
    (618, 50585974, 'langmap', 'langmap', datetime('now'), datetime('now')),
    (619, 1556642706, 'langmap', 'langmap', datetime('now'), datetime('now')),
    (620, 250674643, 'langmap', 'langmap', datetime('now'), datetime('now')),
    (621, 393067094, 'langmap', 'langmap', datetime('now'), datetime('now')),
    (622, 1843177479, 'langmap', 'langmap', datetime('now'), datetime('now')),
    (623, 2147181533, 'langmap', 'langmap', datetime('now'), datetime('now')),
    (624, 1538332181, 'langmap', 'langmap', datetime('now'), datetime('now')),
    (625, 700350673, 'langmap', 'langmap', datetime('now'), datetime('now')),
    (626, 26891452, 'langmap', 'langmap', datetime('now'), datetime('now')),
    (627, 863807598, 'langmap', 'langmap', datetime('now'), datetime('now')),
    (628, 984290883, 'langmap', 'langmap', datetime('now'), datetime('now')),
    (629, 1175105589, 'langmap', 'langmap', datetime('now'), datetime('now')),
    (604, 1822030570, 'langmap', 'langmap', datetime('now'), datetime('now')),
    (630, 1804466275, 'langmap', 'langmap', datetime('now'), datetime('now')),
    (615, 480547274, 'langmap', 'langmap', datetime('now'), datetime('now')),
    (631, 666598698, 'langmap', 'langmap', datetime('now'), datetime('now')),
    (632, 782154075, 'langmap', 'langmap', datetime('now'), datetime('now')),
    (604, 808077362, 'langmap', 'langmap', datetime('now'), datetime('now')),
    (633, 1660781369, 'langmap', 'langmap', datetime('now'), datetime('now')),
    (634, 1623339377, 'langmap', 'langmap', datetime('now'), datetime('now')),
    (635, 890335645, 'langmap', 'langmap', datetime('now'), datetime('now')),
    (636, 556745063, 'langmap', 'langmap', datetime('now'), datetime('now')),
    (637, 831699112, 'langmap', 'langmap', datetime('now'), datetime('now')),
    (638, 2052550168, 'langmap', 'langmap', datetime('now'), datetime('now')),
    (639, 359270288, 'langmap', 'langmap', datetime('now'), datetime('now')),
    (640, 1768300647, 'langmap', 'langmap', datetime('now'), datetime('now')),
    (641, 653847431, 'langmap', 'langmap', datetime('now'), datetime('now')),
    (642, 610717035, 'langmap', 'langmap', datetime('now'), datetime('now')),
    (643, 378762400, 'langmap', 'langmap', datetime('now'), datetime('now')),
    (644, 1251764943, 'langmap', 'langmap', datetime('now'), datetime('now')),
    (621, 1469373345, 'langmap', 'langmap', datetime('now'), datetime('now')),
    (645, 1745197766, 'langmap', 'langmap', datetime('now'), datetime('now')),
    (646, 1935180845, 'langmap', 'langmap', datetime('now'), datetime('now')),
    (647, 1793722761, 'langmap', 'langmap', datetime('now'), datetime('now')),
    (648, 2099029340, 'langmap', 'langmap', datetime('now'), datetime('now')),
    (649, 101777746, 'langmap', 'langmap', datetime('now'), datetime('now')),
    (650, 747353279, 'langmap', 'langmap', datetime('now'), datetime('now')),
    (651, 259247799, 'langmap', 'langmap', datetime('now'), datetime('now')),
    (652, 1228718215, 'langmap', 'langmap', datetime('now'), datetime('now')),
    (653, 1606159683, 'langmap', 'langmap', datetime('now'), datetime('now')),
    (654, 1058233083, 'langmap', 'langmap', datetime('now'), datetime('now')),
    (655, 1874909642, 'langmap', 'langmap', datetime('now'), datetime('now')),
    (656, 735160078, 'langmap', 'langmap', datetime('now'), datetime('now')),
    (657, 1228788957, 'langmap', 'langmap', datetime('now'), datetime('now')),
    (658, 535669297, 'langmap', 'langmap', datetime('now'), datetime('now')),
    (659, 533920565, 'langmap', 'langmap', datetime('now'), datetime('now')),
    (660, 322599747, 'langmap', 'langmap', datetime('now'), datetime('now')),
    (661, 996426808, 'langmap', 'langmap', datetime('now'), datetime('now')),
    (662, 1242437667, 'langmap', 'langmap', datetime('now'), datetime('now')),
    (663, 814856456, 'langmap', 'langmap', datetime('now'), datetime('now')),
    (664, 669906916, 'langmap', 'langmap', datetime('now'), datetime('now')),
    (665, 11980301, 'langmap', 'langmap', datetime('now'), datetime('now')),
    (666, 450995876, 'langmap', 'langmap', datetime('now'), datetime('now')),
    (667, 837067897, 'langmap', 'langmap', datetime('now'), datetime('now')),
    (668, 588178763, 'langmap', 'langmap', datetime('now'), datetime('now')),
    (669, 1789770084, 'langmap', 'langmap', datetime('now'), datetime('now')),
    (670, 1132466761, 'langmap', 'langmap', datetime('now'), datetime('now')),
    (671, 999221063, 'langmap', 'langmap', datetime('now'), datetime('now')),
    (672, 1554575731, 'langmap', 'langmap', datetime('now'), datetime('now')),
    (673, 1636970553, 'langmap', 'langmap', datetime('now'), datetime('now')),
    (674, 1869566903, 'langmap', 'langmap', datetime('now'), datetime('now')),
    (675, 56467778, 'langmap', 'langmap', datetime('now'), datetime('now')),
    (676, 194913104, 'langmap', 'langmap', datetime('now'), datetime('now')),
    (677, 1385556360, 'langmap', 'langmap', datetime('now'), datetime('now')),
    (678, 1474179643, 'langmap', 'langmap', datetime('now'), datetime('now')),
    (679, 174195536, 'langmap', 'langmap', datetime('now'), datetime('now')),
    (680, 1355230541, 'langmap', 'langmap', datetime('now'), datetime('now')),
    (681, 10528370, 'langmap', 'langmap', datetime('now'), datetime('now')),
    (682, 54582974, 'langmap', 'langmap', datetime('now'), datetime('now')),
    (683, 1991926523, 'langmap', 'langmap', datetime('now'), datetime('now')),
    (684, 1716022447, 'langmap', 'langmap', datetime('now'), datetime('now')),
    (685, 1945432180, 'langmap', 'langmap', datetime('now'), datetime('now')),
    (686, 2030701872, 'langmap', 'langmap', datetime('now'), datetime('now')),
    (687, 822144154, 'langmap', 'langmap', datetime('now'), datetime('now')),
    (688, 208973083, 'langmap', 'langmap', datetime('now'), datetime('now')),
    (689, 1116697603, 'langmap', 'langmap', datetime('now'), datetime('now')),
    (690, 577671469, 'langmap', 'langmap', datetime('now'), datetime('now')),
    (691, 820519387, 'langmap', 'langmap', datetime('now'), datetime('now')),
    (692, 626365559, 'langmap', 'langmap', datetime('now'), datetime('now')),
    (693, 513569115, 'langmap', 'langmap', datetime('now'), datetime('now')),
    (694, 2107302769, 'langmap', 'langmap', datetime('now'), datetime('now')),
    (695, 1921468690, 'langmap', 'langmap', datetime('now'), datetime('now')),
    (696, 1018972716, 'langmap', 'langmap', datetime('now'), datetime('now')),
    (697, 306931297, 'langmap', 'langmap', datetime('now'), datetime('now')),
    (698, 647664578, 'langmap', 'langmap', datetime('now'), datetime('now')),
    (697, 765370063, 'langmap', 'langmap', datetime('now'), datetime('now')),
    (699, 2071213119, 'langmap', 'langmap', datetime('now'), datetime('now')),
    (700, 1173588834, 'langmap', 'langmap', datetime('now'), datetime('now')),
    (701, 916646339, 'langmap', 'langmap', datetime('now'), datetime('now')),
    (702, 303419628, 'langmap', 'langmap', datetime('now'), datetime('now')),
    (703, 1082150934, 'langmap', 'langmap', datetime('now'), datetime('now')),
    (704, 977355953, 'langmap', 'langmap', datetime('now'), datetime('now')),
    (663, 840883141, 'langmap', 'langmap', datetime('now'), datetime('now')),
    (705, 531232349, 'langmap', 'langmap', datetime('now'), datetime('now')),
    (604, 1801706047, 'langmap', 'langmap', datetime('now'), datetime('now')),
    (706, 204956308, 'langmap', 'langmap', datetime('now'), datetime('now')),
    (707, 396634966, 'langmap', 'langmap', datetime('now'), datetime('now')),
    (708, 1812761320, 'langmap', 'langmap', datetime('now'), datetime('now')),
    (709, 1733733173, 'langmap', 'langmap', datetime('now'), datetime('now')),
    (710, 825539610, 'langmap', 'langmap', datetime('now'), datetime('now')),
    (711, 1320578155, 'langmap', 'langmap', datetime('now'), datetime('now')),
    (712, 1171371199, 'langmap', 'langmap', datetime('now'), datetime('now')),
    (713, 2048212694, 'langmap', 'langmap', datetime('now'), datetime('now')),
    (714, 787431441, 'langmap', 'langmap', datetime('now'), datetime('now')),
    (715, 1044591763, 'langmap', 'langmap', datetime('now'), datetime('now')),
    (716, 2010884750, 'langmap', 'langmap', datetime('now'), datetime('now')),
    (717, 1273274090, 'langmap', 'langmap', datetime('now'), datetime('now')),
    (718, 176252579, 'langmap', 'langmap', datetime('now'), datetime('now')),
    (719, 2089767296, 'langmap', 'langmap', datetime('now'), datetime('now')),
    (720, 645537796, 'langmap', 'langmap', datetime('now'), datetime('now')),
    (721, 1744326251, 'langmap', 'langmap', datetime('now'), datetime('now')),
    (722, 715462937, 'langmap', 'langmap', datetime('now'), datetime('now')),
    (723, 1713513424, 'langmap', 'langmap', datetime('now'), datetime('now')),
    (720, 80058487, 'langmap', 'langmap', datetime('now'), datetime('now')),
    (724, 82914960, 'langmap', 'langmap', datetime('now'), datetime('now'));
