-- Auto-generated SQL script from locale files
-- This script populates expressions, meanings, and expression_versions tables

INSERT INTO meanings (id, gloss, description, created_by, updated_by, created_at, updated_at, tags) VALUES (1232590872, 'langmap.home.title', '', 'langmap', 'langmap', datetime('now'), datetime('now'), '["langmap"]');
INSERT INTO meanings (id, gloss, description, created_by, updated_by, created_at, updated_at, tags) VALUES (738769989, 'langmap.home.subtitle', '', 'langmap', 'langmap', datetime('now'), datetime('now'), '["langmap"]');
INSERT INTO meanings (id, gloss, description, created_by, updated_by, created_at, updated_at, tags) VALUES (87878107, 'langmap.home.searchPlaceholder', '', 'langmap', 'langmap', datetime('now'), datetime('now'), '["langmap"]');
INSERT INTO meanings (id, gloss, description, created_by, updated_by, created_at, updated_at, tags) VALUES (1861719002, 'langmap.home.searchButton', '', 'langmap', 'langmap', datetime('now'), datetime('now'), '["langmap"]');
INSERT INTO meanings (id, gloss, description, created_by, updated_by, created_at, updated_at, tags) VALUES (2073608002, 'langmap.home.totalExpressions', '', 'langmap', 'langmap', datetime('now'), datetime('now'), '["langmap"]');
INSERT INTO meanings (id, gloss, description, created_by, updated_by, created_at, updated_at, tags) VALUES (29825596, 'langmap.home.languages', '', 'langmap', 'langmap', datetime('now'), datetime('now'), '["langmap"]');
INSERT INTO meanings (id, gloss, description, created_by, updated_by, created_at, updated_at, tags) VALUES (1909588150, 'langmap.home.regions', '', 'langmap', 'langmap', datetime('now'), datetime('now'), '["langmap"]');
INSERT INTO meanings (id, gloss, description, created_by, updated_by, created_at, updated_at, tags) VALUES (228029697, 'langmap.home.mapTitle', '', 'langmap', 'langmap', datetime('now'), datetime('now'), '["langmap"]');
INSERT INTO meanings (id, gloss, description, created_by, updated_by, created_at, updated_at, tags) VALUES (1932949546, 'langmap.home.mapDescription', '', 'langmap', 'langmap', datetime('now'), datetime('now'), '["langmap"]');
INSERT INTO meanings (id, gloss, description, created_by, updated_by, created_at, updated_at, tags) VALUES (1280354696, 'langmap.home.expressionDensity', '', 'langmap', 'langmap', datetime('now'), datetime('now'), '["langmap"]');
INSERT INTO meanings (id, gloss, description, created_by, updated_by, created_at, updated_at, tags) VALUES (1704825459, 'langmap.home.getStarted', '', 'langmap', 'langmap', datetime('now'), datetime('now'), '["langmap"]');
INSERT INTO meanings (id, gloss, description, created_by, updated_by, created_at, updated_at, tags) VALUES (1798903561, 'langmap.home.searchExpressions', '', 'langmap', 'langmap', datetime('now'), datetime('now'), '["langmap"]');
INSERT INTO meanings (id, gloss, description, created_by, updated_by, created_at, updated_at, tags) VALUES (889637427, 'langmap.home.searchExpressionsDesc', '', 'langmap', 'langmap', datetime('now'), datetime('now'), '["langmap"]');
INSERT INTO meanings (id, gloss, description, created_by, updated_by, created_at, updated_at, tags) VALUES (2141226890, 'langmap.home.startSearching', '', 'langmap', 'langmap', datetime('now'), datetime('now'), '["langmap"]');
INSERT INTO meanings (id, gloss, description, created_by, updated_by, created_at, updated_at, tags) VALUES (50585974, 'langmap.home.addExpression', '', 'langmap', 'langmap', datetime('now'), datetime('now'), '["langmap"]');
INSERT INTO meanings (id, gloss, description, created_by, updated_by, created_at, updated_at, tags) VALUES (1556642706, 'langmap.home.addExpressionDesc', '', 'langmap', 'langmap', datetime('now'), datetime('now'), '["langmap"]');
INSERT INTO meanings (id, gloss, description, created_by, updated_by, created_at, updated_at, tags) VALUES (250674643, 'langmap.home.heatmap.region', '', 'langmap', 'langmap', datetime('now'), datetime('now'), '["langmap"]');
INSERT INTO meanings (id, gloss, description, created_by, updated_by, created_at, updated_at, tags) VALUES (393067094, 'langmap.home.heatmap.language', '', 'langmap', 'langmap', datetime('now'), datetime('now'), '["langmap"]');
INSERT INTO meanings (id, gloss, description, created_by, updated_by, created_at, updated_at, tags) VALUES (1843177479, 'langmap.home.heatmap.expressions', '', 'langmap', 'langmap', datetime('now'), datetime('now'), '["langmap"]');
INSERT INTO meanings (id, gloss, description, created_by, updated_by, created_at, updated_at, tags) VALUES (2147181533, 'langmap.home.heatmap.unknown', '', 'langmap', 'langmap', datetime('now'), datetime('now'), '["langmap"]');
INSERT INTO meanings (id, gloss, description, created_by, updated_by, created_at, updated_at, tags) VALUES (1538332181, 'langmap.home.addNew', '', 'langmap', 'langmap', datetime('now'), datetime('now'), '["langmap"]');
INSERT INTO meanings (id, gloss, description, created_by, updated_by, created_at, updated_at, tags) VALUES (700350673, 'langmap.home.exploreMap', '', 'langmap', 'langmap', datetime('now'), datetime('now'), '["langmap"]');
INSERT INTO meanings (id, gloss, description, created_by, updated_by, created_at, updated_at, tags) VALUES (26891452, 'langmap.home.exploreMapDesc', '', 'langmap', 'langmap', datetime('now'), datetime('now'), '["langmap"]');
INSERT INTO meanings (id, gloss, description, created_by, updated_by, created_at, updated_at, tags) VALUES (863807598, 'langmap.home.viewMap', '', 'langmap', 'langmap', datetime('now'), datetime('now'), '["langmap"]');
INSERT INTO meanings (id, gloss, description, created_by, updated_by, created_at, updated_at, tags) VALUES (984290883, 'langmap.home.loadingMap', '', 'langmap', 'langmap', datetime('now'), datetime('now'), '["langmap"]');
INSERT INTO meanings (id, gloss, description, created_by, updated_by, created_at, updated_at, tags) VALUES (1175105589, 'langmap.nav.home', '', 'langmap', 'langmap', datetime('now'), datetime('now'), '["langmap"]');
INSERT INTO meanings (id, gloss, description, created_by, updated_by, created_at, updated_at, tags) VALUES (1822030570, 'langmap.nav.search', '', 'langmap', 'langmap', datetime('now'), datetime('now'), '["langmap"]');
INSERT INTO meanings (id, gloss, description, created_by, updated_by, created_at, updated_at, tags) VALUES (1804466275, 'langmap.footer.copyright', '', 'langmap', 'langmap', datetime('now'), datetime('now'), '["langmap"]');
INSERT INTO meanings (id, gloss, description, created_by, updated_by, created_at, updated_at, tags) VALUES (480547274, 'langmap.search.title', '', 'langmap', 'langmap', datetime('now'), datetime('now'), '["langmap"]');
INSERT INTO meanings (id, gloss, description, created_by, updated_by, created_at, updated_at, tags) VALUES (666598698, 'langmap.search.description', '', 'langmap', 'langmap', datetime('now'), datetime('now'), '["langmap"]');
INSERT INTO meanings (id, gloss, description, created_by, updated_by, created_at, updated_at, tags) VALUES (782154075, 'langmap.search.placeholder', '', 'langmap', 'langmap', datetime('now'), datetime('now'), '["langmap"]');
INSERT INTO meanings (id, gloss, description, created_by, updated_by, created_at, updated_at, tags) VALUES (808077362, 'langmap.search.button', '', 'langmap', 'langmap', datetime('now'), datetime('now'), '["langmap"]');
INSERT INTO meanings (id, gloss, description, created_by, updated_by, created_at, updated_at, tags) VALUES (1660781369, 'langmap.search.searching', '', 'langmap', 'langmap', datetime('now'), datetime('now'), '["langmap"]');
INSERT INTO meanings (id, gloss, description, created_by, updated_by, created_at, updated_at, tags) VALUES (1623339377, 'langmap.search.noResults', '', 'langmap', 'langmap', datetime('now'), datetime('now'), '["langmap"]');
INSERT INTO meanings (id, gloss, description, created_by, updated_by, created_at, updated_at, tags) VALUES (890335645, 'langmap.search.tryDifferent', '', 'langmap', 'langmap', datetime('now'), datetime('now'), '["langmap"]');
INSERT INTO meanings (id, gloss, description, created_by, updated_by, created_at, updated_at, tags) VALUES (556745063, 'langmap.search.addExpression', '', 'langmap', 'langmap', datetime('now'), datetime('now'), '["langmap"]');
INSERT INTO meanings (id, gloss, description, created_by, updated_by, created_at, updated_at, tags) VALUES (831699112, 'langmap.search.newExpression', '', 'langmap', 'langmap', datetime('now'), datetime('now'), '["langmap"]');
INSERT INTO meanings (id, gloss, description, created_by, updated_by, created_at, updated_at, tags) VALUES (2052550168, 'langmap.search.foundExpressions', '', 'langmap', 'langmap', datetime('now'), datetime('now'), '["langmap"]');
INSERT INTO meanings (id, gloss, description, created_by, updated_by, created_at, updated_at, tags) VALUES (1768300647, 'langmap.create.back', '', 'langmap', 'langmap', datetime('now'), datetime('now'), '["langmap"]');
INSERT INTO meanings (id, gloss, description, created_by, updated_by, created_at, updated_at, tags) VALUES (653847431, 'langmap.create.title', '', 'langmap', 'langmap', datetime('now'), datetime('now'), '["langmap"]');
INSERT INTO meanings (id, gloss, description, created_by, updated_by, created_at, updated_at, tags) VALUES (610717035, 'langmap.create.text', '', 'langmap', 'langmap', datetime('now'), datetime('now'), '["langmap"]');
INSERT INTO meanings (id, gloss, description, created_by, updated_by, created_at, updated_at, tags) VALUES (378762400, 'langmap.create.textPlaceholder', '', 'langmap', 'langmap', datetime('now'), datetime('now'), '["langmap"]');
INSERT INTO meanings (id, gloss, description, created_by, updated_by, created_at, updated_at, tags) VALUES (1251764943, 'langmap.create.textHelp', '', 'langmap', 'langmap', datetime('now'), datetime('now'), '["langmap"]');
INSERT INTO meanings (id, gloss, description, created_by, updated_by, created_at, updated_at, tags) VALUES (1469373345, 'langmap.create.language', '', 'langmap', 'langmap', datetime('now'), datetime('now'), '["langmap"]');
INSERT INTO meanings (id, gloss, description, created_by, updated_by, created_at, updated_at, tags) VALUES (1745197766, 'langmap.create.languagePlaceholder', '', 'langmap', 'langmap', datetime('now'), datetime('now'), '["langmap"]');
INSERT INTO meanings (id, gloss, description, created_by, updated_by, created_at, updated_at, tags) VALUES (1935180845, 'langmap.create.languageHelp', '', 'langmap', 'langmap', datetime('now'), datetime('now'), '["langmap"]');
INSERT INTO meanings (id, gloss, description, created_by, updated_by, created_at, updated_at, tags) VALUES (1793722761, 'langmap.create.selectLanguage', '', 'langmap', 'langmap', datetime('now'), datetime('now'), '["langmap"]');
INSERT INTO meanings (id, gloss, description, created_by, updated_by, created_at, updated_at, tags) VALUES (2099029340, 'langmap.create.loadingLanguages', '', 'langmap', 'langmap', datetime('now'), datetime('now'), '["langmap"]');
INSERT INTO meanings (id, gloss, description, created_by, updated_by, created_at, updated_at, tags) VALUES (101777746, 'langmap.create.region', '', 'langmap', 'langmap', datetime('now'), datetime('now'), '["langmap"]');
INSERT INTO meanings (id, gloss, description, created_by, updated_by, created_at, updated_at, tags) VALUES (747353279, 'langmap.create.regionPlaceholder', '', 'langmap', 'langmap', datetime('now'), datetime('now'), '["langmap"]');
INSERT INTO meanings (id, gloss, description, created_by, updated_by, created_at, updated_at, tags) VALUES (259247799, 'langmap.create.regionHelp', '', 'langmap', 'langmap', datetime('now'), datetime('now'), '["langmap"]');
INSERT INTO meanings (id, gloss, description, created_by, updated_by, created_at, updated_at, tags) VALUES (1228718215, 'langmap.create.detectLocation', '', 'langmap', 'langmap', datetime('now'), datetime('now'), '["langmap"]');
INSERT INTO meanings (id, gloss, description, created_by, updated_by, created_at, updated_at, tags) VALUES (1606159683, 'langmap.create.selectOnMap', '', 'langmap', 'langmap', datetime('now'), datetime('now'), '["langmap"]');
INSERT INTO meanings (id, gloss, description, created_by, updated_by, created_at, updated_at, tags) VALUES (1058233083, 'langmap.create.clickOnMapToSelect', '', 'langmap', 'langmap', datetime('now'), datetime('now'), '["langmap"]');
INSERT INTO meanings (id, gloss, description, created_by, updated_by, created_at, updated_at, tags) VALUES (1874909642, 'langmap.create.geolocationNotSupported', '', 'langmap', 'langmap', datetime('now'), datetime('now'), '["langmap"]');
INSERT INTO meanings (id, gloss, description, created_by, updated_by, created_at, updated_at, tags) VALUES (735160078, 'langmap.create.locationDetectionFailed', '', 'langmap', 'langmap', datetime('now'), datetime('now'), '["langmap"]');
INSERT INTO meanings (id, gloss, description, created_by, updated_by, created_at, updated_at, tags) VALUES (1228788957, 'langmap.create.parsingLocation', '', 'langmap', 'langmap', datetime('now'), datetime('now'), '["langmap"]');
INSERT INTO meanings (id, gloss, description, created_by, updated_by, created_at, updated_at, tags) VALUES (535669297, 'langmap.create.locationParsingFailed', '', 'langmap', 'langmap', datetime('now'), datetime('now'), '["langmap"]');
INSERT INTO meanings (id, gloss, description, created_by, updated_by, created_at, updated_at, tags) VALUES (533920565, 'langmap.create.source', '', 'langmap', 'langmap', datetime('now'), datetime('now'), '["langmap"]');
INSERT INTO meanings (id, gloss, description, created_by, updated_by, created_at, updated_at, tags) VALUES (322599747, 'langmap.create.sourcePlaceholder', '', 'langmap', 'langmap', datetime('now'), datetime('now'), '["langmap"]');
INSERT INTO meanings (id, gloss, description, created_by, updated_by, created_at, updated_at, tags) VALUES (996426808, 'langmap.create.sourceHelp', '', 'langmap', 'langmap', datetime('now'), datetime('now'), '["langmap"]');
INSERT INTO meanings (id, gloss, description, created_by, updated_by, created_at, updated_at, tags) VALUES (1242437667, 'langmap.create.submit', '', 'langmap', 'langmap', datetime('now'), datetime('now'), '["langmap"]');
INSERT INTO meanings (id, gloss, description, created_by, updated_by, created_at, updated_at, tags) VALUES (1767814123, 'langmap.create.submitting', '', 'langmap', 'langmap', datetime('now'), datetime('now'), '["langmap"]');
INSERT INTO meanings (id, gloss, description, created_by, updated_by, created_at, updated_at, tags) VALUES (814856456, 'langmap.create.cancel', '', 'langmap', 'langmap', datetime('now'), datetime('now'), '["langmap"]');
INSERT INTO meanings (id, gloss, description, created_by, updated_by, created_at, updated_at, tags) VALUES (669906916, 'langmap.create.requiredError', '', 'langmap', 'langmap', datetime('now'), datetime('now'), '["langmap"]');
INSERT INTO meanings (id, gloss, description, created_by, updated_by, created_at, updated_at, tags) VALUES (11980301, 'langmap.create.associateWithMeaning', '', 'langmap', 'langmap', datetime('now'), datetime('now'), '["langmap"]');
INSERT INTO meanings (id, gloss, description, created_by, updated_by, created_at, updated_at, tags) VALUES (450995876, 'langmap.create.associateWithExistingMeaning', '', 'langmap', 'langmap', datetime('now'), datetime('now'), '["langmap"]');
INSERT INTO meanings (id, gloss, description, created_by, updated_by, created_at, updated_at, tags) VALUES (837067897, 'langmap.create.associateWithNewMeaning', '', 'langmap', 'langmap', datetime('now'), datetime('now'), '["langmap"]');
INSERT INTO meanings (id, gloss, description, created_by, updated_by, created_at, updated_at, tags) VALUES (588178763, 'langmap.create.selectedExpression', '', 'langmap', 'langmap', datetime('now'), datetime('now'), '["langmap"]');
INSERT INTO meanings (id, gloss, description, created_by, updated_by, created_at, updated_at, tags) VALUES (1789770084, 'langmap.create.meaningGloss', '', 'langmap', 'langmap', datetime('now'), datetime('now'), '["langmap"]');
INSERT INTO meanings (id, gloss, description, created_by, updated_by, created_at, updated_at, tags) VALUES (1132466761, 'langmap.create.meaningGlossPlaceholder', '', 'langmap', 'langmap', datetime('now'), datetime('now'), '["langmap"]');
INSERT INTO meanings (id, gloss, description, created_by, updated_by, created_at, updated_at, tags) VALUES (999221063, 'langmap.create.meaningGlossHelp', '', 'langmap', 'langmap', datetime('now'), datetime('now'), '["langmap"]');
INSERT INTO meanings (id, gloss, description, created_by, updated_by, created_at, updated_at, tags) VALUES (1554575731, 'langmap.create.meaningDescription', '', 'langmap', 'langmap', datetime('now'), datetime('now'), '["langmap"]');
INSERT INTO meanings (id, gloss, description, created_by, updated_by, created_at, updated_at, tags) VALUES (1636970553, 'langmap.create.meaningDescriptionPlaceholder', '', 'langmap', 'langmap', datetime('now'), datetime('now'), '["langmap"]');
INSERT INTO meanings (id, gloss, description, created_by, updated_by, created_at, updated_at, tags) VALUES (1869566903, 'langmap.create.meaningDescriptionHelp', '', 'langmap', 'langmap', datetime('now'), datetime('now'), '["langmap"]');
INSERT INTO meanings (id, gloss, description, created_by, updated_by, created_at, updated_at, tags) VALUES (56467778, 'langmap.create.meaningTags', '', 'langmap', 'langmap', datetime('now'), datetime('now'), '["langmap"]');
INSERT INTO meanings (id, gloss, description, created_by, updated_by, created_at, updated_at, tags) VALUES (194913104, 'langmap.create.meaningTagsPlaceholder', '', 'langmap', 'langmap', datetime('now'), datetime('now'), '["langmap"]');
INSERT INTO meanings (id, gloss, description, created_by, updated_by, created_at, updated_at, tags) VALUES (1385556360, 'langmap.create.meaningTagsHelp', '', 'langmap', 'langmap', datetime('now'), datetime('now'), '["langmap"]');
INSERT INTO meanings (id, gloss, description, created_by, updated_by, created_at, updated_at, tags) VALUES (1474179643, 'langmap.create.addLanguage', '', 'langmap', 'langmap', datetime('now'), datetime('now'), '["langmap"]');
INSERT INTO meanings (id, gloss, description, created_by, updated_by, created_at, updated_at, tags) VALUES (174195536, 'langmap.create.languageCode', '', 'langmap', 'langmap', datetime('now'), datetime('now'), '["langmap"]');
INSERT INTO meanings (id, gloss, description, created_by, updated_by, created_at, updated_at, tags) VALUES (1355230541, 'langmap.create.languageCodePlaceholder', '', 'langmap', 'langmap', datetime('now'), datetime('now'), '["langmap"]');
INSERT INTO meanings (id, gloss, description, created_by, updated_by, created_at, updated_at, tags) VALUES (10528370, 'langmap.create.languageCodeHelp', '', 'langmap', 'langmap', datetime('now'), datetime('now'), '["langmap"]');
INSERT INTO meanings (id, gloss, description, created_by, updated_by, created_at, updated_at, tags) VALUES (54582974, 'langmap.create.languageName', '', 'langmap', 'langmap', datetime('now'), datetime('now'), '["langmap"]');
INSERT INTO meanings (id, gloss, description, created_by, updated_by, created_at, updated_at, tags) VALUES (1991926523, 'langmap.create.languageNamePlaceholder', '', 'langmap', 'langmap', datetime('now'), datetime('now'), '["langmap"]');
INSERT INTO meanings (id, gloss, description, created_by, updated_by, created_at, updated_at, tags) VALUES (1716022447, 'langmap.create.nativeName', '', 'langmap', 'langmap', datetime('now'), datetime('now'), '["langmap"]');
INSERT INTO meanings (id, gloss, description, created_by, updated_by, created_at, updated_at, tags) VALUES (1945432180, 'langmap.create.nativeNamePlaceholder', '', 'langmap', 'langmap', datetime('now'), datetime('now'), '["langmap"]');
INSERT INTO meanings (id, gloss, description, created_by, updated_by, created_at, updated_at, tags) VALUES (1921468690, 'langmap.create.regionInformation', '', 'langmap', 'langmap', datetime('now'), datetime('now'), '["langmap"]');
INSERT INTO meanings (id, gloss, description, created_by, updated_by, created_at, updated_at, tags) VALUES (1018972716, 'langmap.create.regionName', '', 'langmap', 'langmap', datetime('now'), datetime('now'), '["langmap"]');
INSERT INTO meanings (id, gloss, description, created_by, updated_by, created_at, updated_at, tags) VALUES (306931297, 'langmap.create.regionNamePlaceholder', '', 'langmap', 'langmap', datetime('now'), datetime('now'), '["langmap"]');
INSERT INTO meanings (id, gloss, description, created_by, updated_by, created_at, updated_at, tags) VALUES (647664578, 'langmap.create.nativeRegionName', '', 'langmap', 'langmap', datetime('now'), datetime('now'), '["langmap"]');
INSERT INTO meanings (id, gloss, description, created_by, updated_by, created_at, updated_at, tags) VALUES (765370063, 'langmap.create.nativeRegionNamePlaceholder', '', 'langmap', 'langmap', datetime('now'), datetime('now'), '["langmap"]');
INSERT INTO meanings (id, gloss, description, created_by, updated_by, created_at, updated_at, tags) VALUES (820519387, 'langmap.create.latitude', '', 'langmap', 'langmap', datetime('now'), datetime('now'), '["langmap"]');
INSERT INTO meanings (id, gloss, description, created_by, updated_by, created_at, updated_at, tags) VALUES (626365559, 'langmap.create.latitudePlaceholder', '', 'langmap', 'langmap', datetime('now'), datetime('now'), '["langmap"]');
INSERT INTO meanings (id, gloss, description, created_by, updated_by, created_at, updated_at, tags) VALUES (513569115, 'langmap.create.longitude', '', 'langmap', 'langmap', datetime('now'), datetime('now'), '["langmap"]');
INSERT INTO meanings (id, gloss, description, created_by, updated_by, created_at, updated_at, tags) VALUES (2107302769, 'langmap.create.longitudePlaceholder', '', 'langmap', 'langmap', datetime('now'), datetime('now'), '["langmap"]');
INSERT INTO meanings (id, gloss, description, created_by, updated_by, created_at, updated_at, tags) VALUES (2071213119, 'langmap.create.hideMap', '', 'langmap', 'langmap', datetime('now'), datetime('now'), '["langmap"]');
INSERT INTO meanings (id, gloss, description, created_by, updated_by, created_at, updated_at, tags) VALUES (2030701872, 'langmap.create.textDirection', '', 'langmap', 'langmap', datetime('now'), datetime('now'), '["langmap"]');
INSERT INTO meanings (id, gloss, description, created_by, updated_by, created_at, updated_at, tags) VALUES (822144154, 'langmap.create.ltr', '', 'langmap', 'langmap', datetime('now'), datetime('now'), '["langmap"]');
INSERT INTO meanings (id, gloss, description, created_by, updated_by, created_at, updated_at, tags) VALUES (208973083, 'langmap.create.rtl', '', 'langmap', 'langmap', datetime('now'), datetime('now'), '["langmap"]');
INSERT INTO meanings (id, gloss, description, created_by, updated_by, created_at, updated_at, tags) VALUES (1116697603, 'langmap.create.addingLanguage', '', 'langmap', 'langmap', datetime('now'), datetime('now'), '["langmap"]');
INSERT INTO meanings (id, gloss, description, created_by, updated_by, created_at, updated_at, tags) VALUES (577671469, 'langmap.create.addLanguageFailed', '', 'langmap', 'langmap', datetime('now'), datetime('now'), '["langmap"]');
INSERT INTO meanings (id, gloss, description, created_by, updated_by, created_at, updated_at, tags) VALUES (1173588834, 'langmap.detail.backToSearch', '', 'langmap', 'langmap', datetime('now'), datetime('now'), '["langmap"]');
INSERT INTO meanings (id, gloss, description, created_by, updated_by, created_at, updated_at, tags) VALUES (916646339, 'langmap.detail.loading', '', 'langmap', 'langmap', datetime('now'), datetime('now'), '["langmap"]');
INSERT INTO meanings (id, gloss, description, created_by, updated_by, created_at, updated_at, tags) VALUES (303419628, 'langmap.detail.expressionDetails', '', 'langmap', 'langmap', datetime('now'), datetime('now'), '["langmap"]');
INSERT INTO meanings (id, gloss, description, created_by, updated_by, created_at, updated_at, tags) VALUES (1082150934, 'langmap.detail.associatedMeanings', '', 'langmap', 'langmap', datetime('now'), datetime('now'), '["langmap"]');
INSERT INTO meanings (id, gloss, description, created_by, updated_by, created_at, updated_at, tags) VALUES (977355953, 'langmap.detail.associateExpressions', '', 'langmap', 'langmap', datetime('now'), datetime('now'), '["langmap"]');
INSERT INTO meanings (id, gloss, description, created_by, updated_by, created_at, updated_at, tags) VALUES (840883141, 'langmap.detail.cancel', '', 'langmap', 'langmap', datetime('now'), datetime('now'), '["langmap"]');
INSERT INTO meanings (id, gloss, description, created_by, updated_by, created_at, updated_at, tags) VALUES (531232349, 'langmap.detail.searchPlaceholder', '', 'langmap', 'langmap', datetime('now'), datetime('now'), '["langmap"]');
INSERT INTO meanings (id, gloss, description, created_by, updated_by, created_at, updated_at, tags) VALUES (1801706047, 'langmap.detail.search', '', 'langmap', 'langmap', datetime('now'), datetime('now'), '["langmap"]');
INSERT INTO meanings (id, gloss, description, created_by, updated_by, created_at, updated_at, tags) VALUES (204956308, 'langmap.detail.searching', '', 'langmap', 'langmap', datetime('now'), datetime('now'), '["langmap"]');
INSERT INTO meanings (id, gloss, description, created_by, updated_by, created_at, updated_at, tags) VALUES (396634966, 'langmap.detail.noExpressionsFound', '', 'langmap', 'langmap', datetime('now'), datetime('now'), '["langmap"]');
INSERT INTO meanings (id, gloss, description, created_by, updated_by, created_at, updated_at, tags) VALUES (1812761320, 'langmap.detail.link', '', 'langmap', 'langmap', datetime('now'), datetime('now'), '["langmap"]');
INSERT INTO meanings (id, gloss, description, created_by, updated_by, created_at, updated_at, tags) VALUES (1733733173, 'langmap.detail.alreadyLinked', '', 'langmap', 'langmap', datetime('now'), datetime('now'), '["langmap"]');
INSERT INTO meanings (id, gloss, description, created_by, updated_by, created_at, updated_at, tags) VALUES (825539610, 'langmap.detail.includesCurrent', '', 'langmap', 'langmap', datetime('now'), datetime('now'), '["langmap"]');
INSERT INTO meanings (id, gloss, description, created_by, updated_by, created_at, updated_at, tags) VALUES (1320578155, 'langmap.detail.linkToMeaning', '', 'langmap', 'langmap', datetime('now'), datetime('now'), '["langmap"]');
INSERT INTO meanings (id, gloss, description, created_by, updated_by, created_at, updated_at, tags) VALUES (1171371199, 'langmap.detail.selectMeaning', '', 'langmap', 'langmap', datetime('now'), datetime('now'), '["langmap"]');
INSERT INTO meanings (id, gloss, description, created_by, updated_by, created_at, updated_at, tags) VALUES (2048212694, 'langmap.detail.createNew', '', 'langmap', 'langmap', datetime('now'), datetime('now'), '["langmap"]');
INSERT INTO meanings (id, gloss, description, created_by, updated_by, created_at, updated_at, tags) VALUES (787431441, 'langmap.detail.newMeaningGloss', '', 'langmap', 'langmap', datetime('now'), datetime('now'), '["langmap"]');
INSERT INTO meanings (id, gloss, description, created_by, updated_by, created_at, updated_at, tags) VALUES (1044591763, 'langmap.detail.createMeaning', '', 'langmap', 'langmap', datetime('now'), datetime('now'), '["langmap"]');
INSERT INTO meanings (id, gloss, description, created_by, updated_by, created_at, updated_at, tags) VALUES (2010884750, 'langmap.detail.noMeanings', '', 'langmap', 'langmap', datetime('now'), datetime('now'), '["langmap"]');
INSERT INTO meanings (id, gloss, description, created_by, updated_by, created_at, updated_at, tags) VALUES (1273274090, 'langmap.detail.associateWithMeanings', '', 'langmap', 'langmap', datetime('now'), datetime('now'), '["langmap"]');
INSERT INTO meanings (id, gloss, description, created_by, updated_by, created_at, updated_at, tags) VALUES (176252579, 'langmap.expressionCard.global', '', 'langmap', 'langmap', datetime('now'), datetime('now'), '["langmap"]');
INSERT INTO meanings (id, gloss, description, created_by, updated_by, created_at, updated_at, tags) VALUES (2089767296, 'langmap.expressionCard.play', '', 'langmap', 'langmap', datetime('now'), datetime('now'), '["langmap"]');
INSERT INTO meanings (id, gloss, description, created_by, updated_by, created_at, updated_at, tags) VALUES (645537796, 'langmap.expressionCard.auto', '', 'langmap', 'langmap', datetime('now'), datetime('now'), '["langmap"]');
INSERT INTO meanings (id, gloss, description, created_by, updated_by, created_at, updated_at, tags) VALUES (1744326251, 'langmap.versionHistory.title', '', 'langmap', 'langmap', datetime('now'), datetime('now'), '["langmap"]');
INSERT INTO meanings (id, gloss, description, created_by, updated_by, created_at, updated_at, tags) VALUES (715462937, 'langmap.versionHistory.loading', '', 'langmap', 'langmap', datetime('now'), datetime('now'), '["langmap"]');
INSERT INTO meanings (id, gloss, description, created_by, updated_by, created_at, updated_at, tags) VALUES (1713513424, 'langmap.versionHistory.noVersions', '', 'langmap', 'langmap', datetime('now'), datetime('now'), '["langmap"]');
INSERT INTO meanings (id, gloss, description, created_by, updated_by, created_at, updated_at, tags) VALUES (80058487, 'langmap.versionHistory.auto', '', 'langmap', 'langmap', datetime('now'), datetime('now'), '["langmap"]');
INSERT INTO meanings (id, gloss, description, created_by, updated_by, created_at, updated_at, tags) VALUES (82914960, 'langmap.versionHistory.anonymous', '', 'langmap', 'langmap', datetime('now'), datetime('now'), '["langmap"]');
INSERT INTO meanings (id, gloss, description, created_by, updated_by, created_at, updated_at, tags) VALUES (1428858324, 'langmap.home.low', '', 'langmap', 'langmap', datetime('now'), datetime('now'), '["langmap"]');
INSERT INTO meanings (id, gloss, description, created_by, updated_by, created_at, updated_at, tags) VALUES (214696929, 'langmap.home.medium', '', 'langmap', 'langmap', datetime('now'), datetime('now'), '["langmap"]');
INSERT INTO meanings (id, gloss, description, created_by, updated_by, created_at, updated_at, tags) VALUES (2136578862, 'langmap.home.high', '', 'langmap', 'langmap', datetime('now'), datetime('now'), '["langmap"]');
INSERT INTO meanings (id, gloss, description, created_by, updated_by, created_at, updated_at, tags) VALUES (359270288, 'langmap.search.plural', '', 'langmap', 'langmap', datetime('now'), datetime('now'), '["langmap"]');
INSERT INTO expressions (id, text, language_code, region_code, region_name, region_latitude, region_longitude, created_by, updated_by, created_at, updated_at, tags, source_type, review_status) VALUES (1, '世界の言語を探求する', 'ja', 'JP', '東京、日本', 35.6762, 139.6503, 'langmap', 'langmap', datetime('now'), datetime('now'), '["langmap"]', 'ai', 'approved');
INSERT INTO expression_versions (expression_id, text, region_name, region_latitude, region_longitude, created_by, created_at) VALUES (1, '世界の言語を探求する', '東京、日本', 35.6762, 139.6503, 'langmap', datetime('now'));
INSERT INTO expression_meanings (expression_id, meaning_id, created_by, updated_by, created_at, updated_at) VALUES (1, 1232590872, 'langmap', 'langmap', datetime('now'), datetime('now'));
INSERT INTO expressions (id, text, language_code, region_code, region_name, region_latitude, region_longitude, created_by, updated_by, created_at, updated_at, tags, source_type, review_status) VALUES (2, '地域や文化によって表現方法がどう異なるかを発見する', 'ja', 'JP', '東京、日本', 35.6762, 139.6503, 'langmap', 'langmap', datetime('now'), datetime('now'), '["langmap"]', 'ai', 'approved');
INSERT INTO expression_versions (expression_id, text, region_name, region_latitude, region_longitude, created_by, created_at) VALUES (2, '地域や文化によって表現方法がどう異なるかを発見する', '東京、日本', 35.6762, 139.6503, 'langmap', datetime('now'));
INSERT INTO expression_meanings (expression_id, meaning_id, created_by, updated_by, created_at, updated_at) VALUES (2, 738769989, 'langmap', 'langmap', datetime('now'), datetime('now'));
INSERT INTO expressions (id, text, language_code, region_code, region_name, region_latitude, region_longitude, created_by, updated_by, created_at, updated_at, tags, source_type, review_status) VALUES (3, '表現を検索...', 'ja', 'JP', '東京、日本', 35.6762, 139.6503, 'langmap', 'langmap', datetime('now'), datetime('now'), '["langmap"]', 'ai', 'approved');
INSERT INTO expression_versions (expression_id, text, region_name, region_latitude, region_longitude, created_by, created_at) VALUES (3, '表現を検索...', '東京、日本', 35.6762, 139.6503, 'langmap', datetime('now'));
INSERT INTO expression_meanings (expression_id, meaning_id, created_by, updated_by, created_at, updated_at) VALUES (3, 87878107, 'langmap', 'langmap', datetime('now'), datetime('now'));
INSERT INTO expressions (id, text, language_code, region_code, region_name, region_latitude, region_longitude, created_by, updated_by, created_at, updated_at, tags, source_type, review_status) VALUES (4, '検索', 'ja', 'JP', '東京、日本', 35.6762, 139.6503, 'langmap', 'langmap', datetime('now'), datetime('now'), '["langmap"]', 'ai', 'approved');
INSERT INTO expression_versions (expression_id, text, region_name, region_latitude, region_longitude, created_by, created_at) VALUES (4, '検索', '東京、日本', 35.6762, 139.6503, 'langmap', datetime('now'));
INSERT INTO expression_meanings (expression_id, meaning_id, created_by, updated_by, created_at, updated_at) VALUES (4, 1861719002, 'langmap', 'langmap', datetime('now'), datetime('now'));
INSERT INTO expressions (id, text, language_code, region_code, region_name, region_latitude, region_longitude, created_by, updated_by, created_at, updated_at, tags, source_type, review_status) VALUES (5, '総表現数', 'ja', 'JP', '東京、日本', 35.6762, 139.6503, 'langmap', 'langmap', datetime('now'), datetime('now'), '["langmap"]', 'ai', 'approved');
INSERT INTO expression_versions (expression_id, text, region_name, region_latitude, region_longitude, created_by, created_at) VALUES (5, '総表現数', '東京、日本', 35.6762, 139.6503, 'langmap', datetime('now'));
INSERT INTO expression_meanings (expression_id, meaning_id, created_by, updated_by, created_at, updated_at) VALUES (5, 2073608002, 'langmap', 'langmap', datetime('now'), datetime('now'));
INSERT INTO expressions (id, text, language_code, region_code, region_name, region_latitude, region_longitude, created_by, updated_by, created_at, updated_at, tags, source_type, review_status) VALUES (6, '言語', 'ja', 'JP', '東京、日本', 35.6762, 139.6503, 'langmap', 'langmap', datetime('now'), datetime('now'), '["langmap"]', 'ai', 'approved');
INSERT INTO expression_versions (expression_id, text, region_name, region_latitude, region_longitude, created_by, created_at) VALUES (6, '言語', '東京、日本', 35.6762, 139.6503, 'langmap', datetime('now'));
INSERT INTO expression_meanings (expression_id, meaning_id, created_by, updated_by, created_at, updated_at) VALUES (6, 29825596, 'langmap', 'langmap', datetime('now'), datetime('now'));
INSERT INTO expressions (id, text, language_code, region_code, region_name, region_latitude, region_longitude, created_by, updated_by, created_at, updated_at, tags, source_type, review_status) VALUES (7, '地域', 'ja', 'JP', '東京、日本', 35.6762, 139.6503, 'langmap', 'langmap', datetime('now'), datetime('now'), '["langmap"]', 'ai', 'approved');
INSERT INTO expression_versions (expression_id, text, region_name, region_latitude, region_longitude, created_by, created_at) VALUES (7, '地域', '東京、日本', 35.6762, 139.6503, 'langmap', datetime('now'));
INSERT INTO expression_meanings (expression_id, meaning_id, created_by, updated_by, created_at, updated_at) VALUES (7, 1909588150, 'langmap', 'langmap', datetime('now'), datetime('now'));
INSERT INTO expressions (id, text, language_code, region_code, region_name, region_latitude, region_longitude, created_by, updated_by, created_at, updated_at, tags, source_type, review_status) VALUES (8, 'グローバル言語分布', 'ja', 'JP', '東京、日本', 35.6762, 139.6503, 'langmap', 'langmap', datetime('now'), datetime('now'), '["langmap"]', 'ai', 'approved');
INSERT INTO expression_versions (expression_id, text, region_name, region_latitude, region_longitude, created_by, created_at) VALUES (8, 'グローバル言語分布', '東京、日本', 35.6762, 139.6503, 'langmap', datetime('now'));
INSERT INTO expression_meanings (expression_id, meaning_id, created_by, updated_by, created_at, updated_at) VALUES (8, 228029697, 'langmap', 'langmap', datetime('now'), datetime('now'));
INSERT INTO expressions (id, text, language_code, region_code, region_name, region_latitude, region_longitude, created_by, updated_by, created_at, updated_at, tags, source_type, review_status) VALUES (9, 'さまざまな地域における言語表現の豊かさを探求します。円が大きいほど、その地域の表現がより多くなっています。', 'ja', 'JP', '東京、日本', 35.6762, 139.6503, 'langmap', 'langmap', datetime('now'), datetime('now'), '["langmap"]', 'ai', 'approved');
INSERT INTO expression_versions (expression_id, text, region_name, region_latitude, region_longitude, created_by, created_at) VALUES (9, 'さまざまな地域における言語表現の豊かさを探求します。円が大きいほど、その地域の表現がより多くなっています。', '東京、日本', 35.6762, 139.6503, 'langmap', datetime('now'));
INSERT INTO expression_meanings (expression_id, meaning_id, created_by, updated_by, created_at, updated_at) VALUES (9, 1932949546, 'langmap', 'langmap', datetime('now'), datetime('now'));
INSERT INTO expressions (id, text, language_code, region_code, region_name, region_latitude, region_longitude, created_by, updated_by, created_at, updated_at, tags, source_type, review_status) VALUES (10, '表現密度', 'ja', 'JP', '東京、日本', 35.6762, 139.6503, 'langmap', 'langmap', datetime('now'), datetime('now'), '["langmap"]', 'ai', 'approved');
INSERT INTO expression_versions (expression_id, text, region_name, region_latitude, region_longitude, created_by, created_at) VALUES (10, '表現密度', '東京、日本', 35.6762, 139.6503, 'langmap', datetime('now'));
INSERT INTO expression_meanings (expression_id, meaning_id, created_by, updated_by, created_at, updated_at) VALUES (10, 1280354696, 'langmap', 'langmap', datetime('now'), datetime('now'));
INSERT INTO expressions (id, text, language_code, region_code, region_name, region_latitude, region_longitude, created_by, updated_by, created_at, updated_at, tags, source_type, review_status) VALUES (11, '始めましょう', 'ja', 'JP', '東京、日本', 35.6762, 139.6503, 'langmap', 'langmap', datetime('now'), datetime('now'), '["langmap"]', 'ai', 'approved');
INSERT INTO expression_versions (expression_id, text, region_name, region_latitude, region_longitude, created_by, created_at) VALUES (11, '始めましょう', '東京、日本', 35.6762, 139.6503, 'langmap', datetime('now'));
INSERT INTO expression_meanings (expression_id, meaning_id, created_by, updated_by, created_at, updated_at) VALUES (11, 1704825459, 'langmap', 'langmap', datetime('now'), datetime('now'));
INSERT INTO expressions (id, text, language_code, region_code, region_name, region_latitude, region_longitude, created_by, updated_by, created_at, updated_at, tags, source_type, review_status) VALUES (12, '表現を検索', 'ja', 'JP', '東京、日本', 35.6762, 139.6503, 'langmap', 'langmap', datetime('now'), datetime('now'), '["langmap"]', 'ai', 'approved');
INSERT INTO expression_versions (expression_id, text, region_name, region_latitude, region_longitude, created_by, created_at) VALUES (12, '表現を検索', '東京、日本', 35.6762, 139.6503, 'langmap', datetime('now'));
INSERT INTO expression_meanings (expression_id, meaning_id, created_by, updated_by, created_at, updated_at) VALUES (12, 1798903561, 'langmap', 'langmap', datetime('now'), datetime('now'));
INSERT INTO expressions (id, text, language_code, region_code, region_name, region_latitude, region_longitude, created_by, updated_by, created_at, updated_at, tags, source_type, review_status) VALUES (13, 'さまざまな言語や地域で単語や文がどのように表現されているかを見つけます。', 'ja', 'JP', '東京、日本', 35.6762, 139.6503, 'langmap', 'langmap', datetime('now'), datetime('now'), '["langmap"]', 'ai', 'approved');
INSERT INTO expression_versions (expression_id, text, region_name, region_latitude, region_longitude, created_by, created_at) VALUES (13, 'さまざまな言語や地域で単語や文がどのように表現されているかを見つけます。', '東京、日本', 35.6762, 139.6503, 'langmap', datetime('now'));
INSERT INTO expression_meanings (expression_id, meaning_id, created_by, updated_by, created_at, updated_at) VALUES (13, 889637427, 'langmap', 'langmap', datetime('now'), datetime('now'));
INSERT INTO expressions (id, text, language_code, region_code, region_name, region_latitude, region_longitude, created_by, updated_by, created_at, updated_at, tags, source_type, review_status) VALUES (14, '検索を開始 →', 'ja', 'JP', '東京、日本', 35.6762, 139.6503, 'langmap', 'langmap', datetime('now'), datetime('now'), '["langmap"]', 'ai', 'approved');
INSERT INTO expression_versions (expression_id, text, region_name, region_latitude, region_longitude, created_by, created_at) VALUES (14, '検索を開始 →', '東京、日本', 35.6762, 139.6503, 'langmap', datetime('now'));
INSERT INTO expression_meanings (expression_id, meaning_id, created_by, updated_by, created_at, updated_at) VALUES (14, 2141226890, 'langmap', 'langmap', datetime('now'), datetime('now'));
INSERT INTO expressions (id, text, language_code, region_code, region_name, region_latitude, region_longitude, created_by, updated_by, created_at, updated_at, tags, source_type, review_status) VALUES (15, '表現を追加', 'ja', 'JP', '東京、日本', 35.6762, 139.6503, 'langmap', 'langmap', datetime('now'), datetime('now'), '["langmap"]', 'ai', 'approved');
INSERT INTO expression_versions (expression_id, text, region_name, region_latitude, region_longitude, created_by, created_at) VALUES (15, '表現を追加', '東京、日本', 35.6762, 139.6503, 'langmap', datetime('now'));
INSERT INTO expression_meanings (expression_id, meaning_id, created_by, updated_by, created_at, updated_at) VALUES (15, 50585974, 'langmap', 'langmap', datetime('now'), datetime('now'));
INSERT INTO expressions (id, text, language_code, region_code, region_name, region_latitude, region_longitude, created_by, updated_by, created_at, updated_at, tags, source_type, review_status) VALUES (16, 'あなたの言語や地域の表現を追加して、私たちのデータベースに貢献してください。', 'ja', 'JP', '東京、日本', 35.6762, 139.6503, 'langmap', 'langmap', datetime('now'), datetime('now'), '["langmap"]', 'ai', 'approved');
INSERT INTO expression_versions (expression_id, text, region_name, region_latitude, region_longitude, created_by, created_at) VALUES (16, 'あなたの言語や地域の表現を追加して、私たちのデータベースに貢献してください。', '東京、日本', 35.6762, 139.6503, 'langmap', datetime('now'));
INSERT INTO expression_meanings (expression_id, meaning_id, created_by, updated_by, created_at, updated_at) VALUES (16, 1556642706, 'langmap', 'langmap', datetime('now'), datetime('now'));
INSERT INTO expression_meanings (expression_id, meaning_id, created_by, updated_by, created_at, updated_at) VALUES (7, 250674643, 'langmap', 'langmap', datetime('now'), datetime('now'));
INSERT INTO expression_meanings (expression_id, meaning_id, created_by, updated_by, created_at, updated_at) VALUES (6, 393067094, 'langmap', 'langmap', datetime('now'), datetime('now'));
INSERT INTO expressions (id, text, language_code, region_code, region_name, region_latitude, region_longitude, created_by, updated_by, created_at, updated_at, tags, source_type, review_status) VALUES (17, '表現数', 'ja', 'JP', '東京、日本', 35.6762, 139.6503, 'langmap', 'langmap', datetime('now'), datetime('now'), '["langmap"]', 'ai', 'approved');
INSERT INTO expression_versions (expression_id, text, region_name, region_latitude, region_longitude, created_by, created_at) VALUES (17, '表現数', '東京、日本', 35.6762, 139.6503, 'langmap', datetime('now'));
INSERT INTO expression_meanings (expression_id, meaning_id, created_by, updated_by, created_at, updated_at) VALUES (17, 1843177479, 'langmap', 'langmap', datetime('now'), datetime('now'));
INSERT INTO expressions (id, text, language_code, region_code, region_name, region_latitude, region_longitude, created_by, updated_by, created_at, updated_at, tags, source_type, review_status) VALUES (18, '不明', 'ja', 'JP', '東京、日本', 35.6762, 139.6503, 'langmap', 'langmap', datetime('now'), datetime('now'), '["langmap"]', 'ai', 'approved');
INSERT INTO expression_versions (expression_id, text, region_name, region_latitude, region_longitude, created_by, created_at) VALUES (18, '不明', '東京、日本', 35.6762, 139.6503, 'langmap', datetime('now'));
INSERT INTO expression_meanings (expression_id, meaning_id, created_by, updated_by, created_at, updated_at) VALUES (18, 2147181533, 'langmap', 'langmap', datetime('now'), datetime('now'));
INSERT INTO expressions (id, text, language_code, region_code, region_name, region_latitude, region_longitude, created_by, updated_by, created_at, updated_at, tags, source_type, review_status) VALUES (19, '新規追加 →', 'ja', 'JP', '東京、日本', 35.6762, 139.6503, 'langmap', 'langmap', datetime('now'), datetime('now'), '["langmap"]', 'ai', 'approved');
INSERT INTO expression_versions (expression_id, text, region_name, region_latitude, region_longitude, created_by, created_at) VALUES (19, '新規追加 →', '東京、日本', 35.6762, 139.6503, 'langmap', datetime('now'));
INSERT INTO expression_meanings (expression_id, meaning_id, created_by, updated_by, created_at, updated_at) VALUES (19, 1538332181, 'langmap', 'langmap', datetime('now'), datetime('now'));
INSERT INTO expressions (id, text, language_code, region_code, region_name, region_latitude, region_longitude, created_by, updated_by, created_at, updated_at, tags, source_type, review_status) VALUES (20, '地図を探索', 'ja', 'JP', '東京、日本', 35.6762, 139.6503, 'langmap', 'langmap', datetime('now'), datetime('now'), '["langmap"]', 'ai', 'approved');
INSERT INTO expression_versions (expression_id, text, region_name, region_latitude, region_longitude, created_by, created_at) VALUES (20, '地図を探索', '東京、日本', 35.6762, 139.6503, 'langmap', datetime('now'));
INSERT INTO expression_meanings (expression_id, meaning_id, created_by, updated_by, created_at, updated_at) VALUES (20, 700350673, 'langmap', 'langmap', datetime('now'), datetime('now'));
INSERT INTO expressions (id, text, language_code, region_code, region_name, region_latitude, region_longitude, created_by, updated_by, created_at, updated_at, tags, source_type, review_status) VALUES (21, 'インタラクティブな世界地図で言語の多様性を可視化。', 'ja', 'JP', '東京、日本', 35.6762, 139.6503, 'langmap', 'langmap', datetime('now'), datetime('now'), '["langmap"]', 'ai', 'approved');
INSERT INTO expression_versions (expression_id, text, region_name, region_latitude, region_longitude, created_by, created_at) VALUES (21, 'インタラクティブな世界地図で言語の多様性を可視化。', '東京、日本', 35.6762, 139.6503, 'langmap', datetime('now'));
INSERT INTO expression_meanings (expression_id, meaning_id, created_by, updated_by, created_at, updated_at) VALUES (21, 26891452, 'langmap', 'langmap', datetime('now'), datetime('now'));
INSERT INTO expressions (id, text, language_code, region_code, region_name, region_latitude, region_longitude, created_by, updated_by, created_at, updated_at, tags, source_type, review_status) VALUES (22, '地図を表示 →', 'ja', 'JP', '東京、日本', 35.6762, 139.6503, 'langmap', 'langmap', datetime('now'), datetime('now'), '["langmap"]', 'ai', 'approved');
INSERT INTO expression_versions (expression_id, text, region_name, region_latitude, region_longitude, created_by, created_at) VALUES (22, '地図を表示 →', '東京、日本', 35.6762, 139.6503, 'langmap', datetime('now'));
INSERT INTO expression_meanings (expression_id, meaning_id, created_by, updated_by, created_at, updated_at) VALUES (22, 863807598, 'langmap', 'langmap', datetime('now'), datetime('now'));
INSERT INTO expressions (id, text, language_code, region_code, region_name, region_latitude, region_longitude, created_by, updated_by, created_at, updated_at, tags, source_type, review_status) VALUES (23, '地図を読み込み中...', 'ja', 'JP', '東京、日本', 35.6762, 139.6503, 'langmap', 'langmap', datetime('now'), datetime('now'), '["langmap"]', 'ai', 'approved');
INSERT INTO expression_versions (expression_id, text, region_name, region_latitude, region_longitude, created_by, created_at) VALUES (23, '地図を読み込み中...', '東京、日本', 35.6762, 139.6503, 'langmap', datetime('now'));
INSERT INTO expression_meanings (expression_id, meaning_id, created_by, updated_by, created_at, updated_at) VALUES (23, 984290883, 'langmap', 'langmap', datetime('now'), datetime('now'));
INSERT INTO expressions (id, text, language_code, region_code, region_name, region_latitude, region_longitude, created_by, updated_by, created_at, updated_at, tags, source_type, review_status) VALUES (24, 'ホーム', 'ja', 'JP', '東京、日本', 35.6762, 139.6503, 'langmap', 'langmap', datetime('now'), datetime('now'), '["langmap"]', 'ai', 'approved');
INSERT INTO expression_versions (expression_id, text, region_name, region_latitude, region_longitude, created_by, created_at) VALUES (24, 'ホーム', '東京、日本', 35.6762, 139.6503, 'langmap', datetime('now'));
INSERT INTO expression_meanings (expression_id, meaning_id, created_by, updated_by, created_at, updated_at) VALUES (24, 1175105589, 'langmap', 'langmap', datetime('now'), datetime('now'));
INSERT INTO expression_meanings (expression_id, meaning_id, created_by, updated_by, created_at, updated_at) VALUES (4, 1822030570, 'langmap', 'langmap', datetime('now'), datetime('now'));
INSERT INTO expressions (id, text, language_code, region_code, region_name, region_latitude, region_longitude, created_by, updated_by, created_at, updated_at, tags, source_type, review_status) VALUES (25, '© {year} langmap - 言語表現マッピングプラットフォーム', 'ja', 'JP', '東京、日本', 35.6762, 139.6503, 'langmap', 'langmap', datetime('now'), datetime('now'), '["langmap"]', 'ai', 'approved');
INSERT INTO expression_versions (expression_id, text, region_name, region_latitude, region_longitude, created_by, created_at) VALUES (25, '© {year} langmap - 言語表現マッピングプラットフォーム', '東京、日本', 35.6762, 139.6503, 'langmap', datetime('now'));
INSERT INTO expression_meanings (expression_id, meaning_id, created_by, updated_by, created_at, updated_at) VALUES (25, 1804466275, 'langmap', 'langmap', datetime('now'), datetime('now'));
INSERT INTO expression_meanings (expression_id, meaning_id, created_by, updated_by, created_at, updated_at) VALUES (12, 480547274, 'langmap', 'langmap', datetime('now'), datetime('now'));
INSERT INTO expressions (id, text, language_code, region_code, region_name, region_latitude, region_longitude, created_by, updated_by, created_at, updated_at, tags, source_type, review_status) VALUES (26, 'さまざまな言語や地域の言語表現を見つける', 'ja', 'JP', '東京、日本', 35.6762, 139.6503, 'langmap', 'langmap', datetime('now'), datetime('now'), '["langmap"]', 'ai', 'approved');
INSERT INTO expression_versions (expression_id, text, region_name, region_latitude, region_longitude, created_by, created_at) VALUES (26, 'さまざまな言語や地域の言語表現を見つける', '東京、日本', 35.6762, 139.6503, 'langmap', datetime('now'));
INSERT INTO expression_meanings (expression_id, meaning_id, created_by, updated_by, created_at, updated_at) VALUES (26, 666598698, 'langmap', 'langmap', datetime('now'), datetime('now'));
INSERT INTO expressions (id, text, language_code, region_code, region_name, region_latitude, region_longitude, created_by, updated_by, created_at, updated_at, tags, source_type, review_status) VALUES (27, '単語や文を入力...', 'ja', 'JP', '東京、日本', 35.6762, 139.6503, 'langmap', 'langmap', datetime('now'), datetime('now'), '["langmap"]', 'ai', 'approved');
INSERT INTO expression_versions (expression_id, text, region_name, region_latitude, region_longitude, created_by, created_at) VALUES (27, '単語や文を入力...', '東京、日本', 35.6762, 139.6503, 'langmap', datetime('now'));
INSERT INTO expression_meanings (expression_id, meaning_id, created_by, updated_by, created_at, updated_at) VALUES (27, 782154075, 'langmap', 'langmap', datetime('now'), datetime('now'));
INSERT INTO expression_meanings (expression_id, meaning_id, created_by, updated_by, created_at, updated_at) VALUES (4, 808077362, 'langmap', 'langmap', datetime('now'), datetime('now'));
INSERT INTO expressions (id, text, language_code, region_code, region_name, region_latitude, region_longitude, created_by, updated_by, created_at, updated_at, tags, source_type, review_status) VALUES (28, '表現を検索中...', 'ja', 'JP', '東京、日本', 35.6762, 139.6503, 'langmap', 'langmap', datetime('now'), datetime('now'), '["langmap"]', 'ai', 'approved');
INSERT INTO expression_versions (expression_id, text, region_name, region_latitude, region_longitude, created_by, created_at) VALUES (28, '表現を検索中...', '東京、日本', 35.6762, 139.6503, 'langmap', datetime('now'));
INSERT INTO expression_meanings (expression_id, meaning_id, created_by, updated_by, created_at, updated_at) VALUES (28, 1660781369, 'langmap', 'langmap', datetime('now'), datetime('now'));
INSERT INTO expressions (id, text, language_code, region_code, region_name, region_latitude, region_longitude, created_by, updated_by, created_at, updated_at, tags, source_type, review_status) VALUES (29, '結果が見つかりません', 'ja', 'JP', '東京、日本', 35.6762, 139.6503, 'langmap', 'langmap', datetime('now'), datetime('now'), '["langmap"]', 'ai', 'approved');
INSERT INTO expression_versions (expression_id, text, region_name, region_latitude, region_longitude, created_by, created_at) VALUES (29, '結果が見つかりません', '東京、日本', 35.6762, 139.6503, 'langmap', datetime('now'));
INSERT INTO expression_meanings (expression_id, meaning_id, created_by, updated_by, created_at, updated_at) VALUES (29, 1623339377, 'langmap', 'langmap', datetime('now'), datetime('now'));
INSERT INTO expressions (id, text, language_code, region_code, region_name, region_latitude, region_longitude, created_by, updated_by, created_at, updated_at, tags, source_type, review_status) VALUES (30, '別の検語を試すか、新しい表現を追加してください', 'ja', 'JP', '東京、日本', 35.6762, 139.6503, 'langmap', 'langmap', datetime('now'), datetime('now'), '["langmap"]', 'ai', 'approved');
INSERT INTO expression_versions (expression_id, text, region_name, region_latitude, region_longitude, created_by, created_at) VALUES (30, '別の検語を試すか、新しい表現を追加してください', '東京、日本', 35.6762, 139.6503, 'langmap', datetime('now'));
INSERT INTO expression_meanings (expression_id, meaning_id, created_by, updated_by, created_at, updated_at) VALUES (30, 890335645, 'langmap', 'langmap', datetime('now'), datetime('now'));
INSERT INTO expressions (id, text, language_code, region_code, region_name, region_latitude, region_longitude, created_by, updated_by, created_at, updated_at, tags, source_type, review_status) VALUES (31, '"{expression}" を追加', 'ja', 'JP', '東京、日本', 35.6762, 139.6503, 'langmap', 'langmap', datetime('now'), datetime('now'), '["langmap"]', 'ai', 'approved');
INSERT INTO expression_versions (expression_id, text, region_name, region_latitude, region_longitude, created_by, created_at) VALUES (31, '"{expression}" を追加', '東京、日本', 35.6762, 139.6503, 'langmap', datetime('now'));
INSERT INTO expression_meanings (expression_id, meaning_id, created_by, updated_by, created_at, updated_at) VALUES (31, 556745063, 'langmap', 'langmap', datetime('now'), datetime('now'));
INSERT INTO expressions (id, text, language_code, region_code, region_name, region_latitude, region_longitude, created_by, updated_by, created_at, updated_at, tags, source_type, review_status) VALUES (32, '新しい表現', 'ja', 'JP', '東京、日本', 35.6762, 139.6503, 'langmap', 'langmap', datetime('now'), datetime('now'), '["langmap"]', 'ai', 'approved');
INSERT INTO expression_versions (expression_id, text, region_name, region_latitude, region_longitude, created_by, created_at) VALUES (32, '新しい表現', '東京、日本', 35.6762, 139.6503, 'langmap', datetime('now'));
INSERT INTO expression_meanings (expression_id, meaning_id, created_by, updated_by, created_at, updated_at) VALUES (32, 831699112, 'langmap', 'langmap', datetime('now'), datetime('now'));
INSERT INTO expressions (id, text, language_code, region_code, region_name, region_latitude, region_longitude, created_by, updated_by, created_at, updated_at, tags, source_type, review_status) VALUES (33, '{count} 件の表現が見つかりました', 'ja', 'JP', '東京、日本', 35.6762, 139.6503, 'langmap', 'langmap', datetime('now'), datetime('now'), '["langmap"]', 'ai', 'approved');
INSERT INTO expression_versions (expression_id, text, region_name, region_latitude, region_longitude, created_by, created_at) VALUES (33, '{count} 件の表現が見つかりました', '東京、日本', 35.6762, 139.6503, 'langmap', datetime('now'));
INSERT INTO expression_meanings (expression_id, meaning_id, created_by, updated_by, created_at, updated_at) VALUES (33, 2052550168, 'langmap', 'langmap', datetime('now'), datetime('now'));
INSERT INTO expressions (id, text, language_code, region_code, region_name, region_latitude, region_longitude, created_by, updated_by, created_at, updated_at, tags, source_type, review_status) VALUES (34, '戻る', 'ja', 'JP', '東京、日本', 35.6762, 139.6503, 'langmap', 'langmap', datetime('now'), datetime('now'), '["langmap"]', 'ai', 'approved');
INSERT INTO expression_versions (expression_id, text, region_name, region_latitude, region_longitude, created_by, created_at) VALUES (34, '戻る', '東京、日本', 35.6762, 139.6503, 'langmap', datetime('now'));
INSERT INTO expression_meanings (expression_id, meaning_id, created_by, updated_by, created_at, updated_at) VALUES (34, 1768300647, 'langmap', 'langmap', datetime('now'), datetime('now'));
INSERT INTO expressions (id, text, language_code, region_code, region_name, region_latitude, region_longitude, created_by, updated_by, created_at, updated_at, tags, source_type, review_status) VALUES (35, '新しい表現を追加', 'ja', 'JP', '東京、日本', 35.6762, 139.6503, 'langmap', 'langmap', datetime('now'), datetime('now'), '["langmap"]', 'ai', 'approved');
INSERT INTO expression_versions (expression_id, text, region_name, region_latitude, region_longitude, created_by, created_at) VALUES (35, '新しい表現を追加', '東京、日本', 35.6762, 139.6503, 'langmap', datetime('now'));
INSERT INTO expression_meanings (expression_id, meaning_id, created_by, updated_by, created_at, updated_at) VALUES (35, 653847431, 'langmap', 'langmap', datetime('now'), datetime('now'));
INSERT INTO expressions (id, text, language_code, region_code, region_name, region_latitude, region_longitude, created_by, updated_by, created_at, updated_at, tags, source_type, review_status) VALUES (36, 'テキスト', 'ja', 'JP', '東京、日本', 35.6762, 139.6503, 'langmap', 'langmap', datetime('now'), datetime('now'), '["langmap"]', 'ai', 'approved');
INSERT INTO expression_versions (expression_id, text, region_name, region_latitude, region_longitude, created_by, created_at) VALUES (36, 'テキスト', '東京、日本', 35.6762, 139.6503, 'langmap', datetime('now'));
INSERT INTO expression_meanings (expression_id, meaning_id, created_by, updated_by, created_at, updated_at) VALUES (36, 610717035, 'langmap', 'langmap', datetime('now'), datetime('now'));
INSERT INTO expressions (id, text, language_code, region_code, region_name, region_latitude, region_longitude, created_by, updated_by, created_at, updated_at, tags, source_type, review_status) VALUES (37, '言語表現を入力', 'ja', 'JP', '東京、日本', 35.6762, 139.6503, 'langmap', 'langmap', datetime('now'), datetime('now'), '["langmap"]', 'ai', 'approved');
INSERT INTO expression_versions (expression_id, text, region_name, region_latitude, region_longitude, created_by, created_at) VALUES (37, '言語表現を入力', '東京、日本', 35.6762, 139.6503, 'langmap', datetime('now'));
INSERT INTO expression_meanings (expression_id, meaning_id, created_by, updated_by, created_at, updated_at) VALUES (37, 378762400, 'langmap', 'langmap', datetime('now'), datetime('now'));
INSERT INTO expressions (id, text, language_code, region_code, region_name, region_latitude, region_longitude, created_by, updated_by, created_at, updated_at, tags, source_type, review_status) VALUES (38, '言語における実際の単語や文', 'ja', 'JP', '東京、日本', 35.6762, 139.6503, 'langmap', 'langmap', datetime('now'), datetime('now'), '["langmap"]', 'ai', 'approved');
INSERT INTO expression_versions (expression_id, text, region_name, region_latitude, region_longitude, created_by, created_at) VALUES (38, '言語における実際の単語や文', '東京、日本', 35.6762, 139.6503, 'langmap', datetime('now'));
INSERT INTO expression_meanings (expression_id, meaning_id, created_by, updated_by, created_at, updated_at) VALUES (38, 1251764943, 'langmap', 'langmap', datetime('now'), datetime('now'));
INSERT INTO expression_meanings (expression_id, meaning_id, created_by, updated_by, created_at, updated_at) VALUES (6, 1469373345, 'langmap', 'langmap', datetime('now'), datetime('now'));
INSERT INTO expressions (id, text, language_code, region_code, region_name, region_latitude, region_longitude, created_by, updated_by, created_at, updated_at, tags, source_type, review_status) VALUES (39, '言語を選択', 'ja', 'JP', '東京、日本', 35.6762, 139.6503, 'langmap', 'langmap', datetime('now'), datetime('now'), '["langmap"]', 'ai', 'approved');
INSERT INTO expression_versions (expression_id, text, region_name, region_latitude, region_longitude, created_by, created_at) VALUES (39, '言語を選択', '東京、日本', 35.6762, 139.6503, 'langmap', datetime('now'));
INSERT INTO expression_meanings (expression_id, meaning_id, created_by, updated_by, created_at, updated_at) VALUES (39, 1745197766, 'langmap', 'langmap', datetime('now'), datetime('now'));
INSERT INTO expressions (id, text, language_code, region_code, region_name, region_latitude, region_longitude, created_by, updated_by, created_at, updated_at, tags, source_type, review_status) VALUES (40, 'この表現の言語を選択', 'ja', 'JP', '東京、日本', 35.6762, 139.6503, 'langmap', 'langmap', datetime('now'), datetime('now'), '["langmap"]', 'ai', 'approved');
INSERT INTO expression_versions (expression_id, text, region_name, region_latitude, region_longitude, created_by, created_at) VALUES (40, 'この表現の言語を選択', '東京、日本', 35.6762, 139.6503, 'langmap', datetime('now'));
INSERT INTO expression_meanings (expression_id, meaning_id, created_by, updated_by, created_at, updated_at) VALUES (40, 1935180845, 'langmap', 'langmap', datetime('now'), datetime('now'));
INSERT INTO expressions (id, text, language_code, region_code, region_name, region_latitude, region_longitude, created_by, updated_by, created_at, updated_at, tags, source_type, review_status) VALUES (41, '言語を選択...', 'ja', 'JP', '東京、日本', 35.6762, 139.6503, 'langmap', 'langmap', datetime('now'), datetime('now'), '["langmap"]', 'ai', 'approved');
INSERT INTO expression_versions (expression_id, text, region_name, region_latitude, region_longitude, created_by, created_at) VALUES (41, '言語を選択...', '東京、日本', 35.6762, 139.6503, 'langmap', datetime('now'));
INSERT INTO expression_meanings (expression_id, meaning_id, created_by, updated_by, created_at, updated_at) VALUES (41, 1793722761, 'langmap', 'langmap', datetime('now'), datetime('now'));
INSERT INTO expressions (id, text, language_code, region_code, region_name, region_latitude, region_longitude, created_by, updated_by, created_at, updated_at, tags, source_type, review_status) VALUES (42, '言語を読み込み中...', 'ja', 'JP', '東京、日本', 35.6762, 139.6503, 'langmap', 'langmap', datetime('now'), datetime('now'), '["langmap"]', 'ai', 'approved');
INSERT INTO expression_versions (expression_id, text, region_name, region_latitude, region_longitude, created_by, created_at) VALUES (42, '言語を読み込み中...', '東京、日本', 35.6762, 139.6503, 'langmap', datetime('now'));
INSERT INTO expression_meanings (expression_id, meaning_id, created_by, updated_by, created_at, updated_at) VALUES (42, 2099029340, 'langmap', 'langmap', datetime('now'), datetime('now'));
INSERT INTO expressions (id, text, language_code, region_code, region_name, region_latitude, region_longitude, created_by, updated_by, created_at, updated_at, tags, source_type, review_status) VALUES (43, '地域 (任意)', 'ja', 'JP', '東京、日本', 35.6762, 139.6503, 'langmap', 'langmap', datetime('now'), datetime('now'), '["langmap"]', 'ai', 'approved');
INSERT INTO expression_versions (expression_id, text, region_name, region_latitude, region_longitude, created_by, created_at) VALUES (43, '地域 (任意)', '東京、日本', 35.6762, 139.6503, 'langmap', datetime('now'));
INSERT INTO expression_meanings (expression_id, meaning_id, created_by, updated_by, created_at, updated_at) VALUES (43, 101777746, 'langmap', 'langmap', datetime('now'), datetime('now'));
INSERT INTO expressions (id, text, language_code, region_code, region_name, region_latitude, region_longitude, created_by, updated_by, created_at, updated_at, tags, source_type, review_status) VALUES (44, '例: 中国, スペイン, グローバル', 'ja', 'JP', '東京、日本', 35.6762, 139.6503, 'langmap', 'langmap', datetime('now'), datetime('now'), '["langmap"]', 'ai', 'approved');
INSERT INTO expression_versions (expression_id, text, region_name, region_latitude, region_longitude, created_by, created_at) VALUES (44, '例: 中国, スペイン, グローバル', '東京、日本', 35.6762, 139.6503, 'langmap', datetime('now'));
INSERT INTO expression_meanings (expression_id, meaning_id, created_by, updated_by, created_at, updated_at) VALUES (44, 747353279, 'langmap', 'langmap', datetime('now'), datetime('now'));
INSERT INTO expressions (id, text, language_code, region_code, region_name, region_latitude, region_longitude, created_by, updated_by, created_at, updated_at, tags, source_type, review_status) VALUES (45, '地理的地域またはエリア', 'ja', 'JP', '東京、日本', 35.6762, 139.6503, 'langmap', 'langmap', datetime('now'), datetime('now'), '["langmap"]', 'ai', 'approved');
INSERT INTO expression_versions (expression_id, text, region_name, region_latitude, region_longitude, created_by, created_at) VALUES (45, '地理的地域またはエリア', '東京、日本', 35.6762, 139.6503, 'langmap', datetime('now'));
INSERT INTO expression_meanings (expression_id, meaning_id, created_by, updated_by, created_at, updated_at) VALUES (45, 259247799, 'langmap', 'langmap', datetime('now'), datetime('now'));
INSERT INTO expressions (id, text, language_code, region_code, region_name, region_latitude, region_longitude, created_by, updated_by, created_at, updated_at, tags, source_type, review_status) VALUES (46, '現在地を検出', 'ja', 'JP', '東京、日本', 35.6762, 139.6503, 'langmap', 'langmap', datetime('now'), datetime('now'), '["langmap"]', 'ai', 'approved');
INSERT INTO expression_versions (expression_id, text, region_name, region_latitude, region_longitude, created_by, created_at) VALUES (46, '現在地を検出', '東京、日本', 35.6762, 139.6503, 'langmap', datetime('now'));
INSERT INTO expression_meanings (expression_id, meaning_id, created_by, updated_by, created_at, updated_at) VALUES (46, 1228718215, 'langmap', 'langmap', datetime('now'), datetime('now'));
INSERT INTO expressions (id, text, language_code, region_code, region_name, region_latitude, region_longitude, created_by, updated_by, created_at, updated_at, tags, source_type, review_status) VALUES (47, '地図上で選択', 'ja', 'JP', '東京、日本', 35.6762, 139.6503, 'langmap', 'langmap', datetime('now'), datetime('now'), '["langmap"]', 'ai', 'approved');
INSERT INTO expression_versions (expression_id, text, region_name, region_latitude, region_longitude, created_by, created_at) VALUES (47, '地図上で選択', '東京、日本', 35.6762, 139.6503, 'langmap', datetime('now'));
INSERT INTO expression_meanings (expression_id, meaning_id, created_by, updated_by, created_at, updated_at) VALUES (47, 1606159683, 'langmap', 'langmap', datetime('now'), datetime('now'));
INSERT INTO expressions (id, text, language_code, region_code, region_name, region_latitude, region_longitude, created_by, updated_by, created_at, updated_at, tags, source_type, review_status) VALUES (48, '地図をクリックして地域を選択', 'ja', 'JP', '東京、日本', 35.6762, 139.6503, 'langmap', 'langmap', datetime('now'), datetime('now'), '["langmap"]', 'ai', 'approved');
INSERT INTO expression_versions (expression_id, text, region_name, region_latitude, region_longitude, created_by, created_at) VALUES (48, '地図をクリックして地域を選択', '東京、日本', 35.6762, 139.6503, 'langmap', datetime('now'));
INSERT INTO expression_meanings (expression_id, meaning_id, created_by, updated_by, created_at, updated_at) VALUES (48, 1058233083, 'langmap', 'langmap', datetime('now'), datetime('now'));
INSERT INTO expressions (id, text, language_code, region_code, region_name, region_latitude, region_longitude, created_by, updated_by, created_at, updated_at, tags, source_type, review_status) VALUES (49, 'お使いのブラウザはジオロケーションをサポートしていません', 'ja', 'JP', '東京、日本', 35.6762, 139.6503, 'langmap', 'langmap', datetime('now'), datetime('now'), '["langmap"]', 'ai', 'approved');
INSERT INTO expression_versions (expression_id, text, region_name, region_latitude, region_longitude, created_by, created_at) VALUES (49, 'お使いのブラウザはジオロケーションをサポートしていません', '東京、日本', 35.6762, 139.6503, 'langmap', datetime('now'));
INSERT INTO expression_meanings (expression_id, meaning_id, created_by, updated_by, created_at, updated_at) VALUES (49, 1874909642, 'langmap', 'langmap', datetime('now'), datetime('now'));
INSERT INTO expressions (id, text, language_code, region_code, region_name, region_latitude, region_longitude, created_by, updated_by, created_at, updated_at, tags, source_type, review_status) VALUES (50, '位置情報の検出に失敗しました', 'ja', 'JP', '東京、日本', 35.6762, 139.6503, 'langmap', 'langmap', datetime('now'), datetime('now'), '["langmap"]', 'ai', 'approved');
INSERT INTO expression_versions (expression_id, text, region_name, region_latitude, region_longitude, created_by, created_at) VALUES (50, '位置情報の検出に失敗しました', '東京、日本', 35.6762, 139.6503, 'langmap', datetime('now'));
INSERT INTO expression_meanings (expression_id, meaning_id, created_by, updated_by, created_at, updated_at) VALUES (50, 735160078, 'langmap', 'langmap', datetime('now'), datetime('now'));
INSERT INTO expressions (id, text, language_code, region_code, region_name, region_latitude, region_longitude, created_by, updated_by, created_at, updated_at, tags, source_type, review_status) VALUES (51, '位置情報を解析中...', 'ja', 'JP', '東京、日本', 35.6762, 139.6503, 'langmap', 'langmap', datetime('now'), datetime('now'), '["langmap"]', 'ai', 'approved');
INSERT INTO expression_versions (expression_id, text, region_name, region_latitude, region_longitude, created_by, created_at) VALUES (51, '位置情報を解析中...', '東京、日本', 35.6762, 139.6503, 'langmap', datetime('now'));
INSERT INTO expression_meanings (expression_id, meaning_id, created_by, updated_by, created_at, updated_at) VALUES (51, 1228788957, 'langmap', 'langmap', datetime('now'), datetime('now'));
INSERT INTO expressions (id, text, language_code, region_code, region_name, region_latitude, region_longitude, created_by, updated_by, created_at, updated_at, tags, source_type, review_status) VALUES (52, '位置情報の解析に失敗しました', 'ja', 'JP', '東京、日本', 35.6762, 139.6503, 'langmap', 'langmap', datetime('now'), datetime('now'), '["langmap"]', 'ai', 'approved');
INSERT INTO expression_versions (expression_id, text, region_name, region_latitude, region_longitude, created_by, created_at) VALUES (52, '位置情報の解析に失敗しました', '東京、日本', 35.6762, 139.6503, 'langmap', datetime('now'));
INSERT INTO expression_meanings (expression_id, meaning_id, created_by, updated_by, created_at, updated_at) VALUES (52, 535669297, 'langmap', 'langmap', datetime('now'), datetime('now'));
INSERT INTO expressions (id, text, language_code, region_code, region_name, region_latitude, region_longitude, created_by, updated_by, created_at, updated_at, tags, source_type, review_status) VALUES (53, 'ソース参照 (任意)', 'ja', 'JP', '東京、日本', 35.6762, 139.6503, 'langmap', 'langmap', datetime('now'), datetime('now'), '["langmap"]', 'ai', 'approved');
INSERT INTO expression_versions (expression_id, text, region_name, region_latitude, region_longitude, created_by, created_at) VALUES (53, 'ソース参照 (任意)', '東京、日本', 35.6762, 139.6503, 'langmap', datetime('now'));
INSERT INTO expression_meanings (expression_id, meaning_id, created_by, updated_by, created_at, updated_at) VALUES (53, 533920565, 'langmap', 'langmap', datetime('now'), datetime('now'));
INSERT INTO expressions (id, text, language_code, region_code, region_name, region_latitude, region_longitude, created_by, updated_by, created_at, updated_at, tags, source_type, review_status) VALUES (54, '例: Wiktionary, Dictionary.com, またはURL', 'ja', 'JP', '東京、日本', 35.6762, 139.6503, 'langmap', 'langmap', datetime('now'), datetime('now'), '["langmap"]', 'ai', 'approved');
INSERT INTO expression_versions (expression_id, text, region_name, region_latitude, region_longitude, created_by, created_at) VALUES (54, '例: Wiktionary, Dictionary.com, またはURL', '東京、日本', 35.6762, 139.6503, 'langmap', datetime('now'));
INSERT INTO expression_meanings (expression_id, meaning_id, created_by, updated_by, created_at, updated_at) VALUES (54, 322599747, 'langmap', 'langmap', datetime('now'), datetime('now'));
INSERT INTO expressions (id, text, language_code, region_code, region_name, region_latitude, region_longitude, created_by, updated_by, created_at, updated_at, tags, source_type, review_status) VALUES (55, 'この表現の出典または参照', 'ja', 'JP', '東京、日本', 35.6762, 139.6503, 'langmap', 'langmap', datetime('now'), datetime('now'), '["langmap"]', 'ai', 'approved');
INSERT INTO expression_versions (expression_id, text, region_name, region_latitude, region_longitude, created_by, created_at) VALUES (55, 'この表現の出典または参照', '東京、日本', 35.6762, 139.6503, 'langmap', datetime('now'));
INSERT INTO expression_meanings (expression_id, meaning_id, created_by, updated_by, created_at, updated_at) VALUES (55, 996426808, 'langmap', 'langmap', datetime('now'), datetime('now'));
INSERT INTO expressions (id, text, language_code, region_code, region_name, region_latitude, region_longitude, created_by, updated_by, created_at, updated_at, tags, source_type, review_status) VALUES (56, '表現を作成', 'ja', 'JP', '東京、日本', 35.6762, 139.6503, 'langmap', 'langmap', datetime('now'), datetime('now'), '["langmap"]', 'ai', 'approved');
INSERT INTO expression_versions (expression_id, text, region_name, region_latitude, region_longitude, created_by, created_at) VALUES (56, '表現を作成', '東京、日本', 35.6762, 139.6503, 'langmap', datetime('now'));
INSERT INTO expression_meanings (expression_id, meaning_id, created_by, updated_by, created_at, updated_at) VALUES (56, 1242437667, 'langmap', 'langmap', datetime('now'), datetime('now'));
INSERT INTO expressions (id, text, language_code, region_code, region_name, region_latitude, region_longitude, created_by, updated_by, created_at, updated_at, tags, source_type, review_status) VALUES (57, '送信中...', 'ja', 'JP', '東京、日本', 35.6762, 139.6503, 'langmap', 'langmap', datetime('now'), datetime('now'), '["langmap"]', 'ai', 'approved');
INSERT INTO expression_versions (expression_id, text, region_name, region_latitude, region_longitude, created_by, created_at) VALUES (57, '送信中...', '東京、日本', 35.6762, 139.6503, 'langmap', datetime('now'));
INSERT INTO expression_meanings (expression_id, meaning_id, created_by, updated_by, created_at, updated_at) VALUES (57, 1767814123, 'langmap', 'langmap', datetime('now'), datetime('now'));
INSERT INTO expressions (id, text, language_code, region_code, region_name, region_latitude, region_longitude, created_by, updated_by, created_at, updated_at, tags, source_type, review_status) VALUES (58, 'キャンセル', 'ja', 'JP', '東京、日本', 35.6762, 139.6503, 'langmap', 'langmap', datetime('now'), datetime('now'), '["langmap"]', 'ai', 'approved');
INSERT INTO expression_versions (expression_id, text, region_name, region_latitude, region_longitude, created_by, created_at) VALUES (58, 'キャンセル', '東京、日本', 35.6762, 139.6503, 'langmap', datetime('now'));
INSERT INTO expression_meanings (expression_id, meaning_id, created_by, updated_by, created_at, updated_at) VALUES (58, 814856456, 'langmap', 'langmap', datetime('now'), datetime('now'));
INSERT INTO expressions (id, text, language_code, region_code, region_name, region_latitude, region_longitude, created_by, updated_by, created_at, updated_at, tags, source_type, review_status) VALUES (59, '言語とテキストは必須です。', 'ja', 'JP', '東京、日本', 35.6762, 139.6503, 'langmap', 'langmap', datetime('now'), datetime('now'), '["langmap"]', 'ai', 'approved');
INSERT INTO expression_versions (expression_id, text, region_name, region_latitude, region_longitude, created_by, created_at) VALUES (59, '言語とテキストは必須です。', '東京、日本', 35.6762, 139.6503, 'langmap', datetime('now'));
INSERT INTO expression_meanings (expression_id, meaning_id, created_by, updated_by, created_at, updated_at) VALUES (59, 669906916, 'langmap', 'langmap', datetime('now'), datetime('now'));
INSERT INTO expressions (id, text, language_code, region_code, region_name, region_latitude, region_longitude, created_by, updated_by, created_at, updated_at, tags, source_type, review_status) VALUES (60, '意味に関連付ける', 'ja', 'JP', '東京、日本', 35.6762, 139.6503, 'langmap', 'langmap', datetime('now'), datetime('now'), '["langmap"]', 'ai', 'approved');
INSERT INTO expression_versions (expression_id, text, region_name, region_latitude, region_longitude, created_by, created_at) VALUES (60, '意味に関連付ける', '東京、日本', 35.6762, 139.6503, 'langmap', datetime('now'));
INSERT INTO expression_meanings (expression_id, meaning_id, created_by, updated_by, created_at, updated_at) VALUES (60, 11980301, 'langmap', 'langmap', datetime('now'), datetime('now'));
INSERT INTO expressions (id, text, language_code, region_code, region_name, region_latitude, region_longitude, created_by, updated_by, created_at, updated_at, tags, source_type, review_status) VALUES (61, '既存の意味に関連付ける', 'ja', 'JP', '東京、日本', 35.6762, 139.6503, 'langmap', 'langmap', datetime('now'), datetime('now'), '["langmap"]', 'ai', 'approved');
INSERT INTO expression_versions (expression_id, text, region_name, region_latitude, region_longitude, created_by, created_at) VALUES (61, '既存の意味に関連付ける', '東京、日本', 35.6762, 139.6503, 'langmap', datetime('now'));
INSERT INTO expression_meanings (expression_id, meaning_id, created_by, updated_by, created_at, updated_at) VALUES (61, 450995876, 'langmap', 'langmap', datetime('now'), datetime('now'));
INSERT INTO expressions (id, text, language_code, region_code, region_name, region_latitude, region_longitude, created_by, updated_by, created_at, updated_at, tags, source_type, review_status) VALUES (62, '新しい意味に関連付ける', 'ja', 'JP', '東京、日本', 35.6762, 139.6503, 'langmap', 'langmap', datetime('now'), datetime('now'), '["langmap"]', 'ai', 'approved');
INSERT INTO expression_versions (expression_id, text, region_name, region_latitude, region_longitude, created_by, created_at) VALUES (62, '新しい意味に関連付ける', '東京、日本', 35.6762, 139.6503, 'langmap', datetime('now'));
INSERT INTO expression_meanings (expression_id, meaning_id, created_by, updated_by, created_at, updated_at) VALUES (62, 837067897, 'langmap', 'langmap', datetime('now'), datetime('now'));
INSERT INTO expressions (id, text, language_code, region_code, region_name, region_latitude, region_longitude, created_by, updated_by, created_at, updated_at, tags, source_type, review_status) VALUES (63, '選択された表現:', 'ja', 'JP', '東京、日本', 35.6762, 139.6503, 'langmap', 'langmap', datetime('now'), datetime('now'), '["langmap"]', 'ai', 'approved');
INSERT INTO expression_versions (expression_id, text, region_name, region_latitude, region_longitude, created_by, created_at) VALUES (63, '選択された表現:', '東京、日本', 35.6762, 139.6503, 'langmap', datetime('now'));
INSERT INTO expression_meanings (expression_id, meaning_id, created_by, updated_by, created_at, updated_at) VALUES (63, 588178763, 'langmap', 'langmap', datetime('now'), datetime('now'));
INSERT INTO expressions (id, text, language_code, region_code, region_name, region_latitude, region_longitude, created_by, updated_by, created_at, updated_at, tags, source_type, review_status) VALUES (64, '意味の語彙', 'ja', 'JP', '東京、日本', 35.6762, 139.6503, 'langmap', 'langmap', datetime('now'), datetime('now'), '["langmap"]', 'ai', 'approved');
INSERT INTO expression_versions (expression_id, text, region_name, region_latitude, region_longitude, created_by, created_at) VALUES (64, '意味の語彙', '東京、日本', 35.6762, 139.6503, 'langmap', datetime('now'));
INSERT INTO expression_meanings (expression_id, meaning_id, created_by, updated_by, created_at, updated_at) VALUES (64, 1789770084, 'langmap', 'langmap', datetime('now'), datetime('now'));
INSERT INTO expressions (id, text, language_code, region_code, region_name, region_latitude, region_longitude, created_by, updated_by, created_at, updated_at, tags, source_type, review_status) VALUES (65, 'この意味の簡単な識別子', 'ja', 'JP', '東京、日本', 35.6762, 139.6503, 'langmap', 'langmap', datetime('now'), datetime('now'), '["langmap"]', 'ai', 'approved');
INSERT INTO expression_versions (expression_id, text, region_name, region_latitude, region_longitude, created_by, created_at) VALUES (65, 'この意味の簡単な識別子', '東京、日本', 35.6762, 139.6503, 'langmap', datetime('now'));
INSERT INTO expression_meanings (expression_id, meaning_id, created_by, updated_by, created_at, updated_at) VALUES (65, 1132466761, 'langmap', 'langmap', datetime('now'), datetime('now'));
INSERT INTO expressions (id, text, language_code, region_code, region_name, region_latitude, region_longitude, created_by, updated_by, created_at, updated_at, tags, source_type, review_status) VALUES (66, 'この意味の本質を捉えた短いフレーズ', 'ja', 'JP', '東京、日本', 35.6762, 139.6503, 'langmap', 'langmap', datetime('now'), datetime('now'), '["langmap"]', 'ai', 'approved');
INSERT INTO expression_versions (expression_id, text, region_name, region_latitude, region_longitude, created_by, created_at) VALUES (66, 'この意味の本質を捉えた短いフレーズ', '東京、日本', 35.6762, 139.6503, 'langmap', datetime('now'));
INSERT INTO expression_meanings (expression_id, meaning_id, created_by, updated_by, created_at, updated_at) VALUES (66, 999221063, 'langmap', 'langmap', datetime('now'), datetime('now'));
INSERT INTO expressions (id, text, language_code, region_code, region_name, region_latitude, region_longitude, created_by, updated_by, created_at, updated_at, tags, source_type, review_status) VALUES (67, '意味の説明', 'ja', 'JP', '東京、日本', 35.6762, 139.6503, 'langmap', 'langmap', datetime('now'), datetime('now'), '["langmap"]', 'ai', 'approved');
INSERT INTO expression_versions (expression_id, text, region_name, region_latitude, region_longitude, created_by, created_at) VALUES (67, '意味の説明', '東京、日本', 35.6762, 139.6503, 'langmap', datetime('now'));
INSERT INTO expression_meanings (expression_id, meaning_id, created_by, updated_by, created_at, updated_at) VALUES (67, 1554575731, 'langmap', 'langmap', datetime('now'), datetime('now'));
INSERT INTO expressions (id, text, language_code, region_code, region_name, region_latitude, region_longitude, created_by, updated_by, created_at, updated_at, tags, source_type, review_status) VALUES (68, 'この意味の詳細な説明', 'ja', 'JP', '東京、日本', 35.6762, 139.6503, 'langmap', 'langmap', datetime('now'), datetime('now'), '["langmap"]', 'ai', 'approved');
INSERT INTO expression_versions (expression_id, text, region_name, region_latitude, region_longitude, created_by, created_at) VALUES (68, 'この意味の詳細な説明', '東京、日本', 35.6762, 139.6503, 'langmap', datetime('now'));
INSERT INTO expression_meanings (expression_id, meaning_id, created_by, updated_by, created_at, updated_at) VALUES (68, 1636970553, 'langmap', 'langmap', datetime('now'), datetime('now'));
INSERT INTO expressions (id, text, language_code, region_code, region_name, region_latitude, region_longitude, created_by, updated_by, created_at, updated_at, tags, source_type, review_status) VALUES (69, 'この意味が何を表しているかの包括的な説明', 'ja', 'JP', '東京、日本', 35.6762, 139.6503, 'langmap', 'langmap', datetime('now'), datetime('now'), '["langmap"]', 'ai', 'approved');
INSERT INTO expression_versions (expression_id, text, region_name, region_latitude, region_longitude, created_by, created_at) VALUES (69, 'この意味が何を表しているかの包括的な説明', '東京、日本', 35.6762, 139.6503, 'langmap', datetime('now'));
INSERT INTO expression_meanings (expression_id, meaning_id, created_by, updated_by, created_at, updated_at) VALUES (69, 1869566903, 'langmap', 'langmap', datetime('now'), datetime('now'));
INSERT INTO expressions (id, text, language_code, region_code, region_name, region_latitude, region_longitude, created_by, updated_by, created_at, updated_at, tags, source_type, review_status) VALUES (70, 'タグ', 'ja', 'JP', '東京、日本', 35.6762, 139.6503, 'langmap', 'langmap', datetime('now'), datetime('now'), '["langmap"]', 'ai', 'approved');
INSERT INTO expression_versions (expression_id, text, region_name, region_latitude, region_longitude, created_by, created_at) VALUES (70, 'タグ', '東京、日本', 35.6762, 139.6503, 'langmap', datetime('now'));
INSERT INTO expression_meanings (expression_id, meaning_id, created_by, updated_by, created_at, updated_at) VALUES (70, 56467778, 'langmap', 'langmap', datetime('now'), datetime('now'));
INSERT INTO expressions (id, text, language_code, region_code, region_name, region_latitude, region_longitude, created_by, updated_by, created_at, updated_at, tags, source_type, review_status) VALUES (71, 'タグを追加...', 'ja', 'JP', '東京、日本', 35.6762, 139.6503, 'langmap', 'langmap', datetime('now'), datetime('now'), '["langmap"]', 'ai', 'approved');
INSERT INTO expression_versions (expression_id, text, region_name, region_latitude, region_longitude, created_by, created_at) VALUES (71, 'タグを追加...', '東京、日本', 35.6762, 139.6503, 'langmap', datetime('now'));
INSERT INTO expression_meanings (expression_id, meaning_id, created_by, updated_by, created_at, updated_at) VALUES (71, 194913104, 'langmap', 'langmap', datetime('now'), datetime('now'));
INSERT INTO expressions (id, text, language_code, region_code, region_name, region_latitude, region_longitude, created_by, updated_by, created_at, updated_at, tags, source_type, review_status) VALUES (72, 'タグは意味の分類と検索に役立ちます（Enterキーまたはカンマで追加）', 'ja', 'JP', '東京、日本', 35.6762, 139.6503, 'langmap', 'langmap', datetime('now'), datetime('now'), '["langmap"]', 'ai', 'approved');
INSERT INTO expression_versions (expression_id, text, region_name, region_latitude, region_longitude, created_by, created_at) VALUES (72, 'タグは意味の分類と検索に役立ちます（Enterキーまたはカンマで追加）', '東京、日本', 35.6762, 139.6503, 'langmap', datetime('now'));
INSERT INTO expression_meanings (expression_id, meaning_id, created_by, updated_by, created_at, updated_at) VALUES (72, 1385556360, 'langmap', 'langmap', datetime('now'), datetime('now'));
INSERT INTO expressions (id, text, language_code, region_code, region_name, region_latitude, region_longitude, created_by, updated_by, created_at, updated_at, tags, source_type, review_status) VALUES (73, '+ 新しい言語を追加', 'ja', 'JP', '東京、日本', 35.6762, 139.6503, 'langmap', 'langmap', datetime('now'), datetime('now'), '["langmap"]', 'ai', 'approved');
INSERT INTO expression_versions (expression_id, text, region_name, region_latitude, region_longitude, created_by, created_at) VALUES (73, '+ 新しい言語を追加', '東京、日本', 35.6762, 139.6503, 'langmap', datetime('now'));
INSERT INTO expression_meanings (expression_id, meaning_id, created_by, updated_by, created_at, updated_at) VALUES (73, 1474179643, 'langmap', 'langmap', datetime('now'), datetime('now'));
INSERT INTO expressions (id, text, language_code, region_code, region_name, region_latitude, region_longitude, created_by, updated_by, created_at, updated_at, tags, source_type, review_status) VALUES (74, '言語コード', 'ja', 'JP', '東京、日本', 35.6762, 139.6503, 'langmap', 'langmap', datetime('now'), datetime('now'), '["langmap"]', 'ai', 'approved');
INSERT INTO expression_versions (expression_id, text, region_name, region_latitude, region_longitude, created_by, created_at) VALUES (74, '言語コード', '東京、日本', 35.6762, 139.6503, 'langmap', datetime('now'));
INSERT INTO expression_meanings (expression_id, meaning_id, created_by, updated_by, created_at, updated_at) VALUES (74, 174195536, 'langmap', 'langmap', datetime('now'), datetime('now'));
INSERT INTO expressions (id, text, language_code, region_code, region_name, region_latitude, region_longitude, created_by, updated_by, created_at, updated_at, tags, source_type, review_status) VALUES (75, '例：custom-lang, toki-pona', 'ja', 'JP', '東京、日本', 35.6762, 139.6503, 'langmap', 'langmap', datetime('now'), datetime('now'), '["langmap"]', 'ai', 'approved');
INSERT INTO expression_versions (expression_id, text, region_name, region_latitude, region_longitude, created_by, created_at) VALUES (75, '例：custom-lang, toki-pona', '東京、日本', 35.6762, 139.6503, 'langmap', datetime('now'));
INSERT INTO expression_meanings (expression_id, meaning_id, created_by, updated_by, created_at, updated_at) VALUES (75, 1355230541, 'langmap', 'langmap', datetime('now'), datetime('now'));
INSERT INTO expressions (id, text, language_code, region_code, region_name, region_latitude, region_longitude, created_by, updated_by, created_at, updated_at, tags, source_type, review_status) VALUES (76, 'あなたの言語のカスタムコード（非標準でも可）', 'ja', 'JP', '東京、日本', 35.6762, 139.6503, 'langmap', 'langmap', datetime('now'), datetime('now'), '["langmap"]', 'ai', 'approved');
INSERT INTO expression_versions (expression_id, text, region_name, region_latitude, region_longitude, created_by, created_at) VALUES (76, 'あなたの言語のカスタムコード（非標準でも可）', '東京、日本', 35.6762, 139.6503, 'langmap', datetime('now'));
INSERT INTO expression_meanings (expression_id, meaning_id, created_by, updated_by, created_at, updated_at) VALUES (76, 10528370, 'langmap', 'langmap', datetime('now'), datetime('now'));
INSERT INTO expressions (id, text, language_code, region_code, region_name, region_latitude, region_longitude, created_by, updated_by, created_at, updated_at, tags, source_type, review_status) VALUES (77, '言語名', 'ja', 'JP', '東京、日本', 35.6762, 139.6503, 'langmap', 'langmap', datetime('now'), datetime('now'), '["langmap"]', 'ai', 'approved');
INSERT INTO expression_versions (expression_id, text, region_name, region_latitude, region_longitude, created_by, created_at) VALUES (77, '言語名', '東京、日本', 35.6762, 139.6503, 'langmap', datetime('now'));
INSERT INTO expression_meanings (expression_id, meaning_id, created_by, updated_by, created_at, updated_at) VALUES (77, 54582974, 'langmap', 'langmap', datetime('now'), datetime('now'));
INSERT INTO expressions (id, text, language_code, region_code, region_name, region_latitude, region_longitude, created_by, updated_by, created_at, updated_at, tags, source_type, review_status) VALUES (78, '例：カスタム言語', 'ja', 'JP', '東京、日本', 35.6762, 139.6503, 'langmap', 'langmap', datetime('now'), datetime('now'), '["langmap"]', 'ai', 'approved');
INSERT INTO expression_versions (expression_id, text, region_name, region_latitude, region_longitude, created_by, created_at) VALUES (78, '例：カスタム言語', '東京、日本', 35.6762, 139.6503, 'langmap', datetime('now'));
INSERT INTO expression_meanings (expression_id, meaning_id, created_by, updated_by, created_at, updated_at) VALUES (78, 1991926523, 'langmap', 'langmap', datetime('now'), datetime('now'));
INSERT INTO expressions (id, text, language_code, region_code, region_name, region_latitude, region_longitude, created_by, updated_by, created_at, updated_at, tags, source_type, review_status) VALUES (79, 'ネイティブ名', 'ja', 'JP', '東京、日本', 35.6762, 139.6503, 'langmap', 'langmap', datetime('now'), datetime('now'), '["langmap"]', 'ai', 'approved');
INSERT INTO expression_versions (expression_id, text, region_name, region_latitude, region_longitude, created_by, created_at) VALUES (79, 'ネイティブ名', '東京、日本', 35.6762, 139.6503, 'langmap', datetime('now'));
INSERT INTO expression_meanings (expression_id, meaning_id, created_by, updated_by, created_at, updated_at) VALUES (79, 1716022447, 'langmap', 'langmap', datetime('now'), datetime('now'));
INSERT INTO expressions (id, text, language_code, region_code, region_name, region_latitude, region_longitude, created_by, updated_by, created_at, updated_at, tags, source_type, review_status) VALUES (80, '例：ネイティブ言語名', 'ja', 'JP', '東京、日本', 35.6762, 139.6503, 'langmap', 'langmap', datetime('now'), datetime('now'), '["langmap"]', 'ai', 'approved');
INSERT INTO expression_versions (expression_id, text, region_name, region_latitude, region_longitude, created_by, created_at) VALUES (80, '例：ネイティブ言語名', '東京、日本', 35.6762, 139.6503, 'langmap', datetime('now'));
INSERT INTO expression_meanings (expression_id, meaning_id, created_by, updated_by, created_at, updated_at) VALUES (80, 1945432180, 'langmap', 'langmap', datetime('now'), datetime('now'));
INSERT INTO expressions (id, text, language_code, region_code, region_name, region_latitude, region_longitude, created_by, updated_by, created_at, updated_at, tags, source_type, review_status) VALUES (81, '地域情報', 'ja', 'JP', '東京、日本', 35.6762, 139.6503, 'langmap', 'langmap', datetime('now'), datetime('now'), '["langmap"]', 'ai', 'approved');
INSERT INTO expression_versions (expression_id, text, region_name, region_latitude, region_longitude, created_by, created_at) VALUES (81, '地域情報', '東京、日本', 35.6762, 139.6503, 'langmap', datetime('now'));
INSERT INTO expression_meanings (expression_id, meaning_id, created_by, updated_by, created_at, updated_at) VALUES (81, 1921468690, 'langmap', 'langmap', datetime('now'), datetime('now'));
INSERT INTO expressions (id, text, language_code, region_code, region_name, region_latitude, region_longitude, created_by, updated_by, created_at, updated_at, tags, source_type, review_status) VALUES (82, '地域名', 'ja', 'JP', '東京、日本', 35.6762, 139.6503, 'langmap', 'langmap', datetime('now'), datetime('now'), '["langmap"]', 'ai', 'approved');
INSERT INTO expression_versions (expression_id, text, region_name, region_latitude, region_longitude, created_by, created_at) VALUES (82, '地域名', '東京、日本', 35.6762, 139.6503, 'langmap', datetime('now'));
INSERT INTO expression_meanings (expression_id, meaning_id, created_by, updated_by, created_at, updated_at) VALUES (82, 1018972716, 'langmap', 'langmap', datetime('now'), datetime('now'));
INSERT INTO expressions (id, text, language_code, region_code, region_name, region_latitude, region_longitude, created_by, updated_by, created_at, updated_at, tags, source_type, review_status) VALUES (83, '例：ロンドン、イギリス', 'ja', 'JP', '東京、日本', 35.6762, 139.6503, 'langmap', 'langmap', datetime('now'), datetime('now'), '["langmap"]', 'ai', 'approved');
INSERT INTO expression_versions (expression_id, text, region_name, region_latitude, region_longitude, created_by, created_at) VALUES (83, '例：ロンドン、イギリス', '東京、日本', 35.6762, 139.6503, 'langmap', datetime('now'));
INSERT INTO expression_meanings (expression_id, meaning_id, created_by, updated_by, created_at, updated_at) VALUES (83, 306931297, 'langmap', 'langmap', datetime('now'), datetime('now'));
INSERT INTO expressions (id, text, language_code, region_code, region_name, region_latitude, region_longitude, created_by, updated_by, created_at, updated_at, tags, source_type, review_status) VALUES (84, 'ネイティブ地域名', 'ja', 'JP', '東京、日本', 35.6762, 139.6503, 'langmap', 'langmap', datetime('now'), datetime('now'), '["langmap"]', 'ai', 'approved');
INSERT INTO expression_versions (expression_id, text, region_name, region_latitude, region_longitude, created_by, created_at) VALUES (84, 'ネイティブ地域名', '東京、日本', 35.6762, 139.6503, 'langmap', datetime('now'));
INSERT INTO expression_meanings (expression_id, meaning_id, created_by, updated_by, created_at, updated_at) VALUES (84, 647664578, 'langmap', 'langmap', datetime('now'), datetime('now'));
INSERT INTO expression_meanings (expression_id, meaning_id, created_by, updated_by, created_at, updated_at) VALUES (83, 765370063, 'langmap', 'langmap', datetime('now'), datetime('now'));
INSERT INTO expressions (id, text, language_code, region_code, region_name, region_latitude, region_longitude, created_by, updated_by, created_at, updated_at, tags, source_type, review_status) VALUES (85, '緯度', 'ja', 'JP', '東京、日本', 35.6762, 139.6503, 'langmap', 'langmap', datetime('now'), datetime('now'), '["langmap"]', 'ai', 'approved');
INSERT INTO expression_versions (expression_id, text, region_name, region_latitude, region_longitude, created_by, created_at) VALUES (85, '緯度', '東京、日本', 35.6762, 139.6503, 'langmap', datetime('now'));
INSERT INTO expression_meanings (expression_id, meaning_id, created_by, updated_by, created_at, updated_at) VALUES (85, 820519387, 'langmap', 'langmap', datetime('now'), datetime('now'));
INSERT INTO expressions (id, text, language_code, region_code, region_name, region_latitude, region_longitude, created_by, updated_by, created_at, updated_at, tags, source_type, review_status) VALUES (86, '例：51.5074', 'ja', 'JP', '東京、日本', 35.6762, 139.6503, 'langmap', 'langmap', datetime('now'), datetime('now'), '["langmap"]', 'ai', 'approved');
INSERT INTO expression_versions (expression_id, text, region_name, region_latitude, region_longitude, created_by, created_at) VALUES (86, '例：51.5074', '東京、日本', 35.6762, 139.6503, 'langmap', datetime('now'));
INSERT INTO expression_meanings (expression_id, meaning_id, created_by, updated_by, created_at, updated_at) VALUES (86, 626365559, 'langmap', 'langmap', datetime('now'), datetime('now'));
INSERT INTO expressions (id, text, language_code, region_code, region_name, region_latitude, region_longitude, created_by, updated_by, created_at, updated_at, tags, source_type, review_status) VALUES (87, '経度', 'ja', 'JP', '東京、日本', 35.6762, 139.6503, 'langmap', 'langmap', datetime('now'), datetime('now'), '["langmap"]', 'ai', 'approved');
INSERT INTO expression_versions (expression_id, text, region_name, region_latitude, region_longitude, created_by, created_at) VALUES (87, '経度', '東京、日本', 35.6762, 139.6503, 'langmap', datetime('now'));
INSERT INTO expression_meanings (expression_id, meaning_id, created_by, updated_by, created_at, updated_at) VALUES (87, 513569115, 'langmap', 'langmap', datetime('now'), datetime('now'));
INSERT INTO expressions (id, text, language_code, region_code, region_name, region_latitude, region_longitude, created_by, updated_by, created_at, updated_at, tags, source_type, review_status) VALUES (88, '例：-0.1278', 'ja', 'JP', '東京、日本', 35.6762, 139.6503, 'langmap', 'langmap', datetime('now'), datetime('now'), '["langmap"]', 'ai', 'approved');
INSERT INTO expression_versions (expression_id, text, region_name, region_latitude, region_longitude, created_by, created_at) VALUES (88, '例：-0.1278', '東京、日本', 35.6762, 139.6503, 'langmap', datetime('now'));
INSERT INTO expression_meanings (expression_id, meaning_id, created_by, updated_by, created_at, updated_at) VALUES (88, 2107302769, 'langmap', 'langmap', datetime('now'), datetime('now'));
INSERT INTO expressions (id, text, language_code, region_code, region_name, region_latitude, region_longitude, created_by, updated_by, created_at, updated_at, tags, source_type, review_status) VALUES (89, '地図を隠す', 'ja', 'JP', '東京、日本', 35.6762, 139.6503, 'langmap', 'langmap', datetime('now'), datetime('now'), '["langmap"]', 'ai', 'approved');
INSERT INTO expression_versions (expression_id, text, region_name, region_latitude, region_longitude, created_by, created_at) VALUES (89, '地図を隠す', '東京、日本', 35.6762, 139.6503, 'langmap', datetime('now'));
INSERT INTO expression_meanings (expression_id, meaning_id, created_by, updated_by, created_at, updated_at) VALUES (89, 2071213119, 'langmap', 'langmap', datetime('now'), datetime('now'));
INSERT INTO expressions (id, text, language_code, region_code, region_name, region_latitude, region_longitude, created_by, updated_by, created_at, updated_at, tags, source_type, review_status) VALUES (90, '文字方向', 'ja', 'JP', '東京、日本', 35.6762, 139.6503, 'langmap', 'langmap', datetime('now'), datetime('now'), '["langmap"]', 'ai', 'approved');
INSERT INTO expression_versions (expression_id, text, region_name, region_latitude, region_longitude, created_by, created_at) VALUES (90, '文字方向', '東京、日本', 35.6762, 139.6503, 'langmap', datetime('now'));
INSERT INTO expression_meanings (expression_id, meaning_id, created_by, updated_by, created_at, updated_at) VALUES (90, 2030701872, 'langmap', 'langmap', datetime('now'), datetime('now'));
INSERT INTO expressions (id, text, language_code, region_code, region_name, region_latitude, region_longitude, created_by, updated_by, created_at, updated_at, tags, source_type, review_status) VALUES (91, '左から右（LTR）', 'ja', 'JP', '東京、日本', 35.6762, 139.6503, 'langmap', 'langmap', datetime('now'), datetime('now'), '["langmap"]', 'ai', 'approved');
INSERT INTO expression_versions (expression_id, text, region_name, region_latitude, region_longitude, created_by, created_at) VALUES (91, '左から右（LTR）', '東京、日本', 35.6762, 139.6503, 'langmap', datetime('now'));
INSERT INTO expression_meanings (expression_id, meaning_id, created_by, updated_by, created_at, updated_at) VALUES (91, 822144154, 'langmap', 'langmap', datetime('now'), datetime('now'));
INSERT INTO expressions (id, text, language_code, region_code, region_name, region_latitude, region_longitude, created_by, updated_by, created_at, updated_at, tags, source_type, review_status) VALUES (92, '右から左（RTL）', 'ja', 'JP', '東京、日本', 35.6762, 139.6503, 'langmap', 'langmap', datetime('now'), datetime('now'), '["langmap"]', 'ai', 'approved');
INSERT INTO expression_versions (expression_id, text, region_name, region_latitude, region_longitude, created_by, created_at) VALUES (92, '右から左（RTL）', '東京、日本', 35.6762, 139.6503, 'langmap', datetime('now'));
INSERT INTO expression_meanings (expression_id, meaning_id, created_by, updated_by, created_at, updated_at) VALUES (92, 208973083, 'langmap', 'langmap', datetime('now'), datetime('now'));
INSERT INTO expressions (id, text, language_code, region_code, region_name, region_latitude, region_longitude, created_by, updated_by, created_at, updated_at, tags, source_type, review_status) VALUES (93, '追加中...', 'ja', 'JP', '東京、日本', 35.6762, 139.6503, 'langmap', 'langmap', datetime('now'), datetime('now'), '["langmap"]', 'ai', 'approved');
INSERT INTO expression_versions (expression_id, text, region_name, region_latitude, region_longitude, created_by, created_at) VALUES (93, '追加中...', '東京、日本', 35.6762, 139.6503, 'langmap', datetime('now'));
INSERT INTO expression_meanings (expression_id, meaning_id, created_by, updated_by, created_at, updated_at) VALUES (93, 1116697603, 'langmap', 'langmap', datetime('now'), datetime('now'));
INSERT INTO expressions (id, text, language_code, region_code, region_name, region_latitude, region_longitude, created_by, updated_by, created_at, updated_at, tags, source_type, review_status) VALUES (94, '言語の追加に失敗しました。もう一度お試しください。', 'ja', 'JP', '東京、日本', 35.6762, 139.6503, 'langmap', 'langmap', datetime('now'), datetime('now'), '["langmap"]', 'ai', 'approved');
INSERT INTO expression_versions (expression_id, text, region_name, region_latitude, region_longitude, created_by, created_at) VALUES (94, '言語の追加に失敗しました。もう一度お試しください。', '東京、日本', 35.6762, 139.6503, 'langmap', datetime('now'));
INSERT INTO expression_meanings (expression_id, meaning_id, created_by, updated_by, created_at, updated_at) VALUES (94, 577671469, 'langmap', 'langmap', datetime('now'), datetime('now'));
INSERT INTO expressions (id, text, language_code, region_code, region_name, region_latitude, region_longitude, created_by, updated_by, created_at, updated_at, tags, source_type, review_status) VALUES (95, '検索に戻る', 'ja', 'JP', '東京、日本', 35.6762, 139.6503, 'langmap', 'langmap', datetime('now'), datetime('now'), '["langmap"]', 'ai', 'approved');
INSERT INTO expression_versions (expression_id, text, region_name, region_latitude, region_longitude, created_by, created_at) VALUES (95, '検索に戻る', '東京、日本', 35.6762, 139.6503, 'langmap', datetime('now'));
INSERT INTO expression_meanings (expression_id, meaning_id, created_by, updated_by, created_at, updated_at) VALUES (95, 1173588834, 'langmap', 'langmap', datetime('now'), datetime('now'));
INSERT INTO expressions (id, text, language_code, region_code, region_name, region_latitude, region_longitude, created_by, updated_by, created_at, updated_at, tags, source_type, review_status) VALUES (96, '表現の詳細を読み込み中...', 'ja', 'JP', '東京、日本', 35.6762, 139.6503, 'langmap', 'langmap', datetime('now'), datetime('now'), '["langmap"]', 'ai', 'approved');
INSERT INTO expression_versions (expression_id, text, region_name, region_latitude, region_longitude, created_by, created_at) VALUES (96, '表現の詳細を読み込み中...', '東京、日本', 35.6762, 139.6503, 'langmap', datetime('now'));
INSERT INTO expression_meanings (expression_id, meaning_id, created_by, updated_by, created_at, updated_at) VALUES (96, 916646339, 'langmap', 'langmap', datetime('now'), datetime('now'));
INSERT INTO expressions (id, text, language_code, region_code, region_name, region_latitude, region_longitude, created_by, updated_by, created_at, updated_at, tags, source_type, review_status) VALUES (97, '表現の詳細', 'ja', 'JP', '東京、日本', 35.6762, 139.6503, 'langmap', 'langmap', datetime('now'), datetime('now'), '["langmap"]', 'ai', 'approved');
INSERT INTO expression_versions (expression_id, text, region_name, region_latitude, region_longitude, created_by, created_at) VALUES (97, '表現の詳細', '東京、日本', 35.6762, 139.6503, 'langmap', datetime('now'));
INSERT INTO expression_meanings (expression_id, meaning_id, created_by, updated_by, created_at, updated_at) VALUES (97, 303419628, 'langmap', 'langmap', datetime('now'), datetime('now'));
INSERT INTO expressions (id, text, language_code, region_code, region_name, region_latitude, region_longitude, created_by, updated_by, created_at, updated_at, tags, source_type, review_status) VALUES (98, '関連する意味', 'ja', 'JP', '東京、日本', 35.6762, 139.6503, 'langmap', 'langmap', datetime('now'), datetime('now'), '["langmap"]', 'ai', 'approved');
INSERT INTO expression_versions (expression_id, text, region_name, region_latitude, region_longitude, created_by, created_at) VALUES (98, '関連する意味', '東京、日本', 35.6762, 139.6503, 'langmap', datetime('now'));
INSERT INTO expression_meanings (expression_id, meaning_id, created_by, updated_by, created_at, updated_at) VALUES (98, 1082150934, 'langmap', 'langmap', datetime('now'), datetime('now'));
INSERT INTO expressions (id, text, language_code, region_code, region_name, region_latitude, region_longitude, created_by, updated_by, created_at, updated_at, tags, source_type, review_status) VALUES (99, '表現を関連付ける', 'ja', 'JP', '東京、日本', 35.6762, 139.6503, 'langmap', 'langmap', datetime('now'), datetime('now'), '["langmap"]', 'ai', 'approved');
INSERT INTO expression_versions (expression_id, text, region_name, region_latitude, region_longitude, created_by, created_at) VALUES (99, '表現を関連付ける', '東京、日本', 35.6762, 139.6503, 'langmap', datetime('now'));
INSERT INTO expression_meanings (expression_id, meaning_id, created_by, updated_by, created_at, updated_at) VALUES (99, 977355953, 'langmap', 'langmap', datetime('now'), datetime('now'));
INSERT INTO expression_meanings (expression_id, meaning_id, created_by, updated_by, created_at, updated_at) VALUES (58, 840883141, 'langmap', 'langmap', datetime('now'), datetime('now'));
INSERT INTO expressions (id, text, language_code, region_code, region_name, region_latitude, region_longitude, created_by, updated_by, created_at, updated_at, tags, source_type, review_status) VALUES (100, '関連付ける表現を検索...', 'ja', 'JP', '東京、日本', 35.6762, 139.6503, 'langmap', 'langmap', datetime('now'), datetime('now'), '["langmap"]', 'ai', 'approved');
INSERT INTO expression_versions (expression_id, text, region_name, region_latitude, region_longitude, created_by, created_at) VALUES (100, '関連付ける表現を検索...', '東京、日本', 35.6762, 139.6503, 'langmap', datetime('now'));
INSERT INTO expression_meanings (expression_id, meaning_id, created_by, updated_by, created_at, updated_at) VALUES (100, 531232349, 'langmap', 'langmap', datetime('now'), datetime('now'));
INSERT INTO expression_meanings (expression_id, meaning_id, created_by, updated_by, created_at, updated_at) VALUES (4, 1801706047, 'langmap', 'langmap', datetime('now'), datetime('now'));
INSERT INTO expressions (id, text, language_code, region_code, region_name, region_latitude, region_longitude, created_by, updated_by, created_at, updated_at, tags, source_type, review_status) VALUES (101, '検索中...', 'ja', 'JP', '東京、日本', 35.6762, 139.6503, 'langmap', 'langmap', datetime('now'), datetime('now'), '["langmap"]', 'ai', 'approved');
INSERT INTO expression_versions (expression_id, text, region_name, region_latitude, region_longitude, created_by, created_at) VALUES (101, '検索中...', '東京、日本', 35.6762, 139.6503, 'langmap', datetime('now'));
INSERT INTO expression_meanings (expression_id, meaning_id, created_by, updated_by, created_at, updated_at) VALUES (101, 204956308, 'langmap', 'langmap', datetime('now'), datetime('now'));
INSERT INTO expressions (id, text, language_code, region_code, region_name, region_latitude, region_longitude, created_by, updated_by, created_at, updated_at, tags, source_type, review_status) VALUES (102, '表現が見つかりません。別の検索語を試してください。', 'ja', 'JP', '東京、日本', 35.6762, 139.6503, 'langmap', 'langmap', datetime('now'), datetime('now'), '["langmap"]', 'ai', 'approved');
INSERT INTO expression_versions (expression_id, text, region_name, region_latitude, region_longitude, created_by, created_at) VALUES (102, '表現が見つかりません。別の検索語を試してください。', '東京、日本', 35.6762, 139.6503, 'langmap', datetime('now'));
INSERT INTO expression_meanings (expression_id, meaning_id, created_by, updated_by, created_at, updated_at) VALUES (102, 396634966, 'langmap', 'langmap', datetime('now'), datetime('now'));
INSERT INTO expressions (id, text, language_code, region_code, region_name, region_latitude, region_longitude, created_by, updated_by, created_at, updated_at, tags, source_type, review_status) VALUES (103, 'リンク', 'ja', 'JP', '東京、日本', 35.6762, 139.6503, 'langmap', 'langmap', datetime('now'), datetime('now'), '["langmap"]', 'ai', 'approved');
INSERT INTO expression_versions (expression_id, text, region_name, region_latitude, region_longitude, created_by, created_at) VALUES (103, 'リンク', '東京、日本', 35.6762, 139.6503, 'langmap', datetime('now'));
INSERT INTO expression_meanings (expression_id, meaning_id, created_by, updated_by, created_at, updated_at) VALUES (103, 1812761320, 'langmap', 'langmap', datetime('now'), datetime('now'));
INSERT INTO expressions (id, text, language_code, region_code, region_name, region_latitude, region_longitude, created_by, updated_by, created_at, updated_at, tags, source_type, review_status) VALUES (104, 'すでにリンク済み', 'ja', 'JP', '東京、日本', 35.6762, 139.6503, 'langmap', 'langmap', datetime('now'), datetime('now'), '["langmap"]', 'ai', 'approved');
INSERT INTO expression_versions (expression_id, text, region_name, region_latitude, region_longitude, created_by, created_at) VALUES (104, 'すでにリンク済み', '東京、日本', 35.6762, 139.6503, 'langmap', datetime('now'));
INSERT INTO expression_meanings (expression_id, meaning_id, created_by, updated_by, created_at, updated_at) VALUES (104, 1733733173, 'langmap', 'langmap', datetime('now'), datetime('now'));
INSERT INTO expressions (id, text, language_code, region_code, region_name, region_latitude, region_longitude, created_by, updated_by, created_at, updated_at, tags, source_type, review_status) VALUES (105, '検索結果に現在の表現が含まれています。', 'ja', 'JP', '東京、日本', 35.6762, 139.6503, 'langmap', 'langmap', datetime('now'), datetime('now'), '["langmap"]', 'ai', 'approved');
INSERT INTO expression_versions (expression_id, text, region_name, region_latitude, region_longitude, created_by, created_at) VALUES (105, '検索結果に現在の表現が含まれています。', '東京、日本', 35.6762, 139.6503, 'langmap', datetime('now'));
INSERT INTO expression_meanings (expression_id, meaning_id, created_by, updated_by, created_at, updated_at) VALUES (105, 825539610, 'langmap', 'langmap', datetime('now'), datetime('now'));
INSERT INTO expressions (id, text, language_code, region_code, region_name, region_latitude, region_longitude, created_by, updated_by, created_at, updated_at, tags, source_type, review_status) VALUES (106, '意味にリンク:', 'ja', 'JP', '東京、日本', 35.6762, 139.6503, 'langmap', 'langmap', datetime('now'), datetime('now'), '["langmap"]', 'ai', 'approved');
INSERT INTO expression_versions (expression_id, text, region_name, region_latitude, region_longitude, created_by, created_at) VALUES (106, '意味にリンク:', '東京、日本', 35.6762, 139.6503, 'langmap', datetime('now'));
INSERT INTO expression_meanings (expression_id, meaning_id, created_by, updated_by, created_at, updated_at) VALUES (106, 1320578155, 'langmap', 'langmap', datetime('now'), datetime('now'));
INSERT INTO expressions (id, text, language_code, region_code, region_name, region_latitude, region_longitude, created_by, updated_by, created_at, updated_at, tags, source_type, review_status) VALUES (107, '-- 意味を選択 --', 'ja', 'JP', '東京、日本', 35.6762, 139.6503, 'langmap', 'langmap', datetime('now'), datetime('now'), '["langmap"]', 'ai', 'approved');
INSERT INTO expression_versions (expression_id, text, region_name, region_latitude, region_longitude, created_by, created_at) VALUES (107, '-- 意味を選択 --', '東京、日本', 35.6762, 139.6503, 'langmap', datetime('now'));
INSERT INTO expression_meanings (expression_id, meaning_id, created_by, updated_by, created_at, updated_at) VALUES (107, 1171371199, 'langmap', 'langmap', datetime('now'), datetime('now'));
INSERT INTO expressions (id, text, language_code, region_code, region_name, region_latitude, region_longitude, created_by, updated_by, created_at, updated_at, tags, source_type, review_status) VALUES (108, '新しい意味を作成…', 'ja', 'JP', '東京、日本', 35.6762, 139.6503, 'langmap', 'langmap', datetime('now'), datetime('now'), '["langmap"]', 'ai', 'approved');
INSERT INTO expression_versions (expression_id, text, region_name, region_latitude, region_longitude, created_by, created_at) VALUES (108, '新しい意味を作成…', '東京、日本', 35.6762, 139.6503, 'langmap', datetime('now'));
INSERT INTO expression_meanings (expression_id, meaning_id, created_by, updated_by, created_at, updated_at) VALUES (108, 2048212694, 'langmap', 'langmap', datetime('now'), datetime('now'));
INSERT INTO expressions (id, text, language_code, region_code, region_name, region_latitude, region_longitude, created_by, updated_by, created_at, updated_at, tags, source_type, review_status) VALUES (109, '新しい意味の語彙', 'ja', 'JP', '東京、日本', 35.6762, 139.6503, 'langmap', 'langmap', datetime('now'), datetime('now'), '["langmap"]', 'ai', 'approved');
INSERT INTO expression_versions (expression_id, text, region_name, region_latitude, region_longitude, created_by, created_at) VALUES (109, '新しい意味の語彙', '東京、日本', 35.6762, 139.6503, 'langmap', datetime('now'));
INSERT INTO expression_meanings (expression_id, meaning_id, created_by, updated_by, created_at, updated_at) VALUES (109, 787431441, 'langmap', 'langmap', datetime('now'), datetime('now'));
INSERT INTO expressions (id, text, language_code, region_code, region_name, region_latitude, region_longitude, created_by, updated_by, created_at, updated_at, tags, source_type, review_status) VALUES (110, '意味を作成', 'ja', 'JP', '東京、日本', 35.6762, 139.6503, 'langmap', 'langmap', datetime('now'), datetime('now'), '["langmap"]', 'ai', 'approved');
INSERT INTO expression_versions (expression_id, text, region_name, region_latitude, region_longitude, created_by, created_at) VALUES (110, '意味を作成', '東京、日本', 35.6762, 139.6503, 'langmap', datetime('now'));
INSERT INTO expression_meanings (expression_id, meaning_id, created_by, updated_by, created_at, updated_at) VALUES (110, 1044591763, 'langmap', 'langmap', datetime('now'), datetime('now'));
INSERT INTO expressions (id, text, language_code, region_code, region_name, region_latitude, region_longitude, created_by, updated_by, created_at, updated_at, tags, source_type, review_status) VALUES (111, 'この表現に関連する意味はありません', 'ja', 'JP', '東京、日本', 35.6762, 139.6503, 'langmap', 'langmap', datetime('now'), datetime('now'), '["langmap"]', 'ai', 'approved');
INSERT INTO expression_versions (expression_id, text, region_name, region_latitude, region_longitude, created_by, created_at) VALUES (111, 'この表現に関連する意味はありません', '東京、日本', 35.6762, 139.6503, 'langmap', datetime('now'));
INSERT INTO expression_meanings (expression_id, meaning_id, created_by, updated_by, created_at, updated_at) VALUES (111, 2010884750, 'langmap', 'langmap', datetime('now'), datetime('now'));
INSERT INTO expressions (id, text, language_code, region_code, region_name, region_latitude, region_longitude, created_by, updated_by, created_at, updated_at, tags, source_type, review_status) VALUES (112, '意味と関連付ける', 'ja', 'JP', '東京、日本', 35.6762, 139.6503, 'langmap', 'langmap', datetime('now'), datetime('now'), '["langmap"]', 'ai', 'approved');
INSERT INTO expression_versions (expression_id, text, region_name, region_latitude, region_longitude, created_by, created_at) VALUES (112, '意味と関連付ける', '東京、日本', 35.6762, 139.6503, 'langmap', datetime('now'));
INSERT INTO expression_meanings (expression_id, meaning_id, created_by, updated_by, created_at, updated_at) VALUES (112, 1273274090, 'langmap', 'langmap', datetime('now'), datetime('now'));
INSERT INTO expressions (id, text, language_code, region_code, region_name, region_latitude, region_longitude, created_by, updated_by, created_at, updated_at, tags, source_type, review_status) VALUES (113, 'グローバル', 'ja', 'JP', '東京、日本', 35.6762, 139.6503, 'langmap', 'langmap', datetime('now'), datetime('now'), '["langmap"]', 'ai', 'approved');
INSERT INTO expression_versions (expression_id, text, region_name, region_latitude, region_longitude, created_by, created_at) VALUES (113, 'グローバル', '東京、日本', 35.6762, 139.6503, 'langmap', datetime('now'));
INSERT INTO expression_meanings (expression_id, meaning_id, created_by, updated_by, created_at, updated_at) VALUES (113, 176252579, 'langmap', 'langmap', datetime('now'), datetime('now'));
INSERT INTO expressions (id, text, language_code, region_code, region_name, region_latitude, region_longitude, created_by, updated_by, created_at, updated_at, tags, source_type, review_status) VALUES (114, '再生', 'ja', 'JP', '東京、日本', 35.6762, 139.6503, 'langmap', 'langmap', datetime('now'), datetime('now'), '["langmap"]', 'ai', 'approved');
INSERT INTO expression_versions (expression_id, text, region_name, region_latitude, region_longitude, created_by, created_at) VALUES (114, '再生', '東京、日本', 35.6762, 139.6503, 'langmap', datetime('now'));
INSERT INTO expression_meanings (expression_id, meaning_id, created_by, updated_by, created_at, updated_at) VALUES (114, 2089767296, 'langmap', 'langmap', datetime('now'), datetime('now'));
INSERT INTO expressions (id, text, language_code, region_code, region_name, region_latitude, region_longitude, created_by, updated_by, created_at, updated_at, tags, source_type, review_status) VALUES (115, '自動', 'ja', 'JP', '東京、日本', 35.6762, 139.6503, 'langmap', 'langmap', datetime('now'), datetime('now'), '["langmap"]', 'ai', 'approved');
INSERT INTO expression_versions (expression_id, text, region_name, region_latitude, region_longitude, created_by, created_at) VALUES (115, '自動', '東京、日本', 35.6762, 139.6503, 'langmap', datetime('now'));
INSERT INTO expression_meanings (expression_id, meaning_id, created_by, updated_by, created_at, updated_at) VALUES (115, 645537796, 'langmap', 'langmap', datetime('now'), datetime('now'));
INSERT INTO expressions (id, text, language_code, region_code, region_name, region_latitude, region_longitude, created_by, updated_by, created_at, updated_at, tags, source_type, review_status) VALUES (116, 'バージョン履歴', 'ja', 'JP', '東京、日本', 35.6762, 139.6503, 'langmap', 'langmap', datetime('now'), datetime('now'), '["langmap"]', 'ai', 'approved');
INSERT INTO expression_versions (expression_id, text, region_name, region_latitude, region_longitude, created_by, created_at) VALUES (116, 'バージョン履歴', '東京、日本', 35.6762, 139.6503, 'langmap', datetime('now'));
INSERT INTO expression_meanings (expression_id, meaning_id, created_by, updated_by, created_at, updated_at) VALUES (116, 1744326251, 'langmap', 'langmap', datetime('now'), datetime('now'));
INSERT INTO expressions (id, text, language_code, region_code, region_name, region_latitude, region_longitude, created_by, updated_by, created_at, updated_at, tags, source_type, review_status) VALUES (117, 'バージョンを読み込み中...', 'ja', 'JP', '東京、日本', 35.6762, 139.6503, 'langmap', 'langmap', datetime('now'), datetime('now'), '["langmap"]', 'ai', 'approved');
INSERT INTO expression_versions (expression_id, text, region_name, region_latitude, region_longitude, created_by, created_at) VALUES (117, 'バージョンを読み込み中...', '東京、日本', 35.6762, 139.6503, 'langmap', datetime('now'));
INSERT INTO expression_meanings (expression_id, meaning_id, created_by, updated_by, created_at, updated_at) VALUES (117, 715462937, 'langmap', 'langmap', datetime('now'), datetime('now'));
INSERT INTO expressions (id, text, language_code, region_code, region_name, region_latitude, region_longitude, created_by, updated_by, created_at, updated_at, tags, source_type, review_status) VALUES (118, '利用可能なバージョンがありません', 'ja', 'JP', '東京、日本', 35.6762, 139.6503, 'langmap', 'langmap', datetime('now'), datetime('now'), '["langmap"]', 'ai', 'approved');
INSERT INTO expression_versions (expression_id, text, region_name, region_latitude, region_longitude, created_by, created_at) VALUES (118, '利用可能なバージョンがありません', '東京、日本', 35.6762, 139.6503, 'langmap', datetime('now'));
INSERT INTO expression_meanings (expression_id, meaning_id, created_by, updated_by, created_at, updated_at) VALUES (118, 1713513424, 'langmap', 'langmap', datetime('now'), datetime('now'));
INSERT INTO expression_meanings (expression_id, meaning_id, created_by, updated_by, created_at, updated_at) VALUES (115, 80058487, 'langmap', 'langmap', datetime('now'), datetime('now'));
INSERT INTO expressions (id, text, language_code, region_code, region_name, region_latitude, region_longitude, created_by, updated_by, created_at, updated_at, tags, source_type, review_status) VALUES (119, '匿名', 'ja', 'JP', '東京、日本', 35.6762, 139.6503, 'langmap', 'langmap', datetime('now'), datetime('now'), '["langmap"]', 'ai', 'approved');
INSERT INTO expression_versions (expression_id, text, region_name, region_latitude, region_longitude, created_by, created_at) VALUES (119, '匿名', '東京、日本', 35.6762, 139.6503, 'langmap', datetime('now'));
INSERT INTO expression_meanings (expression_id, meaning_id, created_by, updated_by, created_at, updated_at) VALUES (119, 82914960, 'langmap', 'langmap', datetime('now'), datetime('now'));
INSERT INTO expressions (id, text, language_code, region_code, region_name, region_latitude, region_longitude, created_by, updated_by, created_at, updated_at, tags, source_type, review_status) VALUES (120, '探索世界语言', 'zh-CN', 'CN', '北京，中国', 39.9042, 116.4074, 'langmap', 'langmap', datetime('now'), datetime('now'), '["langmap"]', 'ai', 'approved');
INSERT INTO expression_versions (expression_id, text, region_name, region_latitude, region_longitude, created_by, created_at) VALUES (120, '探索世界语言', '北京，中国', 39.9042, 116.4074, 'langmap', datetime('now'));
INSERT INTO expression_meanings (expression_id, meaning_id, created_by, updated_by, created_at, updated_at) VALUES (120, 1232590872, 'langmap', 'langmap', datetime('now'), datetime('now'));
INSERT INTO expressions (id, text, language_code, region_code, region_name, region_latitude, region_longitude, created_by, updated_by, created_at, updated_at, tags, source_type, review_status) VALUES (121, '发现各地区和文化的语言差异', 'zh-CN', 'CN', '北京，中国', 39.9042, 116.4074, 'langmap', 'langmap', datetime('now'), datetime('now'), '["langmap"]', 'ai', 'approved');
INSERT INTO expression_versions (expression_id, text, region_name, region_latitude, region_longitude, created_by, created_at) VALUES (121, '发现各地区和文化的语言差异', '北京，中国', 39.9042, 116.4074, 'langmap', datetime('now'));
INSERT INTO expression_meanings (expression_id, meaning_id, created_by, updated_by, created_at, updated_at) VALUES (121, 738769989, 'langmap', 'langmap', datetime('now'), datetime('now'));
INSERT INTO expressions (id, text, language_code, region_code, region_name, region_latitude, region_longitude, created_by, updated_by, created_at, updated_at, tags, source_type, review_status) VALUES (122, '搜索词句...', 'zh-CN', 'CN', '北京，中国', 39.9042, 116.4074, 'langmap', 'langmap', datetime('now'), datetime('now'), '["langmap"]', 'ai', 'approved');
INSERT INTO expression_versions (expression_id, text, region_name, region_latitude, region_longitude, created_by, created_at) VALUES (122, '搜索词句...', '北京，中国', 39.9042, 116.4074, 'langmap', datetime('now'));
INSERT INTO expression_meanings (expression_id, meaning_id, created_by, updated_by, created_at, updated_at) VALUES (122, 87878107, 'langmap', 'langmap', datetime('now'), datetime('now'));
INSERT INTO expressions (id, text, language_code, region_code, region_name, region_latitude, region_longitude, created_by, updated_by, created_at, updated_at, tags, source_type, review_status) VALUES (123, '搜索', 'zh-CN', 'CN', '北京，中国', 39.9042, 116.4074, 'langmap', 'langmap', datetime('now'), datetime('now'), '["langmap"]', 'ai', 'approved');
INSERT INTO expression_versions (expression_id, text, region_name, region_latitude, region_longitude, created_by, created_at) VALUES (123, '搜索', '北京，中国', 39.9042, 116.4074, 'langmap', datetime('now'));
INSERT INTO expression_meanings (expression_id, meaning_id, created_by, updated_by, created_at, updated_at) VALUES (123, 1861719002, 'langmap', 'langmap', datetime('now'), datetime('now'));
INSERT INTO expressions (id, text, language_code, region_code, region_name, region_latitude, region_longitude, created_by, updated_by, created_at, updated_at, tags, source_type, review_status) VALUES (124, '总词句数', 'zh-CN', 'CN', '北京，中国', 39.9042, 116.4074, 'langmap', 'langmap', datetime('now'), datetime('now'), '["langmap"]', 'ai', 'approved');
INSERT INTO expression_versions (expression_id, text, region_name, region_latitude, region_longitude, created_by, created_at) VALUES (124, '总词句数', '北京，中国', 39.9042, 116.4074, 'langmap', datetime('now'));
INSERT INTO expression_meanings (expression_id, meaning_id, created_by, updated_by, created_at, updated_at) VALUES (124, 2073608002, 'langmap', 'langmap', datetime('now'), datetime('now'));
INSERT INTO expressions (id, text, language_code, region_code, region_name, region_latitude, region_longitude, created_by, updated_by, created_at, updated_at, tags, source_type, review_status) VALUES (125, '语言', 'zh-CN', 'CN', '北京，中国', 39.9042, 116.4074, 'langmap', 'langmap', datetime('now'), datetime('now'), '["langmap"]', 'ai', 'approved');
INSERT INTO expression_versions (expression_id, text, region_name, region_latitude, region_longitude, created_by, created_at) VALUES (125, '语言', '北京，中国', 39.9042, 116.4074, 'langmap', datetime('now'));
INSERT INTO expression_meanings (expression_id, meaning_id, created_by, updated_by, created_at, updated_at) VALUES (125, 29825596, 'langmap', 'langmap', datetime('now'), datetime('now'));
INSERT INTO expressions (id, text, language_code, region_code, region_name, region_latitude, region_longitude, created_by, updated_by, created_at, updated_at, tags, source_type, review_status) VALUES (126, '地区', 'zh-CN', 'CN', '北京，中国', 39.9042, 116.4074, 'langmap', 'langmap', datetime('now'), datetime('now'), '["langmap"]', 'ai', 'approved');
INSERT INTO expression_versions (expression_id, text, region_name, region_latitude, region_longitude, created_by, created_at) VALUES (126, '地区', '北京，中国', 39.9042, 116.4074, 'langmap', datetime('now'));
INSERT INTO expression_meanings (expression_id, meaning_id, created_by, updated_by, created_at, updated_at) VALUES (126, 1909588150, 'langmap', 'langmap', datetime('now'), datetime('now'));
INSERT INTO expressions (id, text, language_code, region_code, region_name, region_latitude, region_longitude, created_by, updated_by, created_at, updated_at, tags, source_type, review_status) VALUES (127, '全球语言分布', 'zh-CN', 'CN', '北京，中国', 39.9042, 116.4074, 'langmap', 'langmap', datetime('now'), datetime('now'), '["langmap"]', 'ai', 'approved');
INSERT INTO expression_versions (expression_id, text, region_name, region_latitude, region_longitude, created_by, created_at) VALUES (127, '全球语言分布', '北京，中国', 39.9042, 116.4074, 'langmap', datetime('now'));
INSERT INTO expression_meanings (expression_id, meaning_id, created_by, updated_by, created_at, updated_at) VALUES (127, 228029697, 'langmap', 'langmap', datetime('now'), datetime('now'));
INSERT INTO expressions (id, text, language_code, region_code, region_name, region_latitude, region_longitude, created_by, updated_by, created_at, updated_at, tags, source_type, review_status) VALUES (128, '探索不同地区的语言丰富性。圆圈越大表示该地区词句越多。', 'zh-CN', 'CN', '北京，中国', 39.9042, 116.4074, 'langmap', 'langmap', datetime('now'), datetime('now'), '["langmap"]', 'ai', 'approved');
INSERT INTO expression_versions (expression_id, text, region_name, region_latitude, region_longitude, created_by, created_at) VALUES (128, '探索不同地区的语言丰富性。圆圈越大表示该地区词句越多。', '北京，中国', 39.9042, 116.4074, 'langmap', datetime('now'));
INSERT INTO expression_meanings (expression_id, meaning_id, created_by, updated_by, created_at, updated_at) VALUES (128, 1932949546, 'langmap', 'langmap', datetime('now'), datetime('now'));
INSERT INTO expressions (id, text, language_code, region_code, region_name, region_latitude, region_longitude, created_by, updated_by, created_at, updated_at, tags, source_type, review_status) VALUES (129, '词句密度', 'zh-CN', 'CN', '北京，中国', 39.9042, 116.4074, 'langmap', 'langmap', datetime('now'), datetime('now'), '["langmap"]', 'ai', 'approved');
INSERT INTO expression_versions (expression_id, text, region_name, region_latitude, region_longitude, created_by, created_at) VALUES (129, '词句密度', '北京，中国', 39.9042, 116.4074, 'langmap', datetime('now'));
INSERT INTO expression_meanings (expression_id, meaning_id, created_by, updated_by, created_at, updated_at) VALUES (129, 1280354696, 'langmap', 'langmap', datetime('now'), datetime('now'));
INSERT INTO expressions (id, text, language_code, region_code, region_name, region_latitude, region_longitude, created_by, updated_by, created_at, updated_at, tags, source_type, review_status) VALUES (130, '开始使用', 'zh-CN', 'CN', '北京，中国', 39.9042, 116.4074, 'langmap', 'langmap', datetime('now'), datetime('now'), '["langmap"]', 'ai', 'approved');
INSERT INTO expression_versions (expression_id, text, region_name, region_latitude, region_longitude, created_by, created_at) VALUES (130, '开始使用', '北京，中国', 39.9042, 116.4074, 'langmap', datetime('now'));
INSERT INTO expression_meanings (expression_id, meaning_id, created_by, updated_by, created_at, updated_at) VALUES (130, 1704825459, 'langmap', 'langmap', datetime('now'), datetime('now'));
INSERT INTO expressions (id, text, language_code, region_code, region_name, region_latitude, region_longitude, created_by, updated_by, created_at, updated_at, tags, source_type, review_status) VALUES (131, '搜索词句', 'zh-CN', 'CN', '北京，中国', 39.9042, 116.4074, 'langmap', 'langmap', datetime('now'), datetime('now'), '["langmap"]', 'ai', 'approved');
INSERT INTO expression_versions (expression_id, text, region_name, region_latitude, region_longitude, created_by, created_at) VALUES (131, '搜索词句', '北京，中国', 39.9042, 116.4074, 'langmap', datetime('now'));
INSERT INTO expression_meanings (expression_id, meaning_id, created_by, updated_by, created_at, updated_at) VALUES (131, 1798903561, 'langmap', 'langmap', datetime('now'), datetime('now'));
INSERT INTO expressions (id, text, language_code, region_code, region_name, region_latitude, region_longitude, created_by, updated_by, created_at, updated_at, tags, source_type, review_status) VALUES (132, '查找不同语言和地区中词语和句子的表达方式。', 'zh-CN', 'CN', '北京，中国', 39.9042, 116.4074, 'langmap', 'langmap', datetime('now'), datetime('now'), '["langmap"]', 'ai', 'approved');
INSERT INTO expression_versions (expression_id, text, region_name, region_latitude, region_longitude, created_by, created_at) VALUES (132, '查找不同语言和地区中词语和句子的表达方式。', '北京，中国', 39.9042, 116.4074, 'langmap', datetime('now'));
INSERT INTO expression_meanings (expression_id, meaning_id, created_by, updated_by, created_at, updated_at) VALUES (132, 889637427, 'langmap', 'langmap', datetime('now'), datetime('now'));
INSERT INTO expressions (id, text, language_code, region_code, region_name, region_latitude, region_longitude, created_by, updated_by, created_at, updated_at, tags, source_type, review_status) VALUES (133, '开始搜索 →', 'zh-CN', 'CN', '北京，中国', 39.9042, 116.4074, 'langmap', 'langmap', datetime('now'), datetime('now'), '["langmap"]', 'ai', 'approved');
INSERT INTO expression_versions (expression_id, text, region_name, region_latitude, region_longitude, created_by, created_at) VALUES (133, '开始搜索 →', '北京，中国', 39.9042, 116.4074, 'langmap', datetime('now'));
INSERT INTO expression_meanings (expression_id, meaning_id, created_by, updated_by, created_at, updated_at) VALUES (133, 2141226890, 'langmap', 'langmap', datetime('now'), datetime('now'));
INSERT INTO expressions (id, text, language_code, region_code, region_name, region_latitude, region_longitude, created_by, updated_by, created_at, updated_at, tags, source_type, review_status) VALUES (134, '添加词句', 'zh-CN', 'CN', '北京，中国', 39.9042, 116.4074, 'langmap', 'langmap', datetime('now'), datetime('now'), '["langmap"]', 'ai', 'approved');
INSERT INTO expression_versions (expression_id, text, region_name, region_latitude, region_longitude, created_by, created_at) VALUES (134, '添加词句', '北京，中国', 39.9042, 116.4074, 'langmap', datetime('now'));
INSERT INTO expression_meanings (expression_id, meaning_id, created_by, updated_by, created_at, updated_at) VALUES (134, 50585974, 'langmap', 'langmap', datetime('now'), datetime('now'));
INSERT INTO expressions (id, text, language_code, region_code, region_name, region_latitude, region_longitude, created_by, updated_by, created_at, updated_at, tags, source_type, review_status) VALUES (135, '通过添加您语言或地区的词句为我们的数据库做贡献。', 'zh-CN', 'CN', '北京，中国', 39.9042, 116.4074, 'langmap', 'langmap', datetime('now'), datetime('now'), '["langmap"]', 'ai', 'approved');
INSERT INTO expression_versions (expression_id, text, region_name, region_latitude, region_longitude, created_by, created_at) VALUES (135, '通过添加您语言或地区的词句为我们的数据库做贡献。', '北京，中国', 39.9042, 116.4074, 'langmap', datetime('now'));
INSERT INTO expression_meanings (expression_id, meaning_id, created_by, updated_by, created_at, updated_at) VALUES (135, 1556642706, 'langmap', 'langmap', datetime('now'), datetime('now'));
INSERT INTO expression_meanings (expression_id, meaning_id, created_by, updated_by, created_at, updated_at) VALUES (126, 250674643, 'langmap', 'langmap', datetime('now'), datetime('now'));
INSERT INTO expression_meanings (expression_id, meaning_id, created_by, updated_by, created_at, updated_at) VALUES (125, 393067094, 'langmap', 'langmap', datetime('now'), datetime('now'));
INSERT INTO expressions (id, text, language_code, region_code, region_name, region_latitude, region_longitude, created_by, updated_by, created_at, updated_at, tags, source_type, review_status) VALUES (136, '词句数', 'zh-CN', 'CN', '北京，中国', 39.9042, 116.4074, 'langmap', 'langmap', datetime('now'), datetime('now'), '["langmap"]', 'ai', 'approved');
INSERT INTO expression_versions (expression_id, text, region_name, region_latitude, region_longitude, created_by, created_at) VALUES (136, '词句数', '北京，中国', 39.9042, 116.4074, 'langmap', datetime('now'));
INSERT INTO expression_meanings (expression_id, meaning_id, created_by, updated_by, created_at, updated_at) VALUES (136, 1843177479, 'langmap', 'langmap', datetime('now'), datetime('now'));
INSERT INTO expressions (id, text, language_code, region_code, region_name, region_latitude, region_longitude, created_by, updated_by, created_at, updated_at, tags, source_type, review_status) VALUES (137, '未知', 'zh-CN', 'CN', '北京，中国', 39.9042, 116.4074, 'langmap', 'langmap', datetime('now'), datetime('now'), '["langmap"]', 'ai', 'approved');
INSERT INTO expression_versions (expression_id, text, region_name, region_latitude, region_longitude, created_by, created_at) VALUES (137, '未知', '北京，中国', 39.9042, 116.4074, 'langmap', datetime('now'));
INSERT INTO expression_meanings (expression_id, meaning_id, created_by, updated_by, created_at, updated_at) VALUES (137, 2147181533, 'langmap', 'langmap', datetime('now'), datetime('now'));
INSERT INTO expressions (id, text, language_code, region_code, region_name, region_latitude, region_longitude, created_by, updated_by, created_at, updated_at, tags, source_type, review_status) VALUES (138, '添加新词 →', 'zh-CN', 'CN', '北京，中国', 39.9042, 116.4074, 'langmap', 'langmap', datetime('now'), datetime('now'), '["langmap"]', 'ai', 'approved');
INSERT INTO expression_versions (expression_id, text, region_name, region_latitude, region_longitude, created_by, created_at) VALUES (138, '添加新词 →', '北京，中国', 39.9042, 116.4074, 'langmap', datetime('now'));
INSERT INTO expression_meanings (expression_id, meaning_id, created_by, updated_by, created_at, updated_at) VALUES (138, 1538332181, 'langmap', 'langmap', datetime('now'), datetime('now'));
INSERT INTO expressions (id, text, language_code, region_code, region_name, region_latitude, region_longitude, created_by, updated_by, created_at, updated_at, tags, source_type, review_status) VALUES (139, '探索地图', 'zh-CN', 'CN', '北京，中国', 39.9042, 116.4074, 'langmap', 'langmap', datetime('now'), datetime('now'), '["langmap"]', 'ai', 'approved');
INSERT INTO expression_versions (expression_id, text, region_name, region_latitude, region_longitude, created_by, created_at) VALUES (139, '探索地图', '北京，中国', 39.9042, 116.4074, 'langmap', datetime('now'));
INSERT INTO expression_meanings (expression_id, meaning_id, created_by, updated_by, created_at, updated_at) VALUES (139, 700350673, 'langmap', 'langmap', datetime('now'), datetime('now'));
INSERT INTO expressions (id, text, language_code, region_code, region_name, region_latitude, region_longitude, created_by, updated_by, created_at, updated_at, tags, source_type, review_status) VALUES (140, '在交互式世界地图上可视化语言多样性。', 'zh-CN', 'CN', '北京，中国', 39.9042, 116.4074, 'langmap', 'langmap', datetime('now'), datetime('now'), '["langmap"]', 'ai', 'approved');
INSERT INTO expression_versions (expression_id, text, region_name, region_latitude, region_longitude, created_by, created_at) VALUES (140, '在交互式世界地图上可视化语言多样性。', '北京，中国', 39.9042, 116.4074, 'langmap', datetime('now'));
INSERT INTO expression_meanings (expression_id, meaning_id, created_by, updated_by, created_at, updated_at) VALUES (140, 26891452, 'langmap', 'langmap', datetime('now'), datetime('now'));
INSERT INTO expressions (id, text, language_code, region_code, region_name, region_latitude, region_longitude, created_by, updated_by, created_at, updated_at, tags, source_type, review_status) VALUES (141, '查看地图 →', 'zh-CN', 'CN', '北京，中国', 39.9042, 116.4074, 'langmap', 'langmap', datetime('now'), datetime('now'), '["langmap"]', 'ai', 'approved');
INSERT INTO expression_versions (expression_id, text, region_name, region_latitude, region_longitude, created_by, created_at) VALUES (141, '查看地图 →', '北京，中国', 39.9042, 116.4074, 'langmap', datetime('now'));
INSERT INTO expression_meanings (expression_id, meaning_id, created_by, updated_by, created_at, updated_at) VALUES (141, 863807598, 'langmap', 'langmap', datetime('now'), datetime('now'));
INSERT INTO expressions (id, text, language_code, region_code, region_name, region_latitude, region_longitude, created_by, updated_by, created_at, updated_at, tags, source_type, review_status) VALUES (142, '正在加载地图...', 'zh-CN', 'CN', '北京，中国', 39.9042, 116.4074, 'langmap', 'langmap', datetime('now'), datetime('now'), '["langmap"]', 'ai', 'approved');
INSERT INTO expression_versions (expression_id, text, region_name, region_latitude, region_longitude, created_by, created_at) VALUES (142, '正在加载地图...', '北京，中国', 39.9042, 116.4074, 'langmap', datetime('now'));
INSERT INTO expression_meanings (expression_id, meaning_id, created_by, updated_by, created_at, updated_at) VALUES (142, 984290883, 'langmap', 'langmap', datetime('now'), datetime('now'));
INSERT INTO expressions (id, text, language_code, region_code, region_name, region_latitude, region_longitude, created_by, updated_by, created_at, updated_at, tags, source_type, review_status) VALUES (143, '主页', 'zh-CN', 'CN', '北京，中国', 39.9042, 116.4074, 'langmap', 'langmap', datetime('now'), datetime('now'), '["langmap"]', 'ai', 'approved');
INSERT INTO expression_versions (expression_id, text, region_name, region_latitude, region_longitude, created_by, created_at) VALUES (143, '主页', '北京，中国', 39.9042, 116.4074, 'langmap', datetime('now'));
INSERT INTO expression_meanings (expression_id, meaning_id, created_by, updated_by, created_at, updated_at) VALUES (143, 1175105589, 'langmap', 'langmap', datetime('now'), datetime('now'));
INSERT INTO expression_meanings (expression_id, meaning_id, created_by, updated_by, created_at, updated_at) VALUES (123, 1822030570, 'langmap', 'langmap', datetime('now'), datetime('now'));
INSERT INTO expressions (id, text, language_code, region_code, region_name, region_latitude, region_longitude, created_by, updated_by, created_at, updated_at, tags, source_type, review_status) VALUES (144, '© {year} langmap - 语言词句地图平台', 'zh-CN', 'CN', '北京，中国', 39.9042, 116.4074, 'langmap', 'langmap', datetime('now'), datetime('now'), '["langmap"]', 'ai', 'approved');
INSERT INTO expression_versions (expression_id, text, region_name, region_latitude, region_longitude, created_by, created_at) VALUES (144, '© {year} langmap - 语言词句地图平台', '北京，中国', 39.9042, 116.4074, 'langmap', datetime('now'));
INSERT INTO expression_meanings (expression_id, meaning_id, created_by, updated_by, created_at, updated_at) VALUES (144, 1804466275, 'langmap', 'langmap', datetime('now'), datetime('now'));
INSERT INTO expression_meanings (expression_id, meaning_id, created_by, updated_by, created_at, updated_at) VALUES (131, 480547274, 'langmap', 'langmap', datetime('now'), datetime('now'));
INSERT INTO expressions (id, text, language_code, region_code, region_name, region_latitude, region_longitude, created_by, updated_by, created_at, updated_at, tags, source_type, review_status) VALUES (145, '跨语言和地区查找语言词句', 'zh-CN', 'CN', '北京，中国', 39.9042, 116.4074, 'langmap', 'langmap', datetime('now'), datetime('now'), '["langmap"]', 'ai', 'approved');
INSERT INTO expression_versions (expression_id, text, region_name, region_latitude, region_longitude, created_by, created_at) VALUES (145, '跨语言和地区查找语言词句', '北京，中国', 39.9042, 116.4074, 'langmap', datetime('now'));
INSERT INTO expression_meanings (expression_id, meaning_id, created_by, updated_by, created_at, updated_at) VALUES (145, 666598698, 'langmap', 'langmap', datetime('now'), datetime('now'));
INSERT INTO expressions (id, text, language_code, region_code, region_name, region_latitude, region_longitude, created_by, updated_by, created_at, updated_at, tags, source_type, review_status) VALUES (146, '输入词语或句子...', 'zh-CN', 'CN', '北京，中国', 39.9042, 116.4074, 'langmap', 'langmap', datetime('now'), datetime('now'), '["langmap"]', 'ai', 'approved');
INSERT INTO expression_versions (expression_id, text, region_name, region_latitude, region_longitude, created_by, created_at) VALUES (146, '输入词语或句子...', '北京，中国', 39.9042, 116.4074, 'langmap', datetime('now'));
INSERT INTO expression_meanings (expression_id, meaning_id, created_by, updated_by, created_at, updated_at) VALUES (146, 782154075, 'langmap', 'langmap', datetime('now'), datetime('now'));
INSERT INTO expression_meanings (expression_id, meaning_id, created_by, updated_by, created_at, updated_at) VALUES (123, 808077362, 'langmap', 'langmap', datetime('now'), datetime('now'));
INSERT INTO expressions (id, text, language_code, region_code, region_name, region_latitude, region_longitude, created_by, updated_by, created_at, updated_at, tags, source_type, review_status) VALUES (147, '正在搜索词句...', 'zh-CN', 'CN', '北京，中国', 39.9042, 116.4074, 'langmap', 'langmap', datetime('now'), datetime('now'), '["langmap"]', 'ai', 'approved');
INSERT INTO expression_versions (expression_id, text, region_name, region_latitude, region_longitude, created_by, created_at) VALUES (147, '正在搜索词句...', '北京，中国', 39.9042, 116.4074, 'langmap', datetime('now'));
INSERT INTO expression_meanings (expression_id, meaning_id, created_by, updated_by, created_at, updated_at) VALUES (147, 1660781369, 'langmap', 'langmap', datetime('now'), datetime('now'));
INSERT INTO expressions (id, text, language_code, region_code, region_name, region_latitude, region_longitude, created_by, updated_by, created_at, updated_at, tags, source_type, review_status) VALUES (148, '未找到结果', 'zh-CN', 'CN', '北京，中国', 39.9042, 116.4074, 'langmap', 'langmap', datetime('now'), datetime('now'), '["langmap"]', 'ai', 'approved');
INSERT INTO expression_versions (expression_id, text, region_name, region_latitude, region_longitude, created_by, created_at) VALUES (148, '未找到结果', '北京，中国', 39.9042, 116.4074, 'langmap', datetime('now'));
INSERT INTO expression_meanings (expression_id, meaning_id, created_by, updated_by, created_at, updated_at) VALUES (148, 1623339377, 'langmap', 'langmap', datetime('now'), datetime('now'));
INSERT INTO expressions (id, text, language_code, region_code, region_name, region_latitude, region_longitude, created_by, updated_by, created_at, updated_at, tags, source_type, review_status) VALUES (149, '尝试不同的搜索词或添加新词句', 'zh-CN', 'CN', '北京，中国', 39.9042, 116.4074, 'langmap', 'langmap', datetime('now'), datetime('now'), '["langmap"]', 'ai', 'approved');
INSERT INTO expression_versions (expression_id, text, region_name, region_latitude, region_longitude, created_by, created_at) VALUES (149, '尝试不同的搜索词或添加新词句', '北京，中国', 39.9042, 116.4074, 'langmap', datetime('now'));
INSERT INTO expression_meanings (expression_id, meaning_id, created_by, updated_by, created_at, updated_at) VALUES (149, 890335645, 'langmap', 'langmap', datetime('now'), datetime('now'));
INSERT INTO expressions (id, text, language_code, region_code, region_name, region_latitude, region_longitude, created_by, updated_by, created_at, updated_at, tags, source_type, review_status) VALUES (150, '添加"{expression}"', 'zh-CN', 'CN', '北京，中国', 39.9042, 116.4074, 'langmap', 'langmap', datetime('now'), datetime('now'), '["langmap"]', 'ai', 'approved');
INSERT INTO expression_versions (expression_id, text, region_name, region_latitude, region_longitude, created_by, created_at) VALUES (150, '添加"{expression}"', '北京，中国', 39.9042, 116.4074, 'langmap', datetime('now'));
INSERT INTO expression_meanings (expression_id, meaning_id, created_by, updated_by, created_at, updated_at) VALUES (150, 556745063, 'langmap', 'langmap', datetime('now'), datetime('now'));
INSERT INTO expressions (id, text, language_code, region_code, region_name, region_latitude, region_longitude, created_by, updated_by, created_at, updated_at, tags, source_type, review_status) VALUES (151, '新词句', 'zh-CN', 'CN', '北京，中国', 39.9042, 116.4074, 'langmap', 'langmap', datetime('now'), datetime('now'), '["langmap"]', 'ai', 'approved');
INSERT INTO expression_versions (expression_id, text, region_name, region_latitude, region_longitude, created_by, created_at) VALUES (151, '新词句', '北京，中国', 39.9042, 116.4074, 'langmap', datetime('now'));
INSERT INTO expression_meanings (expression_id, meaning_id, created_by, updated_by, created_at, updated_at) VALUES (151, 831699112, 'langmap', 'langmap', datetime('now'), datetime('now'));
INSERT INTO expressions (id, text, language_code, region_code, region_name, region_latitude, region_longitude, created_by, updated_by, created_at, updated_at, tags, source_type, review_status) VALUES (152, '找到 {count} 条词句', 'zh-CN', 'CN', '北京，中国', 39.9042, 116.4074, 'langmap', 'langmap', datetime('now'), datetime('now'), '["langmap"]', 'ai', 'approved');
INSERT INTO expression_versions (expression_id, text, region_name, region_latitude, region_longitude, created_by, created_at) VALUES (152, '找到 {count} 条词句', '北京，中国', 39.9042, 116.4074, 'langmap', datetime('now'));
INSERT INTO expression_meanings (expression_id, meaning_id, created_by, updated_by, created_at, updated_at) VALUES (152, 2052550168, 'langmap', 'langmap', datetime('now'), datetime('now'));
INSERT INTO expressions (id, text, language_code, region_code, region_name, region_latitude, region_longitude, created_by, updated_by, created_at, updated_at, tags, source_type, review_status) VALUES (153, '返回', 'zh-CN', 'CN', '北京，中国', 39.9042, 116.4074, 'langmap', 'langmap', datetime('now'), datetime('now'), '["langmap"]', 'ai', 'approved');
INSERT INTO expression_versions (expression_id, text, region_name, region_latitude, region_longitude, created_by, created_at) VALUES (153, '返回', '北京，中国', 39.9042, 116.4074, 'langmap', datetime('now'));
INSERT INTO expression_meanings (expression_id, meaning_id, created_by, updated_by, created_at, updated_at) VALUES (153, 1768300647, 'langmap', 'langmap', datetime('now'), datetime('now'));
INSERT INTO expressions (id, text, language_code, region_code, region_name, region_latitude, region_longitude, created_by, updated_by, created_at, updated_at, tags, source_type, review_status) VALUES (154, '添加新词句', 'zh-CN', 'CN', '北京，中国', 39.9042, 116.4074, 'langmap', 'langmap', datetime('now'), datetime('now'), '["langmap"]', 'ai', 'approved');
INSERT INTO expression_versions (expression_id, text, region_name, region_latitude, region_longitude, created_by, created_at) VALUES (154, '添加新词句', '北京，中国', 39.9042, 116.4074, 'langmap', datetime('now'));
INSERT INTO expression_meanings (expression_id, meaning_id, created_by, updated_by, created_at, updated_at) VALUES (154, 653847431, 'langmap', 'langmap', datetime('now'), datetime('now'));
INSERT INTO expressions (id, text, language_code, region_code, region_name, region_latitude, region_longitude, created_by, updated_by, created_at, updated_at, tags, source_type, review_status) VALUES (155, '文本', 'zh-CN', 'CN', '北京，中国', 39.9042, 116.4074, 'langmap', 'langmap', datetime('now'), datetime('now'), '["langmap"]', 'ai', 'approved');
INSERT INTO expression_versions (expression_id, text, region_name, region_latitude, region_longitude, created_by, created_at) VALUES (155, '文本', '北京，中国', 39.9042, 116.4074, 'langmap', datetime('now'));
INSERT INTO expression_meanings (expression_id, meaning_id, created_by, updated_by, created_at, updated_at) VALUES (155, 610717035, 'langmap', 'langmap', datetime('now'), datetime('now'));
INSERT INTO expressions (id, text, language_code, region_code, region_name, region_latitude, region_longitude, created_by, updated_by, created_at, updated_at, tags, source_type, review_status) VALUES (156, '输入语言词句', 'zh-CN', 'CN', '北京，中国', 39.9042, 116.4074, 'langmap', 'langmap', datetime('now'), datetime('now'), '["langmap"]', 'ai', 'approved');
INSERT INTO expression_versions (expression_id, text, region_name, region_latitude, region_longitude, created_by, created_at) VALUES (156, '输入语言词句', '北京，中国', 39.9042, 116.4074, 'langmap', datetime('now'));
INSERT INTO expression_meanings (expression_id, meaning_id, created_by, updated_by, created_at, updated_at) VALUES (156, 378762400, 'langmap', 'langmap', datetime('now'), datetime('now'));
INSERT INTO expressions (id, text, language_code, region_code, region_name, region_latitude, region_longitude, created_by, updated_by, created_at, updated_at, tags, source_type, review_status) VALUES (157, '该语言中的实际词语或句子', 'zh-CN', 'CN', '北京，中国', 39.9042, 116.4074, 'langmap', 'langmap', datetime('now'), datetime('now'), '["langmap"]', 'ai', 'approved');
INSERT INTO expression_versions (expression_id, text, region_name, region_latitude, region_longitude, created_by, created_at) VALUES (157, '该语言中的实际词语或句子', '北京，中国', 39.9042, 116.4074, 'langmap', datetime('now'));
INSERT INTO expression_meanings (expression_id, meaning_id, created_by, updated_by, created_at, updated_at) VALUES (157, 1251764943, 'langmap', 'langmap', datetime('now'), datetime('now'));
INSERT INTO expression_meanings (expression_id, meaning_id, created_by, updated_by, created_at, updated_at) VALUES (125, 1469373345, 'langmap', 'langmap', datetime('now'), datetime('now'));
INSERT INTO expressions (id, text, language_code, region_code, region_name, region_latitude, region_longitude, created_by, updated_by, created_at, updated_at, tags, source_type, review_status) VALUES (158, '选择语言', 'zh-CN', 'CN', '北京，中国', 39.9042, 116.4074, 'langmap', 'langmap', datetime('now'), datetime('now'), '["langmap"]', 'ai', 'approved');
INSERT INTO expression_versions (expression_id, text, region_name, region_latitude, region_longitude, created_by, created_at) VALUES (158, '选择语言', '北京，中国', 39.9042, 116.4074, 'langmap', datetime('now'));
INSERT INTO expression_meanings (expression_id, meaning_id, created_by, updated_by, created_at, updated_at) VALUES (158, 1745197766, 'langmap', 'langmap', datetime('now'), datetime('now'));
INSERT INTO expressions (id, text, language_code, region_code, region_name, region_latitude, region_longitude, created_by, updated_by, created_at, updated_at, tags, source_type, review_status) VALUES (159, '为此词句选择语言', 'zh-CN', 'CN', '北京，中国', 39.9042, 116.4074, 'langmap', 'langmap', datetime('now'), datetime('now'), '["langmap"]', 'ai', 'approved');
INSERT INTO expression_versions (expression_id, text, region_name, region_latitude, region_longitude, created_by, created_at) VALUES (159, '为此词句选择语言', '北京，中国', 39.9042, 116.4074, 'langmap', datetime('now'));
INSERT INTO expression_meanings (expression_id, meaning_id, created_by, updated_by, created_at, updated_at) VALUES (159, 1935180845, 'langmap', 'langmap', datetime('now'), datetime('now'));
INSERT INTO expressions (id, text, language_code, region_code, region_name, region_latitude, region_longitude, created_by, updated_by, created_at, updated_at, tags, source_type, review_status) VALUES (160, '选择语言...', 'zh-CN', 'CN', '北京，中国', 39.9042, 116.4074, 'langmap', 'langmap', datetime('now'), datetime('now'), '["langmap"]', 'ai', 'approved');
INSERT INTO expression_versions (expression_id, text, region_name, region_latitude, region_longitude, created_by, created_at) VALUES (160, '选择语言...', '北京，中国', 39.9042, 116.4074, 'langmap', datetime('now'));
INSERT INTO expression_meanings (expression_id, meaning_id, created_by, updated_by, created_at, updated_at) VALUES (160, 1793722761, 'langmap', 'langmap', datetime('now'), datetime('now'));
INSERT INTO expressions (id, text, language_code, region_code, region_name, region_latitude, region_longitude, created_by, updated_by, created_at, updated_at, tags, source_type, review_status) VALUES (161, '正在加载语言...', 'zh-CN', 'CN', '北京，中国', 39.9042, 116.4074, 'langmap', 'langmap', datetime('now'), datetime('now'), '["langmap"]', 'ai', 'approved');
INSERT INTO expression_versions (expression_id, text, region_name, region_latitude, region_longitude, created_by, created_at) VALUES (161, '正在加载语言...', '北京，中国', 39.9042, 116.4074, 'langmap', datetime('now'));
INSERT INTO expression_meanings (expression_id, meaning_id, created_by, updated_by, created_at, updated_at) VALUES (161, 2099029340, 'langmap', 'langmap', datetime('now'), datetime('now'));
INSERT INTO expressions (id, text, language_code, region_code, region_name, region_latitude, region_longitude, created_by, updated_by, created_at, updated_at, tags, source_type, review_status) VALUES (162, '地区（可选）', 'zh-CN', 'CN', '北京，中国', 39.9042, 116.4074, 'langmap', 'langmap', datetime('now'), datetime('now'), '["langmap"]', 'ai', 'approved');
INSERT INTO expression_versions (expression_id, text, region_name, region_latitude, region_longitude, created_by, created_at) VALUES (162, '地区（可选）', '北京，中国', 39.9042, 116.4074, 'langmap', datetime('now'));
INSERT INTO expression_meanings (expression_id, meaning_id, created_by, updated_by, created_at, updated_at) VALUES (162, 101777746, 'langmap', 'langmap', datetime('now'), datetime('now'));
INSERT INTO expressions (id, text, language_code, region_code, region_name, region_latitude, region_longitude, created_by, updated_by, created_at, updated_at, tags, source_type, review_status) VALUES (163, '例如：中国、西班牙、全球', 'zh-CN', 'CN', '北京，中国', 39.9042, 116.4074, 'langmap', 'langmap', datetime('now'), datetime('now'), '["langmap"]', 'ai', 'approved');
INSERT INTO expression_versions (expression_id, text, region_name, region_latitude, region_longitude, created_by, created_at) VALUES (163, '例如：中国、西班牙、全球', '北京，中国', 39.9042, 116.4074, 'langmap', datetime('now'));
INSERT INTO expression_meanings (expression_id, meaning_id, created_by, updated_by, created_at, updated_at) VALUES (163, 747353279, 'langmap', 'langmap', datetime('now'), datetime('now'));
INSERT INTO expressions (id, text, language_code, region_code, region_name, region_latitude, region_longitude, created_by, updated_by, created_at, updated_at, tags, source_type, review_status) VALUES (164, '地理位置或区域', 'zh-CN', 'CN', '北京，中国', 39.9042, 116.4074, 'langmap', 'langmap', datetime('now'), datetime('now'), '["langmap"]', 'ai', 'approved');
INSERT INTO expression_versions (expression_id, text, region_name, region_latitude, region_longitude, created_by, created_at) VALUES (164, '地理位置或区域', '北京，中国', 39.9042, 116.4074, 'langmap', datetime('now'));
INSERT INTO expression_meanings (expression_id, meaning_id, created_by, updated_by, created_at, updated_at) VALUES (164, 259247799, 'langmap', 'langmap', datetime('now'), datetime('now'));
INSERT INTO expressions (id, text, language_code, region_code, region_name, region_latitude, region_longitude, created_by, updated_by, created_at, updated_at, tags, source_type, review_status) VALUES (165, '检测我的位置', 'zh-CN', 'CN', '北京，中国', 39.9042, 116.4074, 'langmap', 'langmap', datetime('now'), datetime('now'), '["langmap"]', 'ai', 'approved');
INSERT INTO expression_versions (expression_id, text, region_name, region_latitude, region_longitude, created_by, created_at) VALUES (165, '检测我的位置', '北京，中国', 39.9042, 116.4074, 'langmap', datetime('now'));
INSERT INTO expression_meanings (expression_id, meaning_id, created_by, updated_by, created_at, updated_at) VALUES (165, 1228718215, 'langmap', 'langmap', datetime('now'), datetime('now'));
INSERT INTO expressions (id, text, language_code, region_code, region_name, region_latitude, region_longitude, created_by, updated_by, created_at, updated_at, tags, source_type, review_status) VALUES (166, '在地图上选择', 'zh-CN', 'CN', '北京，中国', 39.9042, 116.4074, 'langmap', 'langmap', datetime('now'), datetime('now'), '["langmap"]', 'ai', 'approved');
INSERT INTO expression_versions (expression_id, text, region_name, region_latitude, region_longitude, created_by, created_at) VALUES (166, '在地图上选择', '北京，中国', 39.9042, 116.4074, 'langmap', datetime('now'));
INSERT INTO expression_meanings (expression_id, meaning_id, created_by, updated_by, created_at, updated_at) VALUES (166, 1606159683, 'langmap', 'langmap', datetime('now'), datetime('now'));
INSERT INTO expressions (id, text, language_code, region_code, region_name, region_latitude, region_longitude, created_by, updated_by, created_at, updated_at, tags, source_type, review_status) VALUES (167, '点击地图选择区域', 'zh-CN', 'CN', '北京，中国', 39.9042, 116.4074, 'langmap', 'langmap', datetime('now'), datetime('now'), '["langmap"]', 'ai', 'approved');
INSERT INTO expression_versions (expression_id, text, region_name, region_latitude, region_longitude, created_by, created_at) VALUES (167, '点击地图选择区域', '北京，中国', 39.9042, 116.4074, 'langmap', datetime('now'));
INSERT INTO expression_meanings (expression_id, meaning_id, created_by, updated_by, created_at, updated_at) VALUES (167, 1058233083, 'langmap', 'langmap', datetime('now'), datetime('now'));
INSERT INTO expressions (id, text, language_code, region_code, region_name, region_latitude, region_longitude, created_by, updated_by, created_at, updated_at, tags, source_type, review_status) VALUES (168, '您的浏览器不支持地理位置', 'zh-CN', 'CN', '北京，中国', 39.9042, 116.4074, 'langmap', 'langmap', datetime('now'), datetime('now'), '["langmap"]', 'ai', 'approved');
INSERT INTO expression_versions (expression_id, text, region_name, region_latitude, region_longitude, created_by, created_at) VALUES (168, '您的浏览器不支持地理位置', '北京，中国', 39.9042, 116.4074, 'langmap', datetime('now'));
INSERT INTO expression_meanings (expression_id, meaning_id, created_by, updated_by, created_at, updated_at) VALUES (168, 1874909642, 'langmap', 'langmap', datetime('now'), datetime('now'));
INSERT INTO expressions (id, text, language_code, region_code, region_name, region_latitude, region_longitude, created_by, updated_by, created_at, updated_at, tags, source_type, review_status) VALUES (169, '无法检测您的位置', 'zh-CN', 'CN', '北京，中国', 39.9042, 116.4074, 'langmap', 'langmap', datetime('now'), datetime('now'), '["langmap"]', 'ai', 'approved');
INSERT INTO expression_versions (expression_id, text, region_name, region_latitude, region_longitude, created_by, created_at) VALUES (169, '无法检测您的位置', '北京，中国', 39.9042, 116.4074, 'langmap', datetime('now'));
INSERT INTO expression_meanings (expression_id, meaning_id, created_by, updated_by, created_at, updated_at) VALUES (169, 735160078, 'langmap', 'langmap', datetime('now'), datetime('now'));
INSERT INTO expressions (id, text, language_code, region_code, region_name, region_latitude, region_longitude, created_by, updated_by, created_at, updated_at, tags, source_type, review_status) VALUES (170, '正在解析位置信息...', 'zh-CN', 'CN', '北京，中国', 39.9042, 116.4074, 'langmap', 'langmap', datetime('now'), datetime('now'), '["langmap"]', 'ai', 'approved');
INSERT INTO expression_versions (expression_id, text, region_name, region_latitude, region_longitude, created_by, created_at) VALUES (170, '正在解析位置信息...', '北京，中国', 39.9042, 116.4074, 'langmap', datetime('now'));
INSERT INTO expression_meanings (expression_id, meaning_id, created_by, updated_by, created_at, updated_at) VALUES (170, 1228788957, 'langmap', 'langmap', datetime('now'), datetime('now'));
INSERT INTO expressions (id, text, language_code, region_code, region_name, region_latitude, region_longitude, created_by, updated_by, created_at, updated_at, tags, source_type, review_status) VALUES (171, '无法解析位置信息', 'zh-CN', 'CN', '北京，中国', 39.9042, 116.4074, 'langmap', 'langmap', datetime('now'), datetime('now'), '["langmap"]', 'ai', 'approved');
INSERT INTO expression_versions (expression_id, text, region_name, region_latitude, region_longitude, created_by, created_at) VALUES (171, '无法解析位置信息', '北京，中国', 39.9042, 116.4074, 'langmap', datetime('now'));
INSERT INTO expression_meanings (expression_id, meaning_id, created_by, updated_by, created_at, updated_at) VALUES (171, 535669297, 'langmap', 'langmap', datetime('now'), datetime('now'));
INSERT INTO expressions (id, text, language_code, region_code, region_name, region_latitude, region_longitude, created_by, updated_by, created_at, updated_at, tags, source_type, review_status) VALUES (172, '来源参考（可选）', 'zh-CN', 'CN', '北京，中国', 39.9042, 116.4074, 'langmap', 'langmap', datetime('now'), datetime('now'), '["langmap"]', 'ai', 'approved');
INSERT INTO expression_versions (expression_id, text, region_name, region_latitude, region_longitude, created_by, created_at) VALUES (172, '来源参考（可选）', '北京，中国', 39.9042, 116.4074, 'langmap', datetime('now'));
INSERT INTO expression_meanings (expression_id, meaning_id, created_by, updated_by, created_at, updated_at) VALUES (172, 533920565, 'langmap', 'langmap', datetime('now'), datetime('now'));
INSERT INTO expressions (id, text, language_code, region_code, region_name, region_latitude, region_longitude, created_by, updated_by, created_at, updated_at, tags, source_type, review_status) VALUES (173, '例如：维基词典、Dictionary.com 或 URL', 'zh-CN', 'CN', '北京，中国', 39.9042, 116.4074, 'langmap', 'langmap', datetime('now'), datetime('now'), '["langmap"]', 'ai', 'approved');
INSERT INTO expression_versions (expression_id, text, region_name, region_latitude, region_longitude, created_by, created_at) VALUES (173, '例如：维基词典、Dictionary.com 或 URL', '北京，中国', 39.9042, 116.4074, 'langmap', datetime('now'));
INSERT INTO expression_meanings (expression_id, meaning_id, created_by, updated_by, created_at, updated_at) VALUES (173, 322599747, 'langmap', 'langmap', datetime('now'), datetime('now'));
INSERT INTO expressions (id, text, language_code, region_code, region_name, region_latitude, region_longitude, created_by, updated_by, created_at, updated_at, tags, source_type, review_status) VALUES (174, '此词句的来源或参考', 'zh-CN', 'CN', '北京，中国', 39.9042, 116.4074, 'langmap', 'langmap', datetime('now'), datetime('now'), '["langmap"]', 'ai', 'approved');
INSERT INTO expression_versions (expression_id, text, region_name, region_latitude, region_longitude, created_by, created_at) VALUES (174, '此词句的来源或参考', '北京，中国', 39.9042, 116.4074, 'langmap', datetime('now'));
INSERT INTO expression_meanings (expression_id, meaning_id, created_by, updated_by, created_at, updated_at) VALUES (174, 996426808, 'langmap', 'langmap', datetime('now'), datetime('now'));
INSERT INTO expressions (id, text, language_code, region_code, region_name, region_latitude, region_longitude, created_by, updated_by, created_at, updated_at, tags, source_type, review_status) VALUES (175, '创建词句', 'zh-CN', 'CN', '北京，中国', 39.9042, 116.4074, 'langmap', 'langmap', datetime('now'), datetime('now'), '["langmap"]', 'ai', 'approved');
INSERT INTO expression_versions (expression_id, text, region_name, region_latitude, region_longitude, created_by, created_at) VALUES (175, '创建词句', '北京，中国', 39.9042, 116.4074, 'langmap', datetime('now'));
INSERT INTO expression_meanings (expression_id, meaning_id, created_by, updated_by, created_at, updated_at) VALUES (175, 1242437667, 'langmap', 'langmap', datetime('now'), datetime('now'));
INSERT INTO expressions (id, text, language_code, region_code, region_name, region_latitude, region_longitude, created_by, updated_by, created_at, updated_at, tags, source_type, review_status) VALUES (176, '取消', 'zh-CN', 'CN', '北京，中国', 39.9042, 116.4074, 'langmap', 'langmap', datetime('now'), datetime('now'), '["langmap"]', 'ai', 'approved');
INSERT INTO expression_versions (expression_id, text, region_name, region_latitude, region_longitude, created_by, created_at) VALUES (176, '取消', '北京，中国', 39.9042, 116.4074, 'langmap', datetime('now'));
INSERT INTO expression_meanings (expression_id, meaning_id, created_by, updated_by, created_at, updated_at) VALUES (176, 814856456, 'langmap', 'langmap', datetime('now'), datetime('now'));
INSERT INTO expressions (id, text, language_code, region_code, region_name, region_latitude, region_longitude, created_by, updated_by, created_at, updated_at, tags, source_type, review_status) VALUES (177, '语言和文本为必填项。', 'zh-CN', 'CN', '北京，中国', 39.9042, 116.4074, 'langmap', 'langmap', datetime('now'), datetime('now'), '["langmap"]', 'ai', 'approved');
INSERT INTO expression_versions (expression_id, text, region_name, region_latitude, region_longitude, created_by, created_at) VALUES (177, '语言和文本为必填项。', '北京，中国', 39.9042, 116.4074, 'langmap', datetime('now'));
INSERT INTO expression_meanings (expression_id, meaning_id, created_by, updated_by, created_at, updated_at) VALUES (177, 669906916, 'langmap', 'langmap', datetime('now'), datetime('now'));
INSERT INTO expressions (id, text, language_code, region_code, region_name, region_latitude, region_longitude, created_by, updated_by, created_at, updated_at, tags, source_type, review_status) VALUES (178, '关联含义', 'zh-CN', 'CN', '北京，中国', 39.9042, 116.4074, 'langmap', 'langmap', datetime('now'), datetime('now'), '["langmap"]', 'ai', 'approved');
INSERT INTO expression_versions (expression_id, text, region_name, region_latitude, region_longitude, created_by, created_at) VALUES (178, '关联含义', '北京，中国', 39.9042, 116.4074, 'langmap', datetime('now'));
INSERT INTO expression_meanings (expression_id, meaning_id, created_by, updated_by, created_at, updated_at) VALUES (178, 11980301, 'langmap', 'langmap', datetime('now'), datetime('now'));
INSERT INTO expressions (id, text, language_code, region_code, region_name, region_latitude, region_longitude, created_by, updated_by, created_at, updated_at, tags, source_type, review_status) VALUES (179, '关联现有含义', 'zh-CN', 'CN', '北京，中国', 39.9042, 116.4074, 'langmap', 'langmap', datetime('now'), datetime('now'), '["langmap"]', 'ai', 'approved');
INSERT INTO expression_versions (expression_id, text, region_name, region_latitude, region_longitude, created_by, created_at) VALUES (179, '关联现有含义', '北京，中国', 39.9042, 116.4074, 'langmap', datetime('now'));
INSERT INTO expression_meanings (expression_id, meaning_id, created_by, updated_by, created_at, updated_at) VALUES (179, 450995876, 'langmap', 'langmap', datetime('now'), datetime('now'));
INSERT INTO expressions (id, text, language_code, region_code, region_name, region_latitude, region_longitude, created_by, updated_by, created_at, updated_at, tags, source_type, review_status) VALUES (180, '关联新含义', 'zh-CN', 'CN', '北京，中国', 39.9042, 116.4074, 'langmap', 'langmap', datetime('now'), datetime('now'), '["langmap"]', 'ai', 'approved');
INSERT INTO expression_versions (expression_id, text, region_name, region_latitude, region_longitude, created_by, created_at) VALUES (180, '关联新含义', '北京，中国', 39.9042, 116.4074, 'langmap', datetime('now'));
INSERT INTO expression_meanings (expression_id, meaning_id, created_by, updated_by, created_at, updated_at) VALUES (180, 837067897, 'langmap', 'langmap', datetime('now'), datetime('now'));
INSERT INTO expressions (id, text, language_code, region_code, region_name, region_latitude, region_longitude, created_by, updated_by, created_at, updated_at, tags, source_type, review_status) VALUES (181, '已选词句：', 'zh-CN', 'CN', '北京，中国', 39.9042, 116.4074, 'langmap', 'langmap', datetime('now'), datetime('now'), '["langmap"]', 'ai', 'approved');
INSERT INTO expression_versions (expression_id, text, region_name, region_latitude, region_longitude, created_by, created_at) VALUES (181, '已选词句：', '北京，中国', 39.9042, 116.4074, 'langmap', datetime('now'));
INSERT INTO expression_meanings (expression_id, meaning_id, created_by, updated_by, created_at, updated_at) VALUES (181, 588178763, 'langmap', 'langmap', datetime('now'), datetime('now'));
INSERT INTO expressions (id, text, language_code, region_code, region_name, region_latitude, region_longitude, created_by, updated_by, created_at, updated_at, tags, source_type, review_status) VALUES (182, '含义标题', 'zh-CN', 'CN', '北京，中国', 39.9042, 116.4074, 'langmap', 'langmap', datetime('now'), datetime('now'), '["langmap"]', 'ai', 'approved');
INSERT INTO expression_versions (expression_id, text, region_name, region_latitude, region_longitude, created_by, created_at) VALUES (182, '含义标题', '北京，中国', 39.9042, 116.4074, 'langmap', datetime('now'));
INSERT INTO expression_meanings (expression_id, meaning_id, created_by, updated_by, created_at, updated_at) VALUES (182, 1789770084, 'langmap', 'langmap', datetime('now'), datetime('now'));
INSERT INTO expressions (id, text, language_code, region_code, region_name, region_latitude, region_longitude, created_by, updated_by, created_at, updated_at, tags, source_type, review_status) VALUES (183, '此含义的简要标识', 'zh-CN', 'CN', '北京，中国', 39.9042, 116.4074, 'langmap', 'langmap', datetime('now'), datetime('now'), '["langmap"]', 'ai', 'approved');
INSERT INTO expression_versions (expression_id, text, region_name, region_latitude, region_longitude, created_by, created_at) VALUES (183, '此含义的简要标识', '北京，中国', 39.9042, 116.4074, 'langmap', datetime('now'));
INSERT INTO expression_meanings (expression_id, meaning_id, created_by, updated_by, created_at, updated_at) VALUES (183, 1132466761, 'langmap', 'langmap', datetime('now'), datetime('now'));
INSERT INTO expressions (id, text, language_code, region_code, region_name, region_latitude, region_longitude, created_by, updated_by, created_at, updated_at, tags, source_type, review_status) VALUES (184, '捕捉此含义本质的短语', 'zh-CN', 'CN', '北京，中国', 39.9042, 116.4074, 'langmap', 'langmap', datetime('now'), datetime('now'), '["langmap"]', 'ai', 'approved');
INSERT INTO expression_versions (expression_id, text, region_name, region_latitude, region_longitude, created_by, created_at) VALUES (184, '捕捉此含义本质的短语', '北京，中国', 39.9042, 116.4074, 'langmap', datetime('now'));
INSERT INTO expression_meanings (expression_id, meaning_id, created_by, updated_by, created_at, updated_at) VALUES (184, 999221063, 'langmap', 'langmap', datetime('now'), datetime('now'));
INSERT INTO expressions (id, text, language_code, region_code, region_name, region_latitude, region_longitude, created_by, updated_by, created_at, updated_at, tags, source_type, review_status) VALUES (185, '含义描述', 'zh-CN', 'CN', '北京，中国', 39.9042, 116.4074, 'langmap', 'langmap', datetime('now'), datetime('now'), '["langmap"]', 'ai', 'approved');
INSERT INTO expression_versions (expression_id, text, region_name, region_latitude, region_longitude, created_by, created_at) VALUES (185, '含义描述', '北京，中国', 39.9042, 116.4074, 'langmap', datetime('now'));
INSERT INTO expression_meanings (expression_id, meaning_id, created_by, updated_by, created_at, updated_at) VALUES (185, 1554575731, 'langmap', 'langmap', datetime('now'), datetime('now'));
INSERT INTO expressions (id, text, language_code, region_code, region_name, region_latitude, region_longitude, created_by, updated_by, created_at, updated_at, tags, source_type, review_status) VALUES (186, '此含义的详细解释', 'zh-CN', 'CN', '北京，中国', 39.9042, 116.4074, 'langmap', 'langmap', datetime('now'), datetime('now'), '["langmap"]', 'ai', 'approved');
INSERT INTO expression_versions (expression_id, text, region_name, region_latitude, region_longitude, created_by, created_at) VALUES (186, '此含义的详细解释', '北京，中国', 39.9042, 116.4074, 'langmap', datetime('now'));
INSERT INTO expression_meanings (expression_id, meaning_id, created_by, updated_by, created_at, updated_at) VALUES (186, 1636970553, 'langmap', 'langmap', datetime('now'), datetime('now'));
INSERT INTO expressions (id, text, language_code, region_code, region_name, region_latitude, region_longitude, created_by, updated_by, created_at, updated_at, tags, source_type, review_status) VALUES (187, '对此含义所代表内容的全面描述', 'zh-CN', 'CN', '北京，中国', 39.9042, 116.4074, 'langmap', 'langmap', datetime('now'), datetime('now'), '["langmap"]', 'ai', 'approved');
INSERT INTO expression_versions (expression_id, text, region_name, region_latitude, region_longitude, created_by, created_at) VALUES (187, '对此含义所代表内容的全面描述', '北京，中国', 39.9042, 116.4074, 'langmap', datetime('now'));
INSERT INTO expression_meanings (expression_id, meaning_id, created_by, updated_by, created_at, updated_at) VALUES (187, 1869566903, 'langmap', 'langmap', datetime('now'), datetime('now'));
INSERT INTO expressions (id, text, language_code, region_code, region_name, region_latitude, region_longitude, created_by, updated_by, created_at, updated_at, tags, source_type, review_status) VALUES (188, '标签', 'zh-CN', 'CN', '北京，中国', 39.9042, 116.4074, 'langmap', 'langmap', datetime('now'), datetime('now'), '["langmap"]', 'ai', 'approved');
INSERT INTO expression_versions (expression_id, text, region_name, region_latitude, region_longitude, created_by, created_at) VALUES (188, '标签', '北京，中国', 39.9042, 116.4074, 'langmap', datetime('now'));
INSERT INTO expression_meanings (expression_id, meaning_id, created_by, updated_by, created_at, updated_at) VALUES (188, 56467778, 'langmap', 'langmap', datetime('now'), datetime('now'));
INSERT INTO expressions (id, text, language_code, region_code, region_name, region_latitude, region_longitude, created_by, updated_by, created_at, updated_at, tags, source_type, review_status) VALUES (189, '添加标签...', 'zh-CN', 'CN', '北京，中国', 39.9042, 116.4074, 'langmap', 'langmap', datetime('now'), datetime('now'), '["langmap"]', 'ai', 'approved');
INSERT INTO expression_versions (expression_id, text, region_name, region_latitude, region_longitude, created_by, created_at) VALUES (189, '添加标签...', '北京，中国', 39.9042, 116.4074, 'langmap', datetime('now'));
INSERT INTO expression_meanings (expression_id, meaning_id, created_by, updated_by, created_at, updated_at) VALUES (189, 194913104, 'langmap', 'langmap', datetime('now'), datetime('now'));
INSERT INTO expressions (id, text, language_code, region_code, region_name, region_latitude, region_longitude, created_by, updated_by, created_at, updated_at, tags, source_type, review_status) VALUES (190, '标签有助于分类和查找含义（按回车键或逗号添加）', 'zh-CN', 'CN', '北京，中国', 39.9042, 116.4074, 'langmap', 'langmap', datetime('now'), datetime('now'), '["langmap"]', 'ai', 'approved');
INSERT INTO expression_versions (expression_id, text, region_name, region_latitude, region_longitude, created_by, created_at) VALUES (190, '标签有助于分类和查找含义（按回车键或逗号添加）', '北京，中国', 39.9042, 116.4074, 'langmap', datetime('now'));
INSERT INTO expression_meanings (expression_id, meaning_id, created_by, updated_by, created_at, updated_at) VALUES (190, 1385556360, 'langmap', 'langmap', datetime('now'), datetime('now'));
INSERT INTO expressions (id, text, language_code, region_code, region_name, region_latitude, region_longitude, created_by, updated_by, created_at, updated_at, tags, source_type, review_status) VALUES (191, '添加语言', 'zh-CN', 'CN', '北京，中国', 39.9042, 116.4074, 'langmap', 'langmap', datetime('now'), datetime('now'), '["langmap"]', 'ai', 'approved');
INSERT INTO expression_versions (expression_id, text, region_name, region_latitude, region_longitude, created_by, created_at) VALUES (191, '添加语言', '北京，中国', 39.9042, 116.4074, 'langmap', datetime('now'));
INSERT INTO expression_meanings (expression_id, meaning_id, created_by, updated_by, created_at, updated_at) VALUES (191, 1474179643, 'langmap', 'langmap', datetime('now'), datetime('now'));
INSERT INTO expressions (id, text, language_code, region_code, region_name, region_latitude, region_longitude, created_by, updated_by, created_at, updated_at, tags, source_type, review_status) VALUES (192, '语言代码', 'zh-CN', 'CN', '北京，中国', 39.9042, 116.4074, 'langmap', 'langmap', datetime('now'), datetime('now'), '["langmap"]', 'ai', 'approved');
INSERT INTO expression_versions (expression_id, text, region_name, region_latitude, region_longitude, created_by, created_at) VALUES (192, '语言代码', '北京，中国', 39.9042, 116.4074, 'langmap', datetime('now'));
INSERT INTO expression_meanings (expression_id, meaning_id, created_by, updated_by, created_at, updated_at) VALUES (192, 174195536, 'langmap', 'langmap', datetime('now'), datetime('now'));
INSERT INTO expressions (id, text, language_code, region_code, region_name, region_latitude, region_longitude, created_by, updated_by, created_at, updated_at, tags, source_type, review_status) VALUES (193, '例如：custom-lang、toki-pona', 'zh-CN', 'CN', '北京，中国', 39.9042, 116.4074, 'langmap', 'langmap', datetime('now'), datetime('now'), '["langmap"]', 'ai', 'approved');
INSERT INTO expression_versions (expression_id, text, region_name, region_latitude, region_longitude, created_by, created_at) VALUES (193, '例如：custom-lang、toki-pona', '北京，中国', 39.9042, 116.4074, 'langmap', datetime('now'));
INSERT INTO expression_meanings (expression_id, meaning_id, created_by, updated_by, created_at, updated_at) VALUES (193, 1355230541, 'langmap', 'langmap', datetime('now'), datetime('now'));
INSERT INTO expressions (id, text, language_code, region_code, region_name, region_latitude, region_longitude, created_by, updated_by, created_at, updated_at, tags, source_type, review_status) VALUES (194, '您语言的自定义代码（可以是非标准的）', 'zh-CN', 'CN', '北京，中国', 39.9042, 116.4074, 'langmap', 'langmap', datetime('now'), datetime('now'), '["langmap"]', 'ai', 'approved');
INSERT INTO expression_versions (expression_id, text, region_name, region_latitude, region_longitude, created_by, created_at) VALUES (194, '您语言的自定义代码（可以是非标准的）', '北京，中国', 39.9042, 116.4074, 'langmap', datetime('now'));
INSERT INTO expression_meanings (expression_id, meaning_id, created_by, updated_by, created_at, updated_at) VALUES (194, 10528370, 'langmap', 'langmap', datetime('now'), datetime('now'));
INSERT INTO expressions (id, text, language_code, region_code, region_name, region_latitude, region_longitude, created_by, updated_by, created_at, updated_at, tags, source_type, review_status) VALUES (195, '语言名称', 'zh-CN', 'CN', '北京，中国', 39.9042, 116.4074, 'langmap', 'langmap', datetime('now'), datetime('now'), '["langmap"]', 'ai', 'approved');
INSERT INTO expression_versions (expression_id, text, region_name, region_latitude, region_longitude, created_by, created_at) VALUES (195, '语言名称', '北京，中国', 39.9042, 116.4074, 'langmap', datetime('now'));
INSERT INTO expression_meanings (expression_id, meaning_id, created_by, updated_by, created_at, updated_at) VALUES (195, 54582974, 'langmap', 'langmap', datetime('now'), datetime('now'));
INSERT INTO expressions (id, text, language_code, region_code, region_name, region_latitude, region_longitude, created_by, updated_by, created_at, updated_at, tags, source_type, review_status) VALUES (196, '例如：自定义语言', 'zh-CN', 'CN', '北京，中国', 39.9042, 116.4074, 'langmap', 'langmap', datetime('now'), datetime('now'), '["langmap"]', 'ai', 'approved');
INSERT INTO expression_versions (expression_id, text, region_name, region_latitude, region_longitude, created_by, created_at) VALUES (196, '例如：自定义语言', '北京，中国', 39.9042, 116.4074, 'langmap', datetime('now'));
INSERT INTO expression_meanings (expression_id, meaning_id, created_by, updated_by, created_at, updated_at) VALUES (196, 1991926523, 'langmap', 'langmap', datetime('now'), datetime('now'));
INSERT INTO expressions (id, text, language_code, region_code, region_name, region_latitude, region_longitude, created_by, updated_by, created_at, updated_at, tags, source_type, review_status) VALUES (197, '本地名称', 'zh-CN', 'CN', '北京，中国', 39.9042, 116.4074, 'langmap', 'langmap', datetime('now'), datetime('now'), '["langmap"]', 'ai', 'approved');
INSERT INTO expression_versions (expression_id, text, region_name, region_latitude, region_longitude, created_by, created_at) VALUES (197, '本地名称', '北京，中国', 39.9042, 116.4074, 'langmap', datetime('now'));
INSERT INTO expression_meanings (expression_id, meaning_id, created_by, updated_by, created_at, updated_at) VALUES (197, 1716022447, 'langmap', 'langmap', datetime('now'), datetime('now'));
INSERT INTO expressions (id, text, language_code, region_code, region_name, region_latitude, region_longitude, created_by, updated_by, created_at, updated_at, tags, source_type, review_status) VALUES (198, '例如：本地语言名称', 'zh-CN', 'CN', '北京，中国', 39.9042, 116.4074, 'langmap', 'langmap', datetime('now'), datetime('now'), '["langmap"]', 'ai', 'approved');
INSERT INTO expression_versions (expression_id, text, region_name, region_latitude, region_longitude, created_by, created_at) VALUES (198, '例如：本地语言名称', '北京，中国', 39.9042, 116.4074, 'langmap', datetime('now'));
INSERT INTO expression_meanings (expression_id, meaning_id, created_by, updated_by, created_at, updated_at) VALUES (198, 1945432180, 'langmap', 'langmap', datetime('now'), datetime('now'));
INSERT INTO expressions (id, text, language_code, region_code, region_name, region_latitude, region_longitude, created_by, updated_by, created_at, updated_at, tags, source_type, review_status) VALUES (199, '文字方向', 'zh-CN', 'CN', '北京，中国', 39.9042, 116.4074, 'langmap', 'langmap', datetime('now'), datetime('now'), '["langmap"]', 'ai', 'approved');
INSERT INTO expression_versions (expression_id, text, region_name, region_latitude, region_longitude, created_by, created_at) VALUES (199, '文字方向', '北京，中国', 39.9042, 116.4074, 'langmap', datetime('now'));
INSERT INTO expression_meanings (expression_id, meaning_id, created_by, updated_by, created_at, updated_at) VALUES (199, 2030701872, 'langmap', 'langmap', datetime('now'), datetime('now'));
INSERT INTO expressions (id, text, language_code, region_code, region_name, region_latitude, region_longitude, created_by, updated_by, created_at, updated_at, tags, source_type, review_status) VALUES (200, '从左到右 (LTR)', 'zh-CN', 'CN', '北京，中国', 39.9042, 116.4074, 'langmap', 'langmap', datetime('now'), datetime('now'), '["langmap"]', 'ai', 'approved');
INSERT INTO expression_versions (expression_id, text, region_name, region_latitude, region_longitude, created_by, created_at) VALUES (200, '从左到右 (LTR)', '北京，中国', 39.9042, 116.4074, 'langmap', datetime('now'));
INSERT INTO expression_meanings (expression_id, meaning_id, created_by, updated_by, created_at, updated_at) VALUES (200, 822144154, 'langmap', 'langmap', datetime('now'), datetime('now'));
INSERT INTO expressions (id, text, language_code, region_code, region_name, region_latitude, region_longitude, created_by, updated_by, created_at, updated_at, tags, source_type, review_status) VALUES (201, '从右到左 (RTL)', 'zh-CN', 'CN', '北京，中国', 39.9042, 116.4074, 'langmap', 'langmap', datetime('now'), datetime('now'), '["langmap"]', 'ai', 'approved');
INSERT INTO expression_versions (expression_id, text, region_name, region_latitude, region_longitude, created_by, created_at) VALUES (201, '从右到左 (RTL)', '北京，中国', 39.9042, 116.4074, 'langmap', datetime('now'));
INSERT INTO expression_meanings (expression_id, meaning_id, created_by, updated_by, created_at, updated_at) VALUES (201, 208973083, 'langmap', 'langmap', datetime('now'), datetime('now'));
INSERT INTO expressions (id, text, language_code, region_code, region_name, region_latitude, region_longitude, created_by, updated_by, created_at, updated_at, tags, source_type, review_status) VALUES (202, '正在添加...', 'zh-CN', 'CN', '北京，中国', 39.9042, 116.4074, 'langmap', 'langmap', datetime('now'), datetime('now'), '["langmap"]', 'ai', 'approved');
INSERT INTO expression_versions (expression_id, text, region_name, region_latitude, region_longitude, created_by, created_at) VALUES (202, '正在添加...', '北京，中国', 39.9042, 116.4074, 'langmap', datetime('now'));
INSERT INTO expression_meanings (expression_id, meaning_id, created_by, updated_by, created_at, updated_at) VALUES (202, 1116697603, 'langmap', 'langmap', datetime('now'), datetime('now'));
INSERT INTO expressions (id, text, language_code, region_code, region_name, region_latitude, region_longitude, created_by, updated_by, created_at, updated_at, tags, source_type, review_status) VALUES (203, '添加语言失败，请重试。', 'zh-CN', 'CN', '北京，中国', 39.9042, 116.4074, 'langmap', 'langmap', datetime('now'), datetime('now'), '["langmap"]', 'ai', 'approved');
INSERT INTO expression_versions (expression_id, text, region_name, region_latitude, region_longitude, created_by, created_at) VALUES (203, '添加语言失败，请重试。', '北京，中国', 39.9042, 116.4074, 'langmap', datetime('now'));
INSERT INTO expression_meanings (expression_id, meaning_id, created_by, updated_by, created_at, updated_at) VALUES (203, 577671469, 'langmap', 'langmap', datetime('now'), datetime('now'));
INSERT INTO expressions (id, text, language_code, region_code, region_name, region_latitude, region_longitude, created_by, updated_by, created_at, updated_at, tags, source_type, review_status) VALUES (204, '纬度', 'zh-CN', 'CN', '北京，中国', 39.9042, 116.4074, 'langmap', 'langmap', datetime('now'), datetime('now'), '["langmap"]', 'ai', 'approved');
INSERT INTO expression_versions (expression_id, text, region_name, region_latitude, region_longitude, created_by, created_at) VALUES (204, '纬度', '北京，中国', 39.9042, 116.4074, 'langmap', datetime('now'));
INSERT INTO expression_meanings (expression_id, meaning_id, created_by, updated_by, created_at, updated_at) VALUES (204, 820519387, 'langmap', 'langmap', datetime('now'), datetime('now'));
INSERT INTO expressions (id, text, language_code, region_code, region_name, region_latitude, region_longitude, created_by, updated_by, created_at, updated_at, tags, source_type, review_status) VALUES (205, '例如：51.5074', 'zh-CN', 'CN', '北京，中国', 39.9042, 116.4074, 'langmap', 'langmap', datetime('now'), datetime('now'), '["langmap"]', 'ai', 'approved');
INSERT INTO expression_versions (expression_id, text, region_name, region_latitude, region_longitude, created_by, created_at) VALUES (205, '例如：51.5074', '北京，中国', 39.9042, 116.4074, 'langmap', datetime('now'));
INSERT INTO expression_meanings (expression_id, meaning_id, created_by, updated_by, created_at, updated_at) VALUES (205, 626365559, 'langmap', 'langmap', datetime('now'), datetime('now'));
INSERT INTO expressions (id, text, language_code, region_code, region_name, region_latitude, region_longitude, created_by, updated_by, created_at, updated_at, tags, source_type, review_status) VALUES (206, '经度', 'zh-CN', 'CN', '北京，中国', 39.9042, 116.4074, 'langmap', 'langmap', datetime('now'), datetime('now'), '["langmap"]', 'ai', 'approved');
INSERT INTO expression_versions (expression_id, text, region_name, region_latitude, region_longitude, created_by, created_at) VALUES (206, '经度', '北京，中国', 39.9042, 116.4074, 'langmap', datetime('now'));
INSERT INTO expression_meanings (expression_id, meaning_id, created_by, updated_by, created_at, updated_at) VALUES (206, 513569115, 'langmap', 'langmap', datetime('now'), datetime('now'));
INSERT INTO expressions (id, text, language_code, region_code, region_name, region_latitude, region_longitude, created_by, updated_by, created_at, updated_at, tags, source_type, review_status) VALUES (207, '例如：-0.1278', 'zh-CN', 'CN', '北京，中国', 39.9042, 116.4074, 'langmap', 'langmap', datetime('now'), datetime('now'), '["langmap"]', 'ai', 'approved');
INSERT INTO expression_versions (expression_id, text, region_name, region_latitude, region_longitude, created_by, created_at) VALUES (207, '例如：-0.1278', '北京，中国', 39.9042, 116.4074, 'langmap', datetime('now'));
INSERT INTO expression_meanings (expression_id, meaning_id, created_by, updated_by, created_at, updated_at) VALUES (207, 2107302769, 'langmap', 'langmap', datetime('now'), datetime('now'));
INSERT INTO expressions (id, text, language_code, region_code, region_name, region_latitude, region_longitude, created_by, updated_by, created_at, updated_at, tags, source_type, review_status) VALUES (208, '地区信息', 'zh-CN', 'CN', '北京，中国', 39.9042, 116.4074, 'langmap', 'langmap', datetime('now'), datetime('now'), '["langmap"]', 'ai', 'approved');
INSERT INTO expression_versions (expression_id, text, region_name, region_latitude, region_longitude, created_by, created_at) VALUES (208, '地区信息', '北京，中国', 39.9042, 116.4074, 'langmap', datetime('now'));
INSERT INTO expression_meanings (expression_id, meaning_id, created_by, updated_by, created_at, updated_at) VALUES (208, 1921468690, 'langmap', 'langmap', datetime('now'), datetime('now'));
INSERT INTO expressions (id, text, language_code, region_code, region_name, region_latitude, region_longitude, created_by, updated_by, created_at, updated_at, tags, source_type, review_status) VALUES (209, '地区名称', 'zh-CN', 'CN', '北京，中国', 39.9042, 116.4074, 'langmap', 'langmap', datetime('now'), datetime('now'), '["langmap"]', 'ai', 'approved');
INSERT INTO expression_versions (expression_id, text, region_name, region_latitude, region_longitude, created_by, created_at) VALUES (209, '地区名称', '北京，中国', 39.9042, 116.4074, 'langmap', datetime('now'));
INSERT INTO expression_meanings (expression_id, meaning_id, created_by, updated_by, created_at, updated_at) VALUES (209, 1018972716, 'langmap', 'langmap', datetime('now'), datetime('now'));
INSERT INTO expressions (id, text, language_code, region_code, region_name, region_latitude, region_longitude, created_by, updated_by, created_at, updated_at, tags, source_type, review_status) VALUES (210, '例如：伦敦，英国', 'zh-CN', 'CN', '北京，中国', 39.9042, 116.4074, 'langmap', 'langmap', datetime('now'), datetime('now'), '["langmap"]', 'ai', 'approved');
INSERT INTO expression_versions (expression_id, text, region_name, region_latitude, region_longitude, created_by, created_at) VALUES (210, '例如：伦敦，英国', '北京，中国', 39.9042, 116.4074, 'langmap', datetime('now'));
INSERT INTO expression_meanings (expression_id, meaning_id, created_by, updated_by, created_at, updated_at) VALUES (210, 306931297, 'langmap', 'langmap', datetime('now'), datetime('now'));
INSERT INTO expressions (id, text, language_code, region_code, region_name, region_latitude, region_longitude, created_by, updated_by, created_at, updated_at, tags, source_type, review_status) VALUES (211, '本地地区名称', 'zh-CN', 'CN', '北京，中国', 39.9042, 116.4074, 'langmap', 'langmap', datetime('now'), datetime('now'), '["langmap"]', 'ai', 'approved');
INSERT INTO expression_versions (expression_id, text, region_name, region_latitude, region_longitude, created_by, created_at) VALUES (211, '本地地区名称', '北京，中国', 39.9042, 116.4074, 'langmap', datetime('now'));
INSERT INTO expression_meanings (expression_id, meaning_id, created_by, updated_by, created_at, updated_at) VALUES (211, 647664578, 'langmap', 'langmap', datetime('now'), datetime('now'));
INSERT INTO expressions (id, text, language_code, region_code, region_name, region_latitude, region_longitude, created_by, updated_by, created_at, updated_at, tags, source_type, review_status) VALUES (212, '例如：伦德雷斯，英国', 'zh-CN', 'CN', '北京，中国', 39.9042, 116.4074, 'langmap', 'langmap', datetime('now'), datetime('now'), '["langmap"]', 'ai', 'approved');
INSERT INTO expression_versions (expression_id, text, region_name, region_latitude, region_longitude, created_by, created_at) VALUES (212, '例如：伦德雷斯，英国', '北京，中国', 39.9042, 116.4074, 'langmap', datetime('now'));
INSERT INTO expression_meanings (expression_id, meaning_id, created_by, updated_by, created_at, updated_at) VALUES (212, 765370063, 'langmap', 'langmap', datetime('now'), datetime('now'));
INSERT INTO expressions (id, text, language_code, region_code, region_name, region_latitude, region_longitude, created_by, updated_by, created_at, updated_at, tags, source_type, review_status) VALUES (213, '隐藏地图', 'zh-CN', 'CN', '北京，中国', 39.9042, 116.4074, 'langmap', 'langmap', datetime('now'), datetime('now'), '["langmap"]', 'ai', 'approved');
INSERT INTO expression_versions (expression_id, text, region_name, region_latitude, region_longitude, created_by, created_at) VALUES (213, '隐藏地图', '北京，中国', 39.9042, 116.4074, 'langmap', datetime('now'));
INSERT INTO expression_meanings (expression_id, meaning_id, created_by, updated_by, created_at, updated_at) VALUES (213, 2071213119, 'langmap', 'langmap', datetime('now'), datetime('now'));
INSERT INTO expressions (id, text, language_code, region_code, region_name, region_latitude, region_longitude, created_by, updated_by, created_at, updated_at, tags, source_type, review_status) VALUES (214, '返回搜索', 'zh-CN', 'CN', '北京，中国', 39.9042, 116.4074, 'langmap', 'langmap', datetime('now'), datetime('now'), '["langmap"]', 'ai', 'approved');
INSERT INTO expression_versions (expression_id, text, region_name, region_latitude, region_longitude, created_by, created_at) VALUES (214, '返回搜索', '北京，中国', 39.9042, 116.4074, 'langmap', datetime('now'));
INSERT INTO expression_meanings (expression_id, meaning_id, created_by, updated_by, created_at, updated_at) VALUES (214, 1173588834, 'langmap', 'langmap', datetime('now'), datetime('now'));
INSERT INTO expressions (id, text, language_code, region_code, region_name, region_latitude, region_longitude, created_by, updated_by, created_at, updated_at, tags, source_type, review_status) VALUES (215, '正在加载词句详情...', 'zh-CN', 'CN', '北京，中国', 39.9042, 116.4074, 'langmap', 'langmap', datetime('now'), datetime('now'), '["langmap"]', 'ai', 'approved');
INSERT INTO expression_versions (expression_id, text, region_name, region_latitude, region_longitude, created_by, created_at) VALUES (215, '正在加载词句详情...', '北京，中国', 39.9042, 116.4074, 'langmap', datetime('now'));
INSERT INTO expression_meanings (expression_id, meaning_id, created_by, updated_by, created_at, updated_at) VALUES (215, 916646339, 'langmap', 'langmap', datetime('now'), datetime('now'));
INSERT INTO expressions (id, text, language_code, region_code, region_name, region_latitude, region_longitude, created_by, updated_by, created_at, updated_at, tags, source_type, review_status) VALUES (216, '词句详情', 'zh-CN', 'CN', '北京，中国', 39.9042, 116.4074, 'langmap', 'langmap', datetime('now'), datetime('now'), '["langmap"]', 'ai', 'approved');
INSERT INTO expression_versions (expression_id, text, region_name, region_latitude, region_longitude, created_by, created_at) VALUES (216, '词句详情', '北京，中国', 39.9042, 116.4074, 'langmap', datetime('now'));
INSERT INTO expression_meanings (expression_id, meaning_id, created_by, updated_by, created_at, updated_at) VALUES (216, 303419628, 'langmap', 'langmap', datetime('now'), datetime('now'));
INSERT INTO expression_meanings (expression_id, meaning_id, created_by, updated_by, created_at, updated_at) VALUES (178, 1082150934, 'langmap', 'langmap', datetime('now'), datetime('now'));
INSERT INTO expressions (id, text, language_code, region_code, region_name, region_latitude, region_longitude, created_by, updated_by, created_at, updated_at, tags, source_type, review_status) VALUES (217, '关联词句', 'zh-CN', 'CN', '北京，中国', 39.9042, 116.4074, 'langmap', 'langmap', datetime('now'), datetime('now'), '["langmap"]', 'ai', 'approved');
INSERT INTO expression_versions (expression_id, text, region_name, region_latitude, region_longitude, created_by, created_at) VALUES (217, '关联词句', '北京，中国', 39.9042, 116.4074, 'langmap', datetime('now'));
INSERT INTO expression_meanings (expression_id, meaning_id, created_by, updated_by, created_at, updated_at) VALUES (217, 977355953, 'langmap', 'langmap', datetime('now'), datetime('now'));
INSERT INTO expression_meanings (expression_id, meaning_id, created_by, updated_by, created_at, updated_at) VALUES (176, 840883141, 'langmap', 'langmap', datetime('now'), datetime('now'));
INSERT INTO expressions (id, text, language_code, region_code, region_name, region_latitude, region_longitude, created_by, updated_by, created_at, updated_at, tags, source_type, review_status) VALUES (218, '搜索要关联的词句...', 'zh-CN', 'CN', '北京，中国', 39.9042, 116.4074, 'langmap', 'langmap', datetime('now'), datetime('now'), '["langmap"]', 'ai', 'approved');
INSERT INTO expression_versions (expression_id, text, region_name, region_latitude, region_longitude, created_by, created_at) VALUES (218, '搜索要关联的词句...', '北京，中国', 39.9042, 116.4074, 'langmap', datetime('now'));
INSERT INTO expression_meanings (expression_id, meaning_id, created_by, updated_by, created_at, updated_at) VALUES (218, 531232349, 'langmap', 'langmap', datetime('now'), datetime('now'));
INSERT INTO expression_meanings (expression_id, meaning_id, created_by, updated_by, created_at, updated_at) VALUES (123, 1801706047, 'langmap', 'langmap', datetime('now'), datetime('now'));
INSERT INTO expressions (id, text, language_code, region_code, region_name, region_latitude, region_longitude, created_by, updated_by, created_at, updated_at, tags, source_type, review_status) VALUES (219, '正在搜索...', 'zh-CN', 'CN', '北京，中国', 39.9042, 116.4074, 'langmap', 'langmap', datetime('now'), datetime('now'), '["langmap"]', 'ai', 'approved');
INSERT INTO expression_versions (expression_id, text, region_name, region_latitude, region_longitude, created_by, created_at) VALUES (219, '正在搜索...', '北京，中国', 39.9042, 116.4074, 'langmap', datetime('now'));
INSERT INTO expression_meanings (expression_id, meaning_id, created_by, updated_by, created_at, updated_at) VALUES (219, 204956308, 'langmap', 'langmap', datetime('now'), datetime('now'));
INSERT INTO expressions (id, text, language_code, region_code, region_name, region_latitude, region_longitude, created_by, updated_by, created_at, updated_at, tags, source_type, review_status) VALUES (220, '未找到词句。请尝试不同的搜索词。', 'zh-CN', 'CN', '北京，中国', 39.9042, 116.4074, 'langmap', 'langmap', datetime('now'), datetime('now'), '["langmap"]', 'ai', 'approved');
INSERT INTO expression_versions (expression_id, text, region_name, region_latitude, region_longitude, created_by, created_at) VALUES (220, '未找到词句。请尝试不同的搜索词。', '北京，中国', 39.9042, 116.4074, 'langmap', datetime('now'));
INSERT INTO expression_meanings (expression_id, meaning_id, created_by, updated_by, created_at, updated_at) VALUES (220, 396634966, 'langmap', 'langmap', datetime('now'), datetime('now'));
INSERT INTO expressions (id, text, language_code, region_code, region_name, region_latitude, region_longitude, created_by, updated_by, created_at, updated_at, tags, source_type, review_status) VALUES (221, '链接', 'zh-CN', 'CN', '北京，中国', 39.9042, 116.4074, 'langmap', 'langmap', datetime('now'), datetime('now'), '["langmap"]', 'ai', 'approved');
INSERT INTO expression_versions (expression_id, text, region_name, region_latitude, region_longitude, created_by, created_at) VALUES (221, '链接', '北京，中国', 39.9042, 116.4074, 'langmap', datetime('now'));
INSERT INTO expression_meanings (expression_id, meaning_id, created_by, updated_by, created_at, updated_at) VALUES (221, 1812761320, 'langmap', 'langmap', datetime('now'), datetime('now'));
INSERT INTO expressions (id, text, language_code, region_code, region_name, region_latitude, region_longitude, created_by, updated_by, created_at, updated_at, tags, source_type, review_status) VALUES (222, '已链接', 'zh-CN', 'CN', '北京，中国', 39.9042, 116.4074, 'langmap', 'langmap', datetime('now'), datetime('now'), '["langmap"]', 'ai', 'approved');
INSERT INTO expression_versions (expression_id, text, region_name, region_latitude, region_longitude, created_by, created_at) VALUES (222, '已链接', '北京，中国', 39.9042, 116.4074, 'langmap', datetime('now'));
INSERT INTO expression_meanings (expression_id, meaning_id, created_by, updated_by, created_at, updated_at) VALUES (222, 1733733173, 'langmap', 'langmap', datetime('now'), datetime('now'));
INSERT INTO expressions (id, text, language_code, region_code, region_name, region_latitude, region_longitude, created_by, updated_by, created_at, updated_at, tags, source_type, review_status) VALUES (223, '搜索结果包含当前词句。', 'zh-CN', 'CN', '北京，中国', 39.9042, 116.4074, 'langmap', 'langmap', datetime('now'), datetime('now'), '["langmap"]', 'ai', 'approved');
INSERT INTO expression_versions (expression_id, text, region_name, region_latitude, region_longitude, created_by, created_at) VALUES (223, '搜索结果包含当前词句。', '北京，中国', 39.9042, 116.4074, 'langmap', datetime('now'));
INSERT INTO expression_meanings (expression_id, meaning_id, created_by, updated_by, created_at, updated_at) VALUES (223, 825539610, 'langmap', 'langmap', datetime('now'), datetime('now'));
INSERT INTO expressions (id, text, language_code, region_code, region_name, region_latitude, region_longitude, created_by, updated_by, created_at, updated_at, tags, source_type, review_status) VALUES (224, '链接到含义：', 'zh-CN', 'CN', '北京，中国', 39.9042, 116.4074, 'langmap', 'langmap', datetime('now'), datetime('now'), '["langmap"]', 'ai', 'approved');
INSERT INTO expression_versions (expression_id, text, region_name, region_latitude, region_longitude, created_by, created_at) VALUES (224, '链接到含义：', '北京，中国', 39.9042, 116.4074, 'langmap', datetime('now'));
INSERT INTO expression_meanings (expression_id, meaning_id, created_by, updated_by, created_at, updated_at) VALUES (224, 1320578155, 'langmap', 'langmap', datetime('now'), datetime('now'));
INSERT INTO expressions (id, text, language_code, region_code, region_name, region_latitude, region_longitude, created_by, updated_by, created_at, updated_at, tags, source_type, review_status) VALUES (225, '-- 选择含义 --', 'zh-CN', 'CN', '北京，中国', 39.9042, 116.4074, 'langmap', 'langmap', datetime('now'), datetime('now'), '["langmap"]', 'ai', 'approved');
INSERT INTO expression_versions (expression_id, text, region_name, region_latitude, region_longitude, created_by, created_at) VALUES (225, '-- 选择含义 --', '北京，中国', 39.9042, 116.4074, 'langmap', datetime('now'));
INSERT INTO expression_meanings (expression_id, meaning_id, created_by, updated_by, created_at, updated_at) VALUES (225, 1171371199, 'langmap', 'langmap', datetime('now'), datetime('now'));
INSERT INTO expressions (id, text, language_code, region_code, region_name, region_latitude, region_longitude, created_by, updated_by, created_at, updated_at, tags, source_type, review_status) VALUES (226, '创建新含义…', 'zh-CN', 'CN', '北京，中国', 39.9042, 116.4074, 'langmap', 'langmap', datetime('now'), datetime('now'), '["langmap"]', 'ai', 'approved');
INSERT INTO expression_versions (expression_id, text, region_name, region_latitude, region_longitude, created_by, created_at) VALUES (226, '创建新含义…', '北京，中国', 39.9042, 116.4074, 'langmap', datetime('now'));
INSERT INTO expression_meanings (expression_id, meaning_id, created_by, updated_by, created_at, updated_at) VALUES (226, 2048212694, 'langmap', 'langmap', datetime('now'), datetime('now'));
INSERT INTO expressions (id, text, language_code, region_code, region_name, region_latitude, region_longitude, created_by, updated_by, created_at, updated_at, tags, source_type, review_status) VALUES (227, '新含义标题', 'zh-CN', 'CN', '北京，中国', 39.9042, 116.4074, 'langmap', 'langmap', datetime('now'), datetime('now'), '["langmap"]', 'ai', 'approved');
INSERT INTO expression_versions (expression_id, text, region_name, region_latitude, region_longitude, created_by, created_at) VALUES (227, '新含义标题', '北京，中国', 39.9042, 116.4074, 'langmap', datetime('now'));
INSERT INTO expression_meanings (expression_id, meaning_id, created_by, updated_by, created_at, updated_at) VALUES (227, 787431441, 'langmap', 'langmap', datetime('now'), datetime('now'));
INSERT INTO expressions (id, text, language_code, region_code, region_name, region_latitude, region_longitude, created_by, updated_by, created_at, updated_at, tags, source_type, review_status) VALUES (228, '创建含义', 'zh-CN', 'CN', '北京，中国', 39.9042, 116.4074, 'langmap', 'langmap', datetime('now'), datetime('now'), '["langmap"]', 'ai', 'approved');
INSERT INTO expression_versions (expression_id, text, region_name, region_latitude, region_longitude, created_by, created_at) VALUES (228, '创建含义', '北京，中国', 39.9042, 116.4074, 'langmap', datetime('now'));
INSERT INTO expression_meanings (expression_id, meaning_id, created_by, updated_by, created_at, updated_at) VALUES (228, 1044591763, 'langmap', 'langmap', datetime('now'), datetime('now'));
INSERT INTO expressions (id, text, language_code, region_code, region_name, region_latitude, region_longitude, created_by, updated_by, created_at, updated_at, tags, source_type, review_status) VALUES (229, '此词句未关联任何含义', 'zh-CN', 'CN', '北京，中国', 39.9042, 116.4074, 'langmap', 'langmap', datetime('now'), datetime('now'), '["langmap"]', 'ai', 'approved');
INSERT INTO expression_versions (expression_id, text, region_name, region_latitude, region_longitude, created_by, created_at) VALUES (229, '此词句未关联任何含义', '北京，中国', 39.9042, 116.4074, 'langmap', datetime('now'));
INSERT INTO expression_meanings (expression_id, meaning_id, created_by, updated_by, created_at, updated_at) VALUES (229, 2010884750, 'langmap', 'langmap', datetime('now'), datetime('now'));
INSERT INTO expression_meanings (expression_id, meaning_id, created_by, updated_by, created_at, updated_at) VALUES (178, 1273274090, 'langmap', 'langmap', datetime('now'), datetime('now'));
INSERT INTO expressions (id, text, language_code, region_code, region_name, region_latitude, region_longitude, created_by, updated_by, created_at, updated_at, tags, source_type, review_status) VALUES (230, '全球', 'zh-CN', 'CN', '北京，中国', 39.9042, 116.4074, 'langmap', 'langmap', datetime('now'), datetime('now'), '["langmap"]', 'ai', 'approved');
INSERT INTO expression_versions (expression_id, text, region_name, region_latitude, region_longitude, created_by, created_at) VALUES (230, '全球', '北京，中国', 39.9042, 116.4074, 'langmap', datetime('now'));
INSERT INTO expression_meanings (expression_id, meaning_id, created_by, updated_by, created_at, updated_at) VALUES (230, 176252579, 'langmap', 'langmap', datetime('now'), datetime('now'));
INSERT INTO expressions (id, text, language_code, region_code, region_name, region_latitude, region_longitude, created_by, updated_by, created_at, updated_at, tags, source_type, review_status) VALUES (231, '播放', 'zh-CN', 'CN', '北京，中国', 39.9042, 116.4074, 'langmap', 'langmap', datetime('now'), datetime('now'), '["langmap"]', 'ai', 'approved');
INSERT INTO expression_versions (expression_id, text, region_name, region_latitude, region_longitude, created_by, created_at) VALUES (231, '播放', '北京，中国', 39.9042, 116.4074, 'langmap', datetime('now'));
INSERT INTO expression_meanings (expression_id, meaning_id, created_by, updated_by, created_at, updated_at) VALUES (231, 2089767296, 'langmap', 'langmap', datetime('now'), datetime('now'));
INSERT INTO expressions (id, text, language_code, region_code, region_name, region_latitude, region_longitude, created_by, updated_by, created_at, updated_at, tags, source_type, review_status) VALUES (232, '自动', 'zh-CN', 'CN', '北京，中国', 39.9042, 116.4074, 'langmap', 'langmap', datetime('now'), datetime('now'), '["langmap"]', 'ai', 'approved');
INSERT INTO expression_versions (expression_id, text, region_name, region_latitude, region_longitude, created_by, created_at) VALUES (232, '自动', '北京，中国', 39.9042, 116.4074, 'langmap', datetime('now'));
INSERT INTO expression_meanings (expression_id, meaning_id, created_by, updated_by, created_at, updated_at) VALUES (232, 645537796, 'langmap', 'langmap', datetime('now'), datetime('now'));
INSERT INTO expressions (id, text, language_code, region_code, region_name, region_latitude, region_longitude, created_by, updated_by, created_at, updated_at, tags, source_type, review_status) VALUES (233, '版本历史', 'zh-CN', 'CN', '北京，中国', 39.9042, 116.4074, 'langmap', 'langmap', datetime('now'), datetime('now'), '["langmap"]', 'ai', 'approved');
INSERT INTO expression_versions (expression_id, text, region_name, region_latitude, region_longitude, created_by, created_at) VALUES (233, '版本历史', '北京，中国', 39.9042, 116.4074, 'langmap', datetime('now'));
INSERT INTO expression_meanings (expression_id, meaning_id, created_by, updated_by, created_at, updated_at) VALUES (233, 1744326251, 'langmap', 'langmap', datetime('now'), datetime('now'));
INSERT INTO expressions (id, text, language_code, region_code, region_name, region_latitude, region_longitude, created_by, updated_by, created_at, updated_at, tags, source_type, review_status) VALUES (234, '正在加载版本...', 'zh-CN', 'CN', '北京，中国', 39.9042, 116.4074, 'langmap', 'langmap', datetime('now'), datetime('now'), '["langmap"]', 'ai', 'approved');
INSERT INTO expression_versions (expression_id, text, region_name, region_latitude, region_longitude, created_by, created_at) VALUES (234, '正在加载版本...', '北京，中国', 39.9042, 116.4074, 'langmap', datetime('now'));
INSERT INTO expression_meanings (expression_id, meaning_id, created_by, updated_by, created_at, updated_at) VALUES (234, 715462937, 'langmap', 'langmap', datetime('now'), datetime('now'));
INSERT INTO expressions (id, text, language_code, region_code, region_name, region_latitude, region_longitude, created_by, updated_by, created_at, updated_at, tags, source_type, review_status) VALUES (235, '无可用版本', 'zh-CN', 'CN', '北京，中国', 39.9042, 116.4074, 'langmap', 'langmap', datetime('now'), datetime('now'), '["langmap"]', 'ai', 'approved');
INSERT INTO expression_versions (expression_id, text, region_name, region_latitude, region_longitude, created_by, created_at) VALUES (235, '无可用版本', '北京，中国', 39.9042, 116.4074, 'langmap', datetime('now'));
INSERT INTO expression_meanings (expression_id, meaning_id, created_by, updated_by, created_at, updated_at) VALUES (235, 1713513424, 'langmap', 'langmap', datetime('now'), datetime('now'));
INSERT INTO expression_meanings (expression_id, meaning_id, created_by, updated_by, created_at, updated_at) VALUES (232, 80058487, 'langmap', 'langmap', datetime('now'), datetime('now'));
INSERT INTO expressions (id, text, language_code, region_code, region_name, region_latitude, region_longitude, created_by, updated_by, created_at, updated_at, tags, source_type, review_status) VALUES (236, '匿名', 'zh-CN', 'CN', '北京，中国', 39.9042, 116.4074, 'langmap', 'langmap', datetime('now'), datetime('now'), '["langmap"]', 'ai', 'approved');
INSERT INTO expression_versions (expression_id, text, region_name, region_latitude, region_longitude, created_by, created_at) VALUES (236, '匿名', '北京，中国', 39.9042, 116.4074, 'langmap', datetime('now'));
INSERT INTO expression_meanings (expression_id, meaning_id, created_by, updated_by, created_at, updated_at) VALUES (236, 82914960, 'langmap', 'langmap', datetime('now'), datetime('now'));
INSERT INTO expressions (id, text, language_code, region_code, region_name, region_latitude, region_longitude, created_by, updated_by, created_at, updated_at, tags, source_type, review_status) VALUES (237, 'Explorer le monde des langues', 'fr', 'FR', 'Paris, France', 48.8566, 2.3522, 'langmap', 'langmap', datetime('now'), datetime('now'), '["langmap"]', 'ai', 'approved');
INSERT INTO expression_versions (expression_id, text, region_name, region_latitude, region_longitude, created_by, created_at) VALUES (237, 'Explorer le monde des langues', 'Paris, France', 48.8566, 2.3522, 'langmap', datetime('now'));
INSERT INTO expression_meanings (expression_id, meaning_id, created_by, updated_by, created_at, updated_at) VALUES (237, 1232590872, 'langmap', 'langmap', datetime('now'), datetime('now'));
INSERT INTO expressions (id, text, language_code, region_code, region_name, region_latitude, region_longitude, created_by, updated_by, created_at, updated_at, tags, source_type, review_status) VALUES (238, 'Découvrez comment les expressions varient selon les régions et les cultures', 'fr', 'FR', 'Paris, France', 48.8566, 2.3522, 'langmap', 'langmap', datetime('now'), datetime('now'), '["langmap"]', 'ai', 'approved');
INSERT INTO expression_versions (expression_id, text, region_name, region_latitude, region_longitude, created_by, created_at) VALUES (238, 'Découvrez comment les expressions varient selon les régions et les cultures', 'Paris, France', 48.8566, 2.3522, 'langmap', datetime('now'));
INSERT INTO expression_meanings (expression_id, meaning_id, created_by, updated_by, created_at, updated_at) VALUES (238, 738769989, 'langmap', 'langmap', datetime('now'), datetime('now'));
INSERT INTO expressions (id, text, language_code, region_code, region_name, region_latitude, region_longitude, created_by, updated_by, created_at, updated_at, tags, source_type, review_status) VALUES (239, 'Rechercher une expression...', 'fr', 'FR', 'Paris, France', 48.8566, 2.3522, 'langmap', 'langmap', datetime('now'), datetime('now'), '["langmap"]', 'ai', 'approved');
INSERT INTO expression_versions (expression_id, text, region_name, region_latitude, region_longitude, created_by, created_at) VALUES (239, 'Rechercher une expression...', 'Paris, France', 48.8566, 2.3522, 'langmap', datetime('now'));
INSERT INTO expression_meanings (expression_id, meaning_id, created_by, updated_by, created_at, updated_at) VALUES (239, 87878107, 'langmap', 'langmap', datetime('now'), datetime('now'));
INSERT INTO expressions (id, text, language_code, region_code, region_name, region_latitude, region_longitude, created_by, updated_by, created_at, updated_at, tags, source_type, review_status) VALUES (240, 'Recherche', 'fr', 'FR', 'Paris, France', 48.8566, 2.3522, 'langmap', 'langmap', datetime('now'), datetime('now'), '["langmap"]', 'ai', 'approved');
INSERT INTO expression_versions (expression_id, text, region_name, region_latitude, region_longitude, created_by, created_at) VALUES (240, 'Recherche', 'Paris, France', 48.8566, 2.3522, 'langmap', datetime('now'));
INSERT INTO expression_meanings (expression_id, meaning_id, created_by, updated_by, created_at, updated_at) VALUES (240, 1861719002, 'langmap', 'langmap', datetime('now'), datetime('now'));
INSERT INTO expressions (id, text, language_code, region_code, region_name, region_latitude, region_longitude, created_by, updated_by, created_at, updated_at, tags, source_type, review_status) VALUES (241, 'Total des expressions', 'fr', 'FR', 'Paris, France', 48.8566, 2.3522, 'langmap', 'langmap', datetime('now'), datetime('now'), '["langmap"]', 'ai', 'approved');
INSERT INTO expression_versions (expression_id, text, region_name, region_latitude, region_longitude, created_by, created_at) VALUES (241, 'Total des expressions', 'Paris, France', 48.8566, 2.3522, 'langmap', datetime('now'));
INSERT INTO expression_meanings (expression_id, meaning_id, created_by, updated_by, created_at, updated_at) VALUES (241, 2073608002, 'langmap', 'langmap', datetime('now'), datetime('now'));
INSERT INTO expressions (id, text, language_code, region_code, region_name, region_latitude, region_longitude, created_by, updated_by, created_at, updated_at, tags, source_type, review_status) VALUES (242, 'Langues', 'fr', 'FR', 'Paris, France', 48.8566, 2.3522, 'langmap', 'langmap', datetime('now'), datetime('now'), '["langmap"]', 'ai', 'approved');
INSERT INTO expression_versions (expression_id, text, region_name, region_latitude, region_longitude, created_by, created_at) VALUES (242, 'Langues', 'Paris, France', 48.8566, 2.3522, 'langmap', datetime('now'));
INSERT INTO expression_meanings (expression_id, meaning_id, created_by, updated_by, created_at, updated_at) VALUES (242, 29825596, 'langmap', 'langmap', datetime('now'), datetime('now'));
INSERT INTO expressions (id, text, language_code, region_code, region_name, region_latitude, region_longitude, created_by, updated_by, created_at, updated_at, tags, source_type, review_status) VALUES (243, 'Régions', 'fr', 'FR', 'Paris, France', 48.8566, 2.3522, 'langmap', 'langmap', datetime('now'), datetime('now'), '["langmap"]', 'ai', 'approved');
INSERT INTO expression_versions (expression_id, text, region_name, region_latitude, region_longitude, created_by, created_at) VALUES (243, 'Régions', 'Paris, France', 48.8566, 2.3522, 'langmap', datetime('now'));
INSERT INTO expression_meanings (expression_id, meaning_id, created_by, updated_by, created_at, updated_at) VALUES (243, 1909588150, 'langmap', 'langmap', datetime('now'), datetime('now'));
INSERT INTO expressions (id, text, language_code, region_code, region_name, region_latitude, region_longitude, created_by, updated_by, created_at, updated_at, tags, source_type, review_status) VALUES (244, 'Distribution mondiale des langues', 'fr', 'FR', 'Paris, France', 48.8566, 2.3522, 'langmap', 'langmap', datetime('now'), datetime('now'), '["langmap"]', 'ai', 'approved');
INSERT INTO expression_versions (expression_id, text, region_name, region_latitude, region_longitude, created_by, created_at) VALUES (244, 'Distribution mondiale des langues', 'Paris, France', 48.8566, 2.3522, 'langmap', datetime('now'));
INSERT INTO expression_meanings (expression_id, meaning_id, created_by, updated_by, created_at, updated_at) VALUES (244, 228029697, 'langmap', 'langmap', datetime('now'), datetime('now'));
INSERT INTO expressions (id, text, language_code, region_code, region_name, region_latitude, region_longitude, created_by, updated_by, created_at, updated_at, tags, source_type, review_status) VALUES (245, 'Explorez la richesse des expressions linguistiques dans différentes régions. Les cercles plus grands indiquent davantage d''expressions dans cette zone.', 'fr', 'FR', 'Paris, France', 48.8566, 2.3522, 'langmap', 'langmap', datetime('now'), datetime('now'), '["langmap"]', 'ai', 'approved');
INSERT INTO expression_versions (expression_id, text, region_name, region_latitude, region_longitude, created_by, created_at) VALUES (245, 'Explorez la richesse des expressions linguistiques dans différentes régions. Les cercles plus grands indiquent davantage d''expressions dans cette zone.', 'Paris, France', 48.8566, 2.3522, 'langmap', datetime('now'));
INSERT INTO expression_meanings (expression_id, meaning_id, created_by, updated_by, created_at, updated_at) VALUES (245, 1932949546, 'langmap', 'langmap', datetime('now'), datetime('now'));
INSERT INTO expressions (id, text, language_code, region_code, region_name, region_latitude, region_longitude, created_by, updated_by, created_at, updated_at, tags, source_type, review_status) VALUES (246, 'Densité des expressions', 'fr', 'FR', 'Paris, France', 48.8566, 2.3522, 'langmap', 'langmap', datetime('now'), datetime('now'), '["langmap"]', 'ai', 'approved');
INSERT INTO expression_versions (expression_id, text, region_name, region_latitude, region_longitude, created_by, created_at) VALUES (246, 'Densité des expressions', 'Paris, France', 48.8566, 2.3522, 'langmap', datetime('now'));
INSERT INTO expression_meanings (expression_id, meaning_id, created_by, updated_by, created_at, updated_at) VALUES (246, 1280354696, 'langmap', 'langmap', datetime('now'), datetime('now'));
INSERT INTO expressions (id, text, language_code, region_code, region_name, region_latitude, region_longitude, created_by, updated_by, created_at, updated_at, tags, source_type, review_status) VALUES (247, 'Faible', 'fr', 'FR', 'Paris, France', 48.8566, 2.3522, 'langmap', 'langmap', datetime('now'), datetime('now'), '["langmap"]', 'ai', 'approved');
INSERT INTO expression_versions (expression_id, text, region_name, region_latitude, region_longitude, created_by, created_at) VALUES (247, 'Faible', 'Paris, France', 48.8566, 2.3522, 'langmap', datetime('now'));
INSERT INTO expression_meanings (expression_id, meaning_id, created_by, updated_by, created_at, updated_at) VALUES (247, 1428858324, 'langmap', 'langmap', datetime('now'), datetime('now'));
INSERT INTO expressions (id, text, language_code, region_code, region_name, region_latitude, region_longitude, created_by, updated_by, created_at, updated_at, tags, source_type, review_status) VALUES (248, 'Moyen', 'fr', 'FR', 'Paris, France', 48.8566, 2.3522, 'langmap', 'langmap', datetime('now'), datetime('now'), '["langmap"]', 'ai', 'approved');
INSERT INTO expression_versions (expression_id, text, region_name, region_latitude, region_longitude, created_by, created_at) VALUES (248, 'Moyen', 'Paris, France', 48.8566, 2.3522, 'langmap', datetime('now'));
INSERT INTO expression_meanings (expression_id, meaning_id, created_by, updated_by, created_at, updated_at) VALUES (248, 214696929, 'langmap', 'langmap', datetime('now'), datetime('now'));
INSERT INTO expressions (id, text, language_code, region_code, region_name, region_latitude, region_longitude, created_by, updated_by, created_at, updated_at, tags, source_type, review_status) VALUES (249, 'Élevé', 'fr', 'FR', 'Paris, France', 48.8566, 2.3522, 'langmap', 'langmap', datetime('now'), datetime('now'), '["langmap"]', 'ai', 'approved');
INSERT INTO expression_versions (expression_id, text, region_name, region_latitude, region_longitude, created_by, created_at) VALUES (249, 'Élevé', 'Paris, France', 48.8566, 2.3522, 'langmap', datetime('now'));
INSERT INTO expression_meanings (expression_id, meaning_id, created_by, updated_by, created_at, updated_at) VALUES (249, 2136578862, 'langmap', 'langmap', datetime('now'), datetime('now'));
INSERT INTO expressions (id, text, language_code, region_code, region_name, region_latitude, region_longitude, created_by, updated_by, created_at, updated_at, tags, source_type, review_status) VALUES (250, 'Commencer', 'fr', 'FR', 'Paris, France', 48.8566, 2.3522, 'langmap', 'langmap', datetime('now'), datetime('now'), '["langmap"]', 'ai', 'approved');
INSERT INTO expression_versions (expression_id, text, region_name, region_latitude, region_longitude, created_by, created_at) VALUES (250, 'Commencer', 'Paris, France', 48.8566, 2.3522, 'langmap', datetime('now'));
INSERT INTO expression_meanings (expression_id, meaning_id, created_by, updated_by, created_at, updated_at) VALUES (250, 1704825459, 'langmap', 'langmap', datetime('now'), datetime('now'));
INSERT INTO expressions (id, text, language_code, region_code, region_name, region_latitude, region_longitude, created_by, updated_by, created_at, updated_at, tags, source_type, review_status) VALUES (251, 'Rechercher des expressions', 'fr', 'FR', 'Paris, France', 48.8566, 2.3522, 'langmap', 'langmap', datetime('now'), datetime('now'), '["langmap"]', 'ai', 'approved');
INSERT INTO expression_versions (expression_id, text, region_name, region_latitude, region_longitude, created_by, created_at) VALUES (251, 'Rechercher des expressions', 'Paris, France', 48.8566, 2.3522, 'langmap', datetime('now'));
INSERT INTO expression_meanings (expression_id, meaning_id, created_by, updated_by, created_at, updated_at) VALUES (251, 1798903561, 'langmap', 'langmap', datetime('now'), datetime('now'));
INSERT INTO expressions (id, text, language_code, region_code, region_name, region_latitude, region_longitude, created_by, updated_by, created_at, updated_at, tags, source_type, review_status) VALUES (252, 'Trouvez comment les mots et les phrases sont exprimés dans différentes langues et régions.', 'fr', 'FR', 'Paris, France', 48.8566, 2.3522, 'langmap', 'langmap', datetime('now'), datetime('now'), '["langmap"]', 'ai', 'approved');
INSERT INTO expression_versions (expression_id, text, region_name, region_latitude, region_longitude, created_by, created_at) VALUES (252, 'Trouvez comment les mots et les phrases sont exprimés dans différentes langues et régions.', 'Paris, France', 48.8566, 2.3522, 'langmap', datetime('now'));
INSERT INTO expression_meanings (expression_id, meaning_id, created_by, updated_by, created_at, updated_at) VALUES (252, 889637427, 'langmap', 'langmap', datetime('now'), datetime('now'));
INSERT INTO expressions (id, text, language_code, region_code, region_name, region_latitude, region_longitude, created_by, updated_by, created_at, updated_at, tags, source_type, review_status) VALUES (253, 'Commencer la recherche →', 'fr', 'FR', 'Paris, France', 48.8566, 2.3522, 'langmap', 'langmap', datetime('now'), datetime('now'), '["langmap"]', 'ai', 'approved');
INSERT INTO expression_versions (expression_id, text, region_name, region_latitude, region_longitude, created_by, created_at) VALUES (253, 'Commencer la recherche →', 'Paris, France', 48.8566, 2.3522, 'langmap', datetime('now'));
INSERT INTO expression_meanings (expression_id, meaning_id, created_by, updated_by, created_at, updated_at) VALUES (253, 2141226890, 'langmap', 'langmap', datetime('now'), datetime('now'));
INSERT INTO expressions (id, text, language_code, region_code, region_name, region_latitude, region_longitude, created_by, updated_by, created_at, updated_at, tags, source_type, review_status) VALUES (254, 'Ajouter une expression', 'fr', 'FR', 'Paris, France', 48.8566, 2.3522, 'langmap', 'langmap', datetime('now'), datetime('now'), '["langmap"]', 'ai', 'approved');
INSERT INTO expression_versions (expression_id, text, region_name, region_latitude, region_longitude, created_by, created_at) VALUES (254, 'Ajouter une expression', 'Paris, France', 48.8566, 2.3522, 'langmap', datetime('now'));
INSERT INTO expression_meanings (expression_id, meaning_id, created_by, updated_by, created_at, updated_at) VALUES (254, 50585974, 'langmap', 'langmap', datetime('now'), datetime('now'));
INSERT INTO expressions (id, text, language_code, region_code, region_name, region_latitude, region_longitude, created_by, updated_by, created_at, updated_at, tags, source_type, review_status) VALUES (255, 'Contribuez à notre base de données en ajoutant des expressions de votre langue ou région.', 'fr', 'FR', 'Paris, France', 48.8566, 2.3522, 'langmap', 'langmap', datetime('now'), datetime('now'), '["langmap"]', 'ai', 'approved');
INSERT INTO expression_versions (expression_id, text, region_name, region_latitude, region_longitude, created_by, created_at) VALUES (255, 'Contribuez à notre base de données en ajoutant des expressions de votre langue ou région.', 'Paris, France', 48.8566, 2.3522, 'langmap', datetime('now'));
INSERT INTO expression_meanings (expression_id, meaning_id, created_by, updated_by, created_at, updated_at) VALUES (255, 1556642706, 'langmap', 'langmap', datetime('now'), datetime('now'));
INSERT INTO expressions (id, text, language_code, region_code, region_name, region_latitude, region_longitude, created_by, updated_by, created_at, updated_at, tags, source_type, review_status) VALUES (256, 'Région', 'fr', 'FR', 'Paris, France', 48.8566, 2.3522, 'langmap', 'langmap', datetime('now'), datetime('now'), '["langmap"]', 'ai', 'approved');
INSERT INTO expression_versions (expression_id, text, region_name, region_latitude, region_longitude, created_by, created_at) VALUES (256, 'Région', 'Paris, France', 48.8566, 2.3522, 'langmap', datetime('now'));
INSERT INTO expression_meanings (expression_id, meaning_id, created_by, updated_by, created_at, updated_at) VALUES (256, 250674643, 'langmap', 'langmap', datetime('now'), datetime('now'));
INSERT INTO expressions (id, text, language_code, region_code, region_name, region_latitude, region_longitude, created_by, updated_by, created_at, updated_at, tags, source_type, review_status) VALUES (257, 'Langue', 'fr', 'FR', 'Paris, France', 48.8566, 2.3522, 'langmap', 'langmap', datetime('now'), datetime('now'), '["langmap"]', 'ai', 'approved');
INSERT INTO expression_versions (expression_id, text, region_name, region_latitude, region_longitude, created_by, created_at) VALUES (257, 'Langue', 'Paris, France', 48.8566, 2.3522, 'langmap', datetime('now'));
INSERT INTO expression_meanings (expression_id, meaning_id, created_by, updated_by, created_at, updated_at) VALUES (257, 393067094, 'langmap', 'langmap', datetime('now'), datetime('now'));
INSERT INTO expressions (id, text, language_code, region_code, region_name, region_latitude, region_longitude, created_by, updated_by, created_at, updated_at, tags, source_type, review_status) VALUES (258, 'Expressions', 'fr', 'FR', 'Paris, France', 48.8566, 2.3522, 'langmap', 'langmap', datetime('now'), datetime('now'), '["langmap"]', 'ai', 'approved');
INSERT INTO expression_versions (expression_id, text, region_name, region_latitude, region_longitude, created_by, created_at) VALUES (258, 'Expressions', 'Paris, France', 48.8566, 2.3522, 'langmap', datetime('now'));
INSERT INTO expression_meanings (expression_id, meaning_id, created_by, updated_by, created_at, updated_at) VALUES (258, 1843177479, 'langmap', 'langmap', datetime('now'), datetime('now'));
INSERT INTO expressions (id, text, language_code, region_code, region_name, region_latitude, region_longitude, created_by, updated_by, created_at, updated_at, tags, source_type, review_status) VALUES (259, 'Inconnu', 'fr', 'FR', 'Paris, France', 48.8566, 2.3522, 'langmap', 'langmap', datetime('now'), datetime('now'), '["langmap"]', 'ai', 'approved');
INSERT INTO expression_versions (expression_id, text, region_name, region_latitude, region_longitude, created_by, created_at) VALUES (259, 'Inconnu', 'Paris, France', 48.8566, 2.3522, 'langmap', datetime('now'));
INSERT INTO expression_meanings (expression_id, meaning_id, created_by, updated_by, created_at, updated_at) VALUES (259, 2147181533, 'langmap', 'langmap', datetime('now'), datetime('now'));
INSERT INTO expressions (id, text, language_code, region_code, region_name, region_latitude, region_longitude, created_by, updated_by, created_at, updated_at, tags, source_type, review_status) VALUES (260, 'Ajouter nouveau →', 'fr', 'FR', 'Paris, France', 48.8566, 2.3522, 'langmap', 'langmap', datetime('now'), datetime('now'), '["langmap"]', 'ai', 'approved');
INSERT INTO expression_versions (expression_id, text, region_name, region_latitude, region_longitude, created_by, created_at) VALUES (260, 'Ajouter nouveau →', 'Paris, France', 48.8566, 2.3522, 'langmap', datetime('now'));
INSERT INTO expression_meanings (expression_id, meaning_id, created_by, updated_by, created_at, updated_at) VALUES (260, 1538332181, 'langmap', 'langmap', datetime('now'), datetime('now'));
INSERT INTO expressions (id, text, language_code, region_code, region_name, region_latitude, region_longitude, created_by, updated_by, created_at, updated_at, tags, source_type, review_status) VALUES (261, 'Explorer la carte', 'fr', 'FR', 'Paris, France', 48.8566, 2.3522, 'langmap', 'langmap', datetime('now'), datetime('now'), '["langmap"]', 'ai', 'approved');
INSERT INTO expression_versions (expression_id, text, region_name, region_latitude, region_longitude, created_by, created_at) VALUES (261, 'Explorer la carte', 'Paris, France', 48.8566, 2.3522, 'langmap', datetime('now'));
INSERT INTO expression_meanings (expression_id, meaning_id, created_by, updated_by, created_at, updated_at) VALUES (261, 700350673, 'langmap', 'langmap', datetime('now'), datetime('now'));
INSERT INTO expressions (id, text, language_code, region_code, region_name, region_latitude, region_longitude, created_by, updated_by, created_at, updated_at, tags, source_type, review_status) VALUES (262, 'Visualisez la diversité linguistique sur une carte mondiale interactive.', 'fr', 'FR', 'Paris, France', 48.8566, 2.3522, 'langmap', 'langmap', datetime('now'), datetime('now'), '["langmap"]', 'ai', 'approved');
INSERT INTO expression_versions (expression_id, text, region_name, region_latitude, region_longitude, created_by, created_at) VALUES (262, 'Visualisez la diversité linguistique sur une carte mondiale interactive.', 'Paris, France', 48.8566, 2.3522, 'langmap', datetime('now'));
INSERT INTO expression_meanings (expression_id, meaning_id, created_by, updated_by, created_at, updated_at) VALUES (262, 26891452, 'langmap', 'langmap', datetime('now'), datetime('now'));
INSERT INTO expressions (id, text, language_code, region_code, region_name, region_latitude, region_longitude, created_by, updated_by, created_at, updated_at, tags, source_type, review_status) VALUES (263, 'Voir la carte →', 'fr', 'FR', 'Paris, France', 48.8566, 2.3522, 'langmap', 'langmap', datetime('now'), datetime('now'), '["langmap"]', 'ai', 'approved');
INSERT INTO expression_versions (expression_id, text, region_name, region_latitude, region_longitude, created_by, created_at) VALUES (263, 'Voir la carte →', 'Paris, France', 48.8566, 2.3522, 'langmap', datetime('now'));
INSERT INTO expression_meanings (expression_id, meaning_id, created_by, updated_by, created_at, updated_at) VALUES (263, 863807598, 'langmap', 'langmap', datetime('now'), datetime('now'));
INSERT INTO expressions (id, text, language_code, region_code, region_name, region_latitude, region_longitude, created_by, updated_by, created_at, updated_at, tags, source_type, review_status) VALUES (264, 'Chargement de la carte...', 'fr', 'FR', 'Paris, France', 48.8566, 2.3522, 'langmap', 'langmap', datetime('now'), datetime('now'), '["langmap"]', 'ai', 'approved');
INSERT INTO expression_versions (expression_id, text, region_name, region_latitude, region_longitude, created_by, created_at) VALUES (264, 'Chargement de la carte...', 'Paris, France', 48.8566, 2.3522, 'langmap', datetime('now'));
INSERT INTO expression_meanings (expression_id, meaning_id, created_by, updated_by, created_at, updated_at) VALUES (264, 984290883, 'langmap', 'langmap', datetime('now'), datetime('now'));
INSERT INTO expressions (id, text, language_code, region_code, region_name, region_latitude, region_longitude, created_by, updated_by, created_at, updated_at, tags, source_type, review_status) VALUES (265, 'Accueil', 'fr', 'FR', 'Paris, France', 48.8566, 2.3522, 'langmap', 'langmap', datetime('now'), datetime('now'), '["langmap"]', 'ai', 'approved');
INSERT INTO expression_versions (expression_id, text, region_name, region_latitude, region_longitude, created_by, created_at) VALUES (265, 'Accueil', 'Paris, France', 48.8566, 2.3522, 'langmap', datetime('now'));
INSERT INTO expression_meanings (expression_id, meaning_id, created_by, updated_by, created_at, updated_at) VALUES (265, 1175105589, 'langmap', 'langmap', datetime('now'), datetime('now'));
INSERT INTO expressions (id, text, language_code, region_code, region_name, region_latitude, region_longitude, created_by, updated_by, created_at, updated_at, tags, source_type, review_status) VALUES (266, 'Rechercher', 'fr', 'FR', 'Paris, France', 48.8566, 2.3522, 'langmap', 'langmap', datetime('now'), datetime('now'), '["langmap"]', 'ai', 'approved');
INSERT INTO expression_versions (expression_id, text, region_name, region_latitude, region_longitude, created_by, created_at) VALUES (266, 'Rechercher', 'Paris, France', 48.8566, 2.3522, 'langmap', datetime('now'));
INSERT INTO expression_meanings (expression_id, meaning_id, created_by, updated_by, created_at, updated_at) VALUES (266, 1822030570, 'langmap', 'langmap', datetime('now'), datetime('now'));
INSERT INTO expressions (id, text, language_code, region_code, region_name, region_latitude, region_longitude, created_by, updated_by, created_at, updated_at, tags, source_type, review_status) VALUES (267, '© {year} langmap - Plateforme de cartographie des expressions linguistiques', 'fr', 'FR', 'Paris, France', 48.8566, 2.3522, 'langmap', 'langmap', datetime('now'), datetime('now'), '["langmap"]', 'ai', 'approved');
INSERT INTO expression_versions (expression_id, text, region_name, region_latitude, region_longitude, created_by, created_at) VALUES (267, '© {year} langmap - Plateforme de cartographie des expressions linguistiques', 'Paris, France', 48.8566, 2.3522, 'langmap', datetime('now'));
INSERT INTO expression_meanings (expression_id, meaning_id, created_by, updated_by, created_at, updated_at) VALUES (267, 1804466275, 'langmap', 'langmap', datetime('now'), datetime('now'));
INSERT INTO expression_meanings (expression_id, meaning_id, created_by, updated_by, created_at, updated_at) VALUES (251, 480547274, 'langmap', 'langmap', datetime('now'), datetime('now'));
INSERT INTO expressions (id, text, language_code, region_code, region_name, region_latitude, region_longitude, created_by, updated_by, created_at, updated_at, tags, source_type, review_status) VALUES (268, 'Trouvez des expressions linguistiques dans différentes langues et régions', 'fr', 'FR', 'Paris, France', 48.8566, 2.3522, 'langmap', 'langmap', datetime('now'), datetime('now'), '["langmap"]', 'ai', 'approved');
INSERT INTO expression_versions (expression_id, text, region_name, region_latitude, region_longitude, created_by, created_at) VALUES (268, 'Trouvez des expressions linguistiques dans différentes langues et régions', 'Paris, France', 48.8566, 2.3522, 'langmap', datetime('now'));
INSERT INTO expression_meanings (expression_id, meaning_id, created_by, updated_by, created_at, updated_at) VALUES (268, 666598698, 'langmap', 'langmap', datetime('now'), datetime('now'));
INSERT INTO expressions (id, text, language_code, region_code, region_name, region_latitude, region_longitude, created_by, updated_by, created_at, updated_at, tags, source_type, review_status) VALUES (269, 'Entrez un mot ou une phrase...', 'fr', 'FR', 'Paris, France', 48.8566, 2.3522, 'langmap', 'langmap', datetime('now'), datetime('now'), '["langmap"]', 'ai', 'approved');
INSERT INTO expression_versions (expression_id, text, region_name, region_latitude, region_longitude, created_by, created_at) VALUES (269, 'Entrez un mot ou une phrase...', 'Paris, France', 48.8566, 2.3522, 'langmap', datetime('now'));
INSERT INTO expression_meanings (expression_id, meaning_id, created_by, updated_by, created_at, updated_at) VALUES (269, 782154075, 'langmap', 'langmap', datetime('now'), datetime('now'));
INSERT INTO expression_meanings (expression_id, meaning_id, created_by, updated_by, created_at, updated_at) VALUES (240, 808077362, 'langmap', 'langmap', datetime('now'), datetime('now'));
INSERT INTO expressions (id, text, language_code, region_code, region_name, region_latitude, region_longitude, created_by, updated_by, created_at, updated_at, tags, source_type, review_status) VALUES (270, 'Recherche d''expressions...', 'fr', 'FR', 'Paris, France', 48.8566, 2.3522, 'langmap', 'langmap', datetime('now'), datetime('now'), '["langmap"]', 'ai', 'approved');
INSERT INTO expression_versions (expression_id, text, region_name, region_latitude, region_longitude, created_by, created_at) VALUES (270, 'Recherche d''expressions...', 'Paris, France', 48.8566, 2.3522, 'langmap', datetime('now'));
INSERT INTO expression_meanings (expression_id, meaning_id, created_by, updated_by, created_at, updated_at) VALUES (270, 1660781369, 'langmap', 'langmap', datetime('now'), datetime('now'));
INSERT INTO expressions (id, text, language_code, region_code, region_name, region_latitude, region_longitude, created_by, updated_by, created_at, updated_at, tags, source_type, review_status) VALUES (271, 'Aucun résultat trouvé', 'fr', 'FR', 'Paris, France', 48.8566, 2.3522, 'langmap', 'langmap', datetime('now'), datetime('now'), '["langmap"]', 'ai', 'approved');
INSERT INTO expression_versions (expression_id, text, region_name, region_latitude, region_longitude, created_by, created_at) VALUES (271, 'Aucun résultat trouvé', 'Paris, France', 48.8566, 2.3522, 'langmap', datetime('now'));
INSERT INTO expression_meanings (expression_id, meaning_id, created_by, updated_by, created_at, updated_at) VALUES (271, 1623339377, 'langmap', 'langmap', datetime('now'), datetime('now'));
INSERT INTO expressions (id, text, language_code, region_code, region_name, region_latitude, region_longitude, created_by, updated_by, created_at, updated_at, tags, source_type, review_status) VALUES (272, 'Essayez des termes de recherche différents ou ajoutez une nouvelle expression', 'fr', 'FR', 'Paris, France', 48.8566, 2.3522, 'langmap', 'langmap', datetime('now'), datetime('now'), '["langmap"]', 'ai', 'approved');
INSERT INTO expression_versions (expression_id, text, region_name, region_latitude, region_longitude, created_by, created_at) VALUES (272, 'Essayez des termes de recherche différents ou ajoutez une nouvelle expression', 'Paris, France', 48.8566, 2.3522, 'langmap', datetime('now'));
INSERT INTO expression_meanings (expression_id, meaning_id, created_by, updated_by, created_at, updated_at) VALUES (272, 890335645, 'langmap', 'langmap', datetime('now'), datetime('now'));
INSERT INTO expressions (id, text, language_code, region_code, region_name, region_latitude, region_longitude, created_by, updated_by, created_at, updated_at, tags, source_type, review_status) VALUES (273, 'Ajouter "{expression}"', 'fr', 'FR', 'Paris, France', 48.8566, 2.3522, 'langmap', 'langmap', datetime('now'), datetime('now'), '["langmap"]', 'ai', 'approved');
INSERT INTO expression_versions (expression_id, text, region_name, region_latitude, region_longitude, created_by, created_at) VALUES (273, 'Ajouter "{expression}"', 'Paris, France', 48.8566, 2.3522, 'langmap', datetime('now'));
INSERT INTO expression_meanings (expression_id, meaning_id, created_by, updated_by, created_at, updated_at) VALUES (273, 556745063, 'langmap', 'langmap', datetime('now'), datetime('now'));
INSERT INTO expressions (id, text, language_code, region_code, region_name, region_latitude, region_longitude, created_by, updated_by, created_at, updated_at, tags, source_type, review_status) VALUES (274, 'nouvelle expression', 'fr', 'FR', 'Paris, France', 48.8566, 2.3522, 'langmap', 'langmap', datetime('now'), datetime('now'), '["langmap"]', 'ai', 'approved');
INSERT INTO expression_versions (expression_id, text, region_name, region_latitude, region_longitude, created_by, created_at) VALUES (274, 'nouvelle expression', 'Paris, France', 48.8566, 2.3522, 'langmap', datetime('now'));
INSERT INTO expression_meanings (expression_id, meaning_id, created_by, updated_by, created_at, updated_at) VALUES (274, 831699112, 'langmap', 'langmap', datetime('now'), datetime('now'));
INSERT INTO expressions (id, text, language_code, region_code, region_name, region_latitude, region_longitude, created_by, updated_by, created_at, updated_at, tags, source_type, review_status) VALUES (275, 'Trouvé {count} expression{plural}', 'fr', 'FR', 'Paris, France', 48.8566, 2.3522, 'langmap', 'langmap', datetime('now'), datetime('now'), '["langmap"]', 'ai', 'approved');
INSERT INTO expression_versions (expression_id, text, region_name, region_latitude, region_longitude, created_by, created_at) VALUES (275, 'Trouvé {count} expression{plural}', 'Paris, France', 48.8566, 2.3522, 'langmap', datetime('now'));
INSERT INTO expression_meanings (expression_id, meaning_id, created_by, updated_by, created_at, updated_at) VALUES (275, 2052550168, 'langmap', 'langmap', datetime('now'), datetime('now'));
INSERT INTO expressions (id, text, language_code, region_code, region_name, region_latitude, region_longitude, created_by, updated_by, created_at, updated_at, tags, source_type, review_status) VALUES (276, 'Retour', 'fr', 'FR', 'Paris, France', 48.8566, 2.3522, 'langmap', 'langmap', datetime('now'), datetime('now'), '["langmap"]', 'ai', 'approved');
INSERT INTO expression_versions (expression_id, text, region_name, region_latitude, region_longitude, created_by, created_at) VALUES (276, 'Retour', 'Paris, France', 48.8566, 2.3522, 'langmap', datetime('now'));
INSERT INTO expression_meanings (expression_id, meaning_id, created_by, updated_by, created_at, updated_at) VALUES (276, 1768300647, 'langmap', 'langmap', datetime('now'), datetime('now'));
INSERT INTO expressions (id, text, language_code, region_code, region_name, region_latitude, region_longitude, created_by, updated_by, created_at, updated_at, tags, source_type, review_status) VALUES (277, 'Ajouter une nouvelle expression', 'fr', 'FR', 'Paris, France', 48.8566, 2.3522, 'langmap', 'langmap', datetime('now'), datetime('now'), '["langmap"]', 'ai', 'approved');
INSERT INTO expression_versions (expression_id, text, region_name, region_latitude, region_longitude, created_by, created_at) VALUES (277, 'Ajouter une nouvelle expression', 'Paris, France', 48.8566, 2.3522, 'langmap', datetime('now'));
INSERT INTO expression_meanings (expression_id, meaning_id, created_by, updated_by, created_at, updated_at) VALUES (277, 653847431, 'langmap', 'langmap', datetime('now'), datetime('now'));
INSERT INTO expressions (id, text, language_code, region_code, region_name, region_latitude, region_longitude, created_by, updated_by, created_at, updated_at, tags, source_type, review_status) VALUES (278, 'Texte', 'fr', 'FR', 'Paris, France', 48.8566, 2.3522, 'langmap', 'langmap', datetime('now'), datetime('now'), '["langmap"]', 'ai', 'approved');
INSERT INTO expression_versions (expression_id, text, region_name, region_latitude, region_longitude, created_by, created_at) VALUES (278, 'Texte', 'Paris, France', 48.8566, 2.3522, 'langmap', datetime('now'));
INSERT INTO expression_meanings (expression_id, meaning_id, created_by, updated_by, created_at, updated_at) VALUES (278, 610717035, 'langmap', 'langmap', datetime('now'), datetime('now'));
INSERT INTO expressions (id, text, language_code, region_code, region_name, region_latitude, region_longitude, created_by, updated_by, created_at, updated_at, tags, source_type, review_status) VALUES (279, 'Entrez l''expression linguistique', 'fr', 'FR', 'Paris, France', 48.8566, 2.3522, 'langmap', 'langmap', datetime('now'), datetime('now'), '["langmap"]', 'ai', 'approved');
INSERT INTO expression_versions (expression_id, text, region_name, region_latitude, region_longitude, created_by, created_at) VALUES (279, 'Entrez l''expression linguistique', 'Paris, France', 48.8566, 2.3522, 'langmap', datetime('now'));
INSERT INTO expression_meanings (expression_id, meaning_id, created_by, updated_by, created_at, updated_at) VALUES (279, 378762400, 'langmap', 'langmap', datetime('now'), datetime('now'));
INSERT INTO expressions (id, text, language_code, region_code, region_name, region_latitude, region_longitude, created_by, updated_by, created_at, updated_at, tags, source_type, review_status) VALUES (280, 'Le mot ou la phrase réelle dans la langue', 'fr', 'FR', 'Paris, France', 48.8566, 2.3522, 'langmap', 'langmap', datetime('now'), datetime('now'), '["langmap"]', 'ai', 'approved');
INSERT INTO expression_versions (expression_id, text, region_name, region_latitude, region_longitude, created_by, created_at) VALUES (280, 'Le mot ou la phrase réelle dans la langue', 'Paris, France', 48.8566, 2.3522, 'langmap', datetime('now'));
INSERT INTO expression_meanings (expression_id, meaning_id, created_by, updated_by, created_at, updated_at) VALUES (280, 1251764943, 'langmap', 'langmap', datetime('now'), datetime('now'));
INSERT INTO expression_meanings (expression_id, meaning_id, created_by, updated_by, created_at, updated_at) VALUES (257, 1469373345, 'langmap', 'langmap', datetime('now'), datetime('now'));
INSERT INTO expressions (id, text, language_code, region_code, region_name, region_latitude, region_longitude, created_by, updated_by, created_at, updated_at, tags, source_type, review_status) VALUES (281, 'Sélectionner la langue', 'fr', 'FR', 'Paris, France', 48.8566, 2.3522, 'langmap', 'langmap', datetime('now'), datetime('now'), '["langmap"]', 'ai', 'approved');
INSERT INTO expression_versions (expression_id, text, region_name, region_latitude, region_longitude, created_by, created_at) VALUES (281, 'Sélectionner la langue', 'Paris, France', 48.8566, 2.3522, 'langmap', datetime('now'));
INSERT INTO expression_meanings (expression_id, meaning_id, created_by, updated_by, created_at, updated_at) VALUES (281, 1745197766, 'langmap', 'langmap', datetime('now'), datetime('now'));
INSERT INTO expressions (id, text, language_code, region_code, region_name, region_latitude, region_longitude, created_by, updated_by, created_at, updated_at, tags, source_type, review_status) VALUES (282, 'Sélectionnez la langue pour cette expression', 'fr', 'FR', 'Paris, France', 48.8566, 2.3522, 'langmap', 'langmap', datetime('now'), datetime('now'), '["langmap"]', 'ai', 'approved');
INSERT INTO expression_versions (expression_id, text, region_name, region_latitude, region_longitude, created_by, created_at) VALUES (282, 'Sélectionnez la langue pour cette expression', 'Paris, France', 48.8566, 2.3522, 'langmap', datetime('now'));
INSERT INTO expression_meanings (expression_id, meaning_id, created_by, updated_by, created_at, updated_at) VALUES (282, 1935180845, 'langmap', 'langmap', datetime('now'), datetime('now'));
INSERT INTO expressions (id, text, language_code, region_code, region_name, region_latitude, region_longitude, created_by, updated_by, created_at, updated_at, tags, source_type, review_status) VALUES (283, 'Sélectionner la langue...', 'fr', 'FR', 'Paris, France', 48.8566, 2.3522, 'langmap', 'langmap', datetime('now'), datetime('now'), '["langmap"]', 'ai', 'approved');
INSERT INTO expression_versions (expression_id, text, region_name, region_latitude, region_longitude, created_by, created_at) VALUES (283, 'Sélectionner la langue...', 'Paris, France', 48.8566, 2.3522, 'langmap', datetime('now'));
INSERT INTO expression_meanings (expression_id, meaning_id, created_by, updated_by, created_at, updated_at) VALUES (283, 1793722761, 'langmap', 'langmap', datetime('now'), datetime('now'));
INSERT INTO expressions (id, text, language_code, region_code, region_name, region_latitude, region_longitude, created_by, updated_by, created_at, updated_at, tags, source_type, review_status) VALUES (284, 'Chargement des langues...', 'fr', 'FR', 'Paris, France', 48.8566, 2.3522, 'langmap', 'langmap', datetime('now'), datetime('now'), '["langmap"]', 'ai', 'approved');
INSERT INTO expression_versions (expression_id, text, region_name, region_latitude, region_longitude, created_by, created_at) VALUES (284, 'Chargement des langues...', 'Paris, France', 48.8566, 2.3522, 'langmap', datetime('now'));
INSERT INTO expression_meanings (expression_id, meaning_id, created_by, updated_by, created_at, updated_at) VALUES (284, 2099029340, 'langmap', 'langmap', datetime('now'), datetime('now'));
INSERT INTO expressions (id, text, language_code, region_code, region_name, region_latitude, region_longitude, created_by, updated_by, created_at, updated_at, tags, source_type, review_status) VALUES (285, 'Région (facultatif)', 'fr', 'FR', 'Paris, France', 48.8566, 2.3522, 'langmap', 'langmap', datetime('now'), datetime('now'), '["langmap"]', 'ai', 'approved');
INSERT INTO expression_versions (expression_id, text, region_name, region_latitude, region_longitude, created_by, created_at) VALUES (285, 'Région (facultatif)', 'Paris, France', 48.8566, 2.3522, 'langmap', datetime('now'));
INSERT INTO expression_meanings (expression_id, meaning_id, created_by, updated_by, created_at, updated_at) VALUES (285, 101777746, 'langmap', 'langmap', datetime('now'), datetime('now'));
INSERT INTO expressions (id, text, language_code, region_code, region_name, region_latitude, region_longitude, created_by, updated_by, created_at, updated_at, tags, source_type, review_status) VALUES (286, 'ex. Chine, Espagne, Global', 'fr', 'FR', 'Paris, France', 48.8566, 2.3522, 'langmap', 'langmap', datetime('now'), datetime('now'), '["langmap"]', 'ai', 'approved');
INSERT INTO expression_versions (expression_id, text, region_name, region_latitude, region_longitude, created_by, created_at) VALUES (286, 'ex. Chine, Espagne, Global', 'Paris, France', 48.8566, 2.3522, 'langmap', datetime('now'));
INSERT INTO expression_meanings (expression_id, meaning_id, created_by, updated_by, created_at, updated_at) VALUES (286, 747353279, 'langmap', 'langmap', datetime('now'), datetime('now'));
INSERT INTO expressions (id, text, language_code, region_code, region_name, region_latitude, region_longitude, created_by, updated_by, created_at, updated_at, tags, source_type, review_status) VALUES (287, 'Région géographique ou zone', 'fr', 'FR', 'Paris, France', 48.8566, 2.3522, 'langmap', 'langmap', datetime('now'), datetime('now'), '["langmap"]', 'ai', 'approved');
INSERT INTO expression_versions (expression_id, text, region_name, region_latitude, region_longitude, created_by, created_at) VALUES (287, 'Région géographique ou zone', 'Paris, France', 48.8566, 2.3522, 'langmap', datetime('now'));
INSERT INTO expression_meanings (expression_id, meaning_id, created_by, updated_by, created_at, updated_at) VALUES (287, 259247799, 'langmap', 'langmap', datetime('now'), datetime('now'));
INSERT INTO expressions (id, text, language_code, region_code, region_name, region_latitude, region_longitude, created_by, updated_by, created_at, updated_at, tags, source_type, review_status) VALUES (288, 'Détecter ma position', 'fr', 'FR', 'Paris, France', 48.8566, 2.3522, 'langmap', 'langmap', datetime('now'), datetime('now'), '["langmap"]', 'ai', 'approved');
INSERT INTO expression_versions (expression_id, text, region_name, region_latitude, region_longitude, created_by, created_at) VALUES (288, 'Détecter ma position', 'Paris, France', 48.8566, 2.3522, 'langmap', datetime('now'));
INSERT INTO expression_meanings (expression_id, meaning_id, created_by, updated_by, created_at, updated_at) VALUES (288, 1228718215, 'langmap', 'langmap', datetime('now'), datetime('now'));
INSERT INTO expressions (id, text, language_code, region_code, region_name, region_latitude, region_longitude, created_by, updated_by, created_at, updated_at, tags, source_type, review_status) VALUES (289, 'Sélectionner sur la carte', 'fr', 'FR', 'Paris, France', 48.8566, 2.3522, 'langmap', 'langmap', datetime('now'), datetime('now'), '["langmap"]', 'ai', 'approved');
INSERT INTO expression_versions (expression_id, text, region_name, region_latitude, region_longitude, created_by, created_at) VALUES (289, 'Sélectionner sur la carte', 'Paris, France', 48.8566, 2.3522, 'langmap', datetime('now'));
INSERT INTO expression_meanings (expression_id, meaning_id, created_by, updated_by, created_at, updated_at) VALUES (289, 1606159683, 'langmap', 'langmap', datetime('now'), datetime('now'));
INSERT INTO expressions (id, text, language_code, region_code, region_name, region_latitude, region_longitude, created_by, updated_by, created_at, updated_at, tags, source_type, review_status) VALUES (290, 'Cliquez sur la carte pour sélectionner une région', 'fr', 'FR', 'Paris, France', 48.8566, 2.3522, 'langmap', 'langmap', datetime('now'), datetime('now'), '["langmap"]', 'ai', 'approved');
INSERT INTO expression_versions (expression_id, text, region_name, region_latitude, region_longitude, created_by, created_at) VALUES (290, 'Cliquez sur la carte pour sélectionner une région', 'Paris, France', 48.8566, 2.3522, 'langmap', datetime('now'));
INSERT INTO expression_meanings (expression_id, meaning_id, created_by, updated_by, created_at, updated_at) VALUES (290, 1058233083, 'langmap', 'langmap', datetime('now'), datetime('now'));
INSERT INTO expressions (id, text, language_code, region_code, region_name, region_latitude, region_longitude, created_by, updated_by, created_at, updated_at, tags, source_type, review_status) VALUES (291, 'La géolocalisation n''est pas prise en charge par votre navigateur', 'fr', 'FR', 'Paris, France', 48.8566, 2.3522, 'langmap', 'langmap', datetime('now'), datetime('now'), '["langmap"]', 'ai', 'approved');
INSERT INTO expression_versions (expression_id, text, region_name, region_latitude, region_longitude, created_by, created_at) VALUES (291, 'La géolocalisation n''est pas prise en charge par votre navigateur', 'Paris, France', 48.8566, 2.3522, 'langmap', datetime('now'));
INSERT INTO expression_meanings (expression_id, meaning_id, created_by, updated_by, created_at, updated_at) VALUES (291, 1874909642, 'langmap', 'langmap', datetime('now'), datetime('now'));
INSERT INTO expressions (id, text, language_code, region_code, region_name, region_latitude, region_longitude, created_by, updated_by, created_at, updated_at, tags, source_type, review_status) VALUES (292, 'Échec de la détection de votre position', 'fr', 'FR', 'Paris, France', 48.8566, 2.3522, 'langmap', 'langmap', datetime('now'), datetime('now'), '["langmap"]', 'ai', 'approved');
INSERT INTO expression_versions (expression_id, text, region_name, region_latitude, region_longitude, created_by, created_at) VALUES (292, 'Échec de la détection de votre position', 'Paris, France', 48.8566, 2.3522, 'langmap', datetime('now'));
INSERT INTO expression_meanings (expression_id, meaning_id, created_by, updated_by, created_at, updated_at) VALUES (292, 735160078, 'langmap', 'langmap', datetime('now'), datetime('now'));
INSERT INTO expressions (id, text, language_code, region_code, region_name, region_latitude, region_longitude, created_by, updated_by, created_at, updated_at, tags, source_type, review_status) VALUES (293, 'Analyse des informations de localisation...', 'fr', 'FR', 'Paris, France', 48.8566, 2.3522, 'langmap', 'langmap', datetime('now'), datetime('now'), '["langmap"]', 'ai', 'approved');
INSERT INTO expression_versions (expression_id, text, region_name, region_latitude, region_longitude, created_by, created_at) VALUES (293, 'Analyse des informations de localisation...', 'Paris, France', 48.8566, 2.3522, 'langmap', datetime('now'));
INSERT INTO expression_meanings (expression_id, meaning_id, created_by, updated_by, created_at, updated_at) VALUES (293, 1228788957, 'langmap', 'langmap', datetime('now'), datetime('now'));
INSERT INTO expressions (id, text, language_code, region_code, region_name, region_latitude, region_longitude, created_by, updated_by, created_at, updated_at, tags, source_type, review_status) VALUES (294, 'Échec de l''analyse des informations de localisation', 'fr', 'FR', 'Paris, France', 48.8566, 2.3522, 'langmap', 'langmap', datetime('now'), datetime('now'), '["langmap"]', 'ai', 'approved');
INSERT INTO expression_versions (expression_id, text, region_name, region_latitude, region_longitude, created_by, created_at) VALUES (294, 'Échec de l''analyse des informations de localisation', 'Paris, France', 48.8566, 2.3522, 'langmap', datetime('now'));
INSERT INTO expression_meanings (expression_id, meaning_id, created_by, updated_by, created_at, updated_at) VALUES (294, 535669297, 'langmap', 'langmap', datetime('now'), datetime('now'));
INSERT INTO expressions (id, text, language_code, region_code, region_name, region_latitude, region_longitude, created_by, updated_by, created_at, updated_at, tags, source_type, review_status) VALUES (295, 'Référence de source (facultatif)', 'fr', 'FR', 'Paris, France', 48.8566, 2.3522, 'langmap', 'langmap', datetime('now'), datetime('now'), '["langmap"]', 'ai', 'approved');
INSERT INTO expression_versions (expression_id, text, region_name, region_latitude, region_longitude, created_by, created_at) VALUES (295, 'Référence de source (facultatif)', 'Paris, France', 48.8566, 2.3522, 'langmap', datetime('now'));
INSERT INTO expression_meanings (expression_id, meaning_id, created_by, updated_by, created_at, updated_at) VALUES (295, 533920565, 'langmap', 'langmap', datetime('now'), datetime('now'));
INSERT INTO expressions (id, text, language_code, region_code, region_name, region_latitude, region_longitude, created_by, updated_by, created_at, updated_at, tags, source_type, review_status) VALUES (296, 'ex. Wiktionary, Dictionary.com, ou une URL', 'fr', 'FR', 'Paris, France', 48.8566, 2.3522, 'langmap', 'langmap', datetime('now'), datetime('now'), '["langmap"]', 'ai', 'approved');
INSERT INTO expression_versions (expression_id, text, region_name, region_latitude, region_longitude, created_by, created_at) VALUES (296, 'ex. Wiktionary, Dictionary.com, ou une URL', 'Paris, France', 48.8566, 2.3522, 'langmap', datetime('now'));
INSERT INTO expression_meanings (expression_id, meaning_id, created_by, updated_by, created_at, updated_at) VALUES (296, 322599747, 'langmap', 'langmap', datetime('now'), datetime('now'));
INSERT INTO expressions (id, text, language_code, region_code, region_name, region_latitude, region_longitude, created_by, updated_by, created_at, updated_at, tags, source_type, review_status) VALUES (297, 'Origine ou référence pour cette expression', 'fr', 'FR', 'Paris, France', 48.8566, 2.3522, 'langmap', 'langmap', datetime('now'), datetime('now'), '["langmap"]', 'ai', 'approved');
INSERT INTO expression_versions (expression_id, text, region_name, region_latitude, region_longitude, created_by, created_at) VALUES (297, 'Origine ou référence pour cette expression', 'Paris, France', 48.8566, 2.3522, 'langmap', datetime('now'));
INSERT INTO expression_meanings (expression_id, meaning_id, created_by, updated_by, created_at, updated_at) VALUES (297, 996426808, 'langmap', 'langmap', datetime('now'), datetime('now'));
INSERT INTO expressions (id, text, language_code, region_code, region_name, region_latitude, region_longitude, created_by, updated_by, created_at, updated_at, tags, source_type, review_status) VALUES (298, 'Créer l''expression', 'fr', 'FR', 'Paris, France', 48.8566, 2.3522, 'langmap', 'langmap', datetime('now'), datetime('now'), '["langmap"]', 'ai', 'approved');
INSERT INTO expression_versions (expression_id, text, region_name, region_latitude, region_longitude, created_by, created_at) VALUES (298, 'Créer l''expression', 'Paris, France', 48.8566, 2.3522, 'langmap', datetime('now'));
INSERT INTO expression_meanings (expression_id, meaning_id, created_by, updated_by, created_at, updated_at) VALUES (298, 1242437667, 'langmap', 'langmap', datetime('now'), datetime('now'));
INSERT INTO expressions (id, text, language_code, region_code, region_name, region_latitude, region_longitude, created_by, updated_by, created_at, updated_at, tags, source_type, review_status) VALUES (299, 'Annuler', 'fr', 'FR', 'Paris, France', 48.8566, 2.3522, 'langmap', 'langmap', datetime('now'), datetime('now'), '["langmap"]', 'ai', 'approved');
INSERT INTO expression_versions (expression_id, text, region_name, region_latitude, region_longitude, created_by, created_at) VALUES (299, 'Annuler', 'Paris, France', 48.8566, 2.3522, 'langmap', datetime('now'));
INSERT INTO expression_meanings (expression_id, meaning_id, created_by, updated_by, created_at, updated_at) VALUES (299, 814856456, 'langmap', 'langmap', datetime('now'), datetime('now'));
INSERT INTO expressions (id, text, language_code, region_code, region_name, region_latitude, region_longitude, created_by, updated_by, created_at, updated_at, tags, source_type, review_status) VALUES (300, 'La langue et le texte sont requis.', 'fr', 'FR', 'Paris, France', 48.8566, 2.3522, 'langmap', 'langmap', datetime('now'), datetime('now'), '["langmap"]', 'ai', 'approved');
INSERT INTO expression_versions (expression_id, text, region_name, region_latitude, region_longitude, created_by, created_at) VALUES (300, 'La langue et le texte sont requis.', 'Paris, France', 48.8566, 2.3522, 'langmap', datetime('now'));
INSERT INTO expression_meanings (expression_id, meaning_id, created_by, updated_by, created_at, updated_at) VALUES (300, 669906916, 'langmap', 'langmap', datetime('now'), datetime('now'));
INSERT INTO expressions (id, text, language_code, region_code, region_name, region_latitude, region_longitude, created_by, updated_by, created_at, updated_at, tags, source_type, review_status) VALUES (301, 'Associer à une signification', 'fr', 'FR', 'Paris, France', 48.8566, 2.3522, 'langmap', 'langmap', datetime('now'), datetime('now'), '["langmap"]', 'ai', 'approved');
INSERT INTO expression_versions (expression_id, text, region_name, region_latitude, region_longitude, created_by, created_at) VALUES (301, 'Associer à une signification', 'Paris, France', 48.8566, 2.3522, 'langmap', datetime('now'));
INSERT INTO expression_meanings (expression_id, meaning_id, created_by, updated_by, created_at, updated_at) VALUES (301, 11980301, 'langmap', 'langmap', datetime('now'), datetime('now'));
INSERT INTO expressions (id, text, language_code, region_code, region_name, region_latitude, region_longitude, created_by, updated_by, created_at, updated_at, tags, source_type, review_status) VALUES (302, 'Associer à une signification existante', 'fr', 'FR', 'Paris, France', 48.8566, 2.3522, 'langmap', 'langmap', datetime('now'), datetime('now'), '["langmap"]', 'ai', 'approved');
INSERT INTO expression_versions (expression_id, text, region_name, region_latitude, region_longitude, created_by, created_at) VALUES (302, 'Associer à une signification existante', 'Paris, France', 48.8566, 2.3522, 'langmap', datetime('now'));
INSERT INTO expression_meanings (expression_id, meaning_id, created_by, updated_by, created_at, updated_at) VALUES (302, 450995876, 'langmap', 'langmap', datetime('now'), datetime('now'));
INSERT INTO expressions (id, text, language_code, region_code, region_name, region_latitude, region_longitude, created_by, updated_by, created_at, updated_at, tags, source_type, review_status) VALUES (303, 'Associer à une nouvelle signification', 'fr', 'FR', 'Paris, France', 48.8566, 2.3522, 'langmap', 'langmap', datetime('now'), datetime('now'), '["langmap"]', 'ai', 'approved');
INSERT INTO expression_versions (expression_id, text, region_name, region_latitude, region_longitude, created_by, created_at) VALUES (303, 'Associer à une nouvelle signification', 'Paris, France', 48.8566, 2.3522, 'langmap', datetime('now'));
INSERT INTO expression_meanings (expression_id, meaning_id, created_by, updated_by, created_at, updated_at) VALUES (303, 837067897, 'langmap', 'langmap', datetime('now'), datetime('now'));
INSERT INTO expressions (id, text, language_code, region_code, region_name, region_latitude, region_longitude, created_by, updated_by, created_at, updated_at, tags, source_type, review_status) VALUES (304, 'Expression sélectionnée:', 'fr', 'FR', 'Paris, France', 48.8566, 2.3522, 'langmap', 'langmap', datetime('now'), datetime('now'), '["langmap"]', 'ai', 'approved');
INSERT INTO expression_versions (expression_id, text, region_name, region_latitude, region_longitude, created_by, created_at) VALUES (304, 'Expression sélectionnée:', 'Paris, France', 48.8566, 2.3522, 'langmap', datetime('now'));
INSERT INTO expression_meanings (expression_id, meaning_id, created_by, updated_by, created_at, updated_at) VALUES (304, 588178763, 'langmap', 'langmap', datetime('now'), datetime('now'));
INSERT INTO expressions (id, text, language_code, region_code, region_name, region_latitude, region_longitude, created_by, updated_by, created_at, updated_at, tags, source_type, review_status) VALUES (305, 'Glose de la signification', 'fr', 'FR', 'Paris, France', 48.8566, 2.3522, 'langmap', 'langmap', datetime('now'), datetime('now'), '["langmap"]', 'ai', 'approved');
INSERT INTO expression_versions (expression_id, text, region_name, region_latitude, region_longitude, created_by, created_at) VALUES (305, 'Glose de la signification', 'Paris, France', 48.8566, 2.3522, 'langmap', datetime('now'));
INSERT INTO expression_meanings (expression_id, meaning_id, created_by, updated_by, created_at, updated_at) VALUES (305, 1789770084, 'langmap', 'langmap', datetime('now'), datetime('now'));
INSERT INTO expressions (id, text, language_code, region_code, region_name, region_latitude, region_longitude, created_by, updated_by, created_at, updated_at, tags, source_type, review_status) VALUES (306, 'Identifiant bref pour cette signification', 'fr', 'FR', 'Paris, France', 48.8566, 2.3522, 'langmap', 'langmap', datetime('now'), datetime('now'), '["langmap"]', 'ai', 'approved');
INSERT INTO expression_versions (expression_id, text, region_name, region_latitude, region_longitude, created_by, created_at) VALUES (306, 'Identifiant bref pour cette signification', 'Paris, France', 48.8566, 2.3522, 'langmap', datetime('now'));
INSERT INTO expression_meanings (expression_id, meaning_id, created_by, updated_by, created_at, updated_at) VALUES (306, 1132466761, 'langmap', 'langmap', datetime('now'), datetime('now'));
INSERT INTO expressions (id, text, language_code, region_code, region_name, region_latitude, region_longitude, created_by, updated_by, created_at, updated_at, tags, source_type, review_status) VALUES (307, 'Une courte phrase qui capture l''essence de cette signification', 'fr', 'FR', 'Paris, France', 48.8566, 2.3522, 'langmap', 'langmap', datetime('now'), datetime('now'), '["langmap"]', 'ai', 'approved');
INSERT INTO expression_versions (expression_id, text, region_name, region_latitude, region_longitude, created_by, created_at) VALUES (307, 'Une courte phrase qui capture l''essence de cette signification', 'Paris, France', 48.8566, 2.3522, 'langmap', datetime('now'));
INSERT INTO expression_meanings (expression_id, meaning_id, created_by, updated_by, created_at, updated_at) VALUES (307, 999221063, 'langmap', 'langmap', datetime('now'), datetime('now'));
INSERT INTO expressions (id, text, language_code, region_code, region_name, region_latitude, region_longitude, created_by, updated_by, created_at, updated_at, tags, source_type, review_status) VALUES (308, 'Description de la signification', 'fr', 'FR', 'Paris, France', 48.8566, 2.3522, 'langmap', 'langmap', datetime('now'), datetime('now'), '["langmap"]', 'ai', 'approved');
INSERT INTO expression_versions (expression_id, text, region_name, region_latitude, region_longitude, created_by, created_at) VALUES (308, 'Description de la signification', 'Paris, France', 48.8566, 2.3522, 'langmap', datetime('now'));
INSERT INTO expression_meanings (expression_id, meaning_id, created_by, updated_by, created_at, updated_at) VALUES (308, 1554575731, 'langmap', 'langmap', datetime('now'), datetime('now'));
INSERT INTO expressions (id, text, language_code, region_code, region_name, region_latitude, region_longitude, created_by, updated_by, created_at, updated_at, tags, source_type, review_status) VALUES (309, 'Explication détaillée de cette signification', 'fr', 'FR', 'Paris, France', 48.8566, 2.3522, 'langmap', 'langmap', datetime('now'), datetime('now'), '["langmap"]', 'ai', 'approved');
INSERT INTO expression_versions (expression_id, text, region_name, region_latitude, region_longitude, created_by, created_at) VALUES (309, 'Explication détaillée de cette signification', 'Paris, France', 48.8566, 2.3522, 'langmap', datetime('now'));
INSERT INTO expression_meanings (expression_id, meaning_id, created_by, updated_by, created_at, updated_at) VALUES (309, 1636970553, 'langmap', 'langmap', datetime('now'), datetime('now'));
INSERT INTO expressions (id, text, language_code, region_code, region_name, region_latitude, region_longitude, created_by, updated_by, created_at, updated_at, tags, source_type, review_status) VALUES (310, 'Une description complète de ce que représente cette signification', 'fr', 'FR', 'Paris, France', 48.8566, 2.3522, 'langmap', 'langmap', datetime('now'), datetime('now'), '["langmap"]', 'ai', 'approved');
INSERT INTO expression_versions (expression_id, text, region_name, region_latitude, region_longitude, created_by, created_at) VALUES (310, 'Une description complète de ce que représente cette signification', 'Paris, France', 48.8566, 2.3522, 'langmap', datetime('now'));
INSERT INTO expression_meanings (expression_id, meaning_id, created_by, updated_by, created_at, updated_at) VALUES (310, 1869566903, 'langmap', 'langmap', datetime('now'), datetime('now'));
INSERT INTO expressions (id, text, language_code, region_code, region_name, region_latitude, region_longitude, created_by, updated_by, created_at, updated_at, tags, source_type, review_status) VALUES (311, 'Étiquettes', 'fr', 'FR', 'Paris, France', 48.8566, 2.3522, 'langmap', 'langmap', datetime('now'), datetime('now'), '["langmap"]', 'ai', 'approved');
INSERT INTO expression_versions (expression_id, text, region_name, region_latitude, region_longitude, created_by, created_at) VALUES (311, 'Étiquettes', 'Paris, France', 48.8566, 2.3522, 'langmap', datetime('now'));
INSERT INTO expression_meanings (expression_id, meaning_id, created_by, updated_by, created_at, updated_at) VALUES (311, 56467778, 'langmap', 'langmap', datetime('now'), datetime('now'));
INSERT INTO expressions (id, text, language_code, region_code, region_name, region_latitude, region_longitude, created_by, updated_by, created_at, updated_at, tags, source_type, review_status) VALUES (312, 'Ajouter une étiquette...', 'fr', 'FR', 'Paris, France', 48.8566, 2.3522, 'langmap', 'langmap', datetime('now'), datetime('now'), '["langmap"]', 'ai', 'approved');
INSERT INTO expression_versions (expression_id, text, region_name, region_latitude, region_longitude, created_by, created_at) VALUES (312, 'Ajouter une étiquette...', 'Paris, France', 48.8566, 2.3522, 'langmap', datetime('now'));
INSERT INTO expression_meanings (expression_id, meaning_id, created_by, updated_by, created_at, updated_at) VALUES (312, 194913104, 'langmap', 'langmap', datetime('now'), datetime('now'));
INSERT INTO expressions (id, text, language_code, region_code, region_name, region_latitude, region_longitude, created_by, updated_by, created_at, updated_at, tags, source_type, review_status) VALUES (313, 'Les étiquettes aident à catégoriser et trouver des significations (appuyez sur Entrée ou virgule pour ajouter)', 'fr', 'FR', 'Paris, France', 48.8566, 2.3522, 'langmap', 'langmap', datetime('now'), datetime('now'), '["langmap"]', 'ai', 'approved');
INSERT INTO expression_versions (expression_id, text, region_name, region_latitude, region_longitude, created_by, created_at) VALUES (313, 'Les étiquettes aident à catégoriser et trouver des significations (appuyez sur Entrée ou virgule pour ajouter)', 'Paris, France', 48.8566, 2.3522, 'langmap', datetime('now'));
INSERT INTO expression_meanings (expression_id, meaning_id, created_by, updated_by, created_at, updated_at) VALUES (313, 1385556360, 'langmap', 'langmap', datetime('now'), datetime('now'));
INSERT INTO expressions (id, text, language_code, region_code, region_name, region_latitude, region_longitude, created_by, updated_by, created_at, updated_at, tags, source_type, review_status) VALUES (314, 'Ajouter une langue', 'fr', 'FR', 'Paris, France', 48.8566, 2.3522, 'langmap', 'langmap', datetime('now'), datetime('now'), '["langmap"]', 'ai', 'approved');
INSERT INTO expression_versions (expression_id, text, region_name, region_latitude, region_longitude, created_by, created_at) VALUES (314, 'Ajouter une langue', 'Paris, France', 48.8566, 2.3522, 'langmap', datetime('now'));
INSERT INTO expression_meanings (expression_id, meaning_id, created_by, updated_by, created_at, updated_at) VALUES (314, 1474179643, 'langmap', 'langmap', datetime('now'), datetime('now'));
INSERT INTO expressions (id, text, language_code, region_code, region_name, region_latitude, region_longitude, created_by, updated_by, created_at, updated_at, tags, source_type, review_status) VALUES (315, 'Code de langue', 'fr', 'FR', 'Paris, France', 48.8566, 2.3522, 'langmap', 'langmap', datetime('now'), datetime('now'), '["langmap"]', 'ai', 'approved');
INSERT INTO expression_versions (expression_id, text, region_name, region_latitude, region_longitude, created_by, created_at) VALUES (315, 'Code de langue', 'Paris, France', 48.8566, 2.3522, 'langmap', datetime('now'));
INSERT INTO expression_meanings (expression_id, meaning_id, created_by, updated_by, created_at, updated_at) VALUES (315, 174195536, 'langmap', 'langmap', datetime('now'), datetime('now'));
INSERT INTO expressions (id, text, language_code, region_code, region_name, region_latitude, region_longitude, created_by, updated_by, created_at, updated_at, tags, source_type, review_status) VALUES (316, 'ex. custom-lang, toki-pona', 'fr', 'FR', 'Paris, France', 48.8566, 2.3522, 'langmap', 'langmap', datetime('now'), datetime('now'), '["langmap"]', 'ai', 'approved');
INSERT INTO expression_versions (expression_id, text, region_name, region_latitude, region_longitude, created_by, created_at) VALUES (316, 'ex. custom-lang, toki-pona', 'Paris, France', 48.8566, 2.3522, 'langmap', datetime('now'));
INSERT INTO expression_meanings (expression_id, meaning_id, created_by, updated_by, created_at, updated_at) VALUES (316, 1355230541, 'langmap', 'langmap', datetime('now'), datetime('now'));
INSERT INTO expressions (id, text, language_code, region_code, region_name, region_latitude, region_longitude, created_by, updated_by, created_at, updated_at, tags, source_type, review_status) VALUES (317, 'Code personnalisé pour votre langue (peut être non standard)', 'fr', 'FR', 'Paris, France', 48.8566, 2.3522, 'langmap', 'langmap', datetime('now'), datetime('now'), '["langmap"]', 'ai', 'approved');
INSERT INTO expression_versions (expression_id, text, region_name, region_latitude, region_longitude, created_by, created_at) VALUES (317, 'Code personnalisé pour votre langue (peut être non standard)', 'Paris, France', 48.8566, 2.3522, 'langmap', datetime('now'));
INSERT INTO expression_meanings (expression_id, meaning_id, created_by, updated_by, created_at, updated_at) VALUES (317, 10528370, 'langmap', 'langmap', datetime('now'), datetime('now'));
INSERT INTO expressions (id, text, language_code, region_code, region_name, region_latitude, region_longitude, created_by, updated_by, created_at, updated_at, tags, source_type, review_status) VALUES (318, 'Nom de la langue', 'fr', 'FR', 'Paris, France', 48.8566, 2.3522, 'langmap', 'langmap', datetime('now'), datetime('now'), '["langmap"]', 'ai', 'approved');
INSERT INTO expression_versions (expression_id, text, region_name, region_latitude, region_longitude, created_by, created_at) VALUES (318, 'Nom de la langue', 'Paris, France', 48.8566, 2.3522, 'langmap', datetime('now'));
INSERT INTO expression_meanings (expression_id, meaning_id, created_by, updated_by, created_at, updated_at) VALUES (318, 54582974, 'langmap', 'langmap', datetime('now'), datetime('now'));
INSERT INTO expressions (id, text, language_code, region_code, region_name, region_latitude, region_longitude, created_by, updated_by, created_at, updated_at, tags, source_type, review_status) VALUES (319, 'ex. Langue personnalisée', 'fr', 'FR', 'Paris, France', 48.8566, 2.3522, 'langmap', 'langmap', datetime('now'), datetime('now'), '["langmap"]', 'ai', 'approved');
INSERT INTO expression_versions (expression_id, text, region_name, region_latitude, region_longitude, created_by, created_at) VALUES (319, 'ex. Langue personnalisée', 'Paris, France', 48.8566, 2.3522, 'langmap', datetime('now'));
INSERT INTO expression_meanings (expression_id, meaning_id, created_by, updated_by, created_at, updated_at) VALUES (319, 1991926523, 'langmap', 'langmap', datetime('now'), datetime('now'));
INSERT INTO expressions (id, text, language_code, region_code, region_name, region_latitude, region_longitude, created_by, updated_by, created_at, updated_at, tags, source_type, review_status) VALUES (320, 'Nom Natif', 'fr', 'FR', 'Paris, France', 48.8566, 2.3522, 'langmap', 'langmap', datetime('now'), datetime('now'), '["langmap"]', 'ai', 'approved');
INSERT INTO expression_versions (expression_id, text, region_name, region_latitude, region_longitude, created_by, created_at) VALUES (320, 'Nom Natif', 'Paris, France', 48.8566, 2.3522, 'langmap', datetime('now'));
INSERT INTO expression_meanings (expression_id, meaning_id, created_by, updated_by, created_at, updated_at) VALUES (320, 1716022447, 'langmap', 'langmap', datetime('now'), datetime('now'));
INSERT INTO expressions (id, text, language_code, region_code, region_name, region_latitude, region_longitude, created_by, updated_by, created_at, updated_at, tags, source_type, review_status) VALUES (321, 'ex. Nom de la langue maternelle', 'fr', 'FR', 'Paris, France', 48.8566, 2.3522, 'langmap', 'langmap', datetime('now'), datetime('now'), '["langmap"]', 'ai', 'approved');
INSERT INTO expression_versions (expression_id, text, region_name, region_latitude, region_longitude, created_by, created_at) VALUES (321, 'ex. Nom de la langue maternelle', 'Paris, France', 48.8566, 2.3522, 'langmap', datetime('now'));
INSERT INTO expression_meanings (expression_id, meaning_id, created_by, updated_by, created_at, updated_at) VALUES (321, 1945432180, 'langmap', 'langmap', datetime('now'), datetime('now'));
INSERT INTO expressions (id, text, language_code, region_code, region_name, region_latitude, region_longitude, created_by, updated_by, created_at, updated_at, tags, source_type, review_status) VALUES (322, 'Informations sur la région', 'fr', 'FR', 'Paris, France', 48.8566, 2.3522, 'langmap', 'langmap', datetime('now'), datetime('now'), '["langmap"]', 'ai', 'approved');
INSERT INTO expression_versions (expression_id, text, region_name, region_latitude, region_longitude, created_by, created_at) VALUES (322, 'Informations sur la région', 'Paris, France', 48.8566, 2.3522, 'langmap', datetime('now'));
INSERT INTO expression_meanings (expression_id, meaning_id, created_by, updated_by, created_at, updated_at) VALUES (322, 1921468690, 'langmap', 'langmap', datetime('now'), datetime('now'));
INSERT INTO expressions (id, text, language_code, region_code, region_name, region_latitude, region_longitude, created_by, updated_by, created_at, updated_at, tags, source_type, review_status) VALUES (323, 'Nom de la Région', 'fr', 'FR', 'Paris, France', 48.8566, 2.3522, 'langmap', 'langmap', datetime('now'), datetime('now'), '["langmap"]', 'ai', 'approved');
INSERT INTO expression_versions (expression_id, text, region_name, region_latitude, region_longitude, created_by, created_at) VALUES (323, 'Nom de la Région', 'Paris, France', 48.8566, 2.3522, 'langmap', datetime('now'));
INSERT INTO expression_meanings (expression_id, meaning_id, created_by, updated_by, created_at, updated_at) VALUES (323, 1018972716, 'langmap', 'langmap', datetime('now'), datetime('now'));
INSERT INTO expressions (id, text, language_code, region_code, region_name, region_latitude, region_longitude, created_by, updated_by, created_at, updated_at, tags, source_type, review_status) VALUES (324, 'ex. Londres, Royaume-Uni', 'fr', 'FR', 'Paris, France', 48.8566, 2.3522, 'langmap', 'langmap', datetime('now'), datetime('now'), '["langmap"]', 'ai', 'approved');
INSERT INTO expression_versions (expression_id, text, region_name, region_latitude, region_longitude, created_by, created_at) VALUES (324, 'ex. Londres, Royaume-Uni', 'Paris, France', 48.8566, 2.3522, 'langmap', datetime('now'));
INSERT INTO expression_meanings (expression_id, meaning_id, created_by, updated_by, created_at, updated_at) VALUES (324, 306931297, 'langmap', 'langmap', datetime('now'), datetime('now'));
INSERT INTO expressions (id, text, language_code, region_code, region_name, region_latitude, region_longitude, created_by, updated_by, created_at, updated_at, tags, source_type, review_status) VALUES (325, 'Nom de Région Natif', 'fr', 'FR', 'Paris, France', 48.8566, 2.3522, 'langmap', 'langmap', datetime('now'), datetime('now'), '["langmap"]', 'ai', 'approved');
INSERT INTO expression_versions (expression_id, text, region_name, region_latitude, region_longitude, created_by, created_at) VALUES (325, 'Nom de Région Natif', 'Paris, France', 48.8566, 2.3522, 'langmap', datetime('now'));
INSERT INTO expression_meanings (expression_id, meaning_id, created_by, updated_by, created_at, updated_at) VALUES (325, 647664578, 'langmap', 'langmap', datetime('now'), datetime('now'));
INSERT INTO expression_meanings (expression_id, meaning_id, created_by, updated_by, created_at, updated_at) VALUES (324, 765370063, 'langmap', 'langmap', datetime('now'), datetime('now'));
INSERT INTO expressions (id, text, language_code, region_code, region_name, region_latitude, region_longitude, created_by, updated_by, created_at, updated_at, tags, source_type, review_status) VALUES (326, 'Latitude', 'fr', 'FR', 'Paris, France', 48.8566, 2.3522, 'langmap', 'langmap', datetime('now'), datetime('now'), '["langmap"]', 'ai', 'approved');
INSERT INTO expression_versions (expression_id, text, region_name, region_latitude, region_longitude, created_by, created_at) VALUES (326, 'Latitude', 'Paris, France', 48.8566, 2.3522, 'langmap', datetime('now'));
INSERT INTO expression_meanings (expression_id, meaning_id, created_by, updated_by, created_at, updated_at) VALUES (326, 820519387, 'langmap', 'langmap', datetime('now'), datetime('now'));
INSERT INTO expressions (id, text, language_code, region_code, region_name, region_latitude, region_longitude, created_by, updated_by, created_at, updated_at, tags, source_type, review_status) VALUES (327, 'ex. 51.5074', 'fr', 'FR', 'Paris, France', 48.8566, 2.3522, 'langmap', 'langmap', datetime('now'), datetime('now'), '["langmap"]', 'ai', 'approved');
INSERT INTO expression_versions (expression_id, text, region_name, region_latitude, region_longitude, created_by, created_at) VALUES (327, 'ex. 51.5074', 'Paris, France', 48.8566, 2.3522, 'langmap', datetime('now'));
INSERT INTO expression_meanings (expression_id, meaning_id, created_by, updated_by, created_at, updated_at) VALUES (327, 626365559, 'langmap', 'langmap', datetime('now'), datetime('now'));
INSERT INTO expressions (id, text, language_code, region_code, region_name, region_latitude, region_longitude, created_by, updated_by, created_at, updated_at, tags, source_type, review_status) VALUES (328, 'Longitude', 'fr', 'FR', 'Paris, France', 48.8566, 2.3522, 'langmap', 'langmap', datetime('now'), datetime('now'), '["langmap"]', 'ai', 'approved');
INSERT INTO expression_versions (expression_id, text, region_name, region_latitude, region_longitude, created_by, created_at) VALUES (328, 'Longitude', 'Paris, France', 48.8566, 2.3522, 'langmap', datetime('now'));
INSERT INTO expression_meanings (expression_id, meaning_id, created_by, updated_by, created_at, updated_at) VALUES (328, 513569115, 'langmap', 'langmap', datetime('now'), datetime('now'));
INSERT INTO expressions (id, text, language_code, region_code, region_name, region_latitude, region_longitude, created_by, updated_by, created_at, updated_at, tags, source_type, review_status) VALUES (329, 'ex. -0.1278', 'fr', 'FR', 'Paris, France', 48.8566, 2.3522, 'langmap', 'langmap', datetime('now'), datetime('now'), '["langmap"]', 'ai', 'approved');
INSERT INTO expression_versions (expression_id, text, region_name, region_latitude, region_longitude, created_by, created_at) VALUES (329, 'ex. -0.1278', 'Paris, France', 48.8566, 2.3522, 'langmap', datetime('now'));
INSERT INTO expression_meanings (expression_id, meaning_id, created_by, updated_by, created_at, updated_at) VALUES (329, 2107302769, 'langmap', 'langmap', datetime('now'), datetime('now'));
INSERT INTO expressions (id, text, language_code, region_code, region_name, region_latitude, region_longitude, created_by, updated_by, created_at, updated_at, tags, source_type, review_status) VALUES (330, 'Masquer la carte', 'fr', 'FR', 'Paris, France', 48.8566, 2.3522, 'langmap', 'langmap', datetime('now'), datetime('now'), '["langmap"]', 'ai', 'approved');
INSERT INTO expression_versions (expression_id, text, region_name, region_latitude, region_longitude, created_by, created_at) VALUES (330, 'Masquer la carte', 'Paris, France', 48.8566, 2.3522, 'langmap', datetime('now'));
INSERT INTO expression_meanings (expression_id, meaning_id, created_by, updated_by, created_at, updated_at) VALUES (330, 2071213119, 'langmap', 'langmap', datetime('now'), datetime('now'));
INSERT INTO expressions (id, text, language_code, region_code, region_name, region_latitude, region_longitude, created_by, updated_by, created_at, updated_at, tags, source_type, review_status) VALUES (331, 'Direction du Texte', 'fr', 'FR', 'Paris, France', 48.8566, 2.3522, 'langmap', 'langmap', datetime('now'), datetime('now'), '["langmap"]', 'ai', 'approved');
INSERT INTO expression_versions (expression_id, text, region_name, region_latitude, region_longitude, created_by, created_at) VALUES (331, 'Direction du Texte', 'Paris, France', 48.8566, 2.3522, 'langmap', datetime('now'));
INSERT INTO expression_meanings (expression_id, meaning_id, created_by, updated_by, created_at, updated_at) VALUES (331, 2030701872, 'langmap', 'langmap', datetime('now'), datetime('now'));
INSERT INTO expressions (id, text, language_code, region_code, region_name, region_latitude, region_longitude, created_by, updated_by, created_at, updated_at, tags, source_type, review_status) VALUES (332, 'De gauche à droite (LTR)', 'fr', 'FR', 'Paris, France', 48.8566, 2.3522, 'langmap', 'langmap', datetime('now'), datetime('now'), '["langmap"]', 'ai', 'approved');
INSERT INTO expression_versions (expression_id, text, region_name, region_latitude, region_longitude, created_by, created_at) VALUES (332, 'De gauche à droite (LTR)', 'Paris, France', 48.8566, 2.3522, 'langmap', datetime('now'));
INSERT INTO expression_meanings (expression_id, meaning_id, created_by, updated_by, created_at, updated_at) VALUES (332, 822144154, 'langmap', 'langmap', datetime('now'), datetime('now'));
INSERT INTO expressions (id, text, language_code, region_code, region_name, region_latitude, region_longitude, created_by, updated_by, created_at, updated_at, tags, source_type, review_status) VALUES (333, 'De droite à gauche (RTL)', 'fr', 'FR', 'Paris, France', 48.8566, 2.3522, 'langmap', 'langmap', datetime('now'), datetime('now'), '["langmap"]', 'ai', 'approved');
INSERT INTO expression_versions (expression_id, text, region_name, region_latitude, region_longitude, created_by, created_at) VALUES (333, 'De droite à gauche (RTL)', 'Paris, France', 48.8566, 2.3522, 'langmap', datetime('now'));
INSERT INTO expression_meanings (expression_id, meaning_id, created_by, updated_by, created_at, updated_at) VALUES (333, 208973083, 'langmap', 'langmap', datetime('now'), datetime('now'));
INSERT INTO expressions (id, text, language_code, region_code, region_name, region_latitude, region_longitude, created_by, updated_by, created_at, updated_at, tags, source_type, review_status) VALUES (334, 'Ajout en cours...', 'fr', 'FR', 'Paris, France', 48.8566, 2.3522, 'langmap', 'langmap', datetime('now'), datetime('now'), '["langmap"]', 'ai', 'approved');
INSERT INTO expression_versions (expression_id, text, region_name, region_latitude, region_longitude, created_by, created_at) VALUES (334, 'Ajout en cours...', 'Paris, France', 48.8566, 2.3522, 'langmap', datetime('now'));
INSERT INTO expression_meanings (expression_id, meaning_id, created_by, updated_by, created_at, updated_at) VALUES (334, 1116697603, 'langmap', 'langmap', datetime('now'), datetime('now'));
INSERT INTO expressions (id, text, language_code, region_code, region_name, region_latitude, region_longitude, created_by, updated_by, created_at, updated_at, tags, source_type, review_status) VALUES (335, 'Échec de l''ajout de la langue. Veuillez réessayer.', 'fr', 'FR', 'Paris, France', 48.8566, 2.3522, 'langmap', 'langmap', datetime('now'), datetime('now'), '["langmap"]', 'ai', 'approved');
INSERT INTO expression_versions (expression_id, text, region_name, region_latitude, region_longitude, created_by, created_at) VALUES (335, 'Échec de l''ajout de la langue. Veuillez réessayer.', 'Paris, France', 48.8566, 2.3522, 'langmap', datetime('now'));
INSERT INTO expression_meanings (expression_id, meaning_id, created_by, updated_by, created_at, updated_at) VALUES (335, 577671469, 'langmap', 'langmap', datetime('now'), datetime('now'));
INSERT INTO expressions (id, text, language_code, region_code, region_name, region_latitude, region_longitude, created_by, updated_by, created_at, updated_at, tags, source_type, review_status) VALUES (336, 'Retour à la recherche', 'fr', 'FR', 'Paris, France', 48.8566, 2.3522, 'langmap', 'langmap', datetime('now'), datetime('now'), '["langmap"]', 'ai', 'approved');
INSERT INTO expression_versions (expression_id, text, region_name, region_latitude, region_longitude, created_by, created_at) VALUES (336, 'Retour à la recherche', 'Paris, France', 48.8566, 2.3522, 'langmap', datetime('now'));
INSERT INTO expression_meanings (expression_id, meaning_id, created_by, updated_by, created_at, updated_at) VALUES (336, 1173588834, 'langmap', 'langmap', datetime('now'), datetime('now'));
INSERT INTO expressions (id, text, language_code, region_code, region_name, region_latitude, region_longitude, created_by, updated_by, created_at, updated_at, tags, source_type, review_status) VALUES (337, 'Chargement des détails de l''expression...', 'fr', 'FR', 'Paris, France', 48.8566, 2.3522, 'langmap', 'langmap', datetime('now'), datetime('now'), '["langmap"]', 'ai', 'approved');
INSERT INTO expression_versions (expression_id, text, region_name, region_latitude, region_longitude, created_by, created_at) VALUES (337, 'Chargement des détails de l''expression...', 'Paris, France', 48.8566, 2.3522, 'langmap', datetime('now'));
INSERT INTO expression_meanings (expression_id, meaning_id, created_by, updated_by, created_at, updated_at) VALUES (337, 916646339, 'langmap', 'langmap', datetime('now'), datetime('now'));
INSERT INTO expressions (id, text, language_code, region_code, region_name, region_latitude, region_longitude, created_by, updated_by, created_at, updated_at, tags, source_type, review_status) VALUES (338, 'Détails de l''expression', 'fr', 'FR', 'Paris, France', 48.8566, 2.3522, 'langmap', 'langmap', datetime('now'), datetime('now'), '["langmap"]', 'ai', 'approved');
INSERT INTO expression_versions (expression_id, text, region_name, region_latitude, region_longitude, created_by, created_at) VALUES (338, 'Détails de l''expression', 'Paris, France', 48.8566, 2.3522, 'langmap', datetime('now'));
INSERT INTO expression_meanings (expression_id, meaning_id, created_by, updated_by, created_at, updated_at) VALUES (338, 303419628, 'langmap', 'langmap', datetime('now'), datetime('now'));
INSERT INTO expressions (id, text, language_code, region_code, region_name, region_latitude, region_longitude, created_by, updated_by, created_at, updated_at, tags, source_type, review_status) VALUES (339, 'Significations associées', 'fr', 'FR', 'Paris, France', 48.8566, 2.3522, 'langmap', 'langmap', datetime('now'), datetime('now'), '["langmap"]', 'ai', 'approved');
INSERT INTO expression_versions (expression_id, text, region_name, region_latitude, region_longitude, created_by, created_at) VALUES (339, 'Significations associées', 'Paris, France', 48.8566, 2.3522, 'langmap', datetime('now'));
INSERT INTO expression_meanings (expression_id, meaning_id, created_by, updated_by, created_at, updated_at) VALUES (339, 1082150934, 'langmap', 'langmap', datetime('now'), datetime('now'));
INSERT INTO expressions (id, text, language_code, region_code, region_name, region_latitude, region_longitude, created_by, updated_by, created_at, updated_at, tags, source_type, review_status) VALUES (340, 'Associer des expressions', 'fr', 'FR', 'Paris, France', 48.8566, 2.3522, 'langmap', 'langmap', datetime('now'), datetime('now'), '["langmap"]', 'ai', 'approved');
INSERT INTO expression_versions (expression_id, text, region_name, region_latitude, region_longitude, created_by, created_at) VALUES (340, 'Associer des expressions', 'Paris, France', 48.8566, 2.3522, 'langmap', datetime('now'));
INSERT INTO expression_meanings (expression_id, meaning_id, created_by, updated_by, created_at, updated_at) VALUES (340, 977355953, 'langmap', 'langmap', datetime('now'), datetime('now'));
INSERT INTO expression_meanings (expression_id, meaning_id, created_by, updated_by, created_at, updated_at) VALUES (299, 840883141, 'langmap', 'langmap', datetime('now'), datetime('now'));
INSERT INTO expressions (id, text, language_code, region_code, region_name, region_latitude, region_longitude, created_by, updated_by, created_at, updated_at, tags, source_type, review_status) VALUES (341, 'Rechercher des expressions à associer...', 'fr', 'FR', 'Paris, France', 48.8566, 2.3522, 'langmap', 'langmap', datetime('now'), datetime('now'), '["langmap"]', 'ai', 'approved');
INSERT INTO expression_versions (expression_id, text, region_name, region_latitude, region_longitude, created_by, created_at) VALUES (341, 'Rechercher des expressions à associer...', 'Paris, France', 48.8566, 2.3522, 'langmap', datetime('now'));
INSERT INTO expression_meanings (expression_id, meaning_id, created_by, updated_by, created_at, updated_at) VALUES (341, 531232349, 'langmap', 'langmap', datetime('now'), datetime('now'));
INSERT INTO expression_meanings (expression_id, meaning_id, created_by, updated_by, created_at, updated_at) VALUES (240, 1801706047, 'langmap', 'langmap', datetime('now'), datetime('now'));
INSERT INTO expressions (id, text, language_code, region_code, region_name, region_latitude, region_longitude, created_by, updated_by, created_at, updated_at, tags, source_type, review_status) VALUES (342, 'Recherche en cours...', 'fr', 'FR', 'Paris, France', 48.8566, 2.3522, 'langmap', 'langmap', datetime('now'), datetime('now'), '["langmap"]', 'ai', 'approved');
INSERT INTO expression_versions (expression_id, text, region_name, region_latitude, region_longitude, created_by, created_at) VALUES (342, 'Recherche en cours...', 'Paris, France', 48.8566, 2.3522, 'langmap', datetime('now'));
INSERT INTO expression_meanings (expression_id, meaning_id, created_by, updated_by, created_at, updated_at) VALUES (342, 204956308, 'langmap', 'langmap', datetime('now'), datetime('now'));
INSERT INTO expressions (id, text, language_code, region_code, region_name, region_latitude, region_longitude, created_by, updated_by, created_at, updated_at, tags, source_type, review_status) VALUES (343, 'Aucune expression trouvée. Essayez des termes de recherche différents.', 'fr', 'FR', 'Paris, France', 48.8566, 2.3522, 'langmap', 'langmap', datetime('now'), datetime('now'), '["langmap"]', 'ai', 'approved');
INSERT INTO expression_versions (expression_id, text, region_name, region_latitude, region_longitude, created_by, created_at) VALUES (343, 'Aucune expression trouvée. Essayez des termes de recherche différents.', 'Paris, France', 48.8566, 2.3522, 'langmap', datetime('now'));
INSERT INTO expression_meanings (expression_id, meaning_id, created_by, updated_by, created_at, updated_at) VALUES (343, 396634966, 'langmap', 'langmap', datetime('now'), datetime('now'));
INSERT INTO expressions (id, text, language_code, region_code, region_name, region_latitude, region_longitude, created_by, updated_by, created_at, updated_at, tags, source_type, review_status) VALUES (344, 'Lier', 'fr', 'FR', 'Paris, France', 48.8566, 2.3522, 'langmap', 'langmap', datetime('now'), datetime('now'), '["langmap"]', 'ai', 'approved');
INSERT INTO expression_versions (expression_id, text, region_name, region_latitude, region_longitude, created_by, created_at) VALUES (344, 'Lier', 'Paris, France', 48.8566, 2.3522, 'langmap', datetime('now'));
INSERT INTO expression_meanings (expression_id, meaning_id, created_by, updated_by, created_at, updated_at) VALUES (344, 1812761320, 'langmap', 'langmap', datetime('now'), datetime('now'));
INSERT INTO expressions (id, text, language_code, region_code, region_name, region_latitude, region_longitude, created_by, updated_by, created_at, updated_at, tags, source_type, review_status) VALUES (345, 'Déjà lié', 'fr', 'FR', 'Paris, France', 48.8566, 2.3522, 'langmap', 'langmap', datetime('now'), datetime('now'), '["langmap"]', 'ai', 'approved');
INSERT INTO expression_versions (expression_id, text, region_name, region_latitude, region_longitude, created_by, created_at) VALUES (345, 'Déjà lié', 'Paris, France', 48.8566, 2.3522, 'langmap', datetime('now'));
INSERT INTO expression_meanings (expression_id, meaning_id, created_by, updated_by, created_at, updated_at) VALUES (345, 1733733173, 'langmap', 'langmap', datetime('now'), datetime('now'));
INSERT INTO expressions (id, text, language_code, region_code, region_name, region_latitude, region_longitude, created_by, updated_by, created_at, updated_at, tags, source_type, review_status) VALUES (346, 'Les résultats de recherche incluent l''expression actuelle.', 'fr', 'FR', 'Paris, France', 48.8566, 2.3522, 'langmap', 'langmap', datetime('now'), datetime('now'), '["langmap"]', 'ai', 'approved');
INSERT INTO expression_versions (expression_id, text, region_name, region_latitude, region_longitude, created_by, created_at) VALUES (346, 'Les résultats de recherche incluent l''expression actuelle.', 'Paris, France', 48.8566, 2.3522, 'langmap', datetime('now'));
INSERT INTO expression_meanings (expression_id, meaning_id, created_by, updated_by, created_at, updated_at) VALUES (346, 825539610, 'langmap', 'langmap', datetime('now'), datetime('now'));
INSERT INTO expressions (id, text, language_code, region_code, region_name, region_latitude, region_longitude, created_by, updated_by, created_at, updated_at, tags, source_type, review_status) VALUES (347, 'Lier à la signification:', 'fr', 'FR', 'Paris, France', 48.8566, 2.3522, 'langmap', 'langmap', datetime('now'), datetime('now'), '["langmap"]', 'ai', 'approved');
INSERT INTO expression_versions (expression_id, text, region_name, region_latitude, region_longitude, created_by, created_at) VALUES (347, 'Lier à la signification:', 'Paris, France', 48.8566, 2.3522, 'langmap', datetime('now'));
INSERT INTO expression_meanings (expression_id, meaning_id, created_by, updated_by, created_at, updated_at) VALUES (347, 1320578155, 'langmap', 'langmap', datetime('now'), datetime('now'));
INSERT INTO expressions (id, text, language_code, region_code, region_name, region_latitude, region_longitude, created_by, updated_by, created_at, updated_at, tags, source_type, review_status) VALUES (348, '-- Sélectionner une signification --', 'fr', 'FR', 'Paris, France', 48.8566, 2.3522, 'langmap', 'langmap', datetime('now'), datetime('now'), '["langmap"]', 'ai', 'approved');
INSERT INTO expression_versions (expression_id, text, region_name, region_latitude, region_longitude, created_by, created_at) VALUES (348, '-- Sélectionner une signification --', 'Paris, France', 48.8566, 2.3522, 'langmap', datetime('now'));
INSERT INTO expression_meanings (expression_id, meaning_id, created_by, updated_by, created_at, updated_at) VALUES (348, 1171371199, 'langmap', 'langmap', datetime('now'), datetime('now'));
INSERT INTO expressions (id, text, language_code, region_code, region_name, region_latitude, region_longitude, created_by, updated_by, created_at, updated_at, tags, source_type, review_status) VALUES (349, 'Créer une nouvelle signification…', 'fr', 'FR', 'Paris, France', 48.8566, 2.3522, 'langmap', 'langmap', datetime('now'), datetime('now'), '["langmap"]', 'ai', 'approved');
INSERT INTO expression_versions (expression_id, text, region_name, region_latitude, region_longitude, created_by, created_at) VALUES (349, 'Créer une nouvelle signification…', 'Paris, France', 48.8566, 2.3522, 'langmap', datetime('now'));
INSERT INTO expression_meanings (expression_id, meaning_id, created_by, updated_by, created_at, updated_at) VALUES (349, 2048212694, 'langmap', 'langmap', datetime('now'), datetime('now'));
INSERT INTO expressions (id, text, language_code, region_code, region_name, region_latitude, region_longitude, created_by, updated_by, created_at, updated_at, tags, source_type, review_status) VALUES (350, 'Glose de la nouvelle signification', 'fr', 'FR', 'Paris, France', 48.8566, 2.3522, 'langmap', 'langmap', datetime('now'), datetime('now'), '["langmap"]', 'ai', 'approved');
INSERT INTO expression_versions (expression_id, text, region_name, region_latitude, region_longitude, created_by, created_at) VALUES (350, 'Glose de la nouvelle signification', 'Paris, France', 48.8566, 2.3522, 'langmap', datetime('now'));
INSERT INTO expression_meanings (expression_id, meaning_id, created_by, updated_by, created_at, updated_at) VALUES (350, 787431441, 'langmap', 'langmap', datetime('now'), datetime('now'));
INSERT INTO expressions (id, text, language_code, region_code, region_name, region_latitude, region_longitude, created_by, updated_by, created_at, updated_at, tags, source_type, review_status) VALUES (351, 'Créer une signification', 'fr', 'FR', 'Paris, France', 48.8566, 2.3522, 'langmap', 'langmap', datetime('now'), datetime('now'), '["langmap"]', 'ai', 'approved');
INSERT INTO expression_versions (expression_id, text, region_name, region_latitude, region_longitude, created_by, created_at) VALUES (351, 'Créer une signification', 'Paris, France', 48.8566, 2.3522, 'langmap', datetime('now'));
INSERT INTO expression_meanings (expression_id, meaning_id, created_by, updated_by, created_at, updated_at) VALUES (351, 1044591763, 'langmap', 'langmap', datetime('now'), datetime('now'));
INSERT INTO expressions (id, text, language_code, region_code, region_name, region_latitude, region_longitude, created_by, updated_by, created_at, updated_at, tags, source_type, review_status) VALUES (352, 'Aucune signification associée à cette expression', 'fr', 'FR', 'Paris, France', 48.8566, 2.3522, 'langmap', 'langmap', datetime('now'), datetime('now'), '["langmap"]', 'ai', 'approved');
INSERT INTO expression_versions (expression_id, text, region_name, region_latitude, region_longitude, created_by, created_at) VALUES (352, 'Aucune signification associée à cette expression', 'Paris, France', 48.8566, 2.3522, 'langmap', datetime('now'));
INSERT INTO expression_meanings (expression_id, meaning_id, created_by, updated_by, created_at, updated_at) VALUES (352, 2010884750, 'langmap', 'langmap', datetime('now'), datetime('now'));
INSERT INTO expressions (id, text, language_code, region_code, region_name, region_latitude, region_longitude, created_by, updated_by, created_at, updated_at, tags, source_type, review_status) VALUES (353, 'Associer avec des significations', 'fr', 'FR', 'Paris, France', 48.8566, 2.3522, 'langmap', 'langmap', datetime('now'), datetime('now'), '["langmap"]', 'ai', 'approved');
INSERT INTO expression_versions (expression_id, text, region_name, region_latitude, region_longitude, created_by, created_at) VALUES (353, 'Associer avec des significations', 'Paris, France', 48.8566, 2.3522, 'langmap', datetime('now'));
INSERT INTO expression_meanings (expression_id, meaning_id, created_by, updated_by, created_at, updated_at) VALUES (353, 1273274090, 'langmap', 'langmap', datetime('now'), datetime('now'));
INSERT INTO expressions (id, text, language_code, region_code, region_name, region_latitude, region_longitude, created_by, updated_by, created_at, updated_at, tags, source_type, review_status) VALUES (354, 'Global', 'fr', 'FR', 'Paris, France', 48.8566, 2.3522, 'langmap', 'langmap', datetime('now'), datetime('now'), '["langmap"]', 'ai', 'approved');
INSERT INTO expression_versions (expression_id, text, region_name, region_latitude, region_longitude, created_by, created_at) VALUES (354, 'Global', 'Paris, France', 48.8566, 2.3522, 'langmap', datetime('now'));
INSERT INTO expression_meanings (expression_id, meaning_id, created_by, updated_by, created_at, updated_at) VALUES (354, 176252579, 'langmap', 'langmap', datetime('now'), datetime('now'));
INSERT INTO expressions (id, text, language_code, region_code, region_name, region_latitude, region_longitude, created_by, updated_by, created_at, updated_at, tags, source_type, review_status) VALUES (355, 'Jouer', 'fr', 'FR', 'Paris, France', 48.8566, 2.3522, 'langmap', 'langmap', datetime('now'), datetime('now'), '["langmap"]', 'ai', 'approved');
INSERT INTO expression_versions (expression_id, text, region_name, region_latitude, region_longitude, created_by, created_at) VALUES (355, 'Jouer', 'Paris, France', 48.8566, 2.3522, 'langmap', datetime('now'));
INSERT INTO expression_meanings (expression_id, meaning_id, created_by, updated_by, created_at, updated_at) VALUES (355, 2089767296, 'langmap', 'langmap', datetime('now'), datetime('now'));
INSERT INTO expressions (id, text, language_code, region_code, region_name, region_latitude, region_longitude, created_by, updated_by, created_at, updated_at, tags, source_type, review_status) VALUES (356, 'auto', 'fr', 'FR', 'Paris, France', 48.8566, 2.3522, 'langmap', 'langmap', datetime('now'), datetime('now'), '["langmap"]', 'ai', 'approved');
INSERT INTO expression_versions (expression_id, text, region_name, region_latitude, region_longitude, created_by, created_at) VALUES (356, 'auto', 'Paris, France', 48.8566, 2.3522, 'langmap', datetime('now'));
INSERT INTO expression_meanings (expression_id, meaning_id, created_by, updated_by, created_at, updated_at) VALUES (356, 645537796, 'langmap', 'langmap', datetime('now'), datetime('now'));
INSERT INTO expressions (id, text, language_code, region_code, region_name, region_latitude, region_longitude, created_by, updated_by, created_at, updated_at, tags, source_type, review_status) VALUES (357, 'Historique des versions', 'fr', 'FR', 'Paris, France', 48.8566, 2.3522, 'langmap', 'langmap', datetime('now'), datetime('now'), '["langmap"]', 'ai', 'approved');
INSERT INTO expression_versions (expression_id, text, region_name, region_latitude, region_longitude, created_by, created_at) VALUES (357, 'Historique des versions', 'Paris, France', 48.8566, 2.3522, 'langmap', datetime('now'));
INSERT INTO expression_meanings (expression_id, meaning_id, created_by, updated_by, created_at, updated_at) VALUES (357, 1744326251, 'langmap', 'langmap', datetime('now'), datetime('now'));
INSERT INTO expressions (id, text, language_code, region_code, region_name, region_latitude, region_longitude, created_by, updated_by, created_at, updated_at, tags, source_type, review_status) VALUES (358, 'Chargement des versions...', 'fr', 'FR', 'Paris, France', 48.8566, 2.3522, 'langmap', 'langmap', datetime('now'), datetime('now'), '["langmap"]', 'ai', 'approved');
INSERT INTO expression_versions (expression_id, text, region_name, region_latitude, region_longitude, created_by, created_at) VALUES (358, 'Chargement des versions...', 'Paris, France', 48.8566, 2.3522, 'langmap', datetime('now'));
INSERT INTO expression_meanings (expression_id, meaning_id, created_by, updated_by, created_at, updated_at) VALUES (358, 715462937, 'langmap', 'langmap', datetime('now'), datetime('now'));
INSERT INTO expressions (id, text, language_code, region_code, region_name, region_latitude, region_longitude, created_by, updated_by, created_at, updated_at, tags, source_type, review_status) VALUES (359, 'Aucune version disponible', 'fr', 'FR', 'Paris, France', 48.8566, 2.3522, 'langmap', 'langmap', datetime('now'), datetime('now'), '["langmap"]', 'ai', 'approved');
INSERT INTO expression_versions (expression_id, text, region_name, region_latitude, region_longitude, created_by, created_at) VALUES (359, 'Aucune version disponible', 'Paris, France', 48.8566, 2.3522, 'langmap', datetime('now'));
INSERT INTO expression_meanings (expression_id, meaning_id, created_by, updated_by, created_at, updated_at) VALUES (359, 1713513424, 'langmap', 'langmap', datetime('now'), datetime('now'));
INSERT INTO expression_meanings (expression_id, meaning_id, created_by, updated_by, created_at, updated_at) VALUES (356, 80058487, 'langmap', 'langmap', datetime('now'), datetime('now'));
INSERT INTO expressions (id, text, language_code, region_code, region_name, region_latitude, region_longitude, created_by, updated_by, created_at, updated_at, tags, source_type, review_status) VALUES (360, 'Anonyme', 'fr', 'FR', 'Paris, France', 48.8566, 2.3522, 'langmap', 'langmap', datetime('now'), datetime('now'), '["langmap"]', 'ai', 'approved');
INSERT INTO expression_versions (expression_id, text, region_name, region_latitude, region_longitude, created_by, created_at) VALUES (360, 'Anonyme', 'Paris, France', 48.8566, 2.3522, 'langmap', datetime('now'));
INSERT INTO expression_meanings (expression_id, meaning_id, created_by, updated_by, created_at, updated_at) VALUES (360, 82914960, 'langmap', 'langmap', datetime('now'), datetime('now'));
INSERT INTO expressions (id, text, language_code, region_code, region_name, region_latitude, region_longitude, created_by, updated_by, created_at, updated_at, tags, source_type, review_status) VALUES (361, '探索世界語言', 'zh-TW', 'TW', '台北，台灣', 25.033, 121.5654, 'langmap', 'langmap', datetime('now'), datetime('now'), '["langmap"]', 'ai', 'approved');
INSERT INTO expression_versions (expression_id, text, region_name, region_latitude, region_longitude, created_by, created_at) VALUES (361, '探索世界語言', '台北，台灣', 25.033, 121.5654, 'langmap', datetime('now'));
INSERT INTO expression_meanings (expression_id, meaning_id, created_by, updated_by, created_at, updated_at) VALUES (361, 1232590872, 'langmap', 'langmap', datetime('now'), datetime('now'));
INSERT INTO expressions (id, text, language_code, region_code, region_name, region_latitude, region_longitude, created_by, updated_by, created_at, updated_at, tags, source_type, review_status) VALUES (362, '發現各地區和文化的語言差異', 'zh-TW', 'TW', '台北，台灣', 25.033, 121.5654, 'langmap', 'langmap', datetime('now'), datetime('now'), '["langmap"]', 'ai', 'approved');
INSERT INTO expression_versions (expression_id, text, region_name, region_latitude, region_longitude, created_by, created_at) VALUES (362, '發現各地區和文化的語言差異', '台北，台灣', 25.033, 121.5654, 'langmap', datetime('now'));
INSERT INTO expression_meanings (expression_id, meaning_id, created_by, updated_by, created_at, updated_at) VALUES (362, 738769989, 'langmap', 'langmap', datetime('now'), datetime('now'));
INSERT INTO expressions (id, text, language_code, region_code, region_name, region_latitude, region_longitude, created_by, updated_by, created_at, updated_at, tags, source_type, review_status) VALUES (363, '搜尋詞句...', 'zh-TW', 'TW', '台北，台灣', 25.033, 121.5654, 'langmap', 'langmap', datetime('now'), datetime('now'), '["langmap"]', 'ai', 'approved');
INSERT INTO expression_versions (expression_id, text, region_name, region_latitude, region_longitude, created_by, created_at) VALUES (363, '搜尋詞句...', '台北，台灣', 25.033, 121.5654, 'langmap', datetime('now'));
INSERT INTO expression_meanings (expression_id, meaning_id, created_by, updated_by, created_at, updated_at) VALUES (363, 87878107, 'langmap', 'langmap', datetime('now'), datetime('now'));
INSERT INTO expressions (id, text, language_code, region_code, region_name, region_latitude, region_longitude, created_by, updated_by, created_at, updated_at, tags, source_type, review_status) VALUES (364, '搜尋', 'zh-TW', 'TW', '台北，台灣', 25.033, 121.5654, 'langmap', 'langmap', datetime('now'), datetime('now'), '["langmap"]', 'ai', 'approved');
INSERT INTO expression_versions (expression_id, text, region_name, region_latitude, region_longitude, created_by, created_at) VALUES (364, '搜尋', '台北，台灣', 25.033, 121.5654, 'langmap', datetime('now'));
INSERT INTO expression_meanings (expression_id, meaning_id, created_by, updated_by, created_at, updated_at) VALUES (364, 1861719002, 'langmap', 'langmap', datetime('now'), datetime('now'));
INSERT INTO expressions (id, text, language_code, region_code, region_name, region_latitude, region_longitude, created_by, updated_by, created_at, updated_at, tags, source_type, review_status) VALUES (365, '總詞句數', 'zh-TW', 'TW', '台北，台灣', 25.033, 121.5654, 'langmap', 'langmap', datetime('now'), datetime('now'), '["langmap"]', 'ai', 'approved');
INSERT INTO expression_versions (expression_id, text, region_name, region_latitude, region_longitude, created_by, created_at) VALUES (365, '總詞句數', '台北，台灣', 25.033, 121.5654, 'langmap', datetime('now'));
INSERT INTO expression_meanings (expression_id, meaning_id, created_by, updated_by, created_at, updated_at) VALUES (365, 2073608002, 'langmap', 'langmap', datetime('now'), datetime('now'));
INSERT INTO expressions (id, text, language_code, region_code, region_name, region_latitude, region_longitude, created_by, updated_by, created_at, updated_at, tags, source_type, review_status) VALUES (366, '語言', 'zh-TW', 'TW', '台北，台灣', 25.033, 121.5654, 'langmap', 'langmap', datetime('now'), datetime('now'), '["langmap"]', 'ai', 'approved');
INSERT INTO expression_versions (expression_id, text, region_name, region_latitude, region_longitude, created_by, created_at) VALUES (366, '語言', '台北，台灣', 25.033, 121.5654, 'langmap', datetime('now'));
INSERT INTO expression_meanings (expression_id, meaning_id, created_by, updated_by, created_at, updated_at) VALUES (366, 29825596, 'langmap', 'langmap', datetime('now'), datetime('now'));
INSERT INTO expressions (id, text, language_code, region_code, region_name, region_latitude, region_longitude, created_by, updated_by, created_at, updated_at, tags, source_type, review_status) VALUES (367, '地區', 'zh-TW', 'TW', '台北，台灣', 25.033, 121.5654, 'langmap', 'langmap', datetime('now'), datetime('now'), '["langmap"]', 'ai', 'approved');
INSERT INTO expression_versions (expression_id, text, region_name, region_latitude, region_longitude, created_by, created_at) VALUES (367, '地區', '台北，台灣', 25.033, 121.5654, 'langmap', datetime('now'));
INSERT INTO expression_meanings (expression_id, meaning_id, created_by, updated_by, created_at, updated_at) VALUES (367, 1909588150, 'langmap', 'langmap', datetime('now'), datetime('now'));
INSERT INTO expressions (id, text, language_code, region_code, region_name, region_latitude, region_longitude, created_by, updated_by, created_at, updated_at, tags, source_type, review_status) VALUES (368, '全球語言分佈', 'zh-TW', 'TW', '台北，台灣', 25.033, 121.5654, 'langmap', 'langmap', datetime('now'), datetime('now'), '["langmap"]', 'ai', 'approved');
INSERT INTO expression_versions (expression_id, text, region_name, region_latitude, region_longitude, created_by, created_at) VALUES (368, '全球語言分佈', '台北，台灣', 25.033, 121.5654, 'langmap', datetime('now'));
INSERT INTO expression_meanings (expression_id, meaning_id, created_by, updated_by, created_at, updated_at) VALUES (368, 228029697, 'langmap', 'langmap', datetime('now'), datetime('now'));
INSERT INTO expressions (id, text, language_code, region_code, region_name, region_latitude, region_longitude, created_by, updated_by, created_at, updated_at, tags, source_type, review_status) VALUES (369, '探索不同地區的語言豐富性。圓圈越大表示該地區詞句越多。', 'zh-TW', 'TW', '台北，台灣', 25.033, 121.5654, 'langmap', 'langmap', datetime('now'), datetime('now'), '["langmap"]', 'ai', 'approved');
INSERT INTO expression_versions (expression_id, text, region_name, region_latitude, region_longitude, created_by, created_at) VALUES (369, '探索不同地區的語言豐富性。圓圈越大表示該地區詞句越多。', '台北，台灣', 25.033, 121.5654, 'langmap', datetime('now'));
INSERT INTO expression_meanings (expression_id, meaning_id, created_by, updated_by, created_at, updated_at) VALUES (369, 1932949546, 'langmap', 'langmap', datetime('now'), datetime('now'));
INSERT INTO expressions (id, text, language_code, region_code, region_name, region_latitude, region_longitude, created_by, updated_by, created_at, updated_at, tags, source_type, review_status) VALUES (370, '詞句密度', 'zh-TW', 'TW', '台北，台灣', 25.033, 121.5654, 'langmap', 'langmap', datetime('now'), datetime('now'), '["langmap"]', 'ai', 'approved');
INSERT INTO expression_versions (expression_id, text, region_name, region_latitude, region_longitude, created_by, created_at) VALUES (370, '詞句密度', '台北，台灣', 25.033, 121.5654, 'langmap', datetime('now'));
INSERT INTO expression_meanings (expression_id, meaning_id, created_by, updated_by, created_at, updated_at) VALUES (370, 1280354696, 'langmap', 'langmap', datetime('now'), datetime('now'));
INSERT INTO expressions (id, text, language_code, region_code, region_name, region_latitude, region_longitude, created_by, updated_by, created_at, updated_at, tags, source_type, review_status) VALUES (371, '開始使用', 'zh-TW', 'TW', '台北，台灣', 25.033, 121.5654, 'langmap', 'langmap', datetime('now'), datetime('now'), '["langmap"]', 'ai', 'approved');
INSERT INTO expression_versions (expression_id, text, region_name, region_latitude, region_longitude, created_by, created_at) VALUES (371, '開始使用', '台北，台灣', 25.033, 121.5654, 'langmap', datetime('now'));
INSERT INTO expression_meanings (expression_id, meaning_id, created_by, updated_by, created_at, updated_at) VALUES (371, 1704825459, 'langmap', 'langmap', datetime('now'), datetime('now'));
INSERT INTO expressions (id, text, language_code, region_code, region_name, region_latitude, region_longitude, created_by, updated_by, created_at, updated_at, tags, source_type, review_status) VALUES (372, '搜尋詞句', 'zh-TW', 'TW', '台北，台灣', 25.033, 121.5654, 'langmap', 'langmap', datetime('now'), datetime('now'), '["langmap"]', 'ai', 'approved');
INSERT INTO expression_versions (expression_id, text, region_name, region_latitude, region_longitude, created_by, created_at) VALUES (372, '搜尋詞句', '台北，台灣', 25.033, 121.5654, 'langmap', datetime('now'));
INSERT INTO expression_meanings (expression_id, meaning_id, created_by, updated_by, created_at, updated_at) VALUES (372, 1798903561, 'langmap', 'langmap', datetime('now'), datetime('now'));
INSERT INTO expressions (id, text, language_code, region_code, region_name, region_latitude, region_longitude, created_by, updated_by, created_at, updated_at, tags, source_type, review_status) VALUES (373, '查找不同語言和地區中詞語和句子的表達方式。', 'zh-TW', 'TW', '台北，台灣', 25.033, 121.5654, 'langmap', 'langmap', datetime('now'), datetime('now'), '["langmap"]', 'ai', 'approved');
INSERT INTO expression_versions (expression_id, text, region_name, region_latitude, region_longitude, created_by, created_at) VALUES (373, '查找不同語言和地區中詞語和句子的表達方式。', '台北，台灣', 25.033, 121.5654, 'langmap', datetime('now'));
INSERT INTO expression_meanings (expression_id, meaning_id, created_by, updated_by, created_at, updated_at) VALUES (373, 889637427, 'langmap', 'langmap', datetime('now'), datetime('now'));
INSERT INTO expressions (id, text, language_code, region_code, region_name, region_latitude, region_longitude, created_by, updated_by, created_at, updated_at, tags, source_type, review_status) VALUES (374, '開始搜尋 →', 'zh-TW', 'TW', '台北，台灣', 25.033, 121.5654, 'langmap', 'langmap', datetime('now'), datetime('now'), '["langmap"]', 'ai', 'approved');
INSERT INTO expression_versions (expression_id, text, region_name, region_latitude, region_longitude, created_by, created_at) VALUES (374, '開始搜尋 →', '台北，台灣', 25.033, 121.5654, 'langmap', datetime('now'));
INSERT INTO expression_meanings (expression_id, meaning_id, created_by, updated_by, created_at, updated_at) VALUES (374, 2141226890, 'langmap', 'langmap', datetime('now'), datetime('now'));
INSERT INTO expressions (id, text, language_code, region_code, region_name, region_latitude, region_longitude, created_by, updated_by, created_at, updated_at, tags, source_type, review_status) VALUES (375, '新增詞句', 'zh-TW', 'TW', '台北，台灣', 25.033, 121.5654, 'langmap', 'langmap', datetime('now'), datetime('now'), '["langmap"]', 'ai', 'approved');
INSERT INTO expression_versions (expression_id, text, region_name, region_latitude, region_longitude, created_by, created_at) VALUES (375, '新增詞句', '台北，台灣', 25.033, 121.5654, 'langmap', datetime('now'));
INSERT INTO expression_meanings (expression_id, meaning_id, created_by, updated_by, created_at, updated_at) VALUES (375, 50585974, 'langmap', 'langmap', datetime('now'), datetime('now'));
INSERT INTO expressions (id, text, language_code, region_code, region_name, region_latitude, region_longitude, created_by, updated_by, created_at, updated_at, tags, source_type, review_status) VALUES (376, '通過新增您語言或地區的詞句為我們的資料庫做貢獻。', 'zh-TW', 'TW', '台北，台灣', 25.033, 121.5654, 'langmap', 'langmap', datetime('now'), datetime('now'), '["langmap"]', 'ai', 'approved');
INSERT INTO expression_versions (expression_id, text, region_name, region_latitude, region_longitude, created_by, created_at) VALUES (376, '通過新增您語言或地區的詞句為我們的資料庫做貢獻。', '台北，台灣', 25.033, 121.5654, 'langmap', datetime('now'));
INSERT INTO expression_meanings (expression_id, meaning_id, created_by, updated_by, created_at, updated_at) VALUES (376, 1556642706, 'langmap', 'langmap', datetime('now'), datetime('now'));
INSERT INTO expression_meanings (expression_id, meaning_id, created_by, updated_by, created_at, updated_at) VALUES (367, 250674643, 'langmap', 'langmap', datetime('now'), datetime('now'));
INSERT INTO expression_meanings (expression_id, meaning_id, created_by, updated_by, created_at, updated_at) VALUES (366, 393067094, 'langmap', 'langmap', datetime('now'), datetime('now'));
INSERT INTO expressions (id, text, language_code, region_code, region_name, region_latitude, region_longitude, created_by, updated_by, created_at, updated_at, tags, source_type, review_status) VALUES (377, '詞句數', 'zh-TW', 'TW', '台北，台灣', 25.033, 121.5654, 'langmap', 'langmap', datetime('now'), datetime('now'), '["langmap"]', 'ai', 'approved');
INSERT INTO expression_versions (expression_id, text, region_name, region_latitude, region_longitude, created_by, created_at) VALUES (377, '詞句數', '台北，台灣', 25.033, 121.5654, 'langmap', datetime('now'));
INSERT INTO expression_meanings (expression_id, meaning_id, created_by, updated_by, created_at, updated_at) VALUES (377, 1843177479, 'langmap', 'langmap', datetime('now'), datetime('now'));
INSERT INTO expressions (id, text, language_code, region_code, region_name, region_latitude, region_longitude, created_by, updated_by, created_at, updated_at, tags, source_type, review_status) VALUES (378, '未知', 'zh-TW', 'TW', '台北，台灣', 25.033, 121.5654, 'langmap', 'langmap', datetime('now'), datetime('now'), '["langmap"]', 'ai', 'approved');
INSERT INTO expression_versions (expression_id, text, region_name, region_latitude, region_longitude, created_by, created_at) VALUES (378, '未知', '台北，台灣', 25.033, 121.5654, 'langmap', datetime('now'));
INSERT INTO expression_meanings (expression_id, meaning_id, created_by, updated_by, created_at, updated_at) VALUES (378, 2147181533, 'langmap', 'langmap', datetime('now'), datetime('now'));
INSERT INTO expressions (id, text, language_code, region_code, region_name, region_latitude, region_longitude, created_by, updated_by, created_at, updated_at, tags, source_type, review_status) VALUES (379, '新增新詞 →', 'zh-TW', 'TW', '台北，台灣', 25.033, 121.5654, 'langmap', 'langmap', datetime('now'), datetime('now'), '["langmap"]', 'ai', 'approved');
INSERT INTO expression_versions (expression_id, text, region_name, region_latitude, region_longitude, created_by, created_at) VALUES (379, '新增新詞 →', '台北，台灣', 25.033, 121.5654, 'langmap', datetime('now'));
INSERT INTO expression_meanings (expression_id, meaning_id, created_by, updated_by, created_at, updated_at) VALUES (379, 1538332181, 'langmap', 'langmap', datetime('now'), datetime('now'));
INSERT INTO expressions (id, text, language_code, region_code, region_name, region_latitude, region_longitude, created_by, updated_by, created_at, updated_at, tags, source_type, review_status) VALUES (380, '探索地圖', 'zh-TW', 'TW', '台北，台灣', 25.033, 121.5654, 'langmap', 'langmap', datetime('now'), datetime('now'), '["langmap"]', 'ai', 'approved');
INSERT INTO expression_versions (expression_id, text, region_name, region_latitude, region_longitude, created_by, created_at) VALUES (380, '探索地圖', '台北，台灣', 25.033, 121.5654, 'langmap', datetime('now'));
INSERT INTO expression_meanings (expression_id, meaning_id, created_by, updated_by, created_at, updated_at) VALUES (380, 700350673, 'langmap', 'langmap', datetime('now'), datetime('now'));
INSERT INTO expressions (id, text, language_code, region_code, region_name, region_latitude, region_longitude, created_by, updated_by, created_at, updated_at, tags, source_type, review_status) VALUES (381, '在互動式世界地圖上視覺化語言多樣性。', 'zh-TW', 'TW', '台北，台灣', 25.033, 121.5654, 'langmap', 'langmap', datetime('now'), datetime('now'), '["langmap"]', 'ai', 'approved');
INSERT INTO expression_versions (expression_id, text, region_name, region_latitude, region_longitude, created_by, created_at) VALUES (381, '在互動式世界地圖上視覺化語言多樣性。', '台北，台灣', 25.033, 121.5654, 'langmap', datetime('now'));
INSERT INTO expression_meanings (expression_id, meaning_id, created_by, updated_by, created_at, updated_at) VALUES (381, 26891452, 'langmap', 'langmap', datetime('now'), datetime('now'));
INSERT INTO expressions (id, text, language_code, region_code, region_name, region_latitude, region_longitude, created_by, updated_by, created_at, updated_at, tags, source_type, review_status) VALUES (382, '檢視地圖 →', 'zh-TW', 'TW', '台北，台灣', 25.033, 121.5654, 'langmap', 'langmap', datetime('now'), datetime('now'), '["langmap"]', 'ai', 'approved');
INSERT INTO expression_versions (expression_id, text, region_name, region_latitude, region_longitude, created_by, created_at) VALUES (382, '檢視地圖 →', '台北，台灣', 25.033, 121.5654, 'langmap', datetime('now'));
INSERT INTO expression_meanings (expression_id, meaning_id, created_by, updated_by, created_at, updated_at) VALUES (382, 863807598, 'langmap', 'langmap', datetime('now'), datetime('now'));
INSERT INTO expressions (id, text, language_code, region_code, region_name, region_latitude, region_longitude, created_by, updated_by, created_at, updated_at, tags, source_type, review_status) VALUES (383, '正在載入地圖...', 'zh-TW', 'TW', '台北，台灣', 25.033, 121.5654, 'langmap', 'langmap', datetime('now'), datetime('now'), '["langmap"]', 'ai', 'approved');
INSERT INTO expression_versions (expression_id, text, region_name, region_latitude, region_longitude, created_by, created_at) VALUES (383, '正在載入地圖...', '台北，台灣', 25.033, 121.5654, 'langmap', datetime('now'));
INSERT INTO expression_meanings (expression_id, meaning_id, created_by, updated_by, created_at, updated_at) VALUES (383, 984290883, 'langmap', 'langmap', datetime('now'), datetime('now'));
INSERT INTO expressions (id, text, language_code, region_code, region_name, region_latitude, region_longitude, created_by, updated_by, created_at, updated_at, tags, source_type, review_status) VALUES (384, '主頁', 'zh-TW', 'TW', '台北，台灣', 25.033, 121.5654, 'langmap', 'langmap', datetime('now'), datetime('now'), '["langmap"]', 'ai', 'approved');
INSERT INTO expression_versions (expression_id, text, region_name, region_latitude, region_longitude, created_by, created_at) VALUES (384, '主頁', '台北，台灣', 25.033, 121.5654, 'langmap', datetime('now'));
INSERT INTO expression_meanings (expression_id, meaning_id, created_by, updated_by, created_at, updated_at) VALUES (384, 1175105589, 'langmap', 'langmap', datetime('now'), datetime('now'));
INSERT INTO expression_meanings (expression_id, meaning_id, created_by, updated_by, created_at, updated_at) VALUES (364, 1822030570, 'langmap', 'langmap', datetime('now'), datetime('now'));
INSERT INTO expressions (id, text, language_code, region_code, region_name, region_latitude, region_longitude, created_by, updated_by, created_at, updated_at, tags, source_type, review_status) VALUES (385, '© {year} langmap - 語言詞句地圖平台', 'zh-TW', 'TW', '台北，台灣', 25.033, 121.5654, 'langmap', 'langmap', datetime('now'), datetime('now'), '["langmap"]', 'ai', 'approved');
INSERT INTO expression_versions (expression_id, text, region_name, region_latitude, region_longitude, created_by, created_at) VALUES (385, '© {year} langmap - 語言詞句地圖平台', '台北，台灣', 25.033, 121.5654, 'langmap', datetime('now'));
INSERT INTO expression_meanings (expression_id, meaning_id, created_by, updated_by, created_at, updated_at) VALUES (385, 1804466275, 'langmap', 'langmap', datetime('now'), datetime('now'));
INSERT INTO expression_meanings (expression_id, meaning_id, created_by, updated_by, created_at, updated_at) VALUES (372, 480547274, 'langmap', 'langmap', datetime('now'), datetime('now'));
INSERT INTO expressions (id, text, language_code, region_code, region_name, region_latitude, region_longitude, created_by, updated_by, created_at, updated_at, tags, source_type, review_status) VALUES (386, '跨語言和地區查詢語言詞句', 'zh-TW', 'TW', '台北，台灣', 25.033, 121.5654, 'langmap', 'langmap', datetime('now'), datetime('now'), '["langmap"]', 'ai', 'approved');
INSERT INTO expression_versions (expression_id, text, region_name, region_latitude, region_longitude, created_by, created_at) VALUES (386, '跨語言和地區查詢語言詞句', '台北，台灣', 25.033, 121.5654, 'langmap', datetime('now'));
INSERT INTO expression_meanings (expression_id, meaning_id, created_by, updated_by, created_at, updated_at) VALUES (386, 666598698, 'langmap', 'langmap', datetime('now'), datetime('now'));
INSERT INTO expressions (id, text, language_code, region_code, region_name, region_latitude, region_longitude, created_by, updated_by, created_at, updated_at, tags, source_type, review_status) VALUES (387, '輸入詞語或句子...', 'zh-TW', 'TW', '台北，台灣', 25.033, 121.5654, 'langmap', 'langmap', datetime('now'), datetime('now'), '["langmap"]', 'ai', 'approved');
INSERT INTO expression_versions (expression_id, text, region_name, region_latitude, region_longitude, created_by, created_at) VALUES (387, '輸入詞語或句子...', '台北，台灣', 25.033, 121.5654, 'langmap', datetime('now'));
INSERT INTO expression_meanings (expression_id, meaning_id, created_by, updated_by, created_at, updated_at) VALUES (387, 782154075, 'langmap', 'langmap', datetime('now'), datetime('now'));
INSERT INTO expression_meanings (expression_id, meaning_id, created_by, updated_by, created_at, updated_at) VALUES (364, 808077362, 'langmap', 'langmap', datetime('now'), datetime('now'));
INSERT INTO expressions (id, text, language_code, region_code, region_name, region_latitude, region_longitude, created_by, updated_by, created_at, updated_at, tags, source_type, review_status) VALUES (388, '正在搜尋詞句...', 'zh-TW', 'TW', '台北，台灣', 25.033, 121.5654, 'langmap', 'langmap', datetime('now'), datetime('now'), '["langmap"]', 'ai', 'approved');
INSERT INTO expression_versions (expression_id, text, region_name, region_latitude, region_longitude, created_by, created_at) VALUES (388, '正在搜尋詞句...', '台北，台灣', 25.033, 121.5654, 'langmap', datetime('now'));
INSERT INTO expression_meanings (expression_id, meaning_id, created_by, updated_by, created_at, updated_at) VALUES (388, 1660781369, 'langmap', 'langmap', datetime('now'), datetime('now'));
INSERT INTO expressions (id, text, language_code, region_code, region_name, region_latitude, region_longitude, created_by, updated_by, created_at, updated_at, tags, source_type, review_status) VALUES (389, '未找到結果', 'zh-TW', 'TW', '台北，台灣', 25.033, 121.5654, 'langmap', 'langmap', datetime('now'), datetime('now'), '["langmap"]', 'ai', 'approved');
INSERT INTO expression_versions (expression_id, text, region_name, region_latitude, region_longitude, created_by, created_at) VALUES (389, '未找到結果', '台北，台灣', 25.033, 121.5654, 'langmap', datetime('now'));
INSERT INTO expression_meanings (expression_id, meaning_id, created_by, updated_by, created_at, updated_at) VALUES (389, 1623339377, 'langmap', 'langmap', datetime('now'), datetime('now'));
INSERT INTO expressions (id, text, language_code, region_code, region_name, region_latitude, region_longitude, created_by, updated_by, created_at, updated_at, tags, source_type, review_status) VALUES (390, '嘗試不同的搜尋詞或新增新詞句', 'zh-TW', 'TW', '台北，台灣', 25.033, 121.5654, 'langmap', 'langmap', datetime('now'), datetime('now'), '["langmap"]', 'ai', 'approved');
INSERT INTO expression_versions (expression_id, text, region_name, region_latitude, region_longitude, created_by, created_at) VALUES (390, '嘗試不同的搜尋詞或新增新詞句', '台北，台灣', 25.033, 121.5654, 'langmap', datetime('now'));
INSERT INTO expression_meanings (expression_id, meaning_id, created_by, updated_by, created_at, updated_at) VALUES (390, 890335645, 'langmap', 'langmap', datetime('now'), datetime('now'));
INSERT INTO expressions (id, text, language_code, region_code, region_name, region_latitude, region_longitude, created_by, updated_by, created_at, updated_at, tags, source_type, review_status) VALUES (391, '新增"{expression}"', 'zh-TW', 'TW', '台北，台灣', 25.033, 121.5654, 'langmap', 'langmap', datetime('now'), datetime('now'), '["langmap"]', 'ai', 'approved');
INSERT INTO expression_versions (expression_id, text, region_name, region_latitude, region_longitude, created_by, created_at) VALUES (391, '新增"{expression}"', '台北，台灣', 25.033, 121.5654, 'langmap', datetime('now'));
INSERT INTO expression_meanings (expression_id, meaning_id, created_by, updated_by, created_at, updated_at) VALUES (391, 556745063, 'langmap', 'langmap', datetime('now'), datetime('now'));
INSERT INTO expressions (id, text, language_code, region_code, region_name, region_latitude, region_longitude, created_by, updated_by, created_at, updated_at, tags, source_type, review_status) VALUES (392, '新詞句', 'zh-TW', 'TW', '台北，台灣', 25.033, 121.5654, 'langmap', 'langmap', datetime('now'), datetime('now'), '["langmap"]', 'ai', 'approved');
INSERT INTO expression_versions (expression_id, text, region_name, region_latitude, region_longitude, created_by, created_at) VALUES (392, '新詞句', '台北，台灣', 25.033, 121.5654, 'langmap', datetime('now'));
INSERT INTO expression_meanings (expression_id, meaning_id, created_by, updated_by, created_at, updated_at) VALUES (392, 831699112, 'langmap', 'langmap', datetime('now'), datetime('now'));
INSERT INTO expressions (id, text, language_code, region_code, region_name, region_latitude, region_longitude, created_by, updated_by, created_at, updated_at, tags, source_type, review_status) VALUES (393, '找到 {count} 條詞句', 'zh-TW', 'TW', '台北，台灣', 25.033, 121.5654, 'langmap', 'langmap', datetime('now'), datetime('now'), '["langmap"]', 'ai', 'approved');
INSERT INTO expression_versions (expression_id, text, region_name, region_latitude, region_longitude, created_by, created_at) VALUES (393, '找到 {count} 條詞句', '台北，台灣', 25.033, 121.5654, 'langmap', datetime('now'));
INSERT INTO expression_meanings (expression_id, meaning_id, created_by, updated_by, created_at, updated_at) VALUES (393, 2052550168, 'langmap', 'langmap', datetime('now'), datetime('now'));
INSERT INTO expressions (id, text, language_code, region_code, region_name, region_latitude, region_longitude, created_by, updated_by, created_at, updated_at, tags, source_type, review_status) VALUES (394, '返回', 'zh-TW', 'TW', '台北，台灣', 25.033, 121.5654, 'langmap', 'langmap', datetime('now'), datetime('now'), '["langmap"]', 'ai', 'approved');
INSERT INTO expression_versions (expression_id, text, region_name, region_latitude, region_longitude, created_by, created_at) VALUES (394, '返回', '台北，台灣', 25.033, 121.5654, 'langmap', datetime('now'));
INSERT INTO expression_meanings (expression_id, meaning_id, created_by, updated_by, created_at, updated_at) VALUES (394, 1768300647, 'langmap', 'langmap', datetime('now'), datetime('now'));
INSERT INTO expressions (id, text, language_code, region_code, region_name, region_latitude, region_longitude, created_by, updated_by, created_at, updated_at, tags, source_type, review_status) VALUES (395, '新增新詞句', 'zh-TW', 'TW', '台北，台灣', 25.033, 121.5654, 'langmap', 'langmap', datetime('now'), datetime('now'), '["langmap"]', 'ai', 'approved');
INSERT INTO expression_versions (expression_id, text, region_name, region_latitude, region_longitude, created_by, created_at) VALUES (395, '新增新詞句', '台北，台灣', 25.033, 121.5654, 'langmap', datetime('now'));
INSERT INTO expression_meanings (expression_id, meaning_id, created_by, updated_by, created_at, updated_at) VALUES (395, 653847431, 'langmap', 'langmap', datetime('now'), datetime('now'));
INSERT INTO expressions (id, text, language_code, region_code, region_name, region_latitude, region_longitude, created_by, updated_by, created_at, updated_at, tags, source_type, review_status) VALUES (396, '文字', 'zh-TW', 'TW', '台北，台灣', 25.033, 121.5654, 'langmap', 'langmap', datetime('now'), datetime('now'), '["langmap"]', 'ai', 'approved');
INSERT INTO expression_versions (expression_id, text, region_name, region_latitude, region_longitude, created_by, created_at) VALUES (396, '文字', '台北，台灣', 25.033, 121.5654, 'langmap', datetime('now'));
INSERT INTO expression_meanings (expression_id, meaning_id, created_by, updated_by, created_at, updated_at) VALUES (396, 610717035, 'langmap', 'langmap', datetime('now'), datetime('now'));
INSERT INTO expressions (id, text, language_code, region_code, region_name, region_latitude, region_longitude, created_by, updated_by, created_at, updated_at, tags, source_type, review_status) VALUES (397, '輸入語言詞句', 'zh-TW', 'TW', '台北，台灣', 25.033, 121.5654, 'langmap', 'langmap', datetime('now'), datetime('now'), '["langmap"]', 'ai', 'approved');
INSERT INTO expression_versions (expression_id, text, region_name, region_latitude, region_longitude, created_by, created_at) VALUES (397, '輸入語言詞句', '台北，台灣', 25.033, 121.5654, 'langmap', datetime('now'));
INSERT INTO expression_meanings (expression_id, meaning_id, created_by, updated_by, created_at, updated_at) VALUES (397, 378762400, 'langmap', 'langmap', datetime('now'), datetime('now'));
INSERT INTO expressions (id, text, language_code, region_code, region_name, region_latitude, region_longitude, created_by, updated_by, created_at, updated_at, tags, source_type, review_status) VALUES (398, '該語言中的實際詞語或句子', 'zh-TW', 'TW', '台北，台灣', 25.033, 121.5654, 'langmap', 'langmap', datetime('now'), datetime('now'), '["langmap"]', 'ai', 'approved');
INSERT INTO expression_versions (expression_id, text, region_name, region_latitude, region_longitude, created_by, created_at) VALUES (398, '該語言中的實際詞語或句子', '台北，台灣', 25.033, 121.5654, 'langmap', datetime('now'));
INSERT INTO expression_meanings (expression_id, meaning_id, created_by, updated_by, created_at, updated_at) VALUES (398, 1251764943, 'langmap', 'langmap', datetime('now'), datetime('now'));
INSERT INTO expression_meanings (expression_id, meaning_id, created_by, updated_by, created_at, updated_at) VALUES (366, 1469373345, 'langmap', 'langmap', datetime('now'), datetime('now'));
INSERT INTO expressions (id, text, language_code, region_code, region_name, region_latitude, region_longitude, created_by, updated_by, created_at, updated_at, tags, source_type, review_status) VALUES (399, '選擇語言', 'zh-TW', 'TW', '台北，台灣', 25.033, 121.5654, 'langmap', 'langmap', datetime('now'), datetime('now'), '["langmap"]', 'ai', 'approved');
INSERT INTO expression_versions (expression_id, text, region_name, region_latitude, region_longitude, created_by, created_at) VALUES (399, '選擇語言', '台北，台灣', 25.033, 121.5654, 'langmap', datetime('now'));
INSERT INTO expression_meanings (expression_id, meaning_id, created_by, updated_by, created_at, updated_at) VALUES (399, 1745197766, 'langmap', 'langmap', datetime('now'), datetime('now'));
INSERT INTO expressions (id, text, language_code, region_code, region_name, region_latitude, region_longitude, created_by, updated_by, created_at, updated_at, tags, source_type, review_status) VALUES (400, '為此詞句選擇語言', 'zh-TW', 'TW', '台北，台灣', 25.033, 121.5654, 'langmap', 'langmap', datetime('now'), datetime('now'), '["langmap"]', 'ai', 'approved');
INSERT INTO expression_versions (expression_id, text, region_name, region_latitude, region_longitude, created_by, created_at) VALUES (400, '為此詞句選擇語言', '台北，台灣', 25.033, 121.5654, 'langmap', datetime('now'));
INSERT INTO expression_meanings (expression_id, meaning_id, created_by, updated_by, created_at, updated_at) VALUES (400, 1935180845, 'langmap', 'langmap', datetime('now'), datetime('now'));
INSERT INTO expressions (id, text, language_code, region_code, region_name, region_latitude, region_longitude, created_by, updated_by, created_at, updated_at, tags, source_type, review_status) VALUES (401, '選擇語言...', 'zh-TW', 'TW', '台北，台灣', 25.033, 121.5654, 'langmap', 'langmap', datetime('now'), datetime('now'), '["langmap"]', 'ai', 'approved');
INSERT INTO expression_versions (expression_id, text, region_name, region_latitude, region_longitude, created_by, created_at) VALUES (401, '選擇語言...', '台北，台灣', 25.033, 121.5654, 'langmap', datetime('now'));
INSERT INTO expression_meanings (expression_id, meaning_id, created_by, updated_by, created_at, updated_at) VALUES (401, 1793722761, 'langmap', 'langmap', datetime('now'), datetime('now'));
INSERT INTO expressions (id, text, language_code, region_code, region_name, region_latitude, region_longitude, created_by, updated_by, created_at, updated_at, tags, source_type, review_status) VALUES (402, '正在載入語言...', 'zh-TW', 'TW', '台北，台灣', 25.033, 121.5654, 'langmap', 'langmap', datetime('now'), datetime('now'), '["langmap"]', 'ai', 'approved');
INSERT INTO expression_versions (expression_id, text, region_name, region_latitude, region_longitude, created_by, created_at) VALUES (402, '正在載入語言...', '台北，台灣', 25.033, 121.5654, 'langmap', datetime('now'));
INSERT INTO expression_meanings (expression_id, meaning_id, created_by, updated_by, created_at, updated_at) VALUES (402, 2099029340, 'langmap', 'langmap', datetime('now'), datetime('now'));
INSERT INTO expressions (id, text, language_code, region_code, region_name, region_latitude, region_longitude, created_by, updated_by, created_at, updated_at, tags, source_type, review_status) VALUES (403, '地區（可選）', 'zh-TW', 'TW', '台北，台灣', 25.033, 121.5654, 'langmap', 'langmap', datetime('now'), datetime('now'), '["langmap"]', 'ai', 'approved');
INSERT INTO expression_versions (expression_id, text, region_name, region_latitude, region_longitude, created_by, created_at) VALUES (403, '地區（可選）', '台北，台灣', 25.033, 121.5654, 'langmap', datetime('now'));
INSERT INTO expression_meanings (expression_id, meaning_id, created_by, updated_by, created_at, updated_at) VALUES (403, 101777746, 'langmap', 'langmap', datetime('now'), datetime('now'));
INSERT INTO expressions (id, text, language_code, region_code, region_name, region_latitude, region_longitude, created_by, updated_by, created_at, updated_at, tags, source_type, review_status) VALUES (404, '例如：中國、西班牙、全球', 'zh-TW', 'TW', '台北，台灣', 25.033, 121.5654, 'langmap', 'langmap', datetime('now'), datetime('now'), '["langmap"]', 'ai', 'approved');
INSERT INTO expression_versions (expression_id, text, region_name, region_latitude, region_longitude, created_by, created_at) VALUES (404, '例如：中國、西班牙、全球', '台北，台灣', 25.033, 121.5654, 'langmap', datetime('now'));
INSERT INTO expression_meanings (expression_id, meaning_id, created_by, updated_by, created_at, updated_at) VALUES (404, 747353279, 'langmap', 'langmap', datetime('now'), datetime('now'));
INSERT INTO expressions (id, text, language_code, region_code, region_name, region_latitude, region_longitude, created_by, updated_by, created_at, updated_at, tags, source_type, review_status) VALUES (405, '地理位置或區域', 'zh-TW', 'TW', '台北，台灣', 25.033, 121.5654, 'langmap', 'langmap', datetime('now'), datetime('now'), '["langmap"]', 'ai', 'approved');
INSERT INTO expression_versions (expression_id, text, region_name, region_latitude, region_longitude, created_by, created_at) VALUES (405, '地理位置或區域', '台北，台灣', 25.033, 121.5654, 'langmap', datetime('now'));
INSERT INTO expression_meanings (expression_id, meaning_id, created_by, updated_by, created_at, updated_at) VALUES (405, 259247799, 'langmap', 'langmap', datetime('now'), datetime('now'));
INSERT INTO expressions (id, text, language_code, region_code, region_name, region_latitude, region_longitude, created_by, updated_by, created_at, updated_at, tags, source_type, review_status) VALUES (406, '偵測我的位置', 'zh-TW', 'TW', '台北，台灣', 25.033, 121.5654, 'langmap', 'langmap', datetime('now'), datetime('now'), '["langmap"]', 'ai', 'approved');
INSERT INTO expression_versions (expression_id, text, region_name, region_latitude, region_longitude, created_by, created_at) VALUES (406, '偵測我的位置', '台北，台灣', 25.033, 121.5654, 'langmap', datetime('now'));
INSERT INTO expression_meanings (expression_id, meaning_id, created_by, updated_by, created_at, updated_at) VALUES (406, 1228718215, 'langmap', 'langmap', datetime('now'), datetime('now'));
INSERT INTO expressions (id, text, language_code, region_code, region_name, region_latitude, region_longitude, created_by, updated_by, created_at, updated_at, tags, source_type, review_status) VALUES (407, '在地圖上選擇', 'zh-TW', 'TW', '台北，台灣', 25.033, 121.5654, 'langmap', 'langmap', datetime('now'), datetime('now'), '["langmap"]', 'ai', 'approved');
INSERT INTO expression_versions (expression_id, text, region_name, region_latitude, region_longitude, created_by, created_at) VALUES (407, '在地圖上選擇', '台北，台灣', 25.033, 121.5654, 'langmap', datetime('now'));
INSERT INTO expression_meanings (expression_id, meaning_id, created_by, updated_by, created_at, updated_at) VALUES (407, 1606159683, 'langmap', 'langmap', datetime('now'), datetime('now'));
INSERT INTO expressions (id, text, language_code, region_code, region_name, region_latitude, region_longitude, created_by, updated_by, created_at, updated_at, tags, source_type, review_status) VALUES (408, '點擊地圖選擇區域', 'zh-TW', 'TW', '台北，台灣', 25.033, 121.5654, 'langmap', 'langmap', datetime('now'), datetime('now'), '["langmap"]', 'ai', 'approved');
INSERT INTO expression_versions (expression_id, text, region_name, region_latitude, region_longitude, created_by, created_at) VALUES (408, '點擊地圖選擇區域', '台北，台灣', 25.033, 121.5654, 'langmap', datetime('now'));
INSERT INTO expression_meanings (expression_id, meaning_id, created_by, updated_by, created_at, updated_at) VALUES (408, 1058233083, 'langmap', 'langmap', datetime('now'), datetime('now'));
INSERT INTO expressions (id, text, language_code, region_code, region_name, region_latitude, region_longitude, created_by, updated_by, created_at, updated_at, tags, source_type, review_status) VALUES (409, '您的瀏覽器不支援地理位置', 'zh-TW', 'TW', '台北，台灣', 25.033, 121.5654, 'langmap', 'langmap', datetime('now'), datetime('now'), '["langmap"]', 'ai', 'approved');
INSERT INTO expression_versions (expression_id, text, region_name, region_latitude, region_longitude, created_by, created_at) VALUES (409, '您的瀏覽器不支援地理位置', '台北，台灣', 25.033, 121.5654, 'langmap', datetime('now'));
INSERT INTO expression_meanings (expression_id, meaning_id, created_by, updated_by, created_at, updated_at) VALUES (409, 1874909642, 'langmap', 'langmap', datetime('now'), datetime('now'));
INSERT INTO expressions (id, text, language_code, region_code, region_name, region_latitude, region_longitude, created_by, updated_by, created_at, updated_at, tags, source_type, review_status) VALUES (410, '無法偵測您的位置', 'zh-TW', 'TW', '台北，台灣', 25.033, 121.5654, 'langmap', 'langmap', datetime('now'), datetime('now'), '["langmap"]', 'ai', 'approved');
INSERT INTO expression_versions (expression_id, text, region_name, region_latitude, region_longitude, created_by, created_at) VALUES (410, '無法偵測您的位置', '台北，台灣', 25.033, 121.5654, 'langmap', datetime('now'));
INSERT INTO expression_meanings (expression_id, meaning_id, created_by, updated_by, created_at, updated_at) VALUES (410, 735160078, 'langmap', 'langmap', datetime('now'), datetime('now'));
INSERT INTO expressions (id, text, language_code, region_code, region_name, region_latitude, region_longitude, created_by, updated_by, created_at, updated_at, tags, source_type, review_status) VALUES (411, '正在解析位置資訊...', 'zh-TW', 'TW', '台北，台灣', 25.033, 121.5654, 'langmap', 'langmap', datetime('now'), datetime('now'), '["langmap"]', 'ai', 'approved');
INSERT INTO expression_versions (expression_id, text, region_name, region_latitude, region_longitude, created_by, created_at) VALUES (411, '正在解析位置資訊...', '台北，台灣', 25.033, 121.5654, 'langmap', datetime('now'));
INSERT INTO expression_meanings (expression_id, meaning_id, created_by, updated_by, created_at, updated_at) VALUES (411, 1228788957, 'langmap', 'langmap', datetime('now'), datetime('now'));
INSERT INTO expressions (id, text, language_code, region_code, region_name, region_latitude, region_longitude, created_by, updated_by, created_at, updated_at, tags, source_type, review_status) VALUES (412, '無法解析位置資訊', 'zh-TW', 'TW', '台北，台灣', 25.033, 121.5654, 'langmap', 'langmap', datetime('now'), datetime('now'), '["langmap"]', 'ai', 'approved');
INSERT INTO expression_versions (expression_id, text, region_name, region_latitude, region_longitude, created_by, created_at) VALUES (412, '無法解析位置資訊', '台北，台灣', 25.033, 121.5654, 'langmap', datetime('now'));
INSERT INTO expression_meanings (expression_id, meaning_id, created_by, updated_by, created_at, updated_at) VALUES (412, 535669297, 'langmap', 'langmap', datetime('now'), datetime('now'));
INSERT INTO expressions (id, text, language_code, region_code, region_name, region_latitude, region_longitude, created_by, updated_by, created_at, updated_at, tags, source_type, review_status) VALUES (413, '來源參考（可選）', 'zh-TW', 'TW', '台北，台灣', 25.033, 121.5654, 'langmap', 'langmap', datetime('now'), datetime('now'), '["langmap"]', 'ai', 'approved');
INSERT INTO expression_versions (expression_id, text, region_name, region_latitude, region_longitude, created_by, created_at) VALUES (413, '來源參考（可選）', '台北，台灣', 25.033, 121.5654, 'langmap', datetime('now'));
INSERT INTO expression_meanings (expression_id, meaning_id, created_by, updated_by, created_at, updated_at) VALUES (413, 533920565, 'langmap', 'langmap', datetime('now'), datetime('now'));
INSERT INTO expressions (id, text, language_code, region_code, region_name, region_latitude, region_longitude, created_by, updated_by, created_at, updated_at, tags, source_type, review_status) VALUES (414, '例如：維基詞典、Dictionary.com 或 URL', 'zh-TW', 'TW', '台北，台灣', 25.033, 121.5654, 'langmap', 'langmap', datetime('now'), datetime('now'), '["langmap"]', 'ai', 'approved');
INSERT INTO expression_versions (expression_id, text, region_name, region_latitude, region_longitude, created_by, created_at) VALUES (414, '例如：維基詞典、Dictionary.com 或 URL', '台北，台灣', 25.033, 121.5654, 'langmap', datetime('now'));
INSERT INTO expression_meanings (expression_id, meaning_id, created_by, updated_by, created_at, updated_at) VALUES (414, 322599747, 'langmap', 'langmap', datetime('now'), datetime('now'));
INSERT INTO expressions (id, text, language_code, region_code, region_name, region_latitude, region_longitude, created_by, updated_by, created_at, updated_at, tags, source_type, review_status) VALUES (415, '此詞句的來源或參考', 'zh-TW', 'TW', '台北，台灣', 25.033, 121.5654, 'langmap', 'langmap', datetime('now'), datetime('now'), '["langmap"]', 'ai', 'approved');
INSERT INTO expression_versions (expression_id, text, region_name, region_latitude, region_longitude, created_by, created_at) VALUES (415, '此詞句的來源或參考', '台北，台灣', 25.033, 121.5654, 'langmap', datetime('now'));
INSERT INTO expression_meanings (expression_id, meaning_id, created_by, updated_by, created_at, updated_at) VALUES (415, 996426808, 'langmap', 'langmap', datetime('now'), datetime('now'));
INSERT INTO expressions (id, text, language_code, region_code, region_name, region_latitude, region_longitude, created_by, updated_by, created_at, updated_at, tags, source_type, review_status) VALUES (416, '建立詞句', 'zh-TW', 'TW', '台北，台灣', 25.033, 121.5654, 'langmap', 'langmap', datetime('now'), datetime('now'), '["langmap"]', 'ai', 'approved');
INSERT INTO expression_versions (expression_id, text, region_name, region_latitude, region_longitude, created_by, created_at) VALUES (416, '建立詞句', '台北，台灣', 25.033, 121.5654, 'langmap', datetime('now'));
INSERT INTO expression_meanings (expression_id, meaning_id, created_by, updated_by, created_at, updated_at) VALUES (416, 1242437667, 'langmap', 'langmap', datetime('now'), datetime('now'));
INSERT INTO expressions (id, text, language_code, region_code, region_name, region_latitude, region_longitude, created_by, updated_by, created_at, updated_at, tags, source_type, review_status) VALUES (417, '取消', 'zh-TW', 'TW', '台北，台灣', 25.033, 121.5654, 'langmap', 'langmap', datetime('now'), datetime('now'), '["langmap"]', 'ai', 'approved');
INSERT INTO expression_versions (expression_id, text, region_name, region_latitude, region_longitude, created_by, created_at) VALUES (417, '取消', '台北，台灣', 25.033, 121.5654, 'langmap', datetime('now'));
INSERT INTO expression_meanings (expression_id, meaning_id, created_by, updated_by, created_at, updated_at) VALUES (417, 814856456, 'langmap', 'langmap', datetime('now'), datetime('now'));
INSERT INTO expressions (id, text, language_code, region_code, region_name, region_latitude, region_longitude, created_by, updated_by, created_at, updated_at, tags, source_type, review_status) VALUES (418, '語言和文字為必填項。', 'zh-TW', 'TW', '台北，台灣', 25.033, 121.5654, 'langmap', 'langmap', datetime('now'), datetime('now'), '["langmap"]', 'ai', 'approved');
INSERT INTO expression_versions (expression_id, text, region_name, region_latitude, region_longitude, created_by, created_at) VALUES (418, '語言和文字為必填項。', '台北，台灣', 25.033, 121.5654, 'langmap', datetime('now'));
INSERT INTO expression_meanings (expression_id, meaning_id, created_by, updated_by, created_at, updated_at) VALUES (418, 669906916, 'langmap', 'langmap', datetime('now'), datetime('now'));
INSERT INTO expressions (id, text, language_code, region_code, region_name, region_latitude, region_longitude, created_by, updated_by, created_at, updated_at, tags, source_type, review_status) VALUES (419, '關聯含義', 'zh-TW', 'TW', '台北，台灣', 25.033, 121.5654, 'langmap', 'langmap', datetime('now'), datetime('now'), '["langmap"]', 'ai', 'approved');
INSERT INTO expression_versions (expression_id, text, region_name, region_latitude, region_longitude, created_by, created_at) VALUES (419, '關聯含義', '台北，台灣', 25.033, 121.5654, 'langmap', datetime('now'));
INSERT INTO expression_meanings (expression_id, meaning_id, created_by, updated_by, created_at, updated_at) VALUES (419, 11980301, 'langmap', 'langmap', datetime('now'), datetime('now'));
INSERT INTO expressions (id, text, language_code, region_code, region_name, region_latitude, region_longitude, created_by, updated_by, created_at, updated_at, tags, source_type, review_status) VALUES (420, '關聯現有含義', 'zh-TW', 'TW', '台北，台灣', 25.033, 121.5654, 'langmap', 'langmap', datetime('now'), datetime('now'), '["langmap"]', 'ai', 'approved');
INSERT INTO expression_versions (expression_id, text, region_name, region_latitude, region_longitude, created_by, created_at) VALUES (420, '關聯現有含義', '台北，台灣', 25.033, 121.5654, 'langmap', datetime('now'));
INSERT INTO expression_meanings (expression_id, meaning_id, created_by, updated_by, created_at, updated_at) VALUES (420, 450995876, 'langmap', 'langmap', datetime('now'), datetime('now'));
INSERT INTO expressions (id, text, language_code, region_code, region_name, region_latitude, region_longitude, created_by, updated_by, created_at, updated_at, tags, source_type, review_status) VALUES (421, '關聯新含義', 'zh-TW', 'TW', '台北，台灣', 25.033, 121.5654, 'langmap', 'langmap', datetime('now'), datetime('now'), '["langmap"]', 'ai', 'approved');
INSERT INTO expression_versions (expression_id, text, region_name, region_latitude, region_longitude, created_by, created_at) VALUES (421, '關聯新含義', '台北，台灣', 25.033, 121.5654, 'langmap', datetime('now'));
INSERT INTO expression_meanings (expression_id, meaning_id, created_by, updated_by, created_at, updated_at) VALUES (421, 837067897, 'langmap', 'langmap', datetime('now'), datetime('now'));
INSERT INTO expressions (id, text, language_code, region_code, region_name, region_latitude, region_longitude, created_by, updated_by, created_at, updated_at, tags, source_type, review_status) VALUES (422, '已選詞句：', 'zh-TW', 'TW', '台北，台灣', 25.033, 121.5654, 'langmap', 'langmap', datetime('now'), datetime('now'), '["langmap"]', 'ai', 'approved');
INSERT INTO expression_versions (expression_id, text, region_name, region_latitude, region_longitude, created_by, created_at) VALUES (422, '已選詞句：', '台北，台灣', 25.033, 121.5654, 'langmap', datetime('now'));
INSERT INTO expression_meanings (expression_id, meaning_id, created_by, updated_by, created_at, updated_at) VALUES (422, 588178763, 'langmap', 'langmap', datetime('now'), datetime('now'));
INSERT INTO expressions (id, text, language_code, region_code, region_name, region_latitude, region_longitude, created_by, updated_by, created_at, updated_at, tags, source_type, review_status) VALUES (423, '含義標題', 'zh-TW', 'TW', '台北，台灣', 25.033, 121.5654, 'langmap', 'langmap', datetime('now'), datetime('now'), '["langmap"]', 'ai', 'approved');
INSERT INTO expression_versions (expression_id, text, region_name, region_latitude, region_longitude, created_by, created_at) VALUES (423, '含義標題', '台北，台灣', 25.033, 121.5654, 'langmap', datetime('now'));
INSERT INTO expression_meanings (expression_id, meaning_id, created_by, updated_by, created_at, updated_at) VALUES (423, 1789770084, 'langmap', 'langmap', datetime('now'), datetime('now'));
INSERT INTO expressions (id, text, language_code, region_code, region_name, region_latitude, region_longitude, created_by, updated_by, created_at, updated_at, tags, source_type, review_status) VALUES (424, '此含義的簡要標識', 'zh-TW', 'TW', '台北，台灣', 25.033, 121.5654, 'langmap', 'langmap', datetime('now'), datetime('now'), '["langmap"]', 'ai', 'approved');
INSERT INTO expression_versions (expression_id, text, region_name, region_latitude, region_longitude, created_by, created_at) VALUES (424, '此含義的簡要標識', '台北，台灣', 25.033, 121.5654, 'langmap', datetime('now'));
INSERT INTO expression_meanings (expression_id, meaning_id, created_by, updated_by, created_at, updated_at) VALUES (424, 1132466761, 'langmap', 'langmap', datetime('now'), datetime('now'));
INSERT INTO expressions (id, text, language_code, region_code, region_name, region_latitude, region_longitude, created_by, updated_by, created_at, updated_at, tags, source_type, review_status) VALUES (425, '捕捉此含義本質的短語', 'zh-TW', 'TW', '台北，台灣', 25.033, 121.5654, 'langmap', 'langmap', datetime('now'), datetime('now'), '["langmap"]', 'ai', 'approved');
INSERT INTO expression_versions (expression_id, text, region_name, region_latitude, region_longitude, created_by, created_at) VALUES (425, '捕捉此含義本質的短語', '台北，台灣', 25.033, 121.5654, 'langmap', datetime('now'));
INSERT INTO expression_meanings (expression_id, meaning_id, created_by, updated_by, created_at, updated_at) VALUES (425, 999221063, 'langmap', 'langmap', datetime('now'), datetime('now'));
INSERT INTO expressions (id, text, language_code, region_code, region_name, region_latitude, region_longitude, created_by, updated_by, created_at, updated_at, tags, source_type, review_status) VALUES (426, '含義描述', 'zh-TW', 'TW', '台北，台灣', 25.033, 121.5654, 'langmap', 'langmap', datetime('now'), datetime('now'), '["langmap"]', 'ai', 'approved');
INSERT INTO expression_versions (expression_id, text, region_name, region_latitude, region_longitude, created_by, created_at) VALUES (426, '含義描述', '台北，台灣', 25.033, 121.5654, 'langmap', datetime('now'));
INSERT INTO expression_meanings (expression_id, meaning_id, created_by, updated_by, created_at, updated_at) VALUES (426, 1554575731, 'langmap', 'langmap', datetime('now'), datetime('now'));
INSERT INTO expressions (id, text, language_code, region_code, region_name, region_latitude, region_longitude, created_by, updated_by, created_at, updated_at, tags, source_type, review_status) VALUES (427, '此含義的詳細解釋', 'zh-TW', 'TW', '台北，台灣', 25.033, 121.5654, 'langmap', 'langmap', datetime('now'), datetime('now'), '["langmap"]', 'ai', 'approved');
INSERT INTO expression_versions (expression_id, text, region_name, region_latitude, region_longitude, created_by, created_at) VALUES (427, '此含義的詳細解釋', '台北，台灣', 25.033, 121.5654, 'langmap', datetime('now'));
INSERT INTO expression_meanings (expression_id, meaning_id, created_by, updated_by, created_at, updated_at) VALUES (427, 1636970553, 'langmap', 'langmap', datetime('now'), datetime('now'));
INSERT INTO expressions (id, text, language_code, region_code, region_name, region_latitude, region_longitude, created_by, updated_by, created_at, updated_at, tags, source_type, review_status) VALUES (428, '對此含義所代表內容的全面描述', 'zh-TW', 'TW', '台北，台灣', 25.033, 121.5654, 'langmap', 'langmap', datetime('now'), datetime('now'), '["langmap"]', 'ai', 'approved');
INSERT INTO expression_versions (expression_id, text, region_name, region_latitude, region_longitude, created_by, created_at) VALUES (428, '對此含義所代表內容的全面描述', '台北，台灣', 25.033, 121.5654, 'langmap', datetime('now'));
INSERT INTO expression_meanings (expression_id, meaning_id, created_by, updated_by, created_at, updated_at) VALUES (428, 1869566903, 'langmap', 'langmap', datetime('now'), datetime('now'));
INSERT INTO expressions (id, text, language_code, region_code, region_name, region_latitude, region_longitude, created_by, updated_by, created_at, updated_at, tags, source_type, review_status) VALUES (429, '標籤', 'zh-TW', 'TW', '台北，台灣', 25.033, 121.5654, 'langmap', 'langmap', datetime('now'), datetime('now'), '["langmap"]', 'ai', 'approved');
INSERT INTO expression_versions (expression_id, text, region_name, region_latitude, region_longitude, created_by, created_at) VALUES (429, '標籤', '台北，台灣', 25.033, 121.5654, 'langmap', datetime('now'));
INSERT INTO expression_meanings (expression_id, meaning_id, created_by, updated_by, created_at, updated_at) VALUES (429, 56467778, 'langmap', 'langmap', datetime('now'), datetime('now'));
INSERT INTO expressions (id, text, language_code, region_code, region_name, region_latitude, region_longitude, created_by, updated_by, created_at, updated_at, tags, source_type, review_status) VALUES (430, '添加標籤...', 'zh-TW', 'TW', '台北，台灣', 25.033, 121.5654, 'langmap', 'langmap', datetime('now'), datetime('now'), '["langmap"]', 'ai', 'approved');
INSERT INTO expression_versions (expression_id, text, region_name, region_latitude, region_longitude, created_by, created_at) VALUES (430, '添加標籤...', '台北，台灣', 25.033, 121.5654, 'langmap', datetime('now'));
INSERT INTO expression_meanings (expression_id, meaning_id, created_by, updated_by, created_at, updated_at) VALUES (430, 194913104, 'langmap', 'langmap', datetime('now'), datetime('now'));
INSERT INTO expressions (id, text, language_code, region_code, region_name, region_latitude, region_longitude, created_by, updated_by, created_at, updated_at, tags, source_type, review_status) VALUES (431, '標籤有助於分類和查找含義（按回車鍵或逗號添加）', 'zh-TW', 'TW', '台北，台灣', 25.033, 121.5654, 'langmap', 'langmap', datetime('now'), datetime('now'), '["langmap"]', 'ai', 'approved');
INSERT INTO expression_versions (expression_id, text, region_name, region_latitude, region_longitude, created_by, created_at) VALUES (431, '標籤有助於分類和查找含義（按回車鍵或逗號添加）', '台北，台灣', 25.033, 121.5654, 'langmap', datetime('now'));
INSERT INTO expression_meanings (expression_id, meaning_id, created_by, updated_by, created_at, updated_at) VALUES (431, 1385556360, 'langmap', 'langmap', datetime('now'), datetime('now'));
INSERT INTO expressions (id, text, language_code, region_code, region_name, region_latitude, region_longitude, created_by, updated_by, created_at, updated_at, tags, source_type, review_status) VALUES (432, '新增語言', 'zh-TW', 'TW', '台北，台灣', 25.033, 121.5654, 'langmap', 'langmap', datetime('now'), datetime('now'), '["langmap"]', 'ai', 'approved');
INSERT INTO expression_versions (expression_id, text, region_name, region_latitude, region_longitude, created_by, created_at) VALUES (432, '新增語言', '台北，台灣', 25.033, 121.5654, 'langmap', datetime('now'));
INSERT INTO expression_meanings (expression_id, meaning_id, created_by, updated_by, created_at, updated_at) VALUES (432, 1474179643, 'langmap', 'langmap', datetime('now'), datetime('now'));
INSERT INTO expressions (id, text, language_code, region_code, region_name, region_latitude, region_longitude, created_by, updated_by, created_at, updated_at, tags, source_type, review_status) VALUES (433, '語言代碼', 'zh-TW', 'TW', '台北，台灣', 25.033, 121.5654, 'langmap', 'langmap', datetime('now'), datetime('now'), '["langmap"]', 'ai', 'approved');
INSERT INTO expression_versions (expression_id, text, region_name, region_latitude, region_longitude, created_by, created_at) VALUES (433, '語言代碼', '台北，台灣', 25.033, 121.5654, 'langmap', datetime('now'));
INSERT INTO expression_meanings (expression_id, meaning_id, created_by, updated_by, created_at, updated_at) VALUES (433, 174195536, 'langmap', 'langmap', datetime('now'), datetime('now'));
INSERT INTO expressions (id, text, language_code, region_code, region_name, region_latitude, region_longitude, created_by, updated_by, created_at, updated_at, tags, source_type, review_status) VALUES (434, '例如：custom-lang、toki-pona', 'zh-TW', 'TW', '台北，台灣', 25.033, 121.5654, 'langmap', 'langmap', datetime('now'), datetime('now'), '["langmap"]', 'ai', 'approved');
INSERT INTO expression_versions (expression_id, text, region_name, region_latitude, region_longitude, created_by, created_at) VALUES (434, '例如：custom-lang、toki-pona', '台北，台灣', 25.033, 121.5654, 'langmap', datetime('now'));
INSERT INTO expression_meanings (expression_id, meaning_id, created_by, updated_by, created_at, updated_at) VALUES (434, 1355230541, 'langmap', 'langmap', datetime('now'), datetime('now'));
INSERT INTO expressions (id, text, language_code, region_code, region_name, region_latitude, region_longitude, created_by, updated_by, created_at, updated_at, tags, source_type, review_status) VALUES (435, '您語言的自訂代碼（可以是非標準的）', 'zh-TW', 'TW', '台北，台灣', 25.033, 121.5654, 'langmap', 'langmap', datetime('now'), datetime('now'), '["langmap"]', 'ai', 'approved');
INSERT INTO expression_versions (expression_id, text, region_name, region_latitude, region_longitude, created_by, created_at) VALUES (435, '您語言的自訂代碼（可以是非標準的）', '台北，台灣', 25.033, 121.5654, 'langmap', datetime('now'));
INSERT INTO expression_meanings (expression_id, meaning_id, created_by, updated_by, created_at, updated_at) VALUES (435, 10528370, 'langmap', 'langmap', datetime('now'), datetime('now'));
INSERT INTO expressions (id, text, language_code, region_code, region_name, region_latitude, region_longitude, created_by, updated_by, created_at, updated_at, tags, source_type, review_status) VALUES (436, '語言名稱', 'zh-TW', 'TW', '台北，台灣', 25.033, 121.5654, 'langmap', 'langmap', datetime('now'), datetime('now'), '["langmap"]', 'ai', 'approved');
INSERT INTO expression_versions (expression_id, text, region_name, region_latitude, region_longitude, created_by, created_at) VALUES (436, '語言名稱', '台北，台灣', 25.033, 121.5654, 'langmap', datetime('now'));
INSERT INTO expression_meanings (expression_id, meaning_id, created_by, updated_by, created_at, updated_at) VALUES (436, 54582974, 'langmap', 'langmap', datetime('now'), datetime('now'));
INSERT INTO expressions (id, text, language_code, region_code, region_name, region_latitude, region_longitude, created_by, updated_by, created_at, updated_at, tags, source_type, review_status) VALUES (437, '例如：自訂語言', 'zh-TW', 'TW', '台北，台灣', 25.033, 121.5654, 'langmap', 'langmap', datetime('now'), datetime('now'), '["langmap"]', 'ai', 'approved');
INSERT INTO expression_versions (expression_id, text, region_name, region_latitude, region_longitude, created_by, created_at) VALUES (437, '例如：自訂語言', '台北，台灣', 25.033, 121.5654, 'langmap', datetime('now'));
INSERT INTO expression_meanings (expression_id, meaning_id, created_by, updated_by, created_at, updated_at) VALUES (437, 1991926523, 'langmap', 'langmap', datetime('now'), datetime('now'));
INSERT INTO expressions (id, text, language_code, region_code, region_name, region_latitude, region_longitude, created_by, updated_by, created_at, updated_at, tags, source_type, review_status) VALUES (438, '本地名稱', 'zh-TW', 'TW', '台北，台灣', 25.033, 121.5654, 'langmap', 'langmap', datetime('now'), datetime('now'), '["langmap"]', 'ai', 'approved');
INSERT INTO expression_versions (expression_id, text, region_name, region_latitude, region_longitude, created_by, created_at) VALUES (438, '本地名稱', '台北，台灣', 25.033, 121.5654, 'langmap', datetime('now'));
INSERT INTO expression_meanings (expression_id, meaning_id, created_by, updated_by, created_at, updated_at) VALUES (438, 1716022447, 'langmap', 'langmap', datetime('now'), datetime('now'));
INSERT INTO expressions (id, text, language_code, region_code, region_name, region_latitude, region_longitude, created_by, updated_by, created_at, updated_at, tags, source_type, review_status) VALUES (439, '例如：本地語言名稱', 'zh-TW', 'TW', '台北，台灣', 25.033, 121.5654, 'langmap', 'langmap', datetime('now'), datetime('now'), '["langmap"]', 'ai', 'approved');
INSERT INTO expression_versions (expression_id, text, region_name, region_latitude, region_longitude, created_by, created_at) VALUES (439, '例如：本地語言名稱', '台北，台灣', 25.033, 121.5654, 'langmap', datetime('now'));
INSERT INTO expression_meanings (expression_id, meaning_id, created_by, updated_by, created_at, updated_at) VALUES (439, 1945432180, 'langmap', 'langmap', datetime('now'), datetime('now'));
INSERT INTO expressions (id, text, language_code, region_code, region_name, region_latitude, region_longitude, created_by, updated_by, created_at, updated_at, tags, source_type, review_status) VALUES (440, '地區信息', 'zh-TW', 'TW', '台北，台灣', 25.033, 121.5654, 'langmap', 'langmap', datetime('now'), datetime('now'), '["langmap"]', 'ai', 'approved');
INSERT INTO expression_versions (expression_id, text, region_name, region_latitude, region_longitude, created_by, created_at) VALUES (440, '地區信息', '台北，台灣', 25.033, 121.5654, 'langmap', datetime('now'));
INSERT INTO expression_meanings (expression_id, meaning_id, created_by, updated_by, created_at, updated_at) VALUES (440, 1921468690, 'langmap', 'langmap', datetime('now'), datetime('now'));
INSERT INTO expressions (id, text, language_code, region_code, region_name, region_latitude, region_longitude, created_by, updated_by, created_at, updated_at, tags, source_type, review_status) VALUES (441, '地區名稱', 'zh-TW', 'TW', '台北，台灣', 25.033, 121.5654, 'langmap', 'langmap', datetime('now'), datetime('now'), '["langmap"]', 'ai', 'approved');
INSERT INTO expression_versions (expression_id, text, region_name, region_latitude, region_longitude, created_by, created_at) VALUES (441, '地區名稱', '台北，台灣', 25.033, 121.5654, 'langmap', datetime('now'));
INSERT INTO expression_meanings (expression_id, meaning_id, created_by, updated_by, created_at, updated_at) VALUES (441, 1018972716, 'langmap', 'langmap', datetime('now'), datetime('now'));
INSERT INTO expressions (id, text, language_code, region_code, region_name, region_latitude, region_longitude, created_by, updated_by, created_at, updated_at, tags, source_type, review_status) VALUES (442, '例如：倫敦，英國', 'zh-TW', 'TW', '台北，台灣', 25.033, 121.5654, 'langmap', 'langmap', datetime('now'), datetime('now'), '["langmap"]', 'ai', 'approved');
INSERT INTO expression_versions (expression_id, text, region_name, region_latitude, region_longitude, created_by, created_at) VALUES (442, '例如：倫敦，英國', '台北，台灣', 25.033, 121.5654, 'langmap', datetime('now'));
INSERT INTO expression_meanings (expression_id, meaning_id, created_by, updated_by, created_at, updated_at) VALUES (442, 306931297, 'langmap', 'langmap', datetime('now'), datetime('now'));
INSERT INTO expressions (id, text, language_code, region_code, region_name, region_latitude, region_longitude, created_by, updated_by, created_at, updated_at, tags, source_type, review_status) VALUES (443, '本地地區名稱', 'zh-TW', 'TW', '台北，台灣', 25.033, 121.5654, 'langmap', 'langmap', datetime('now'), datetime('now'), '["langmap"]', 'ai', 'approved');
INSERT INTO expression_versions (expression_id, text, region_name, region_latitude, region_longitude, created_by, created_at) VALUES (443, '本地地區名稱', '台北，台灣', 25.033, 121.5654, 'langmap', datetime('now'));
INSERT INTO expression_meanings (expression_id, meaning_id, created_by, updated_by, created_at, updated_at) VALUES (443, 647664578, 'langmap', 'langmap', datetime('now'), datetime('now'));
INSERT INTO expression_meanings (expression_id, meaning_id, created_by, updated_by, created_at, updated_at) VALUES (442, 765370063, 'langmap', 'langmap', datetime('now'), datetime('now'));
INSERT INTO expressions (id, text, language_code, region_code, region_name, region_latitude, region_longitude, created_by, updated_by, created_at, updated_at, tags, source_type, review_status) VALUES (444, '緯度', 'zh-TW', 'TW', '台北，台灣', 25.033, 121.5654, 'langmap', 'langmap', datetime('now'), datetime('now'), '["langmap"]', 'ai', 'approved');
INSERT INTO expression_versions (expression_id, text, region_name, region_latitude, region_longitude, created_by, created_at) VALUES (444, '緯度', '台北，台灣', 25.033, 121.5654, 'langmap', datetime('now'));
INSERT INTO expression_meanings (expression_id, meaning_id, created_by, updated_by, created_at, updated_at) VALUES (444, 820519387, 'langmap', 'langmap', datetime('now'), datetime('now'));
INSERT INTO expressions (id, text, language_code, region_code, region_name, region_latitude, region_longitude, created_by, updated_by, created_at, updated_at, tags, source_type, review_status) VALUES (445, '例如：51.5074', 'zh-TW', 'TW', '台北，台灣', 25.033, 121.5654, 'langmap', 'langmap', datetime('now'), datetime('now'), '["langmap"]', 'ai', 'approved');
INSERT INTO expression_versions (expression_id, text, region_name, region_latitude, region_longitude, created_by, created_at) VALUES (445, '例如：51.5074', '台北，台灣', 25.033, 121.5654, 'langmap', datetime('now'));
INSERT INTO expression_meanings (expression_id, meaning_id, created_by, updated_by, created_at, updated_at) VALUES (445, 626365559, 'langmap', 'langmap', datetime('now'), datetime('now'));
INSERT INTO expressions (id, text, language_code, region_code, region_name, region_latitude, region_longitude, created_by, updated_by, created_at, updated_at, tags, source_type, review_status) VALUES (446, '經度', 'zh-TW', 'TW', '台北，台灣', 25.033, 121.5654, 'langmap', 'langmap', datetime('now'), datetime('now'), '["langmap"]', 'ai', 'approved');
INSERT INTO expression_versions (expression_id, text, region_name, region_latitude, region_longitude, created_by, created_at) VALUES (446, '經度', '台北，台灣', 25.033, 121.5654, 'langmap', datetime('now'));
INSERT INTO expression_meanings (expression_id, meaning_id, created_by, updated_by, created_at, updated_at) VALUES (446, 513569115, 'langmap', 'langmap', datetime('now'), datetime('now'));
INSERT INTO expressions (id, text, language_code, region_code, region_name, region_latitude, region_longitude, created_by, updated_by, created_at, updated_at, tags, source_type, review_status) VALUES (447, '例如：-0.1278', 'zh-TW', 'TW', '台北，台灣', 25.033, 121.5654, 'langmap', 'langmap', datetime('now'), datetime('now'), '["langmap"]', 'ai', 'approved');
INSERT INTO expression_versions (expression_id, text, region_name, region_latitude, region_longitude, created_by, created_at) VALUES (447, '例如：-0.1278', '台北，台灣', 25.033, 121.5654, 'langmap', datetime('now'));
INSERT INTO expression_meanings (expression_id, meaning_id, created_by, updated_by, created_at, updated_at) VALUES (447, 2107302769, 'langmap', 'langmap', datetime('now'), datetime('now'));
INSERT INTO expressions (id, text, language_code, region_code, region_name, region_latitude, region_longitude, created_by, updated_by, created_at, updated_at, tags, source_type, review_status) VALUES (448, '隱藏地圖', 'zh-TW', 'TW', '台北，台灣', 25.033, 121.5654, 'langmap', 'langmap', datetime('now'), datetime('now'), '["langmap"]', 'ai', 'approved');
INSERT INTO expression_versions (expression_id, text, region_name, region_latitude, region_longitude, created_by, created_at) VALUES (448, '隱藏地圖', '台北，台灣', 25.033, 121.5654, 'langmap', datetime('now'));
INSERT INTO expression_meanings (expression_id, meaning_id, created_by, updated_by, created_at, updated_at) VALUES (448, 2071213119, 'langmap', 'langmap', datetime('now'), datetime('now'));
INSERT INTO expressions (id, text, language_code, region_code, region_name, region_latitude, region_longitude, created_by, updated_by, created_at, updated_at, tags, source_type, review_status) VALUES (449, '文字方向', 'zh-TW', 'TW', '台北，台灣', 25.033, 121.5654, 'langmap', 'langmap', datetime('now'), datetime('now'), '["langmap"]', 'ai', 'approved');
INSERT INTO expression_versions (expression_id, text, region_name, region_latitude, region_longitude, created_by, created_at) VALUES (449, '文字方向', '台北，台灣', 25.033, 121.5654, 'langmap', datetime('now'));
INSERT INTO expression_meanings (expression_id, meaning_id, created_by, updated_by, created_at, updated_at) VALUES (449, 2030701872, 'langmap', 'langmap', datetime('now'), datetime('now'));
INSERT INTO expressions (id, text, language_code, region_code, region_name, region_latitude, region_longitude, created_by, updated_by, created_at, updated_at, tags, source_type, review_status) VALUES (450, '從左到右 (LTR)', 'zh-TW', 'TW', '台北，台灣', 25.033, 121.5654, 'langmap', 'langmap', datetime('now'), datetime('now'), '["langmap"]', 'ai', 'approved');
INSERT INTO expression_versions (expression_id, text, region_name, region_latitude, region_longitude, created_by, created_at) VALUES (450, '從左到右 (LTR)', '台北，台灣', 25.033, 121.5654, 'langmap', datetime('now'));
INSERT INTO expression_meanings (expression_id, meaning_id, created_by, updated_by, created_at, updated_at) VALUES (450, 822144154, 'langmap', 'langmap', datetime('now'), datetime('now'));
INSERT INTO expressions (id, text, language_code, region_code, region_name, region_latitude, region_longitude, created_by, updated_by, created_at, updated_at, tags, source_type, review_status) VALUES (451, '從右到左 (RTL)', 'zh-TW', 'TW', '台北，台灣', 25.033, 121.5654, 'langmap', 'langmap', datetime('now'), datetime('now'), '["langmap"]', 'ai', 'approved');
INSERT INTO expression_versions (expression_id, text, region_name, region_latitude, region_longitude, created_by, created_at) VALUES (451, '從右到左 (RTL)', '台北，台灣', 25.033, 121.5654, 'langmap', datetime('now'));
INSERT INTO expression_meanings (expression_id, meaning_id, created_by, updated_by, created_at, updated_at) VALUES (451, 208973083, 'langmap', 'langmap', datetime('now'), datetime('now'));
INSERT INTO expressions (id, text, language_code, region_code, region_name, region_latitude, region_longitude, created_by, updated_by, created_at, updated_at, tags, source_type, review_status) VALUES (452, '正在新增...', 'zh-TW', 'TW', '台北，台灣', 25.033, 121.5654, 'langmap', 'langmap', datetime('now'), datetime('now'), '["langmap"]', 'ai', 'approved');
INSERT INTO expression_versions (expression_id, text, region_name, region_latitude, region_longitude, created_by, created_at) VALUES (452, '正在新增...', '台北，台灣', 25.033, 121.5654, 'langmap', datetime('now'));
INSERT INTO expression_meanings (expression_id, meaning_id, created_by, updated_by, created_at, updated_at) VALUES (452, 1116697603, 'langmap', 'langmap', datetime('now'), datetime('now'));
INSERT INTO expressions (id, text, language_code, region_code, region_name, region_latitude, region_longitude, created_by, updated_by, created_at, updated_at, tags, source_type, review_status) VALUES (453, '新增語言失敗，請重試。', 'zh-TW', 'TW', '台北，台灣', 25.033, 121.5654, 'langmap', 'langmap', datetime('now'), datetime('now'), '["langmap"]', 'ai', 'approved');
INSERT INTO expression_versions (expression_id, text, region_name, region_latitude, region_longitude, created_by, created_at) VALUES (453, '新增語言失敗，請重試。', '台北，台灣', 25.033, 121.5654, 'langmap', datetime('now'));
INSERT INTO expression_meanings (expression_id, meaning_id, created_by, updated_by, created_at, updated_at) VALUES (453, 577671469, 'langmap', 'langmap', datetime('now'), datetime('now'));
INSERT INTO expressions (id, text, language_code, region_code, region_name, region_latitude, region_longitude, created_by, updated_by, created_at, updated_at, tags, source_type, review_status) VALUES (454, '返回搜尋', 'zh-TW', 'TW', '台北，台灣', 25.033, 121.5654, 'langmap', 'langmap', datetime('now'), datetime('now'), '["langmap"]', 'ai', 'approved');
INSERT INTO expression_versions (expression_id, text, region_name, region_latitude, region_longitude, created_by, created_at) VALUES (454, '返回搜尋', '台北，台灣', 25.033, 121.5654, 'langmap', datetime('now'));
INSERT INTO expression_meanings (expression_id, meaning_id, created_by, updated_by, created_at, updated_at) VALUES (454, 1173588834, 'langmap', 'langmap', datetime('now'), datetime('now'));
INSERT INTO expressions (id, text, language_code, region_code, region_name, region_latitude, region_longitude, created_by, updated_by, created_at, updated_at, tags, source_type, review_status) VALUES (455, '正在載入詞句詳情...', 'zh-TW', 'TW', '台北，台灣', 25.033, 121.5654, 'langmap', 'langmap', datetime('now'), datetime('now'), '["langmap"]', 'ai', 'approved');
INSERT INTO expression_versions (expression_id, text, region_name, region_latitude, region_longitude, created_by, created_at) VALUES (455, '正在載入詞句詳情...', '台北，台灣', 25.033, 121.5654, 'langmap', datetime('now'));
INSERT INTO expression_meanings (expression_id, meaning_id, created_by, updated_by, created_at, updated_at) VALUES (455, 916646339, 'langmap', 'langmap', datetime('now'), datetime('now'));
INSERT INTO expressions (id, text, language_code, region_code, region_name, region_latitude, region_longitude, created_by, updated_by, created_at, updated_at, tags, source_type, review_status) VALUES (456, '詞句詳情', 'zh-TW', 'TW', '台北，台灣', 25.033, 121.5654, 'langmap', 'langmap', datetime('now'), datetime('now'), '["langmap"]', 'ai', 'approved');
INSERT INTO expression_versions (expression_id, text, region_name, region_latitude, region_longitude, created_by, created_at) VALUES (456, '詞句詳情', '台北，台灣', 25.033, 121.5654, 'langmap', datetime('now'));
INSERT INTO expression_meanings (expression_id, meaning_id, created_by, updated_by, created_at, updated_at) VALUES (456, 303419628, 'langmap', 'langmap', datetime('now'), datetime('now'));
INSERT INTO expression_meanings (expression_id, meaning_id, created_by, updated_by, created_at, updated_at) VALUES (419, 1082150934, 'langmap', 'langmap', datetime('now'), datetime('now'));
INSERT INTO expressions (id, text, language_code, region_code, region_name, region_latitude, region_longitude, created_by, updated_by, created_at, updated_at, tags, source_type, review_status) VALUES (457, '關聯詞句', 'zh-TW', 'TW', '台北，台灣', 25.033, 121.5654, 'langmap', 'langmap', datetime('now'), datetime('now'), '["langmap"]', 'ai', 'approved');
INSERT INTO expression_versions (expression_id, text, region_name, region_latitude, region_longitude, created_by, created_at) VALUES (457, '關聯詞句', '台北，台灣', 25.033, 121.5654, 'langmap', datetime('now'));
INSERT INTO expression_meanings (expression_id, meaning_id, created_by, updated_by, created_at, updated_at) VALUES (457, 977355953, 'langmap', 'langmap', datetime('now'), datetime('now'));
INSERT INTO expression_meanings (expression_id, meaning_id, created_by, updated_by, created_at, updated_at) VALUES (417, 840883141, 'langmap', 'langmap', datetime('now'), datetime('now'));
INSERT INTO expressions (id, text, language_code, region_code, region_name, region_latitude, region_longitude, created_by, updated_by, created_at, updated_at, tags, source_type, review_status) VALUES (458, '搜尋要關聯的詞句...', 'zh-TW', 'TW', '台北，台灣', 25.033, 121.5654, 'langmap', 'langmap', datetime('now'), datetime('now'), '["langmap"]', 'ai', 'approved');
INSERT INTO expression_versions (expression_id, text, region_name, region_latitude, region_longitude, created_by, created_at) VALUES (458, '搜尋要關聯的詞句...', '台北，台灣', 25.033, 121.5654, 'langmap', datetime('now'));
INSERT INTO expression_meanings (expression_id, meaning_id, created_by, updated_by, created_at, updated_at) VALUES (458, 531232349, 'langmap', 'langmap', datetime('now'), datetime('now'));
INSERT INTO expression_meanings (expression_id, meaning_id, created_by, updated_by, created_at, updated_at) VALUES (364, 1801706047, 'langmap', 'langmap', datetime('now'), datetime('now'));
INSERT INTO expressions (id, text, language_code, region_code, region_name, region_latitude, region_longitude, created_by, updated_by, created_at, updated_at, tags, source_type, review_status) VALUES (459, '正在搜尋...', 'zh-TW', 'TW', '台北，台灣', 25.033, 121.5654, 'langmap', 'langmap', datetime('now'), datetime('now'), '["langmap"]', 'ai', 'approved');
INSERT INTO expression_versions (expression_id, text, region_name, region_latitude, region_longitude, created_by, created_at) VALUES (459, '正在搜尋...', '台北，台灣', 25.033, 121.5654, 'langmap', datetime('now'));
INSERT INTO expression_meanings (expression_id, meaning_id, created_by, updated_by, created_at, updated_at) VALUES (459, 204956308, 'langmap', 'langmap', datetime('now'), datetime('now'));
INSERT INTO expressions (id, text, language_code, region_code, region_name, region_latitude, region_longitude, created_by, updated_by, created_at, updated_at, tags, source_type, review_status) VALUES (460, '未找到詞句。請嘗試不同的搜尋詞。', 'zh-TW', 'TW', '台北，台灣', 25.033, 121.5654, 'langmap', 'langmap', datetime('now'), datetime('now'), '["langmap"]', 'ai', 'approved');
INSERT INTO expression_versions (expression_id, text, region_name, region_latitude, region_longitude, created_by, created_at) VALUES (460, '未找到詞句。請嘗試不同的搜尋詞。', '台北，台灣', 25.033, 121.5654, 'langmap', datetime('now'));
INSERT INTO expression_meanings (expression_id, meaning_id, created_by, updated_by, created_at, updated_at) VALUES (460, 396634966, 'langmap', 'langmap', datetime('now'), datetime('now'));
INSERT INTO expressions (id, text, language_code, region_code, region_name, region_latitude, region_longitude, created_by, updated_by, created_at, updated_at, tags, source_type, review_status) VALUES (461, '連結', 'zh-TW', 'TW', '台北，台灣', 25.033, 121.5654, 'langmap', 'langmap', datetime('now'), datetime('now'), '["langmap"]', 'ai', 'approved');
INSERT INTO expression_versions (expression_id, text, region_name, region_latitude, region_longitude, created_by, created_at) VALUES (461, '連結', '台北，台灣', 25.033, 121.5654, 'langmap', datetime('now'));
INSERT INTO expression_meanings (expression_id, meaning_id, created_by, updated_by, created_at, updated_at) VALUES (461, 1812761320, 'langmap', 'langmap', datetime('now'), datetime('now'));
INSERT INTO expressions (id, text, language_code, region_code, region_name, region_latitude, region_longitude, created_by, updated_by, created_at, updated_at, tags, source_type, review_status) VALUES (462, '已連結', 'zh-TW', 'TW', '台北，台灣', 25.033, 121.5654, 'langmap', 'langmap', datetime('now'), datetime('now'), '["langmap"]', 'ai', 'approved');
INSERT INTO expression_versions (expression_id, text, region_name, region_latitude, region_longitude, created_by, created_at) VALUES (462, '已連結', '台北，台灣', 25.033, 121.5654, 'langmap', datetime('now'));
INSERT INTO expression_meanings (expression_id, meaning_id, created_by, updated_by, created_at, updated_at) VALUES (462, 1733733173, 'langmap', 'langmap', datetime('now'), datetime('now'));
INSERT INTO expressions (id, text, language_code, region_code, region_name, region_latitude, region_longitude, created_by, updated_by, created_at, updated_at, tags, source_type, review_status) VALUES (463, '搜尋結果包含當前詞句。', 'zh-TW', 'TW', '台北，台灣', 25.033, 121.5654, 'langmap', 'langmap', datetime('now'), datetime('now'), '["langmap"]', 'ai', 'approved');
INSERT INTO expression_versions (expression_id, text, region_name, region_latitude, region_longitude, created_by, created_at) VALUES (463, '搜尋結果包含當前詞句。', '台北，台灣', 25.033, 121.5654, 'langmap', datetime('now'));
INSERT INTO expression_meanings (expression_id, meaning_id, created_by, updated_by, created_at, updated_at) VALUES (463, 825539610, 'langmap', 'langmap', datetime('now'), datetime('now'));
INSERT INTO expressions (id, text, language_code, region_code, region_name, region_latitude, region_longitude, created_by, updated_by, created_at, updated_at, tags, source_type, review_status) VALUES (464, '連結到含義：', 'zh-TW', 'TW', '台北，台灣', 25.033, 121.5654, 'langmap', 'langmap', datetime('now'), datetime('now'), '["langmap"]', 'ai', 'approved');
INSERT INTO expression_versions (expression_id, text, region_name, region_latitude, region_longitude, created_by, created_at) VALUES (464, '連結到含義：', '台北，台灣', 25.033, 121.5654, 'langmap', datetime('now'));
INSERT INTO expression_meanings (expression_id, meaning_id, created_by, updated_by, created_at, updated_at) VALUES (464, 1320578155, 'langmap', 'langmap', datetime('now'), datetime('now'));
INSERT INTO expressions (id, text, language_code, region_code, region_name, region_latitude, region_longitude, created_by, updated_by, created_at, updated_at, tags, source_type, review_status) VALUES (465, '-- 選擇含義 --', 'zh-TW', 'TW', '台北，台灣', 25.033, 121.5654, 'langmap', 'langmap', datetime('now'), datetime('now'), '["langmap"]', 'ai', 'approved');
INSERT INTO expression_versions (expression_id, text, region_name, region_latitude, region_longitude, created_by, created_at) VALUES (465, '-- 選擇含義 --', '台北，台灣', 25.033, 121.5654, 'langmap', datetime('now'));
INSERT INTO expression_meanings (expression_id, meaning_id, created_by, updated_by, created_at, updated_at) VALUES (465, 1171371199, 'langmap', 'langmap', datetime('now'), datetime('now'));
INSERT INTO expressions (id, text, language_code, region_code, region_name, region_latitude, region_longitude, created_by, updated_by, created_at, updated_at, tags, source_type, review_status) VALUES (466, '建立新含義…', 'zh-TW', 'TW', '台北，台灣', 25.033, 121.5654, 'langmap', 'langmap', datetime('now'), datetime('now'), '["langmap"]', 'ai', 'approved');
INSERT INTO expression_versions (expression_id, text, region_name, region_latitude, region_longitude, created_by, created_at) VALUES (466, '建立新含義…', '台北，台灣', 25.033, 121.5654, 'langmap', datetime('now'));
INSERT INTO expression_meanings (expression_id, meaning_id, created_by, updated_by, created_at, updated_at) VALUES (466, 2048212694, 'langmap', 'langmap', datetime('now'), datetime('now'));
INSERT INTO expressions (id, text, language_code, region_code, region_name, region_latitude, region_longitude, created_by, updated_by, created_at, updated_at, tags, source_type, review_status) VALUES (467, '新含義標題', 'zh-TW', 'TW', '台北，台灣', 25.033, 121.5654, 'langmap', 'langmap', datetime('now'), datetime('now'), '["langmap"]', 'ai', 'approved');
INSERT INTO expression_versions (expression_id, text, region_name, region_latitude, region_longitude, created_by, created_at) VALUES (467, '新含義標題', '台北，台灣', 25.033, 121.5654, 'langmap', datetime('now'));
INSERT INTO expression_meanings (expression_id, meaning_id, created_by, updated_by, created_at, updated_at) VALUES (467, 787431441, 'langmap', 'langmap', datetime('now'), datetime('now'));
INSERT INTO expressions (id, text, language_code, region_code, region_name, region_latitude, region_longitude, created_by, updated_by, created_at, updated_at, tags, source_type, review_status) VALUES (468, '建立含義', 'zh-TW', 'TW', '台北，台灣', 25.033, 121.5654, 'langmap', 'langmap', datetime('now'), datetime('now'), '["langmap"]', 'ai', 'approved');
INSERT INTO expression_versions (expression_id, text, region_name, region_latitude, region_longitude, created_by, created_at) VALUES (468, '建立含義', '台北，台灣', 25.033, 121.5654, 'langmap', datetime('now'));
INSERT INTO expression_meanings (expression_id, meaning_id, created_by, updated_by, created_at, updated_at) VALUES (468, 1044591763, 'langmap', 'langmap', datetime('now'), datetime('now'));
INSERT INTO expressions (id, text, language_code, region_code, region_name, region_latitude, region_longitude, created_by, updated_by, created_at, updated_at, tags, source_type, review_status) VALUES (469, '此詞句未關聯任何含義', 'zh-TW', 'TW', '台北，台灣', 25.033, 121.5654, 'langmap', 'langmap', datetime('now'), datetime('now'), '["langmap"]', 'ai', 'approved');
INSERT INTO expression_versions (expression_id, text, region_name, region_latitude, region_longitude, created_by, created_at) VALUES (469, '此詞句未關聯任何含義', '台北，台灣', 25.033, 121.5654, 'langmap', datetime('now'));
INSERT INTO expression_meanings (expression_id, meaning_id, created_by, updated_by, created_at, updated_at) VALUES (469, 2010884750, 'langmap', 'langmap', datetime('now'), datetime('now'));
INSERT INTO expression_meanings (expression_id, meaning_id, created_by, updated_by, created_at, updated_at) VALUES (419, 1273274090, 'langmap', 'langmap', datetime('now'), datetime('now'));
INSERT INTO expressions (id, text, language_code, region_code, region_name, region_latitude, region_longitude, created_by, updated_by, created_at, updated_at, tags, source_type, review_status) VALUES (470, '全球', 'zh-TW', 'TW', '台北，台灣', 25.033, 121.5654, 'langmap', 'langmap', datetime('now'), datetime('now'), '["langmap"]', 'ai', 'approved');
INSERT INTO expression_versions (expression_id, text, region_name, region_latitude, region_longitude, created_by, created_at) VALUES (470, '全球', '台北，台灣', 25.033, 121.5654, 'langmap', datetime('now'));
INSERT INTO expression_meanings (expression_id, meaning_id, created_by, updated_by, created_at, updated_at) VALUES (470, 176252579, 'langmap', 'langmap', datetime('now'), datetime('now'));
INSERT INTO expressions (id, text, language_code, region_code, region_name, region_latitude, region_longitude, created_by, updated_by, created_at, updated_at, tags, source_type, review_status) VALUES (471, '播放', 'zh-TW', 'TW', '台北，台灣', 25.033, 121.5654, 'langmap', 'langmap', datetime('now'), datetime('now'), '["langmap"]', 'ai', 'approved');
INSERT INTO expression_versions (expression_id, text, region_name, region_latitude, region_longitude, created_by, created_at) VALUES (471, '播放', '台北，台灣', 25.033, 121.5654, 'langmap', datetime('now'));
INSERT INTO expression_meanings (expression_id, meaning_id, created_by, updated_by, created_at, updated_at) VALUES (471, 2089767296, 'langmap', 'langmap', datetime('now'), datetime('now'));
INSERT INTO expressions (id, text, language_code, region_code, region_name, region_latitude, region_longitude, created_by, updated_by, created_at, updated_at, tags, source_type, review_status) VALUES (472, '自動', 'zh-TW', 'TW', '台北，台灣', 25.033, 121.5654, 'langmap', 'langmap', datetime('now'), datetime('now'), '["langmap"]', 'ai', 'approved');
INSERT INTO expression_versions (expression_id, text, region_name, region_latitude, region_longitude, created_by, created_at) VALUES (472, '自動', '台北，台灣', 25.033, 121.5654, 'langmap', datetime('now'));
INSERT INTO expression_meanings (expression_id, meaning_id, created_by, updated_by, created_at, updated_at) VALUES (472, 645537796, 'langmap', 'langmap', datetime('now'), datetime('now'));
INSERT INTO expressions (id, text, language_code, region_code, region_name, region_latitude, region_longitude, created_by, updated_by, created_at, updated_at, tags, source_type, review_status) VALUES (473, '版本歷史', 'zh-TW', 'TW', '台北，台灣', 25.033, 121.5654, 'langmap', 'langmap', datetime('now'), datetime('now'), '["langmap"]', 'ai', 'approved');
INSERT INTO expression_versions (expression_id, text, region_name, region_latitude, region_longitude, created_by, created_at) VALUES (473, '版本歷史', '台北，台灣', 25.033, 121.5654, 'langmap', datetime('now'));
INSERT INTO expression_meanings (expression_id, meaning_id, created_by, updated_by, created_at, updated_at) VALUES (473, 1744326251, 'langmap', 'langmap', datetime('now'), datetime('now'));
INSERT INTO expressions (id, text, language_code, region_code, region_name, region_latitude, region_longitude, created_by, updated_by, created_at, updated_at, tags, source_type, review_status) VALUES (474, '正在載入版本...', 'zh-TW', 'TW', '台北，台灣', 25.033, 121.5654, 'langmap', 'langmap', datetime('now'), datetime('now'), '["langmap"]', 'ai', 'approved');
INSERT INTO expression_versions (expression_id, text, region_name, region_latitude, region_longitude, created_by, created_at) VALUES (474, '正在載入版本...', '台北，台灣', 25.033, 121.5654, 'langmap', datetime('now'));
INSERT INTO expression_meanings (expression_id, meaning_id, created_by, updated_by, created_at, updated_at) VALUES (474, 715462937, 'langmap', 'langmap', datetime('now'), datetime('now'));
INSERT INTO expressions (id, text, language_code, region_code, region_name, region_latitude, region_longitude, created_by, updated_by, created_at, updated_at, tags, source_type, review_status) VALUES (475, '無可用版本', 'zh-TW', 'TW', '台北，台灣', 25.033, 121.5654, 'langmap', 'langmap', datetime('now'), datetime('now'), '["langmap"]', 'ai', 'approved');
INSERT INTO expression_versions (expression_id, text, region_name, region_latitude, region_longitude, created_by, created_at) VALUES (475, '無可用版本', '台北，台灣', 25.033, 121.5654, 'langmap', datetime('now'));
INSERT INTO expression_meanings (expression_id, meaning_id, created_by, updated_by, created_at, updated_at) VALUES (475, 1713513424, 'langmap', 'langmap', datetime('now'), datetime('now'));
INSERT INTO expression_meanings (expression_id, meaning_id, created_by, updated_by, created_at, updated_at) VALUES (472, 80058487, 'langmap', 'langmap', datetime('now'), datetime('now'));
INSERT INTO expressions (id, text, language_code, region_code, region_name, region_latitude, region_longitude, created_by, updated_by, created_at, updated_at, tags, source_type, review_status) VALUES (476, '匿名', 'zh-TW', 'TW', '台北，台灣', 25.033, 121.5654, 'langmap', 'langmap', datetime('now'), datetime('now'), '["langmap"]', 'ai', 'approved');
INSERT INTO expression_versions (expression_id, text, region_name, region_latitude, region_longitude, created_by, created_at) VALUES (476, '匿名', '台北，台灣', 25.033, 121.5654, 'langmap', datetime('now'));
INSERT INTO expression_meanings (expression_id, meaning_id, created_by, updated_by, created_at, updated_at) VALUES (476, 82914960, 'langmap', 'langmap', datetime('now'), datetime('now'));
INSERT INTO expressions (id, text, language_code, region_code, region_name, region_latitude, region_longitude, created_by, updated_by, created_at, updated_at, tags, source_type, review_status) VALUES (477, 'Explore the World of Languages', 'en-US', 'US', 'New York, United States', 40.7128, -74.006, 'langmap', 'langmap', datetime('now'), datetime('now'), '["langmap"]', 'ai', 'approved');
INSERT INTO expression_versions (expression_id, text, region_name, region_latitude, region_longitude, created_by, created_at) VALUES (477, 'Explore the World of Languages', 'New York, United States', 40.7128, -74.006, 'langmap', datetime('now'));
INSERT INTO expression_meanings (expression_id, meaning_id, created_by, updated_by, created_at, updated_at) VALUES (477, 1232590872, 'langmap', 'langmap', datetime('now'), datetime('now'));
INSERT INTO expressions (id, text, language_code, region_code, region_name, region_latitude, region_longitude, created_by, updated_by, created_at, updated_at, tags, source_type, review_status) VALUES (478, 'Discover how expressions vary across regions and cultures', 'en-US', 'US', 'New York, United States', 40.7128, -74.006, 'langmap', 'langmap', datetime('now'), datetime('now'), '["langmap"]', 'ai', 'approved');
INSERT INTO expression_versions (expression_id, text, region_name, region_latitude, region_longitude, created_by, created_at) VALUES (478, 'Discover how expressions vary across regions and cultures', 'New York, United States', 40.7128, -74.006, 'langmap', datetime('now'));
INSERT INTO expression_meanings (expression_id, meaning_id, created_by, updated_by, created_at, updated_at) VALUES (478, 738769989, 'langmap', 'langmap', datetime('now'), datetime('now'));
INSERT INTO expressions (id, text, language_code, region_code, region_name, region_latitude, region_longitude, created_by, updated_by, created_at, updated_at, tags, source_type, review_status) VALUES (479, 'Search for an expression...', 'en-US', 'US', 'New York, United States', 40.7128, -74.006, 'langmap', 'langmap', datetime('now'), datetime('now'), '["langmap"]', 'ai', 'approved');
INSERT INTO expression_versions (expression_id, text, region_name, region_latitude, region_longitude, created_by, created_at) VALUES (479, 'Search for an expression...', 'New York, United States', 40.7128, -74.006, 'langmap', datetime('now'));
INSERT INTO expression_meanings (expression_id, meaning_id, created_by, updated_by, created_at, updated_at) VALUES (479, 87878107, 'langmap', 'langmap', datetime('now'), datetime('now'));
INSERT INTO expressions (id, text, language_code, region_code, region_name, region_latitude, region_longitude, created_by, updated_by, created_at, updated_at, tags, source_type, review_status) VALUES (480, 'Search', 'en-US', 'US', 'New York, United States', 40.7128, -74.006, 'langmap', 'langmap', datetime('now'), datetime('now'), '["langmap"]', 'ai', 'approved');
INSERT INTO expression_versions (expression_id, text, region_name, region_latitude, region_longitude, created_by, created_at) VALUES (480, 'Search', 'New York, United States', 40.7128, -74.006, 'langmap', datetime('now'));
INSERT INTO expression_meanings (expression_id, meaning_id, created_by, updated_by, created_at, updated_at) VALUES (480, 1861719002, 'langmap', 'langmap', datetime('now'), datetime('now'));
INSERT INTO expressions (id, text, language_code, region_code, region_name, region_latitude, region_longitude, created_by, updated_by, created_at, updated_at, tags, source_type, review_status) VALUES (481, 'Total Expressions', 'en-US', 'US', 'New York, United States', 40.7128, -74.006, 'langmap', 'langmap', datetime('now'), datetime('now'), '["langmap"]', 'ai', 'approved');
INSERT INTO expression_versions (expression_id, text, region_name, region_latitude, region_longitude, created_by, created_at) VALUES (481, 'Total Expressions', 'New York, United States', 40.7128, -74.006, 'langmap', datetime('now'));
INSERT INTO expression_meanings (expression_id, meaning_id, created_by, updated_by, created_at, updated_at) VALUES (481, 2073608002, 'langmap', 'langmap', datetime('now'), datetime('now'));
INSERT INTO expressions (id, text, language_code, region_code, region_name, region_latitude, region_longitude, created_by, updated_by, created_at, updated_at, tags, source_type, review_status) VALUES (482, 'Languages', 'en-US', 'US', 'New York, United States', 40.7128, -74.006, 'langmap', 'langmap', datetime('now'), datetime('now'), '["langmap"]', 'ai', 'approved');
INSERT INTO expression_versions (expression_id, text, region_name, region_latitude, region_longitude, created_by, created_at) VALUES (482, 'Languages', 'New York, United States', 40.7128, -74.006, 'langmap', datetime('now'));
INSERT INTO expression_meanings (expression_id, meaning_id, created_by, updated_by, created_at, updated_at) VALUES (482, 29825596, 'langmap', 'langmap', datetime('now'), datetime('now'));
INSERT INTO expressions (id, text, language_code, region_code, region_name, region_latitude, region_longitude, created_by, updated_by, created_at, updated_at, tags, source_type, review_status) VALUES (483, 'Regions', 'en-US', 'US', 'New York, United States', 40.7128, -74.006, 'langmap', 'langmap', datetime('now'), datetime('now'), '["langmap"]', 'ai', 'approved');
INSERT INTO expression_versions (expression_id, text, region_name, region_latitude, region_longitude, created_by, created_at) VALUES (483, 'Regions', 'New York, United States', 40.7128, -74.006, 'langmap', datetime('now'));
INSERT INTO expression_meanings (expression_id, meaning_id, created_by, updated_by, created_at, updated_at) VALUES (483, 1909588150, 'langmap', 'langmap', datetime('now'), datetime('now'));
INSERT INTO expressions (id, text, language_code, region_code, region_name, region_latitude, region_longitude, created_by, updated_by, created_at, updated_at, tags, source_type, review_status) VALUES (484, 'Global Language Distribution', 'en-US', 'US', 'New York, United States', 40.7128, -74.006, 'langmap', 'langmap', datetime('now'), datetime('now'), '["langmap"]', 'ai', 'approved');
INSERT INTO expression_versions (expression_id, text, region_name, region_latitude, region_longitude, created_by, created_at) VALUES (484, 'Global Language Distribution', 'New York, United States', 40.7128, -74.006, 'langmap', datetime('now'));
INSERT INTO expression_meanings (expression_id, meaning_id, created_by, updated_by, created_at, updated_at) VALUES (484, 228029697, 'langmap', 'langmap', datetime('now'), datetime('now'));
INSERT INTO expressions (id, text, language_code, region_code, region_name, region_latitude, region_longitude, created_by, updated_by, created_at, updated_at, tags, source_type, review_status) VALUES (485, 'Explore the richness of linguistic expressions across different regions. Larger circles indicate more expressions in that area.', 'en-US', 'US', 'New York, United States', 40.7128, -74.006, 'langmap', 'langmap', datetime('now'), datetime('now'), '["langmap"]', 'ai', 'approved');
INSERT INTO expression_versions (expression_id, text, region_name, region_latitude, region_longitude, created_by, created_at) VALUES (485, 'Explore the richness of linguistic expressions across different regions. Larger circles indicate more expressions in that area.', 'New York, United States', 40.7128, -74.006, 'langmap', datetime('now'));
INSERT INTO expression_meanings (expression_id, meaning_id, created_by, updated_by, created_at, updated_at) VALUES (485, 1932949546, 'langmap', 'langmap', datetime('now'), datetime('now'));
INSERT INTO expressions (id, text, language_code, region_code, region_name, region_latitude, region_longitude, created_by, updated_by, created_at, updated_at, tags, source_type, review_status) VALUES (486, 'Expression Density', 'en-US', 'US', 'New York, United States', 40.7128, -74.006, 'langmap', 'langmap', datetime('now'), datetime('now'), '["langmap"]', 'ai', 'approved');
INSERT INTO expression_versions (expression_id, text, region_name, region_latitude, region_longitude, created_by, created_at) VALUES (486, 'Expression Density', 'New York, United States', 40.7128, -74.006, 'langmap', datetime('now'));
INSERT INTO expression_meanings (expression_id, meaning_id, created_by, updated_by, created_at, updated_at) VALUES (486, 1280354696, 'langmap', 'langmap', datetime('now'), datetime('now'));
INSERT INTO expressions (id, text, language_code, region_code, region_name, region_latitude, region_longitude, created_by, updated_by, created_at, updated_at, tags, source_type, review_status) VALUES (487, 'Low', 'en-US', 'US', 'New York, United States', 40.7128, -74.006, 'langmap', 'langmap', datetime('now'), datetime('now'), '["langmap"]', 'ai', 'approved');
INSERT INTO expression_versions (expression_id, text, region_name, region_latitude, region_longitude, created_by, created_at) VALUES (487, 'Low', 'New York, United States', 40.7128, -74.006, 'langmap', datetime('now'));
INSERT INTO expression_meanings (expression_id, meaning_id, created_by, updated_by, created_at, updated_at) VALUES (487, 1428858324, 'langmap', 'langmap', datetime('now'), datetime('now'));
INSERT INTO expressions (id, text, language_code, region_code, region_name, region_latitude, region_longitude, created_by, updated_by, created_at, updated_at, tags, source_type, review_status) VALUES (488, 'Medium', 'en-US', 'US', 'New York, United States', 40.7128, -74.006, 'langmap', 'langmap', datetime('now'), datetime('now'), '["langmap"]', 'ai', 'approved');
INSERT INTO expression_versions (expression_id, text, region_name, region_latitude, region_longitude, created_by, created_at) VALUES (488, 'Medium', 'New York, United States', 40.7128, -74.006, 'langmap', datetime('now'));
INSERT INTO expression_meanings (expression_id, meaning_id, created_by, updated_by, created_at, updated_at) VALUES (488, 214696929, 'langmap', 'langmap', datetime('now'), datetime('now'));
INSERT INTO expressions (id, text, language_code, region_code, region_name, region_latitude, region_longitude, created_by, updated_by, created_at, updated_at, tags, source_type, review_status) VALUES (489, 'High', 'en-US', 'US', 'New York, United States', 40.7128, -74.006, 'langmap', 'langmap', datetime('now'), datetime('now'), '["langmap"]', 'ai', 'approved');
INSERT INTO expression_versions (expression_id, text, region_name, region_latitude, region_longitude, created_by, created_at) VALUES (489, 'High', 'New York, United States', 40.7128, -74.006, 'langmap', datetime('now'));
INSERT INTO expression_meanings (expression_id, meaning_id, created_by, updated_by, created_at, updated_at) VALUES (489, 2136578862, 'langmap', 'langmap', datetime('now'), datetime('now'));
INSERT INTO expressions (id, text, language_code, region_code, region_name, region_latitude, region_longitude, created_by, updated_by, created_at, updated_at, tags, source_type, review_status) VALUES (490, 'Get Started', 'en-US', 'US', 'New York, United States', 40.7128, -74.006, 'langmap', 'langmap', datetime('now'), datetime('now'), '["langmap"]', 'ai', 'approved');
INSERT INTO expression_versions (expression_id, text, region_name, region_latitude, region_longitude, created_by, created_at) VALUES (490, 'Get Started', 'New York, United States', 40.7128, -74.006, 'langmap', datetime('now'));
INSERT INTO expression_meanings (expression_id, meaning_id, created_by, updated_by, created_at, updated_at) VALUES (490, 1704825459, 'langmap', 'langmap', datetime('now'), datetime('now'));
INSERT INTO expressions (id, text, language_code, region_code, region_name, region_latitude, region_longitude, created_by, updated_by, created_at, updated_at, tags, source_type, review_status) VALUES (491, 'Search Expressions', 'en-US', 'US', 'New York, United States', 40.7128, -74.006, 'langmap', 'langmap', datetime('now'), datetime('now'), '["langmap"]', 'ai', 'approved');
INSERT INTO expression_versions (expression_id, text, region_name, region_latitude, region_longitude, created_by, created_at) VALUES (491, 'Search Expressions', 'New York, United States', 40.7128, -74.006, 'langmap', datetime('now'));
INSERT INTO expression_meanings (expression_id, meaning_id, created_by, updated_by, created_at, updated_at) VALUES (491, 1798903561, 'langmap', 'langmap', datetime('now'), datetime('now'));
INSERT INTO expressions (id, text, language_code, region_code, region_name, region_latitude, region_longitude, created_by, updated_by, created_at, updated_at, tags, source_type, review_status) VALUES (492, 'Find how words and sentences are expressed across different languages and regions.', 'en-US', 'US', 'New York, United States', 40.7128, -74.006, 'langmap', 'langmap', datetime('now'), datetime('now'), '["langmap"]', 'ai', 'approved');
INSERT INTO expression_versions (expression_id, text, region_name, region_latitude, region_longitude, created_by, created_at) VALUES (492, 'Find how words and sentences are expressed across different languages and regions.', 'New York, United States', 40.7128, -74.006, 'langmap', datetime('now'));
INSERT INTO expression_meanings (expression_id, meaning_id, created_by, updated_by, created_at, updated_at) VALUES (492, 889637427, 'langmap', 'langmap', datetime('now'), datetime('now'));
INSERT INTO expressions (id, text, language_code, region_code, region_name, region_latitude, region_longitude, created_by, updated_by, created_at, updated_at, tags, source_type, review_status) VALUES (493, 'Start Searching →', 'en-US', 'US', 'New York, United States', 40.7128, -74.006, 'langmap', 'langmap', datetime('now'), datetime('now'), '["langmap"]', 'ai', 'approved');
INSERT INTO expression_versions (expression_id, text, region_name, region_latitude, region_longitude, created_by, created_at) VALUES (493, 'Start Searching →', 'New York, United States', 40.7128, -74.006, 'langmap', datetime('now'));
INSERT INTO expression_meanings (expression_id, meaning_id, created_by, updated_by, created_at, updated_at) VALUES (493, 2141226890, 'langmap', 'langmap', datetime('now'), datetime('now'));
INSERT INTO expressions (id, text, language_code, region_code, region_name, region_latitude, region_longitude, created_by, updated_by, created_at, updated_at, tags, source_type, review_status) VALUES (494, 'Add Expression', 'en-US', 'US', 'New York, United States', 40.7128, -74.006, 'langmap', 'langmap', datetime('now'), datetime('now'), '["langmap"]', 'ai', 'approved');
INSERT INTO expression_versions (expression_id, text, region_name, region_latitude, region_longitude, created_by, created_at) VALUES (494, 'Add Expression', 'New York, United States', 40.7128, -74.006, 'langmap', datetime('now'));
INSERT INTO expression_meanings (expression_id, meaning_id, created_by, updated_by, created_at, updated_at) VALUES (494, 50585974, 'langmap', 'langmap', datetime('now'), datetime('now'));
INSERT INTO expressions (id, text, language_code, region_code, region_name, region_latitude, region_longitude, created_by, updated_by, created_at, updated_at, tags, source_type, review_status) VALUES (495, 'Contribute to our database by adding expressions from your language or region.', 'en-US', 'US', 'New York, United States', 40.7128, -74.006, 'langmap', 'langmap', datetime('now'), datetime('now'), '["langmap"]', 'ai', 'approved');
INSERT INTO expression_versions (expression_id, text, region_name, region_latitude, region_longitude, created_by, created_at) VALUES (495, 'Contribute to our database by adding expressions from your language or region.', 'New York, United States', 40.7128, -74.006, 'langmap', datetime('now'));
INSERT INTO expression_meanings (expression_id, meaning_id, created_by, updated_by, created_at, updated_at) VALUES (495, 1556642706, 'langmap', 'langmap', datetime('now'), datetime('now'));
INSERT INTO expressions (id, text, language_code, region_code, region_name, region_latitude, region_longitude, created_by, updated_by, created_at, updated_at, tags, source_type, review_status) VALUES (496, 'Region', 'en-US', 'US', 'New York, United States', 40.7128, -74.006, 'langmap', 'langmap', datetime('now'), datetime('now'), '["langmap"]', 'ai', 'approved');
INSERT INTO expression_versions (expression_id, text, region_name, region_latitude, region_longitude, created_by, created_at) VALUES (496, 'Region', 'New York, United States', 40.7128, -74.006, 'langmap', datetime('now'));
INSERT INTO expression_meanings (expression_id, meaning_id, created_by, updated_by, created_at, updated_at) VALUES (496, 250674643, 'langmap', 'langmap', datetime('now'), datetime('now'));
INSERT INTO expressions (id, text, language_code, region_code, region_name, region_latitude, region_longitude, created_by, updated_by, created_at, updated_at, tags, source_type, review_status) VALUES (497, 'Language', 'en-US', 'US', 'New York, United States', 40.7128, -74.006, 'langmap', 'langmap', datetime('now'), datetime('now'), '["langmap"]', 'ai', 'approved');
INSERT INTO expression_versions (expression_id, text, region_name, region_latitude, region_longitude, created_by, created_at) VALUES (497, 'Language', 'New York, United States', 40.7128, -74.006, 'langmap', datetime('now'));
INSERT INTO expression_meanings (expression_id, meaning_id, created_by, updated_by, created_at, updated_at) VALUES (497, 393067094, 'langmap', 'langmap', datetime('now'), datetime('now'));
INSERT INTO expressions (id, text, language_code, region_code, region_name, region_latitude, region_longitude, created_by, updated_by, created_at, updated_at, tags, source_type, review_status) VALUES (498, 'Expressions', 'en-US', 'US', 'New York, United States', 40.7128, -74.006, 'langmap', 'langmap', datetime('now'), datetime('now'), '["langmap"]', 'ai', 'approved');
INSERT INTO expression_versions (expression_id, text, region_name, region_latitude, region_longitude, created_by, created_at) VALUES (498, 'Expressions', 'New York, United States', 40.7128, -74.006, 'langmap', datetime('now'));
INSERT INTO expression_meanings (expression_id, meaning_id, created_by, updated_by, created_at, updated_at) VALUES (498, 1843177479, 'langmap', 'langmap', datetime('now'), datetime('now'));
INSERT INTO expressions (id, text, language_code, region_code, region_name, region_latitude, region_longitude, created_by, updated_by, created_at, updated_at, tags, source_type, review_status) VALUES (499, 'Unknown', 'en-US', 'US', 'New York, United States', 40.7128, -74.006, 'langmap', 'langmap', datetime('now'), datetime('now'), '["langmap"]', 'ai', 'approved');
INSERT INTO expression_versions (expression_id, text, region_name, region_latitude, region_longitude, created_by, created_at) VALUES (499, 'Unknown', 'New York, United States', 40.7128, -74.006, 'langmap', datetime('now'));
INSERT INTO expression_meanings (expression_id, meaning_id, created_by, updated_by, created_at, updated_at) VALUES (499, 2147181533, 'langmap', 'langmap', datetime('now'), datetime('now'));
INSERT INTO expressions (id, text, language_code, region_code, region_name, region_latitude, region_longitude, created_by, updated_by, created_at, updated_at, tags, source_type, review_status) VALUES (500, 'Add New →', 'en-US', 'US', 'New York, United States', 40.7128, -74.006, 'langmap', 'langmap', datetime('now'), datetime('now'), '["langmap"]', 'ai', 'approved');
INSERT INTO expression_versions (expression_id, text, region_name, region_latitude, region_longitude, created_by, created_at) VALUES (500, 'Add New →', 'New York, United States', 40.7128, -74.006, 'langmap', datetime('now'));
INSERT INTO expression_meanings (expression_id, meaning_id, created_by, updated_by, created_at, updated_at) VALUES (500, 1538332181, 'langmap', 'langmap', datetime('now'), datetime('now'));
INSERT INTO expressions (id, text, language_code, region_code, region_name, region_latitude, region_longitude, created_by, updated_by, created_at, updated_at, tags, source_type, review_status) VALUES (501, 'Explore Map', 'en-US', 'US', 'New York, United States', 40.7128, -74.006, 'langmap', 'langmap', datetime('now'), datetime('now'), '["langmap"]', 'ai', 'approved');
INSERT INTO expression_versions (expression_id, text, region_name, region_latitude, region_longitude, created_by, created_at) VALUES (501, 'Explore Map', 'New York, United States', 40.7128, -74.006, 'langmap', datetime('now'));
INSERT INTO expression_meanings (expression_id, meaning_id, created_by, updated_by, created_at, updated_at) VALUES (501, 700350673, 'langmap', 'langmap', datetime('now'), datetime('now'));
INSERT INTO expressions (id, text, language_code, region_code, region_name, region_latitude, region_longitude, created_by, updated_by, created_at, updated_at, tags, source_type, review_status) VALUES (502, 'Visualize linguistic diversity on an interactive world map.', 'en-US', 'US', 'New York, United States', 40.7128, -74.006, 'langmap', 'langmap', datetime('now'), datetime('now'), '["langmap"]', 'ai', 'approved');
INSERT INTO expression_versions (expression_id, text, region_name, region_latitude, region_longitude, created_by, created_at) VALUES (502, 'Visualize linguistic diversity on an interactive world map.', 'New York, United States', 40.7128, -74.006, 'langmap', datetime('now'));
INSERT INTO expression_meanings (expression_id, meaning_id, created_by, updated_by, created_at, updated_at) VALUES (502, 26891452, 'langmap', 'langmap', datetime('now'), datetime('now'));
INSERT INTO expressions (id, text, language_code, region_code, region_name, region_latitude, region_longitude, created_by, updated_by, created_at, updated_at, tags, source_type, review_status) VALUES (503, 'View Map →', 'en-US', 'US', 'New York, United States', 40.7128, -74.006, 'langmap', 'langmap', datetime('now'), datetime('now'), '["langmap"]', 'ai', 'approved');
INSERT INTO expression_versions (expression_id, text, region_name, region_latitude, region_longitude, created_by, created_at) VALUES (503, 'View Map →', 'New York, United States', 40.7128, -74.006, 'langmap', datetime('now'));
INSERT INTO expression_meanings (expression_id, meaning_id, created_by, updated_by, created_at, updated_at) VALUES (503, 863807598, 'langmap', 'langmap', datetime('now'), datetime('now'));
INSERT INTO expressions (id, text, language_code, region_code, region_name, region_latitude, region_longitude, created_by, updated_by, created_at, updated_at, tags, source_type, review_status) VALUES (504, 'Loading map...', 'en-US', 'US', 'New York, United States', 40.7128, -74.006, 'langmap', 'langmap', datetime('now'), datetime('now'), '["langmap"]', 'ai', 'approved');
INSERT INTO expression_versions (expression_id, text, region_name, region_latitude, region_longitude, created_by, created_at) VALUES (504, 'Loading map...', 'New York, United States', 40.7128, -74.006, 'langmap', datetime('now'));
INSERT INTO expression_meanings (expression_id, meaning_id, created_by, updated_by, created_at, updated_at) VALUES (504, 984290883, 'langmap', 'langmap', datetime('now'), datetime('now'));
INSERT INTO expressions (id, text, language_code, region_code, region_name, region_latitude, region_longitude, created_by, updated_by, created_at, updated_at, tags, source_type, review_status) VALUES (505, 'Home', 'en-US', 'US', 'New York, United States', 40.7128, -74.006, 'langmap', 'langmap', datetime('now'), datetime('now'), '["langmap"]', 'ai', 'approved');
INSERT INTO expression_versions (expression_id, text, region_name, region_latitude, region_longitude, created_by, created_at) VALUES (505, 'Home', 'New York, United States', 40.7128, -74.006, 'langmap', datetime('now'));
INSERT INTO expression_meanings (expression_id, meaning_id, created_by, updated_by, created_at, updated_at) VALUES (505, 1175105589, 'langmap', 'langmap', datetime('now'), datetime('now'));
INSERT INTO expression_meanings (expression_id, meaning_id, created_by, updated_by, created_at, updated_at) VALUES (480, 1822030570, 'langmap', 'langmap', datetime('now'), datetime('now'));
INSERT INTO expressions (id, text, language_code, region_code, region_name, region_latitude, region_longitude, created_by, updated_by, created_at, updated_at, tags, source_type, review_status) VALUES (506, '© {year} langmap - Linguistic Expression Mapping Platform', 'en-US', 'US', 'New York, United States', 40.7128, -74.006, 'langmap', 'langmap', datetime('now'), datetime('now'), '["langmap"]', 'ai', 'approved');
INSERT INTO expression_versions (expression_id, text, region_name, region_latitude, region_longitude, created_by, created_at) VALUES (506, '© {year} langmap - Linguistic Expression Mapping Platform', 'New York, United States', 40.7128, -74.006, 'langmap', datetime('now'));
INSERT INTO expression_meanings (expression_id, meaning_id, created_by, updated_by, created_at, updated_at) VALUES (506, 1804466275, 'langmap', 'langmap', datetime('now'), datetime('now'));
INSERT INTO expression_meanings (expression_id, meaning_id, created_by, updated_by, created_at, updated_at) VALUES (491, 480547274, 'langmap', 'langmap', datetime('now'), datetime('now'));
INSERT INTO expressions (id, text, language_code, region_code, region_name, region_latitude, region_longitude, created_by, updated_by, created_at, updated_at, tags, source_type, review_status) VALUES (507, 'Find linguistic expressions across languages and regions', 'en-US', 'US', 'New York, United States', 40.7128, -74.006, 'langmap', 'langmap', datetime('now'), datetime('now'), '["langmap"]', 'ai', 'approved');
INSERT INTO expression_versions (expression_id, text, region_name, region_latitude, region_longitude, created_by, created_at) VALUES (507, 'Find linguistic expressions across languages and regions', 'New York, United States', 40.7128, -74.006, 'langmap', datetime('now'));
INSERT INTO expression_meanings (expression_id, meaning_id, created_by, updated_by, created_at, updated_at) VALUES (507, 666598698, 'langmap', 'langmap', datetime('now'), datetime('now'));
INSERT INTO expressions (id, text, language_code, region_code, region_name, region_latitude, region_longitude, created_by, updated_by, created_at, updated_at, tags, source_type, review_status) VALUES (508, 'Enter a word or sentence...', 'en-US', 'US', 'New York, United States', 40.7128, -74.006, 'langmap', 'langmap', datetime('now'), datetime('now'), '["langmap"]', 'ai', 'approved');
INSERT INTO expression_versions (expression_id, text, region_name, region_latitude, region_longitude, created_by, created_at) VALUES (508, 'Enter a word or sentence...', 'New York, United States', 40.7128, -74.006, 'langmap', datetime('now'));
INSERT INTO expression_meanings (expression_id, meaning_id, created_by, updated_by, created_at, updated_at) VALUES (508, 782154075, 'langmap', 'langmap', datetime('now'), datetime('now'));
INSERT INTO expression_meanings (expression_id, meaning_id, created_by, updated_by, created_at, updated_at) VALUES (480, 808077362, 'langmap', 'langmap', datetime('now'), datetime('now'));
INSERT INTO expressions (id, text, language_code, region_code, region_name, region_latitude, region_longitude, created_by, updated_by, created_at, updated_at, tags, source_type, review_status) VALUES (509, 'Searching expressions...', 'en-US', 'US', 'New York, United States', 40.7128, -74.006, 'langmap', 'langmap', datetime('now'), datetime('now'), '["langmap"]', 'ai', 'approved');
INSERT INTO expression_versions (expression_id, text, region_name, region_latitude, region_longitude, created_by, created_at) VALUES (509, 'Searching expressions...', 'New York, United States', 40.7128, -74.006, 'langmap', datetime('now'));
INSERT INTO expression_meanings (expression_id, meaning_id, created_by, updated_by, created_at, updated_at) VALUES (509, 1660781369, 'langmap', 'langmap', datetime('now'), datetime('now'));
INSERT INTO expressions (id, text, language_code, region_code, region_name, region_latitude, region_longitude, created_by, updated_by, created_at, updated_at, tags, source_type, review_status) VALUES (510, 'No results found', 'en-US', 'US', 'New York, United States', 40.7128, -74.006, 'langmap', 'langmap', datetime('now'), datetime('now'), '["langmap"]', 'ai', 'approved');
INSERT INTO expression_versions (expression_id, text, region_name, region_latitude, region_longitude, created_by, created_at) VALUES (510, 'No results found', 'New York, United States', 40.7128, -74.006, 'langmap', datetime('now'));
INSERT INTO expression_meanings (expression_id, meaning_id, created_by, updated_by, created_at, updated_at) VALUES (510, 1623339377, 'langmap', 'langmap', datetime('now'), datetime('now'));
INSERT INTO expressions (id, text, language_code, region_code, region_name, region_latitude, region_longitude, created_by, updated_by, created_at, updated_at, tags, source_type, review_status) VALUES (511, 'Try different search terms or add a new expression', 'en-US', 'US', 'New York, United States', 40.7128, -74.006, 'langmap', 'langmap', datetime('now'), datetime('now'), '["langmap"]', 'ai', 'approved');
INSERT INTO expression_versions (expression_id, text, region_name, region_latitude, region_longitude, created_by, created_at) VALUES (511, 'Try different search terms or add a new expression', 'New York, United States', 40.7128, -74.006, 'langmap', datetime('now'));
INSERT INTO expression_meanings (expression_id, meaning_id, created_by, updated_by, created_at, updated_at) VALUES (511, 890335645, 'langmap', 'langmap', datetime('now'), datetime('now'));
INSERT INTO expressions (id, text, language_code, region_code, region_name, region_latitude, region_longitude, created_by, updated_by, created_at, updated_at, tags, source_type, review_status) VALUES (512, 'Add "{expression}"', 'en-US', 'US', 'New York, United States', 40.7128, -74.006, 'langmap', 'langmap', datetime('now'), datetime('now'), '["langmap"]', 'ai', 'approved');
INSERT INTO expression_versions (expression_id, text, region_name, region_latitude, region_longitude, created_by, created_at) VALUES (512, 'Add "{expression}"', 'New York, United States', 40.7128, -74.006, 'langmap', datetime('now'));
INSERT INTO expression_meanings (expression_id, meaning_id, created_by, updated_by, created_at, updated_at) VALUES (512, 556745063, 'langmap', 'langmap', datetime('now'), datetime('now'));
INSERT INTO expressions (id, text, language_code, region_code, region_name, region_latitude, region_longitude, created_by, updated_by, created_at, updated_at, tags, source_type, review_status) VALUES (513, 'new expression', 'en-US', 'US', 'New York, United States', 40.7128, -74.006, 'langmap', 'langmap', datetime('now'), datetime('now'), '["langmap"]', 'ai', 'approved');
INSERT INTO expression_versions (expression_id, text, region_name, region_latitude, region_longitude, created_by, created_at) VALUES (513, 'new expression', 'New York, United States', 40.7128, -74.006, 'langmap', datetime('now'));
INSERT INTO expression_meanings (expression_id, meaning_id, created_by, updated_by, created_at, updated_at) VALUES (513, 831699112, 'langmap', 'langmap', datetime('now'), datetime('now'));
INSERT INTO expressions (id, text, language_code, region_code, region_name, region_latitude, region_longitude, created_by, updated_by, created_at, updated_at, tags, source_type, review_status) VALUES (514, 'Found {count} expression{plural}', 'en-US', 'US', 'New York, United States', 40.7128, -74.006, 'langmap', 'langmap', datetime('now'), datetime('now'), '["langmap"]', 'ai', 'approved');
INSERT INTO expression_versions (expression_id, text, region_name, region_latitude, region_longitude, created_by, created_at) VALUES (514, 'Found {count} expression{plural}', 'New York, United States', 40.7128, -74.006, 'langmap', datetime('now'));
INSERT INTO expression_meanings (expression_id, meaning_id, created_by, updated_by, created_at, updated_at) VALUES (514, 2052550168, 'langmap', 'langmap', datetime('now'), datetime('now'));
INSERT INTO expressions (id, text, language_code, region_code, region_name, region_latitude, region_longitude, created_by, updated_by, created_at, updated_at, tags, source_type, review_status) VALUES (515, 'Back', 'en-US', 'US', 'New York, United States', 40.7128, -74.006, 'langmap', 'langmap', datetime('now'), datetime('now'), '["langmap"]', 'ai', 'approved');
INSERT INTO expression_versions (expression_id, text, region_name, region_latitude, region_longitude, created_by, created_at) VALUES (515, 'Back', 'New York, United States', 40.7128, -74.006, 'langmap', datetime('now'));
INSERT INTO expression_meanings (expression_id, meaning_id, created_by, updated_by, created_at, updated_at) VALUES (515, 1768300647, 'langmap', 'langmap', datetime('now'), datetime('now'));
INSERT INTO expressions (id, text, language_code, region_code, region_name, region_latitude, region_longitude, created_by, updated_by, created_at, updated_at, tags, source_type, review_status) VALUES (516, 'Add New Expression', 'en-US', 'US', 'New York, United States', 40.7128, -74.006, 'langmap', 'langmap', datetime('now'), datetime('now'), '["langmap"]', 'ai', 'approved');
INSERT INTO expression_versions (expression_id, text, region_name, region_latitude, region_longitude, created_by, created_at) VALUES (516, 'Add New Expression', 'New York, United States', 40.7128, -74.006, 'langmap', datetime('now'));
INSERT INTO expression_meanings (expression_id, meaning_id, created_by, updated_by, created_at, updated_at) VALUES (516, 653847431, 'langmap', 'langmap', datetime('now'), datetime('now'));
INSERT INTO expressions (id, text, language_code, region_code, region_name, region_latitude, region_longitude, created_by, updated_by, created_at, updated_at, tags, source_type, review_status) VALUES (517, 'Text', 'en-US', 'US', 'New York, United States', 40.7128, -74.006, 'langmap', 'langmap', datetime('now'), datetime('now'), '["langmap"]', 'ai', 'approved');
INSERT INTO expression_versions (expression_id, text, region_name, region_latitude, region_longitude, created_by, created_at) VALUES (517, 'Text', 'New York, United States', 40.7128, -74.006, 'langmap', datetime('now'));
INSERT INTO expression_meanings (expression_id, meaning_id, created_by, updated_by, created_at, updated_at) VALUES (517, 610717035, 'langmap', 'langmap', datetime('now'), datetime('now'));
INSERT INTO expressions (id, text, language_code, region_code, region_name, region_latitude, region_longitude, created_by, updated_by, created_at, updated_at, tags, source_type, review_status) VALUES (518, 'Enter the linguistic expression', 'en-US', 'US', 'New York, United States', 40.7128, -74.006, 'langmap', 'langmap', datetime('now'), datetime('now'), '["langmap"]', 'ai', 'approved');
INSERT INTO expression_versions (expression_id, text, region_name, region_latitude, region_longitude, created_by, created_at) VALUES (518, 'Enter the linguistic expression', 'New York, United States', 40.7128, -74.006, 'langmap', datetime('now'));
INSERT INTO expression_meanings (expression_id, meaning_id, created_by, updated_by, created_at, updated_at) VALUES (518, 378762400, 'langmap', 'langmap', datetime('now'), datetime('now'));
INSERT INTO expressions (id, text, language_code, region_code, region_name, region_latitude, region_longitude, created_by, updated_by, created_at, updated_at, tags, source_type, review_status) VALUES (519, 'The actual word or sentence in the language', 'en-US', 'US', 'New York, United States', 40.7128, -74.006, 'langmap', 'langmap', datetime('now'), datetime('now'), '["langmap"]', 'ai', 'approved');
INSERT INTO expression_versions (expression_id, text, region_name, region_latitude, region_longitude, created_by, created_at) VALUES (519, 'The actual word or sentence in the language', 'New York, United States', 40.7128, -74.006, 'langmap', datetime('now'));
INSERT INTO expression_meanings (expression_id, meaning_id, created_by, updated_by, created_at, updated_at) VALUES (519, 1251764943, 'langmap', 'langmap', datetime('now'), datetime('now'));
INSERT INTO expression_meanings (expression_id, meaning_id, created_by, updated_by, created_at, updated_at) VALUES (497, 1469373345, 'langmap', 'langmap', datetime('now'), datetime('now'));
INSERT INTO expressions (id, text, language_code, region_code, region_name, region_latitude, region_longitude, created_by, updated_by, created_at, updated_at, tags, source_type, review_status) VALUES (520, 'Select language', 'en-US', 'US', 'New York, United States', 40.7128, -74.006, 'langmap', 'langmap', datetime('now'), datetime('now'), '["langmap"]', 'ai', 'approved');
INSERT INTO expression_versions (expression_id, text, region_name, region_latitude, region_longitude, created_by, created_at) VALUES (520, 'Select language', 'New York, United States', 40.7128, -74.006, 'langmap', datetime('now'));
INSERT INTO expression_meanings (expression_id, meaning_id, created_by, updated_by, created_at, updated_at) VALUES (520, 1745197766, 'langmap', 'langmap', datetime('now'), datetime('now'));
INSERT INTO expressions (id, text, language_code, region_code, region_name, region_latitude, region_longitude, created_by, updated_by, created_at, updated_at, tags, source_type, review_status) VALUES (521, 'Select the language for this expression', 'en-US', 'US', 'New York, United States', 40.7128, -74.006, 'langmap', 'langmap', datetime('now'), datetime('now'), '["langmap"]', 'ai', 'approved');
INSERT INTO expression_versions (expression_id, text, region_name, region_latitude, region_longitude, created_by, created_at) VALUES (521, 'Select the language for this expression', 'New York, United States', 40.7128, -74.006, 'langmap', datetime('now'));
INSERT INTO expression_meanings (expression_id, meaning_id, created_by, updated_by, created_at, updated_at) VALUES (521, 1935180845, 'langmap', 'langmap', datetime('now'), datetime('now'));
INSERT INTO expressions (id, text, language_code, region_code, region_name, region_latitude, region_longitude, created_by, updated_by, created_at, updated_at, tags, source_type, review_status) VALUES (522, 'Select language...', 'en-US', 'US', 'New York, United States', 40.7128, -74.006, 'langmap', 'langmap', datetime('now'), datetime('now'), '["langmap"]', 'ai', 'approved');
INSERT INTO expression_versions (expression_id, text, region_name, region_latitude, region_longitude, created_by, created_at) VALUES (522, 'Select language...', 'New York, United States', 40.7128, -74.006, 'langmap', datetime('now'));
INSERT INTO expression_meanings (expression_id, meaning_id, created_by, updated_by, created_at, updated_at) VALUES (522, 1793722761, 'langmap', 'langmap', datetime('now'), datetime('now'));
INSERT INTO expressions (id, text, language_code, region_code, region_name, region_latitude, region_longitude, created_by, updated_by, created_at, updated_at, tags, source_type, review_status) VALUES (523, 'Loading languages...', 'en-US', 'US', 'New York, United States', 40.7128, -74.006, 'langmap', 'langmap', datetime('now'), datetime('now'), '["langmap"]', 'ai', 'approved');
INSERT INTO expression_versions (expression_id, text, region_name, region_latitude, region_longitude, created_by, created_at) VALUES (523, 'Loading languages...', 'New York, United States', 40.7128, -74.006, 'langmap', datetime('now'));
INSERT INTO expression_meanings (expression_id, meaning_id, created_by, updated_by, created_at, updated_at) VALUES (523, 2099029340, 'langmap', 'langmap', datetime('now'), datetime('now'));
INSERT INTO expressions (id, text, language_code, region_code, region_name, region_latitude, region_longitude, created_by, updated_by, created_at, updated_at, tags, source_type, review_status) VALUES (524, 'Region (optional)', 'en-US', 'US', 'New York, United States', 40.7128, -74.006, 'langmap', 'langmap', datetime('now'), datetime('now'), '["langmap"]', 'ai', 'approved');
INSERT INTO expression_versions (expression_id, text, region_name, region_latitude, region_longitude, created_by, created_at) VALUES (524, 'Region (optional)', 'New York, United States', 40.7128, -74.006, 'langmap', datetime('now'));
INSERT INTO expression_meanings (expression_id, meaning_id, created_by, updated_by, created_at, updated_at) VALUES (524, 101777746, 'langmap', 'langmap', datetime('now'), datetime('now'));
INSERT INTO expressions (id, text, language_code, region_code, region_name, region_latitude, region_longitude, created_by, updated_by, created_at, updated_at, tags, source_type, review_status) VALUES (525, 'e.g. China, Spain, Global', 'en-US', 'US', 'New York, United States', 40.7128, -74.006, 'langmap', 'langmap', datetime('now'), datetime('now'), '["langmap"]', 'ai', 'approved');
INSERT INTO expression_versions (expression_id, text, region_name, region_latitude, region_longitude, created_by, created_at) VALUES (525, 'e.g. China, Spain, Global', 'New York, United States', 40.7128, -74.006, 'langmap', datetime('now'));
INSERT INTO expression_meanings (expression_id, meaning_id, created_by, updated_by, created_at, updated_at) VALUES (525, 747353279, 'langmap', 'langmap', datetime('now'), datetime('now'));
INSERT INTO expressions (id, text, language_code, region_code, region_name, region_latitude, region_longitude, created_by, updated_by, created_at, updated_at, tags, source_type, review_status) VALUES (526, 'Geographic region or area', 'en-US', 'US', 'New York, United States', 40.7128, -74.006, 'langmap', 'langmap', datetime('now'), datetime('now'), '["langmap"]', 'ai', 'approved');
INSERT INTO expression_versions (expression_id, text, region_name, region_latitude, region_longitude, created_by, created_at) VALUES (526, 'Geographic region or area', 'New York, United States', 40.7128, -74.006, 'langmap', datetime('now'));
INSERT INTO expression_meanings (expression_id, meaning_id, created_by, updated_by, created_at, updated_at) VALUES (526, 259247799, 'langmap', 'langmap', datetime('now'), datetime('now'));
INSERT INTO expressions (id, text, language_code, region_code, region_name, region_latitude, region_longitude, created_by, updated_by, created_at, updated_at, tags, source_type, review_status) VALUES (527, 'Detect my location', 'en-US', 'US', 'New York, United States', 40.7128, -74.006, 'langmap', 'langmap', datetime('now'), datetime('now'), '["langmap"]', 'ai', 'approved');
INSERT INTO expression_versions (expression_id, text, region_name, region_latitude, region_longitude, created_by, created_at) VALUES (527, 'Detect my location', 'New York, United States', 40.7128, -74.006, 'langmap', datetime('now'));
INSERT INTO expression_meanings (expression_id, meaning_id, created_by, updated_by, created_at, updated_at) VALUES (527, 1228718215, 'langmap', 'langmap', datetime('now'), datetime('now'));
INSERT INTO expressions (id, text, language_code, region_code, region_name, region_latitude, region_longitude, created_by, updated_by, created_at, updated_at, tags, source_type, review_status) VALUES (528, 'Select on map', 'en-US', 'US', 'New York, United States', 40.7128, -74.006, 'langmap', 'langmap', datetime('now'), datetime('now'), '["langmap"]', 'ai', 'approved');
INSERT INTO expression_versions (expression_id, text, region_name, region_latitude, region_longitude, created_by, created_at) VALUES (528, 'Select on map', 'New York, United States', 40.7128, -74.006, 'langmap', datetime('now'));
INSERT INTO expression_meanings (expression_id, meaning_id, created_by, updated_by, created_at, updated_at) VALUES (528, 1606159683, 'langmap', 'langmap', datetime('now'), datetime('now'));
INSERT INTO expressions (id, text, language_code, region_code, region_name, region_latitude, region_longitude, created_by, updated_by, created_at, updated_at, tags, source_type, review_status) VALUES (529, 'Click on the map to select a region', 'en-US', 'US', 'New York, United States', 40.7128, -74.006, 'langmap', 'langmap', datetime('now'), datetime('now'), '["langmap"]', 'ai', 'approved');
INSERT INTO expression_versions (expression_id, text, region_name, region_latitude, region_longitude, created_by, created_at) VALUES (529, 'Click on the map to select a region', 'New York, United States', 40.7128, -74.006, 'langmap', datetime('now'));
INSERT INTO expression_meanings (expression_id, meaning_id, created_by, updated_by, created_at, updated_at) VALUES (529, 1058233083, 'langmap', 'langmap', datetime('now'), datetime('now'));
INSERT INTO expressions (id, text, language_code, region_code, region_name, region_latitude, region_longitude, created_by, updated_by, created_at, updated_at, tags, source_type, review_status) VALUES (530, 'Geolocation is not supported by your browser', 'en-US', 'US', 'New York, United States', 40.7128, -74.006, 'langmap', 'langmap', datetime('now'), datetime('now'), '["langmap"]', 'ai', 'approved');
INSERT INTO expression_versions (expression_id, text, region_name, region_latitude, region_longitude, created_by, created_at) VALUES (530, 'Geolocation is not supported by your browser', 'New York, United States', 40.7128, -74.006, 'langmap', datetime('now'));
INSERT INTO expression_meanings (expression_id, meaning_id, created_by, updated_by, created_at, updated_at) VALUES (530, 1874909642, 'langmap', 'langmap', datetime('now'), datetime('now'));
INSERT INTO expressions (id, text, language_code, region_code, region_name, region_latitude, region_longitude, created_by, updated_by, created_at, updated_at, tags, source_type, review_status) VALUES (531, 'Failed to detect your location', 'en-US', 'US', 'New York, United States', 40.7128, -74.006, 'langmap', 'langmap', datetime('now'), datetime('now'), '["langmap"]', 'ai', 'approved');
INSERT INTO expression_versions (expression_id, text, region_name, region_latitude, region_longitude, created_by, created_at) VALUES (531, 'Failed to detect your location', 'New York, United States', 40.7128, -74.006, 'langmap', datetime('now'));
INSERT INTO expression_meanings (expression_id, meaning_id, created_by, updated_by, created_at, updated_at) VALUES (531, 735160078, 'langmap', 'langmap', datetime('now'), datetime('now'));
INSERT INTO expressions (id, text, language_code, region_code, region_name, region_latitude, region_longitude, created_by, updated_by, created_at, updated_at, tags, source_type, review_status) VALUES (532, 'Parsing location information...', 'en-US', 'US', 'New York, United States', 40.7128, -74.006, 'langmap', 'langmap', datetime('now'), datetime('now'), '["langmap"]', 'ai', 'approved');
INSERT INTO expression_versions (expression_id, text, region_name, region_latitude, region_longitude, created_by, created_at) VALUES (532, 'Parsing location information...', 'New York, United States', 40.7128, -74.006, 'langmap', datetime('now'));
INSERT INTO expression_meanings (expression_id, meaning_id, created_by, updated_by, created_at, updated_at) VALUES (532, 1228788957, 'langmap', 'langmap', datetime('now'), datetime('now'));
INSERT INTO expressions (id, text, language_code, region_code, region_name, region_latitude, region_longitude, created_by, updated_by, created_at, updated_at, tags, source_type, review_status) VALUES (533, 'Failed to parse location information', 'en-US', 'US', 'New York, United States', 40.7128, -74.006, 'langmap', 'langmap', datetime('now'), datetime('now'), '["langmap"]', 'ai', 'approved');
INSERT INTO expression_versions (expression_id, text, region_name, region_latitude, region_longitude, created_by, created_at) VALUES (533, 'Failed to parse location information', 'New York, United States', 40.7128, -74.006, 'langmap', datetime('now'));
INSERT INTO expression_meanings (expression_id, meaning_id, created_by, updated_by, created_at, updated_at) VALUES (533, 535669297, 'langmap', 'langmap', datetime('now'), datetime('now'));
INSERT INTO expressions (id, text, language_code, region_code, region_name, region_latitude, region_longitude, created_by, updated_by, created_at, updated_at, tags, source_type, review_status) VALUES (534, 'Source reference (optional)', 'en-US', 'US', 'New York, United States', 40.7128, -74.006, 'langmap', 'langmap', datetime('now'), datetime('now'), '["langmap"]', 'ai', 'approved');
INSERT INTO expression_versions (expression_id, text, region_name, region_latitude, region_longitude, created_by, created_at) VALUES (534, 'Source reference (optional)', 'New York, United States', 40.7128, -74.006, 'langmap', datetime('now'));
INSERT INTO expression_meanings (expression_id, meaning_id, created_by, updated_by, created_at, updated_at) VALUES (534, 533920565, 'langmap', 'langmap', datetime('now'), datetime('now'));
INSERT INTO expressions (id, text, language_code, region_code, region_name, region_latitude, region_longitude, created_by, updated_by, created_at, updated_at, tags, source_type, review_status) VALUES (535, 'e.g. Wiktionary, Dictionary.com, or a URL', 'en-US', 'US', 'New York, United States', 40.7128, -74.006, 'langmap', 'langmap', datetime('now'), datetime('now'), '["langmap"]', 'ai', 'approved');
INSERT INTO expression_versions (expression_id, text, region_name, region_latitude, region_longitude, created_by, created_at) VALUES (535, 'e.g. Wiktionary, Dictionary.com, or a URL', 'New York, United States', 40.7128, -74.006, 'langmap', datetime('now'));
INSERT INTO expression_meanings (expression_id, meaning_id, created_by, updated_by, created_at, updated_at) VALUES (535, 322599747, 'langmap', 'langmap', datetime('now'), datetime('now'));
INSERT INTO expressions (id, text, language_code, region_code, region_name, region_latitude, region_longitude, created_by, updated_by, created_at, updated_at, tags, source_type, review_status) VALUES (536, 'Origin or reference for this expression', 'en-US', 'US', 'New York, United States', 40.7128, -74.006, 'langmap', 'langmap', datetime('now'), datetime('now'), '["langmap"]', 'ai', 'approved');
INSERT INTO expression_versions (expression_id, text, region_name, region_latitude, region_longitude, created_by, created_at) VALUES (536, 'Origin or reference for this expression', 'New York, United States', 40.7128, -74.006, 'langmap', datetime('now'));
INSERT INTO expression_meanings (expression_id, meaning_id, created_by, updated_by, created_at, updated_at) VALUES (536, 996426808, 'langmap', 'langmap', datetime('now'), datetime('now'));
INSERT INTO expressions (id, text, language_code, region_code, region_name, region_latitude, region_longitude, created_by, updated_by, created_at, updated_at, tags, source_type, review_status) VALUES (537, 'Create Expression', 'en-US', 'US', 'New York, United States', 40.7128, -74.006, 'langmap', 'langmap', datetime('now'), datetime('now'), '["langmap"]', 'ai', 'approved');
INSERT INTO expression_versions (expression_id, text, region_name, region_latitude, region_longitude, created_by, created_at) VALUES (537, 'Create Expression', 'New York, United States', 40.7128, -74.006, 'langmap', datetime('now'));
INSERT INTO expression_meanings (expression_id, meaning_id, created_by, updated_by, created_at, updated_at) VALUES (537, 1242437667, 'langmap', 'langmap', datetime('now'), datetime('now'));
INSERT INTO expressions (id, text, language_code, region_code, region_name, region_latitude, region_longitude, created_by, updated_by, created_at, updated_at, tags, source_type, review_status) VALUES (538, 'Cancel', 'en-US', 'US', 'New York, United States', 40.7128, -74.006, 'langmap', 'langmap', datetime('now'), datetime('now'), '["langmap"]', 'ai', 'approved');
INSERT INTO expression_versions (expression_id, text, region_name, region_latitude, region_longitude, created_by, created_at) VALUES (538, 'Cancel', 'New York, United States', 40.7128, -74.006, 'langmap', datetime('now'));
INSERT INTO expression_meanings (expression_id, meaning_id, created_by, updated_by, created_at, updated_at) VALUES (538, 814856456, 'langmap', 'langmap', datetime('now'), datetime('now'));
INSERT INTO expressions (id, text, language_code, region_code, region_name, region_latitude, region_longitude, created_by, updated_by, created_at, updated_at, tags, source_type, review_status) VALUES (539, 'Language and text are required.', 'en-US', 'US', 'New York, United States', 40.7128, -74.006, 'langmap', 'langmap', datetime('now'), datetime('now'), '["langmap"]', 'ai', 'approved');
INSERT INTO expression_versions (expression_id, text, region_name, region_latitude, region_longitude, created_by, created_at) VALUES (539, 'Language and text are required.', 'New York, United States', 40.7128, -74.006, 'langmap', datetime('now'));
INSERT INTO expression_meanings (expression_id, meaning_id, created_by, updated_by, created_at, updated_at) VALUES (539, 669906916, 'langmap', 'langmap', datetime('now'), datetime('now'));
INSERT INTO expressions (id, text, language_code, region_code, region_name, region_latitude, region_longitude, created_by, updated_by, created_at, updated_at, tags, source_type, review_status) VALUES (540, 'Associate with Meaning', 'en-US', 'US', 'New York, United States', 40.7128, -74.006, 'langmap', 'langmap', datetime('now'), datetime('now'), '["langmap"]', 'ai', 'approved');
INSERT INTO expression_versions (expression_id, text, region_name, region_latitude, region_longitude, created_by, created_at) VALUES (540, 'Associate with Meaning', 'New York, United States', 40.7128, -74.006, 'langmap', datetime('now'));
INSERT INTO expression_meanings (expression_id, meaning_id, created_by, updated_by, created_at, updated_at) VALUES (540, 11980301, 'langmap', 'langmap', datetime('now'), datetime('now'));
INSERT INTO expressions (id, text, language_code, region_code, region_name, region_latitude, region_longitude, created_by, updated_by, created_at, updated_at, tags, source_type, review_status) VALUES (541, 'Associate with Existing Meaning', 'en-US', 'US', 'New York, United States', 40.7128, -74.006, 'langmap', 'langmap', datetime('now'), datetime('now'), '["langmap"]', 'ai', 'approved');
INSERT INTO expression_versions (expression_id, text, region_name, region_latitude, region_longitude, created_by, created_at) VALUES (541, 'Associate with Existing Meaning', 'New York, United States', 40.7128, -74.006, 'langmap', datetime('now'));
INSERT INTO expression_meanings (expression_id, meaning_id, created_by, updated_by, created_at, updated_at) VALUES (541, 450995876, 'langmap', 'langmap', datetime('now'), datetime('now'));
INSERT INTO expressions (id, text, language_code, region_code, region_name, region_latitude, region_longitude, created_by, updated_by, created_at, updated_at, tags, source_type, review_status) VALUES (542, 'Associate with New Meaning', 'en-US', 'US', 'New York, United States', 40.7128, -74.006, 'langmap', 'langmap', datetime('now'), datetime('now'), '["langmap"]', 'ai', 'approved');
INSERT INTO expression_versions (expression_id, text, region_name, region_latitude, region_longitude, created_by, created_at) VALUES (542, 'Associate with New Meaning', 'New York, United States', 40.7128, -74.006, 'langmap', datetime('now'));
INSERT INTO expression_meanings (expression_id, meaning_id, created_by, updated_by, created_at, updated_at) VALUES (542, 837067897, 'langmap', 'langmap', datetime('now'), datetime('now'));
INSERT INTO expressions (id, text, language_code, region_code, region_name, region_latitude, region_longitude, created_by, updated_by, created_at, updated_at, tags, source_type, review_status) VALUES (543, 'Selected expression:', 'en-US', 'US', 'New York, United States', 40.7128, -74.006, 'langmap', 'langmap', datetime('now'), datetime('now'), '["langmap"]', 'ai', 'approved');
INSERT INTO expression_versions (expression_id, text, region_name, region_latitude, region_longitude, created_by, created_at) VALUES (543, 'Selected expression:', 'New York, United States', 40.7128, -74.006, 'langmap', datetime('now'));
INSERT INTO expression_meanings (expression_id, meaning_id, created_by, updated_by, created_at, updated_at) VALUES (543, 588178763, 'langmap', 'langmap', datetime('now'), datetime('now'));
INSERT INTO expressions (id, text, language_code, region_code, region_name, region_latitude, region_longitude, created_by, updated_by, created_at, updated_at, tags, source_type, review_status) VALUES (544, 'Meaning Gloss', 'en-US', 'US', 'New York, United States', 40.7128, -74.006, 'langmap', 'langmap', datetime('now'), datetime('now'), '["langmap"]', 'ai', 'approved');
INSERT INTO expression_versions (expression_id, text, region_name, region_latitude, region_longitude, created_by, created_at) VALUES (544, 'Meaning Gloss', 'New York, United States', 40.7128, -74.006, 'langmap', datetime('now'));
INSERT INTO expression_meanings (expression_id, meaning_id, created_by, updated_by, created_at, updated_at) VALUES (544, 1789770084, 'langmap', 'langmap', datetime('now'), datetime('now'));
INSERT INTO expressions (id, text, language_code, region_code, region_name, region_latitude, region_longitude, created_by, updated_by, created_at, updated_at, tags, source_type, review_status) VALUES (545, 'Brief identifier for this meaning', 'en-US', 'US', 'New York, United States', 40.7128, -74.006, 'langmap', 'langmap', datetime('now'), datetime('now'), '["langmap"]', 'ai', 'approved');
INSERT INTO expression_versions (expression_id, text, region_name, region_latitude, region_longitude, created_by, created_at) VALUES (545, 'Brief identifier for this meaning', 'New York, United States', 40.7128, -74.006, 'langmap', datetime('now'));
INSERT INTO expression_meanings (expression_id, meaning_id, created_by, updated_by, created_at, updated_at) VALUES (545, 1132466761, 'langmap', 'langmap', datetime('now'), datetime('now'));
INSERT INTO expressions (id, text, language_code, region_code, region_name, region_latitude, region_longitude, created_by, updated_by, created_at, updated_at, tags, source_type, review_status) VALUES (546, 'A short phrase that captures the essence of this meaning', 'en-US', 'US', 'New York, United States', 40.7128, -74.006, 'langmap', 'langmap', datetime('now'), datetime('now'), '["langmap"]', 'ai', 'approved');
INSERT INTO expression_versions (expression_id, text, region_name, region_latitude, region_longitude, created_by, created_at) VALUES (546, 'A short phrase that captures the essence of this meaning', 'New York, United States', 40.7128, -74.006, 'langmap', datetime('now'));
INSERT INTO expression_meanings (expression_id, meaning_id, created_by, updated_by, created_at, updated_at) VALUES (546, 999221063, 'langmap', 'langmap', datetime('now'), datetime('now'));
INSERT INTO expressions (id, text, language_code, region_code, region_name, region_latitude, region_longitude, created_by, updated_by, created_at, updated_at, tags, source_type, review_status) VALUES (547, 'Meaning Description', 'en-US', 'US', 'New York, United States', 40.7128, -74.006, 'langmap', 'langmap', datetime('now'), datetime('now'), '["langmap"]', 'ai', 'approved');
INSERT INTO expression_versions (expression_id, text, region_name, region_latitude, region_longitude, created_by, created_at) VALUES (547, 'Meaning Description', 'New York, United States', 40.7128, -74.006, 'langmap', datetime('now'));
INSERT INTO expression_meanings (expression_id, meaning_id, created_by, updated_by, created_at, updated_at) VALUES (547, 1554575731, 'langmap', 'langmap', datetime('now'), datetime('now'));
INSERT INTO expressions (id, text, language_code, region_code, region_name, region_latitude, region_longitude, created_by, updated_by, created_at, updated_at, tags, source_type, review_status) VALUES (548, 'Detailed explanation of this meaning', 'en-US', 'US', 'New York, United States', 40.7128, -74.006, 'langmap', 'langmap', datetime('now'), datetime('now'), '["langmap"]', 'ai', 'approved');
INSERT INTO expression_versions (expression_id, text, region_name, region_latitude, region_longitude, created_by, created_at) VALUES (548, 'Detailed explanation of this meaning', 'New York, United States', 40.7128, -74.006, 'langmap', datetime('now'));
INSERT INTO expression_meanings (expression_id, meaning_id, created_by, updated_by, created_at, updated_at) VALUES (548, 1636970553, 'langmap', 'langmap', datetime('now'), datetime('now'));
INSERT INTO expressions (id, text, language_code, region_code, region_name, region_latitude, region_longitude, created_by, updated_by, created_at, updated_at, tags, source_type, review_status) VALUES (549, 'A comprehensive description of what this meaning represents', 'en-US', 'US', 'New York, United States', 40.7128, -74.006, 'langmap', 'langmap', datetime('now'), datetime('now'), '["langmap"]', 'ai', 'approved');
INSERT INTO expression_versions (expression_id, text, region_name, region_latitude, region_longitude, created_by, created_at) VALUES (549, 'A comprehensive description of what this meaning represents', 'New York, United States', 40.7128, -74.006, 'langmap', datetime('now'));
INSERT INTO expression_meanings (expression_id, meaning_id, created_by, updated_by, created_at, updated_at) VALUES (549, 1869566903, 'langmap', 'langmap', datetime('now'), datetime('now'));
INSERT INTO expressions (id, text, language_code, region_code, region_name, region_latitude, region_longitude, created_by, updated_by, created_at, updated_at, tags, source_type, review_status) VALUES (550, 'Tags', 'en-US', 'US', 'New York, United States', 40.7128, -74.006, 'langmap', 'langmap', datetime('now'), datetime('now'), '["langmap"]', 'ai', 'approved');
INSERT INTO expression_versions (expression_id, text, region_name, region_latitude, region_longitude, created_by, created_at) VALUES (550, 'Tags', 'New York, United States', 40.7128, -74.006, 'langmap', datetime('now'));
INSERT INTO expression_meanings (expression_id, meaning_id, created_by, updated_by, created_at, updated_at) VALUES (550, 56467778, 'langmap', 'langmap', datetime('now'), datetime('now'));
INSERT INTO expressions (id, text, language_code, region_code, region_name, region_latitude, region_longitude, created_by, updated_by, created_at, updated_at, tags, source_type, review_status) VALUES (551, 'Add a tag...', 'en-US', 'US', 'New York, United States', 40.7128, -74.006, 'langmap', 'langmap', datetime('now'), datetime('now'), '["langmap"]', 'ai', 'approved');
INSERT INTO expression_versions (expression_id, text, region_name, region_latitude, region_longitude, created_by, created_at) VALUES (551, 'Add a tag...', 'New York, United States', 40.7128, -74.006, 'langmap', datetime('now'));
INSERT INTO expression_meanings (expression_id, meaning_id, created_by, updated_by, created_at, updated_at) VALUES (551, 194913104, 'langmap', 'langmap', datetime('now'), datetime('now'));
INSERT INTO expressions (id, text, language_code, region_code, region_name, region_latitude, region_longitude, created_by, updated_by, created_at, updated_at, tags, source_type, review_status) VALUES (552, 'Tags help categorize and find meanings (press Enter or comma to add)', 'en-US', 'US', 'New York, United States', 40.7128, -74.006, 'langmap', 'langmap', datetime('now'), datetime('now'), '["langmap"]', 'ai', 'approved');
INSERT INTO expression_versions (expression_id, text, region_name, region_latitude, region_longitude, created_by, created_at) VALUES (552, 'Tags help categorize and find meanings (press Enter or comma to add)', 'New York, United States', 40.7128, -74.006, 'langmap', datetime('now'));
INSERT INTO expression_meanings (expression_id, meaning_id, created_by, updated_by, created_at, updated_at) VALUES (552, 1385556360, 'langmap', 'langmap', datetime('now'), datetime('now'));
INSERT INTO expressions (id, text, language_code, region_code, region_name, region_latitude, region_longitude, created_by, updated_by, created_at, updated_at, tags, source_type, review_status) VALUES (553, 'Add Language', 'en-US', 'US', 'New York, United States', 40.7128, -74.006, 'langmap', 'langmap', datetime('now'), datetime('now'), '["langmap"]', 'ai', 'approved');
INSERT INTO expression_versions (expression_id, text, region_name, region_latitude, region_longitude, created_by, created_at) VALUES (553, 'Add Language', 'New York, United States', 40.7128, -74.006, 'langmap', datetime('now'));
INSERT INTO expression_meanings (expression_id, meaning_id, created_by, updated_by, created_at, updated_at) VALUES (553, 1474179643, 'langmap', 'langmap', datetime('now'), datetime('now'));
INSERT INTO expressions (id, text, language_code, region_code, region_name, region_latitude, region_longitude, created_by, updated_by, created_at, updated_at, tags, source_type, review_status) VALUES (554, 'Language Code', 'en-US', 'US', 'New York, United States', 40.7128, -74.006, 'langmap', 'langmap', datetime('now'), datetime('now'), '["langmap"]', 'ai', 'approved');
INSERT INTO expression_versions (expression_id, text, region_name, region_latitude, region_longitude, created_by, created_at) VALUES (554, 'Language Code', 'New York, United States', 40.7128, -74.006, 'langmap', datetime('now'));
INSERT INTO expression_meanings (expression_id, meaning_id, created_by, updated_by, created_at, updated_at) VALUES (554, 174195536, 'langmap', 'langmap', datetime('now'), datetime('now'));
INSERT INTO expressions (id, text, language_code, region_code, region_name, region_latitude, region_longitude, created_by, updated_by, created_at, updated_at, tags, source_type, review_status) VALUES (555, 'e.g. custom-lang, toki-pona', 'en-US', 'US', 'New York, United States', 40.7128, -74.006, 'langmap', 'langmap', datetime('now'), datetime('now'), '["langmap"]', 'ai', 'approved');
INSERT INTO expression_versions (expression_id, text, region_name, region_latitude, region_longitude, created_by, created_at) VALUES (555, 'e.g. custom-lang, toki-pona', 'New York, United States', 40.7128, -74.006, 'langmap', datetime('now'));
INSERT INTO expression_meanings (expression_id, meaning_id, created_by, updated_by, created_at, updated_at) VALUES (555, 1355230541, 'langmap', 'langmap', datetime('now'), datetime('now'));
INSERT INTO expressions (id, text, language_code, region_code, region_name, region_latitude, region_longitude, created_by, updated_by, created_at, updated_at, tags, source_type, review_status) VALUES (556, 'Custom code for your language (can be non-standard)', 'en-US', 'US', 'New York, United States', 40.7128, -74.006, 'langmap', 'langmap', datetime('now'), datetime('now'), '["langmap"]', 'ai', 'approved');
INSERT INTO expression_versions (expression_id, text, region_name, region_latitude, region_longitude, created_by, created_at) VALUES (556, 'Custom code for your language (can be non-standard)', 'New York, United States', 40.7128, -74.006, 'langmap', datetime('now'));
INSERT INTO expression_meanings (expression_id, meaning_id, created_by, updated_by, created_at, updated_at) VALUES (556, 10528370, 'langmap', 'langmap', datetime('now'), datetime('now'));
INSERT INTO expressions (id, text, language_code, region_code, region_name, region_latitude, region_longitude, created_by, updated_by, created_at, updated_at, tags, source_type, review_status) VALUES (557, 'Language Name', 'en-US', 'US', 'New York, United States', 40.7128, -74.006, 'langmap', 'langmap', datetime('now'), datetime('now'), '["langmap"]', 'ai', 'approved');
INSERT INTO expression_versions (expression_id, text, region_name, region_latitude, region_longitude, created_by, created_at) VALUES (557, 'Language Name', 'New York, United States', 40.7128, -74.006, 'langmap', datetime('now'));
INSERT INTO expression_meanings (expression_id, meaning_id, created_by, updated_by, created_at, updated_at) VALUES (557, 54582974, 'langmap', 'langmap', datetime('now'), datetime('now'));
INSERT INTO expressions (id, text, language_code, region_code, region_name, region_latitude, region_longitude, created_by, updated_by, created_at, updated_at, tags, source_type, review_status) VALUES (558, 'e.g. Custom Language', 'en-US', 'US', 'New York, United States', 40.7128, -74.006, 'langmap', 'langmap', datetime('now'), datetime('now'), '["langmap"]', 'ai', 'approved');
INSERT INTO expression_versions (expression_id, text, region_name, region_latitude, region_longitude, created_by, created_at) VALUES (558, 'e.g. Custom Language', 'New York, United States', 40.7128, -74.006, 'langmap', datetime('now'));
INSERT INTO expression_meanings (expression_id, meaning_id, created_by, updated_by, created_at, updated_at) VALUES (558, 1991926523, 'langmap', 'langmap', datetime('now'), datetime('now'));
INSERT INTO expressions (id, text, language_code, region_code, region_name, region_latitude, region_longitude, created_by, updated_by, created_at, updated_at, tags, source_type, review_status) VALUES (559, 'Native Name', 'en-US', 'US', 'New York, United States', 40.7128, -74.006, 'langmap', 'langmap', datetime('now'), datetime('now'), '["langmap"]', 'ai', 'approved');
INSERT INTO expression_versions (expression_id, text, region_name, region_latitude, region_longitude, created_by, created_at) VALUES (559, 'Native Name', 'New York, United States', 40.7128, -74.006, 'langmap', datetime('now'));
INSERT INTO expression_meanings (expression_id, meaning_id, created_by, updated_by, created_at, updated_at) VALUES (559, 1716022447, 'langmap', 'langmap', datetime('now'), datetime('now'));
INSERT INTO expressions (id, text, language_code, region_code, region_name, region_latitude, region_longitude, created_by, updated_by, created_at, updated_at, tags, source_type, review_status) VALUES (560, 'e.g. Native Language Name', 'en-US', 'US', 'New York, United States', 40.7128, -74.006, 'langmap', 'langmap', datetime('now'), datetime('now'), '["langmap"]', 'ai', 'approved');
INSERT INTO expression_versions (expression_id, text, region_name, region_latitude, region_longitude, created_by, created_at) VALUES (560, 'e.g. Native Language Name', 'New York, United States', 40.7128, -74.006, 'langmap', datetime('now'));
INSERT INTO expression_meanings (expression_id, meaning_id, created_by, updated_by, created_at, updated_at) VALUES (560, 1945432180, 'langmap', 'langmap', datetime('now'), datetime('now'));
INSERT INTO expressions (id, text, language_code, region_code, region_name, region_latitude, region_longitude, created_by, updated_by, created_at, updated_at, tags, source_type, review_status) VALUES (561, 'Text Direction', 'en-US', 'US', 'New York, United States', 40.7128, -74.006, 'langmap', 'langmap', datetime('now'), datetime('now'), '["langmap"]', 'ai', 'approved');
INSERT INTO expression_versions (expression_id, text, region_name, region_latitude, region_longitude, created_by, created_at) VALUES (561, 'Text Direction', 'New York, United States', 40.7128, -74.006, 'langmap', datetime('now'));
INSERT INTO expression_meanings (expression_id, meaning_id, created_by, updated_by, created_at, updated_at) VALUES (561, 2030701872, 'langmap', 'langmap', datetime('now'), datetime('now'));
INSERT INTO expressions (id, text, language_code, region_code, region_name, region_latitude, region_longitude, created_by, updated_by, created_at, updated_at, tags, source_type, review_status) VALUES (562, 'Left to Right (LTR)', 'en-US', 'US', 'New York, United States', 40.7128, -74.006, 'langmap', 'langmap', datetime('now'), datetime('now'), '["langmap"]', 'ai', 'approved');
INSERT INTO expression_versions (expression_id, text, region_name, region_latitude, region_longitude, created_by, created_at) VALUES (562, 'Left to Right (LTR)', 'New York, United States', 40.7128, -74.006, 'langmap', datetime('now'));
INSERT INTO expression_meanings (expression_id, meaning_id, created_by, updated_by, created_at, updated_at) VALUES (562, 822144154, 'langmap', 'langmap', datetime('now'), datetime('now'));
INSERT INTO expressions (id, text, language_code, region_code, region_name, region_latitude, region_longitude, created_by, updated_by, created_at, updated_at, tags, source_type, review_status) VALUES (563, 'Right to Left (RTL)', 'en-US', 'US', 'New York, United States', 40.7128, -74.006, 'langmap', 'langmap', datetime('now'), datetime('now'), '["langmap"]', 'ai', 'approved');
INSERT INTO expression_versions (expression_id, text, region_name, region_latitude, region_longitude, created_by, created_at) VALUES (563, 'Right to Left (RTL)', 'New York, United States', 40.7128, -74.006, 'langmap', datetime('now'));
INSERT INTO expression_meanings (expression_id, meaning_id, created_by, updated_by, created_at, updated_at) VALUES (563, 208973083, 'langmap', 'langmap', datetime('now'), datetime('now'));
INSERT INTO expressions (id, text, language_code, region_code, region_name, region_latitude, region_longitude, created_by, updated_by, created_at, updated_at, tags, source_type, review_status) VALUES (564, 'Adding...', 'en-US', 'US', 'New York, United States', 40.7128, -74.006, 'langmap', 'langmap', datetime('now'), datetime('now'), '["langmap"]', 'ai', 'approved');
INSERT INTO expression_versions (expression_id, text, region_name, region_latitude, region_longitude, created_by, created_at) VALUES (564, 'Adding...', 'New York, United States', 40.7128, -74.006, 'langmap', datetime('now'));
INSERT INTO expression_meanings (expression_id, meaning_id, created_by, updated_by, created_at, updated_at) VALUES (564, 1116697603, 'langmap', 'langmap', datetime('now'), datetime('now'));
INSERT INTO expressions (id, text, language_code, region_code, region_name, region_latitude, region_longitude, created_by, updated_by, created_at, updated_at, tags, source_type, review_status) VALUES (565, 'Failed to add language. Please try again.', 'en-US', 'US', 'New York, United States', 40.7128, -74.006, 'langmap', 'langmap', datetime('now'), datetime('now'), '["langmap"]', 'ai', 'approved');
INSERT INTO expression_versions (expression_id, text, region_name, region_latitude, region_longitude, created_by, created_at) VALUES (565, 'Failed to add language. Please try again.', 'New York, United States', 40.7128, -74.006, 'langmap', datetime('now'));
INSERT INTO expression_meanings (expression_id, meaning_id, created_by, updated_by, created_at, updated_at) VALUES (565, 577671469, 'langmap', 'langmap', datetime('now'), datetime('now'));
INSERT INTO expressions (id, text, language_code, region_code, region_name, region_latitude, region_longitude, created_by, updated_by, created_at, updated_at, tags, source_type, review_status) VALUES (566, 'Latitude', 'en-US', 'US', 'New York, United States', 40.7128, -74.006, 'langmap', 'langmap', datetime('now'), datetime('now'), '["langmap"]', 'ai', 'approved');
INSERT INTO expression_versions (expression_id, text, region_name, region_latitude, region_longitude, created_by, created_at) VALUES (566, 'Latitude', 'New York, United States', 40.7128, -74.006, 'langmap', datetime('now'));
INSERT INTO expression_meanings (expression_id, meaning_id, created_by, updated_by, created_at, updated_at) VALUES (566, 820519387, 'langmap', 'langmap', datetime('now'), datetime('now'));
INSERT INTO expressions (id, text, language_code, region_code, region_name, region_latitude, region_longitude, created_by, updated_by, created_at, updated_at, tags, source_type, review_status) VALUES (567, 'e.g. 51.5074', 'en-US', 'US', 'New York, United States', 40.7128, -74.006, 'langmap', 'langmap', datetime('now'), datetime('now'), '["langmap"]', 'ai', 'approved');
INSERT INTO expression_versions (expression_id, text, region_name, region_latitude, region_longitude, created_by, created_at) VALUES (567, 'e.g. 51.5074', 'New York, United States', 40.7128, -74.006, 'langmap', datetime('now'));
INSERT INTO expression_meanings (expression_id, meaning_id, created_by, updated_by, created_at, updated_at) VALUES (567, 626365559, 'langmap', 'langmap', datetime('now'), datetime('now'));
INSERT INTO expressions (id, text, language_code, region_code, region_name, region_latitude, region_longitude, created_by, updated_by, created_at, updated_at, tags, source_type, review_status) VALUES (568, 'Longitude', 'en-US', 'US', 'New York, United States', 40.7128, -74.006, 'langmap', 'langmap', datetime('now'), datetime('now'), '["langmap"]', 'ai', 'approved');
INSERT INTO expression_versions (expression_id, text, region_name, region_latitude, region_longitude, created_by, created_at) VALUES (568, 'Longitude', 'New York, United States', 40.7128, -74.006, 'langmap', datetime('now'));
INSERT INTO expression_meanings (expression_id, meaning_id, created_by, updated_by, created_at, updated_at) VALUES (568, 513569115, 'langmap', 'langmap', datetime('now'), datetime('now'));
INSERT INTO expressions (id, text, language_code, region_code, region_name, region_latitude, region_longitude, created_by, updated_by, created_at, updated_at, tags, source_type, review_status) VALUES (569, 'e.g. -0.1278', 'en-US', 'US', 'New York, United States', 40.7128, -74.006, 'langmap', 'langmap', datetime('now'), datetime('now'), '["langmap"]', 'ai', 'approved');
INSERT INTO expression_versions (expression_id, text, region_name, region_latitude, region_longitude, created_by, created_at) VALUES (569, 'e.g. -0.1278', 'New York, United States', 40.7128, -74.006, 'langmap', datetime('now'));
INSERT INTO expression_meanings (expression_id, meaning_id, created_by, updated_by, created_at, updated_at) VALUES (569, 2107302769, 'langmap', 'langmap', datetime('now'), datetime('now'));
INSERT INTO expressions (id, text, language_code, region_code, region_name, region_latitude, region_longitude, created_by, updated_by, created_at, updated_at, tags, source_type, review_status) VALUES (570, 'Region Information', 'en-US', 'US', 'New York, United States', 40.7128, -74.006, 'langmap', 'langmap', datetime('now'), datetime('now'), '["langmap"]', 'ai', 'approved');
INSERT INTO expression_versions (expression_id, text, region_name, region_latitude, region_longitude, created_by, created_at) VALUES (570, 'Region Information', 'New York, United States', 40.7128, -74.006, 'langmap', datetime('now'));
INSERT INTO expression_meanings (expression_id, meaning_id, created_by, updated_by, created_at, updated_at) VALUES (570, 1921468690, 'langmap', 'langmap', datetime('now'), datetime('now'));
INSERT INTO expressions (id, text, language_code, region_code, region_name, region_latitude, region_longitude, created_by, updated_by, created_at, updated_at, tags, source_type, review_status) VALUES (571, 'Region Name', 'en-US', 'US', 'New York, United States', 40.7128, -74.006, 'langmap', 'langmap', datetime('now'), datetime('now'), '["langmap"]', 'ai', 'approved');
INSERT INTO expression_versions (expression_id, text, region_name, region_latitude, region_longitude, created_by, created_at) VALUES (571, 'Region Name', 'New York, United States', 40.7128, -74.006, 'langmap', datetime('now'));
INSERT INTO expression_meanings (expression_id, meaning_id, created_by, updated_by, created_at, updated_at) VALUES (571, 1018972716, 'langmap', 'langmap', datetime('now'), datetime('now'));
INSERT INTO expressions (id, text, language_code, region_code, region_name, region_latitude, region_longitude, created_by, updated_by, created_at, updated_at, tags, source_type, review_status) VALUES (572, 'e.g. London, UK', 'en-US', 'US', 'New York, United States', 40.7128, -74.006, 'langmap', 'langmap', datetime('now'), datetime('now'), '["langmap"]', 'ai', 'approved');
INSERT INTO expression_versions (expression_id, text, region_name, region_latitude, region_longitude, created_by, created_at) VALUES (572, 'e.g. London, UK', 'New York, United States', 40.7128, -74.006, 'langmap', datetime('now'));
INSERT INTO expression_meanings (expression_id, meaning_id, created_by, updated_by, created_at, updated_at) VALUES (572, 306931297, 'langmap', 'langmap', datetime('now'), datetime('now'));
INSERT INTO expressions (id, text, language_code, region_code, region_name, region_latitude, region_longitude, created_by, updated_by, created_at, updated_at, tags, source_type, review_status) VALUES (573, 'Native Region Name', 'en-US', 'US', 'New York, United States', 40.7128, -74.006, 'langmap', 'langmap', datetime('now'), datetime('now'), '["langmap"]', 'ai', 'approved');
INSERT INTO expression_versions (expression_id, text, region_name, region_latitude, region_longitude, created_by, created_at) VALUES (573, 'Native Region Name', 'New York, United States', 40.7128, -74.006, 'langmap', datetime('now'));
INSERT INTO expression_meanings (expression_id, meaning_id, created_by, updated_by, created_at, updated_at) VALUES (573, 647664578, 'langmap', 'langmap', datetime('now'), datetime('now'));
INSERT INTO expressions (id, text, language_code, region_code, region_name, region_latitude, region_longitude, created_by, updated_by, created_at, updated_at, tags, source_type, review_status) VALUES (574, 'e.g. Londres, R.-U.', 'en-US', 'US', 'New York, United States', 40.7128, -74.006, 'langmap', 'langmap', datetime('now'), datetime('now'), '["langmap"]', 'ai', 'approved');
INSERT INTO expression_versions (expression_id, text, region_name, region_latitude, region_longitude, created_by, created_at) VALUES (574, 'e.g. Londres, R.-U.', 'New York, United States', 40.7128, -74.006, 'langmap', datetime('now'));
INSERT INTO expression_meanings (expression_id, meaning_id, created_by, updated_by, created_at, updated_at) VALUES (574, 765370063, 'langmap', 'langmap', datetime('now'), datetime('now'));
INSERT INTO expressions (id, text, language_code, region_code, region_name, region_latitude, region_longitude, created_by, updated_by, created_at, updated_at, tags, source_type, review_status) VALUES (575, 'Hide Map', 'en-US', 'US', 'New York, United States', 40.7128, -74.006, 'langmap', 'langmap', datetime('now'), datetime('now'), '["langmap"]', 'ai', 'approved');
INSERT INTO expression_versions (expression_id, text, region_name, region_latitude, region_longitude, created_by, created_at) VALUES (575, 'Hide Map', 'New York, United States', 40.7128, -74.006, 'langmap', datetime('now'));
INSERT INTO expression_meanings (expression_id, meaning_id, created_by, updated_by, created_at, updated_at) VALUES (575, 2071213119, 'langmap', 'langmap', datetime('now'), datetime('now'));
INSERT INTO expressions (id, text, language_code, region_code, region_name, region_latitude, region_longitude, created_by, updated_by, created_at, updated_at, tags, source_type, review_status) VALUES (576, 'Back to Search', 'en-US', 'US', 'New York, United States', 40.7128, -74.006, 'langmap', 'langmap', datetime('now'), datetime('now'), '["langmap"]', 'ai', 'approved');
INSERT INTO expression_versions (expression_id, text, region_name, region_latitude, region_longitude, created_by, created_at) VALUES (576, 'Back to Search', 'New York, United States', 40.7128, -74.006, 'langmap', datetime('now'));
INSERT INTO expression_meanings (expression_id, meaning_id, created_by, updated_by, created_at, updated_at) VALUES (576, 1173588834, 'langmap', 'langmap', datetime('now'), datetime('now'));
INSERT INTO expressions (id, text, language_code, region_code, region_name, region_latitude, region_longitude, created_by, updated_by, created_at, updated_at, tags, source_type, review_status) VALUES (577, 'Loading expression details...', 'en-US', 'US', 'New York, United States', 40.7128, -74.006, 'langmap', 'langmap', datetime('now'), datetime('now'), '["langmap"]', 'ai', 'approved');
INSERT INTO expression_versions (expression_id, text, region_name, region_latitude, region_longitude, created_by, created_at) VALUES (577, 'Loading expression details...', 'New York, United States', 40.7128, -74.006, 'langmap', datetime('now'));
INSERT INTO expression_meanings (expression_id, meaning_id, created_by, updated_by, created_at, updated_at) VALUES (577, 916646339, 'langmap', 'langmap', datetime('now'), datetime('now'));
INSERT INTO expressions (id, text, language_code, region_code, region_name, region_latitude, region_longitude, created_by, updated_by, created_at, updated_at, tags, source_type, review_status) VALUES (578, 'Expression Details', 'en-US', 'US', 'New York, United States', 40.7128, -74.006, 'langmap', 'langmap', datetime('now'), datetime('now'), '["langmap"]', 'ai', 'approved');
INSERT INTO expression_versions (expression_id, text, region_name, region_latitude, region_longitude, created_by, created_at) VALUES (578, 'Expression Details', 'New York, United States', 40.7128, -74.006, 'langmap', datetime('now'));
INSERT INTO expression_meanings (expression_id, meaning_id, created_by, updated_by, created_at, updated_at) VALUES (578, 303419628, 'langmap', 'langmap', datetime('now'), datetime('now'));
INSERT INTO expressions (id, text, language_code, region_code, region_name, region_latitude, region_longitude, created_by, updated_by, created_at, updated_at, tags, source_type, review_status) VALUES (579, 'Associated Meanings', 'en-US', 'US', 'New York, United States', 40.7128, -74.006, 'langmap', 'langmap', datetime('now'), datetime('now'), '["langmap"]', 'ai', 'approved');
INSERT INTO expression_versions (expression_id, text, region_name, region_latitude, region_longitude, created_by, created_at) VALUES (579, 'Associated Meanings', 'New York, United States', 40.7128, -74.006, 'langmap', datetime('now'));
INSERT INTO expression_meanings (expression_id, meaning_id, created_by, updated_by, created_at, updated_at) VALUES (579, 1082150934, 'langmap', 'langmap', datetime('now'), datetime('now'));
INSERT INTO expressions (id, text, language_code, region_code, region_name, region_latitude, region_longitude, created_by, updated_by, created_at, updated_at, tags, source_type, review_status) VALUES (580, 'Associate Expressions', 'en-US', 'US', 'New York, United States', 40.7128, -74.006, 'langmap', 'langmap', datetime('now'), datetime('now'), '["langmap"]', 'ai', 'approved');
INSERT INTO expression_versions (expression_id, text, region_name, region_latitude, region_longitude, created_by, created_at) VALUES (580, 'Associate Expressions', 'New York, United States', 40.7128, -74.006, 'langmap', datetime('now'));
INSERT INTO expression_meanings (expression_id, meaning_id, created_by, updated_by, created_at, updated_at) VALUES (580, 977355953, 'langmap', 'langmap', datetime('now'), datetime('now'));
INSERT INTO expression_meanings (expression_id, meaning_id, created_by, updated_by, created_at, updated_at) VALUES (538, 840883141, 'langmap', 'langmap', datetime('now'), datetime('now'));
INSERT INTO expressions (id, text, language_code, region_code, region_name, region_latitude, region_longitude, created_by, updated_by, created_at, updated_at, tags, source_type, review_status) VALUES (581, 'Search expressions to associate...', 'en-US', 'US', 'New York, United States', 40.7128, -74.006, 'langmap', 'langmap', datetime('now'), datetime('now'), '["langmap"]', 'ai', 'approved');
INSERT INTO expression_versions (expression_id, text, region_name, region_latitude, region_longitude, created_by, created_at) VALUES (581, 'Search expressions to associate...', 'New York, United States', 40.7128, -74.006, 'langmap', datetime('now'));
INSERT INTO expression_meanings (expression_id, meaning_id, created_by, updated_by, created_at, updated_at) VALUES (581, 531232349, 'langmap', 'langmap', datetime('now'), datetime('now'));
INSERT INTO expression_meanings (expression_id, meaning_id, created_by, updated_by, created_at, updated_at) VALUES (480, 1801706047, 'langmap', 'langmap', datetime('now'), datetime('now'));
INSERT INTO expressions (id, text, language_code, region_code, region_name, region_latitude, region_longitude, created_by, updated_by, created_at, updated_at, tags, source_type, review_status) VALUES (582, 'Searching...', 'en-US', 'US', 'New York, United States', 40.7128, -74.006, 'langmap', 'langmap', datetime('now'), datetime('now'), '["langmap"]', 'ai', 'approved');
INSERT INTO expression_versions (expression_id, text, region_name, region_latitude, region_longitude, created_by, created_at) VALUES (582, 'Searching...', 'New York, United States', 40.7128, -74.006, 'langmap', datetime('now'));
INSERT INTO expression_meanings (expression_id, meaning_id, created_by, updated_by, created_at, updated_at) VALUES (582, 204956308, 'langmap', 'langmap', datetime('now'), datetime('now'));
INSERT INTO expressions (id, text, language_code, region_code, region_name, region_latitude, region_longitude, created_by, updated_by, created_at, updated_at, tags, source_type, review_status) VALUES (583, 'No expressions found. Try different search terms.', 'en-US', 'US', 'New York, United States', 40.7128, -74.006, 'langmap', 'langmap', datetime('now'), datetime('now'), '["langmap"]', 'ai', 'approved');
INSERT INTO expression_versions (expression_id, text, region_name, region_latitude, region_longitude, created_by, created_at) VALUES (583, 'No expressions found. Try different search terms.', 'New York, United States', 40.7128, -74.006, 'langmap', datetime('now'));
INSERT INTO expression_meanings (expression_id, meaning_id, created_by, updated_by, created_at, updated_at) VALUES (583, 396634966, 'langmap', 'langmap', datetime('now'), datetime('now'));
INSERT INTO expressions (id, text, language_code, region_code, region_name, region_latitude, region_longitude, created_by, updated_by, created_at, updated_at, tags, source_type, review_status) VALUES (584, 'Link', 'en-US', 'US', 'New York, United States', 40.7128, -74.006, 'langmap', 'langmap', datetime('now'), datetime('now'), '["langmap"]', 'ai', 'approved');
INSERT INTO expression_versions (expression_id, text, region_name, region_latitude, region_longitude, created_by, created_at) VALUES (584, 'Link', 'New York, United States', 40.7128, -74.006, 'langmap', datetime('now'));
INSERT INTO expression_meanings (expression_id, meaning_id, created_by, updated_by, created_at, updated_at) VALUES (584, 1812761320, 'langmap', 'langmap', datetime('now'), datetime('now'));
INSERT INTO expressions (id, text, language_code, region_code, region_name, region_latitude, region_longitude, created_by, updated_by, created_at, updated_at, tags, source_type, review_status) VALUES (585, 'Already linked', 'en-US', 'US', 'New York, United States', 40.7128, -74.006, 'langmap', 'langmap', datetime('now'), datetime('now'), '["langmap"]', 'ai', 'approved');
INSERT INTO expression_versions (expression_id, text, region_name, region_latitude, region_longitude, created_by, created_at) VALUES (585, 'Already linked', 'New York, United States', 40.7128, -74.006, 'langmap', datetime('now'));
INSERT INTO expression_meanings (expression_id, meaning_id, created_by, updated_by, created_at, updated_at) VALUES (585, 1733733173, 'langmap', 'langmap', datetime('now'), datetime('now'));
INSERT INTO expressions (id, text, language_code, region_code, region_name, region_latitude, region_longitude, created_by, updated_by, created_at, updated_at, tags, source_type, review_status) VALUES (586, 'Search results include the current expression.', 'en-US', 'US', 'New York, United States', 40.7128, -74.006, 'langmap', 'langmap', datetime('now'), datetime('now'), '["langmap"]', 'ai', 'approved');
INSERT INTO expression_versions (expression_id, text, region_name, region_latitude, region_longitude, created_by, created_at) VALUES (586, 'Search results include the current expression.', 'New York, United States', 40.7128, -74.006, 'langmap', datetime('now'));
INSERT INTO expression_meanings (expression_id, meaning_id, created_by, updated_by, created_at, updated_at) VALUES (586, 825539610, 'langmap', 'langmap', datetime('now'), datetime('now'));
INSERT INTO expressions (id, text, language_code, region_code, region_name, region_latitude, region_longitude, created_by, updated_by, created_at, updated_at, tags, source_type, review_status) VALUES (587, 'Link to meaning:', 'en-US', 'US', 'New York, United States', 40.7128, -74.006, 'langmap', 'langmap', datetime('now'), datetime('now'), '["langmap"]', 'ai', 'approved');
INSERT INTO expression_versions (expression_id, text, region_name, region_latitude, region_longitude, created_by, created_at) VALUES (587, 'Link to meaning:', 'New York, United States', 40.7128, -74.006, 'langmap', datetime('now'));
INSERT INTO expression_meanings (expression_id, meaning_id, created_by, updated_by, created_at, updated_at) VALUES (587, 1320578155, 'langmap', 'langmap', datetime('now'), datetime('now'));
INSERT INTO expressions (id, text, language_code, region_code, region_name, region_latitude, region_longitude, created_by, updated_by, created_at, updated_at, tags, source_type, review_status) VALUES (588, '-- Select meaning --', 'en-US', 'US', 'New York, United States', 40.7128, -74.006, 'langmap', 'langmap', datetime('now'), datetime('now'), '["langmap"]', 'ai', 'approved');
INSERT INTO expression_versions (expression_id, text, region_name, region_latitude, region_longitude, created_by, created_at) VALUES (588, '-- Select meaning --', 'New York, United States', 40.7128, -74.006, 'langmap', datetime('now'));
INSERT INTO expression_meanings (expression_id, meaning_id, created_by, updated_by, created_at, updated_at) VALUES (588, 1171371199, 'langmap', 'langmap', datetime('now'), datetime('now'));
INSERT INTO expressions (id, text, language_code, region_code, region_name, region_latitude, region_longitude, created_by, updated_by, created_at, updated_at, tags, source_type, review_status) VALUES (589, 'Create new meaning…', 'en-US', 'US', 'New York, United States', 40.7128, -74.006, 'langmap', 'langmap', datetime('now'), datetime('now'), '["langmap"]', 'ai', 'approved');
INSERT INTO expression_versions (expression_id, text, region_name, region_latitude, region_longitude, created_by, created_at) VALUES (589, 'Create new meaning…', 'New York, United States', 40.7128, -74.006, 'langmap', datetime('now'));
INSERT INTO expression_meanings (expression_id, meaning_id, created_by, updated_by, created_at, updated_at) VALUES (589, 2048212694, 'langmap', 'langmap', datetime('now'), datetime('now'));
INSERT INTO expressions (id, text, language_code, region_code, region_name, region_latitude, region_longitude, created_by, updated_by, created_at, updated_at, tags, source_type, review_status) VALUES (590, 'New meaning gloss', 'en-US', 'US', 'New York, United States', 40.7128, -74.006, 'langmap', 'langmap', datetime('now'), datetime('now'), '["langmap"]', 'ai', 'approved');
INSERT INTO expression_versions (expression_id, text, region_name, region_latitude, region_longitude, created_by, created_at) VALUES (590, 'New meaning gloss', 'New York, United States', 40.7128, -74.006, 'langmap', datetime('now'));
INSERT INTO expression_meanings (expression_id, meaning_id, created_by, updated_by, created_at, updated_at) VALUES (590, 787431441, 'langmap', 'langmap', datetime('now'), datetime('now'));
INSERT INTO expressions (id, text, language_code, region_code, region_name, region_latitude, region_longitude, created_by, updated_by, created_at, updated_at, tags, source_type, review_status) VALUES (591, 'Create Meaning', 'en-US', 'US', 'New York, United States', 40.7128, -74.006, 'langmap', 'langmap', datetime('now'), datetime('now'), '["langmap"]', 'ai', 'approved');
INSERT INTO expression_versions (expression_id, text, region_name, region_latitude, region_longitude, created_by, created_at) VALUES (591, 'Create Meaning', 'New York, United States', 40.7128, -74.006, 'langmap', datetime('now'));
INSERT INTO expression_meanings (expression_id, meaning_id, created_by, updated_by, created_at, updated_at) VALUES (591, 1044591763, 'langmap', 'langmap', datetime('now'), datetime('now'));
INSERT INTO expressions (id, text, language_code, region_code, region_name, region_latitude, region_longitude, created_by, updated_by, created_at, updated_at, tags, source_type, review_status) VALUES (592, 'No meanings associated with this expression', 'en-US', 'US', 'New York, United States', 40.7128, -74.006, 'langmap', 'langmap', datetime('now'), datetime('now'), '["langmap"]', 'ai', 'approved');
INSERT INTO expression_versions (expression_id, text, region_name, region_latitude, region_longitude, created_by, created_at) VALUES (592, 'No meanings associated with this expression', 'New York, United States', 40.7128, -74.006, 'langmap', datetime('now'));
INSERT INTO expression_meanings (expression_id, meaning_id, created_by, updated_by, created_at, updated_at) VALUES (592, 2010884750, 'langmap', 'langmap', datetime('now'), datetime('now'));
INSERT INTO expressions (id, text, language_code, region_code, region_name, region_latitude, region_longitude, created_by, updated_by, created_at, updated_at, tags, source_type, review_status) VALUES (593, 'Associate with meanings', 'en-US', 'US', 'New York, United States', 40.7128, -74.006, 'langmap', 'langmap', datetime('now'), datetime('now'), '["langmap"]', 'ai', 'approved');
INSERT INTO expression_versions (expression_id, text, region_name, region_latitude, region_longitude, created_by, created_at) VALUES (593, 'Associate with meanings', 'New York, United States', 40.7128, -74.006, 'langmap', datetime('now'));
INSERT INTO expression_meanings (expression_id, meaning_id, created_by, updated_by, created_at, updated_at) VALUES (593, 1273274090, 'langmap', 'langmap', datetime('now'), datetime('now'));
INSERT INTO expressions (id, text, language_code, region_code, region_name, region_latitude, region_longitude, created_by, updated_by, created_at, updated_at, tags, source_type, review_status) VALUES (594, 'Global', 'en-US', 'US', 'New York, United States', 40.7128, -74.006, 'langmap', 'langmap', datetime('now'), datetime('now'), '["langmap"]', 'ai', 'approved');
INSERT INTO expression_versions (expression_id, text, region_name, region_latitude, region_longitude, created_by, created_at) VALUES (594, 'Global', 'New York, United States', 40.7128, -74.006, 'langmap', datetime('now'));
INSERT INTO expression_meanings (expression_id, meaning_id, created_by, updated_by, created_at, updated_at) VALUES (594, 176252579, 'langmap', 'langmap', datetime('now'), datetime('now'));
INSERT INTO expressions (id, text, language_code, region_code, region_name, region_latitude, region_longitude, created_by, updated_by, created_at, updated_at, tags, source_type, review_status) VALUES (595, 'Play', 'en-US', 'US', 'New York, United States', 40.7128, -74.006, 'langmap', 'langmap', datetime('now'), datetime('now'), '["langmap"]', 'ai', 'approved');
INSERT INTO expression_versions (expression_id, text, region_name, region_latitude, region_longitude, created_by, created_at) VALUES (595, 'Play', 'New York, United States', 40.7128, -74.006, 'langmap', datetime('now'));
INSERT INTO expression_meanings (expression_id, meaning_id, created_by, updated_by, created_at, updated_at) VALUES (595, 2089767296, 'langmap', 'langmap', datetime('now'), datetime('now'));
INSERT INTO expressions (id, text, language_code, region_code, region_name, region_latitude, region_longitude, created_by, updated_by, created_at, updated_at, tags, source_type, review_status) VALUES (596, 'auto', 'en-US', 'US', 'New York, United States', 40.7128, -74.006, 'langmap', 'langmap', datetime('now'), datetime('now'), '["langmap"]', 'ai', 'approved');
INSERT INTO expression_versions (expression_id, text, region_name, region_latitude, region_longitude, created_by, created_at) VALUES (596, 'auto', 'New York, United States', 40.7128, -74.006, 'langmap', datetime('now'));
INSERT INTO expression_meanings (expression_id, meaning_id, created_by, updated_by, created_at, updated_at) VALUES (596, 645537796, 'langmap', 'langmap', datetime('now'), datetime('now'));
INSERT INTO expressions (id, text, language_code, region_code, region_name, region_latitude, region_longitude, created_by, updated_by, created_at, updated_at, tags, source_type, review_status) VALUES (597, 'Version History', 'en-US', 'US', 'New York, United States', 40.7128, -74.006, 'langmap', 'langmap', datetime('now'), datetime('now'), '["langmap"]', 'ai', 'approved');
INSERT INTO expression_versions (expression_id, text, region_name, region_latitude, region_longitude, created_by, created_at) VALUES (597, 'Version History', 'New York, United States', 40.7128, -74.006, 'langmap', datetime('now'));
INSERT INTO expression_meanings (expression_id, meaning_id, created_by, updated_by, created_at, updated_at) VALUES (597, 1744326251, 'langmap', 'langmap', datetime('now'), datetime('now'));
INSERT INTO expressions (id, text, language_code, region_code, region_name, region_latitude, region_longitude, created_by, updated_by, created_at, updated_at, tags, source_type, review_status) VALUES (598, 'Loading versions...', 'en-US', 'US', 'New York, United States', 40.7128, -74.006, 'langmap', 'langmap', datetime('now'), datetime('now'), '["langmap"]', 'ai', 'approved');
INSERT INTO expression_versions (expression_id, text, region_name, region_latitude, region_longitude, created_by, created_at) VALUES (598, 'Loading versions...', 'New York, United States', 40.7128, -74.006, 'langmap', datetime('now'));
INSERT INTO expression_meanings (expression_id, meaning_id, created_by, updated_by, created_at, updated_at) VALUES (598, 715462937, 'langmap', 'langmap', datetime('now'), datetime('now'));
INSERT INTO expressions (id, text, language_code, region_code, region_name, region_latitude, region_longitude, created_by, updated_by, created_at, updated_at, tags, source_type, review_status) VALUES (599, 'No versions available', 'en-US', 'US', 'New York, United States', 40.7128, -74.006, 'langmap', 'langmap', datetime('now'), datetime('now'), '["langmap"]', 'ai', 'approved');
INSERT INTO expression_versions (expression_id, text, region_name, region_latitude, region_longitude, created_by, created_at) VALUES (599, 'No versions available', 'New York, United States', 40.7128, -74.006, 'langmap', datetime('now'));
INSERT INTO expression_meanings (expression_id, meaning_id, created_by, updated_by, created_at, updated_at) VALUES (599, 1713513424, 'langmap', 'langmap', datetime('now'), datetime('now'));
INSERT INTO expression_meanings (expression_id, meaning_id, created_by, updated_by, created_at, updated_at) VALUES (596, 80058487, 'langmap', 'langmap', datetime('now'), datetime('now'));
INSERT INTO expressions (id, text, language_code, region_code, region_name, region_latitude, region_longitude, created_by, updated_by, created_at, updated_at, tags, source_type, review_status) VALUES (600, 'Anonymous', 'en-US', 'US', 'New York, United States', 40.7128, -74.006, 'langmap', 'langmap', datetime('now'), datetime('now'), '["langmap"]', 'ai', 'approved');
INSERT INTO expression_versions (expression_id, text, region_name, region_latitude, region_longitude, created_by, created_at) VALUES (600, 'Anonymous', 'New York, United States', 40.7128, -74.006, 'langmap', datetime('now'));
INSERT INTO expression_meanings (expression_id, meaning_id, created_by, updated_by, created_at, updated_at) VALUES (600, 82914960, 'langmap', 'langmap', datetime('now'), datetime('now'));
INSERT INTO expressions (id, text, language_code, region_code, region_name, region_latitude, region_longitude, created_by, updated_by, created_at, updated_at, tags, source_type, review_status) VALUES (601, 'Explora el mundo de los idiomas', 'es', 'ES', 'Madrid, España', 40.4168, -3.7038, 'langmap', 'langmap', datetime('now'), datetime('now'), '["langmap"]', 'ai', 'approved');
INSERT INTO expression_versions (expression_id, text, region_name, region_latitude, region_longitude, created_by, created_at) VALUES (601, 'Explora el mundo de los idiomas', 'Madrid, España', 40.4168, -3.7038, 'langmap', datetime('now'));
INSERT INTO expression_meanings (expression_id, meaning_id, created_by, updated_by, created_at, updated_at) VALUES (601, 1232590872, 'langmap', 'langmap', datetime('now'), datetime('now'));
INSERT INTO expressions (id, text, language_code, region_code, region_name, region_latitude, region_longitude, created_by, updated_by, created_at, updated_at, tags, source_type, review_status) VALUES (602, 'Descubre cómo varían las expresiones según las regiones y culturas', 'es', 'ES', 'Madrid, España', 40.4168, -3.7038, 'langmap', 'langmap', datetime('now'), datetime('now'), '["langmap"]', 'ai', 'approved');
INSERT INTO expression_versions (expression_id, text, region_name, region_latitude, region_longitude, created_by, created_at) VALUES (602, 'Descubre cómo varían las expresiones según las regiones y culturas', 'Madrid, España', 40.4168, -3.7038, 'langmap', datetime('now'));
INSERT INTO expression_meanings (expression_id, meaning_id, created_by, updated_by, created_at, updated_at) VALUES (602, 738769989, 'langmap', 'langmap', datetime('now'), datetime('now'));
INSERT INTO expressions (id, text, language_code, region_code, region_name, region_latitude, region_longitude, created_by, updated_by, created_at, updated_at, tags, source_type, review_status) VALUES (603, 'Buscar una expresión...', 'es', 'ES', 'Madrid, España', 40.4168, -3.7038, 'langmap', 'langmap', datetime('now'), datetime('now'), '["langmap"]', 'ai', 'approved');
INSERT INTO expression_versions (expression_id, text, region_name, region_latitude, region_longitude, created_by, created_at) VALUES (603, 'Buscar una expresión...', 'Madrid, España', 40.4168, -3.7038, 'langmap', datetime('now'));
INSERT INTO expression_meanings (expression_id, meaning_id, created_by, updated_by, created_at, updated_at) VALUES (603, 87878107, 'langmap', 'langmap', datetime('now'), datetime('now'));
INSERT INTO expressions (id, text, language_code, region_code, region_name, region_latitude, region_longitude, created_by, updated_by, created_at, updated_at, tags, source_type, review_status) VALUES (604, 'Buscar', 'es', 'ES', 'Madrid, España', 40.4168, -3.7038, 'langmap', 'langmap', datetime('now'), datetime('now'), '["langmap"]', 'ai', 'approved');
INSERT INTO expression_versions (expression_id, text, region_name, region_latitude, region_longitude, created_by, created_at) VALUES (604, 'Buscar', 'Madrid, España', 40.4168, -3.7038, 'langmap', datetime('now'));
INSERT INTO expression_meanings (expression_id, meaning_id, created_by, updated_by, created_at, updated_at) VALUES (604, 1861719002, 'langmap', 'langmap', datetime('now'), datetime('now'));
INSERT INTO expressions (id, text, language_code, region_code, region_name, region_latitude, region_longitude, created_by, updated_by, created_at, updated_at, tags, source_type, review_status) VALUES (605, 'Expresiones totales', 'es', 'ES', 'Madrid, España', 40.4168, -3.7038, 'langmap', 'langmap', datetime('now'), datetime('now'), '["langmap"]', 'ai', 'approved');
INSERT INTO expression_versions (expression_id, text, region_name, region_latitude, region_longitude, created_by, created_at) VALUES (605, 'Expresiones totales', 'Madrid, España', 40.4168, -3.7038, 'langmap', datetime('now'));
INSERT INTO expression_meanings (expression_id, meaning_id, created_by, updated_by, created_at, updated_at) VALUES (605, 2073608002, 'langmap', 'langmap', datetime('now'), datetime('now'));
INSERT INTO expressions (id, text, language_code, region_code, region_name, region_latitude, region_longitude, created_by, updated_by, created_at, updated_at, tags, source_type, review_status) VALUES (606, 'Idiomas', 'es', 'ES', 'Madrid, España', 40.4168, -3.7038, 'langmap', 'langmap', datetime('now'), datetime('now'), '["langmap"]', 'ai', 'approved');
INSERT INTO expression_versions (expression_id, text, region_name, region_latitude, region_longitude, created_by, created_at) VALUES (606, 'Idiomas', 'Madrid, España', 40.4168, -3.7038, 'langmap', datetime('now'));
INSERT INTO expression_meanings (expression_id, meaning_id, created_by, updated_by, created_at, updated_at) VALUES (606, 29825596, 'langmap', 'langmap', datetime('now'), datetime('now'));
INSERT INTO expressions (id, text, language_code, region_code, region_name, region_latitude, region_longitude, created_by, updated_by, created_at, updated_at, tags, source_type, review_status) VALUES (607, 'Regiones', 'es', 'ES', 'Madrid, España', 40.4168, -3.7038, 'langmap', 'langmap', datetime('now'), datetime('now'), '["langmap"]', 'ai', 'approved');
INSERT INTO expression_versions (expression_id, text, region_name, region_latitude, region_longitude, created_by, created_at) VALUES (607, 'Regiones', 'Madrid, España', 40.4168, -3.7038, 'langmap', datetime('now'));
INSERT INTO expression_meanings (expression_id, meaning_id, created_by, updated_by, created_at, updated_at) VALUES (607, 1909588150, 'langmap', 'langmap', datetime('now'), datetime('now'));
INSERT INTO expressions (id, text, language_code, region_code, region_name, region_latitude, region_longitude, created_by, updated_by, created_at, updated_at, tags, source_type, review_status) VALUES (608, 'Distribución global del idioma', 'es', 'ES', 'Madrid, España', 40.4168, -3.7038, 'langmap', 'langmap', datetime('now'), datetime('now'), '["langmap"]', 'ai', 'approved');
INSERT INTO expression_versions (expression_id, text, region_name, region_latitude, region_longitude, created_by, created_at) VALUES (608, 'Distribución global del idioma', 'Madrid, España', 40.4168, -3.7038, 'langmap', datetime('now'));
INSERT INTO expression_meanings (expression_id, meaning_id, created_by, updated_by, created_at, updated_at) VALUES (608, 228029697, 'langmap', 'langmap', datetime('now'), datetime('now'));
INSERT INTO expressions (id, text, language_code, region_code, region_name, region_latitude, region_longitude, created_by, updated_by, created_at, updated_at, tags, source_type, review_status) VALUES (609, 'Explora la riqueza de las expresiones lingüísticas en diferentes regiones. Los círculos más grandes indican más expresiones en esa área.', 'es', 'ES', 'Madrid, España', 40.4168, -3.7038, 'langmap', 'langmap', datetime('now'), datetime('now'), '["langmap"]', 'ai', 'approved');
INSERT INTO expression_versions (expression_id, text, region_name, region_latitude, region_longitude, created_by, created_at) VALUES (609, 'Explora la riqueza de las expresiones lingüísticas en diferentes regiones. Los círculos más grandes indican más expresiones en esa área.', 'Madrid, España', 40.4168, -3.7038, 'langmap', datetime('now'));
INSERT INTO expression_meanings (expression_id, meaning_id, created_by, updated_by, created_at, updated_at) VALUES (609, 1932949546, 'langmap', 'langmap', datetime('now'), datetime('now'));
INSERT INTO expressions (id, text, language_code, region_code, region_name, region_latitude, region_longitude, created_by, updated_by, created_at, updated_at, tags, source_type, review_status) VALUES (610, 'Densidad de expresiones', 'es', 'ES', 'Madrid, España', 40.4168, -3.7038, 'langmap', 'langmap', datetime('now'), datetime('now'), '["langmap"]', 'ai', 'approved');
INSERT INTO expression_versions (expression_id, text, region_name, region_latitude, region_longitude, created_by, created_at) VALUES (610, 'Densidad de expresiones', 'Madrid, España', 40.4168, -3.7038, 'langmap', datetime('now'));
INSERT INTO expression_meanings (expression_id, meaning_id, created_by, updated_by, created_at, updated_at) VALUES (610, 1280354696, 'langmap', 'langmap', datetime('now'), datetime('now'));
INSERT INTO expressions (id, text, language_code, region_code, region_name, region_latitude, region_longitude, created_by, updated_by, created_at, updated_at, tags, source_type, review_status) VALUES (611, 'Bajo', 'es', 'ES', 'Madrid, España', 40.4168, -3.7038, 'langmap', 'langmap', datetime('now'), datetime('now'), '["langmap"]', 'ai', 'approved');
INSERT INTO expression_versions (expression_id, text, region_name, region_latitude, region_longitude, created_by, created_at) VALUES (611, 'Bajo', 'Madrid, España', 40.4168, -3.7038, 'langmap', datetime('now'));
INSERT INTO expression_meanings (expression_id, meaning_id, created_by, updated_by, created_at, updated_at) VALUES (611, 1428858324, 'langmap', 'langmap', datetime('now'), datetime('now'));
INSERT INTO expressions (id, text, language_code, region_code, region_name, region_latitude, region_longitude, created_by, updated_by, created_at, updated_at, tags, source_type, review_status) VALUES (612, 'Medio', 'es', 'ES', 'Madrid, España', 40.4168, -3.7038, 'langmap', 'langmap', datetime('now'), datetime('now'), '["langmap"]', 'ai', 'approved');
INSERT INTO expression_versions (expression_id, text, region_name, region_latitude, region_longitude, created_by, created_at) VALUES (612, 'Medio', 'Madrid, España', 40.4168, -3.7038, 'langmap', datetime('now'));
INSERT INTO expression_meanings (expression_id, meaning_id, created_by, updated_by, created_at, updated_at) VALUES (612, 214696929, 'langmap', 'langmap', datetime('now'), datetime('now'));
INSERT INTO expressions (id, text, language_code, region_code, region_name, region_latitude, region_longitude, created_by, updated_by, created_at, updated_at, tags, source_type, review_status) VALUES (613, 'Alto', 'es', 'ES', 'Madrid, España', 40.4168, -3.7038, 'langmap', 'langmap', datetime('now'), datetime('now'), '["langmap"]', 'ai', 'approved');
INSERT INTO expression_versions (expression_id, text, region_name, region_latitude, region_longitude, created_by, created_at) VALUES (613, 'Alto', 'Madrid, España', 40.4168, -3.7038, 'langmap', datetime('now'));
INSERT INTO expression_meanings (expression_id, meaning_id, created_by, updated_by, created_at, updated_at) VALUES (613, 2136578862, 'langmap', 'langmap', datetime('now'), datetime('now'));
INSERT INTO expressions (id, text, language_code, region_code, region_name, region_latitude, region_longitude, created_by, updated_by, created_at, updated_at, tags, source_type, review_status) VALUES (614, 'Comenzar', 'es', 'ES', 'Madrid, España', 40.4168, -3.7038, 'langmap', 'langmap', datetime('now'), datetime('now'), '["langmap"]', 'ai', 'approved');
INSERT INTO expression_versions (expression_id, text, region_name, region_latitude, region_longitude, created_by, created_at) VALUES (614, 'Comenzar', 'Madrid, España', 40.4168, -3.7038, 'langmap', datetime('now'));
INSERT INTO expression_meanings (expression_id, meaning_id, created_by, updated_by, created_at, updated_at) VALUES (614, 1704825459, 'langmap', 'langmap', datetime('now'), datetime('now'));
INSERT INTO expressions (id, text, language_code, region_code, region_name, region_latitude, region_longitude, created_by, updated_by, created_at, updated_at, tags, source_type, review_status) VALUES (615, 'Buscar expresiones', 'es', 'ES', 'Madrid, España', 40.4168, -3.7038, 'langmap', 'langmap', datetime('now'), datetime('now'), '["langmap"]', 'ai', 'approved');
INSERT INTO expression_versions (expression_id, text, region_name, region_latitude, region_longitude, created_by, created_at) VALUES (615, 'Buscar expresiones', 'Madrid, España', 40.4168, -3.7038, 'langmap', datetime('now'));
INSERT INTO expression_meanings (expression_id, meaning_id, created_by, updated_by, created_at, updated_at) VALUES (615, 1798903561, 'langmap', 'langmap', datetime('now'), datetime('now'));
INSERT INTO expressions (id, text, language_code, region_code, region_name, region_latitude, region_longitude, created_by, updated_by, created_at, updated_at, tags, source_type, review_status) VALUES (616, 'Encuentra cómo se expresan palabras y oraciones en diferentes idiomas y regiones.', 'es', 'ES', 'Madrid, España', 40.4168, -3.7038, 'langmap', 'langmap', datetime('now'), datetime('now'), '["langmap"]', 'ai', 'approved');
INSERT INTO expression_versions (expression_id, text, region_name, region_latitude, region_longitude, created_by, created_at) VALUES (616, 'Encuentra cómo se expresan palabras y oraciones en diferentes idiomas y regiones.', 'Madrid, España', 40.4168, -3.7038, 'langmap', datetime('now'));
INSERT INTO expression_meanings (expression_id, meaning_id, created_by, updated_by, created_at, updated_at) VALUES (616, 889637427, 'langmap', 'langmap', datetime('now'), datetime('now'));
INSERT INTO expressions (id, text, language_code, region_code, region_name, region_latitude, region_longitude, created_by, updated_by, created_at, updated_at, tags, source_type, review_status) VALUES (617, 'Comenzar búsqueda →', 'es', 'ES', 'Madrid, España', 40.4168, -3.7038, 'langmap', 'langmap', datetime('now'), datetime('now'), '["langmap"]', 'ai', 'approved');
INSERT INTO expression_versions (expression_id, text, region_name, region_latitude, region_longitude, created_by, created_at) VALUES (617, 'Comenzar búsqueda →', 'Madrid, España', 40.4168, -3.7038, 'langmap', datetime('now'));
INSERT INTO expression_meanings (expression_id, meaning_id, created_by, updated_by, created_at, updated_at) VALUES (617, 2141226890, 'langmap', 'langmap', datetime('now'), datetime('now'));
INSERT INTO expressions (id, text, language_code, region_code, region_name, region_latitude, region_longitude, created_by, updated_by, created_at, updated_at, tags, source_type, review_status) VALUES (618, 'Agregar expresión', 'es', 'ES', 'Madrid, España', 40.4168, -3.7038, 'langmap', 'langmap', datetime('now'), datetime('now'), '["langmap"]', 'ai', 'approved');
INSERT INTO expression_versions (expression_id, text, region_name, region_latitude, region_longitude, created_by, created_at) VALUES (618, 'Agregar expresión', 'Madrid, España', 40.4168, -3.7038, 'langmap', datetime('now'));
INSERT INTO expression_meanings (expression_id, meaning_id, created_by, updated_by, created_at, updated_at) VALUES (618, 50585974, 'langmap', 'langmap', datetime('now'), datetime('now'));
INSERT INTO expressions (id, text, language_code, region_code, region_name, region_latitude, region_longitude, created_by, updated_by, created_at, updated_at, tags, source_type, review_status) VALUES (619, 'Contribuye a nuestra base de datos agregando expresiones de tu idioma o región.', 'es', 'ES', 'Madrid, España', 40.4168, -3.7038, 'langmap', 'langmap', datetime('now'), datetime('now'), '["langmap"]', 'ai', 'approved');
INSERT INTO expression_versions (expression_id, text, region_name, region_latitude, region_longitude, created_by, created_at) VALUES (619, 'Contribuye a nuestra base de datos agregando expresiones de tu idioma o región.', 'Madrid, España', 40.4168, -3.7038, 'langmap', datetime('now'));
INSERT INTO expression_meanings (expression_id, meaning_id, created_by, updated_by, created_at, updated_at) VALUES (619, 1556642706, 'langmap', 'langmap', datetime('now'), datetime('now'));
INSERT INTO expressions (id, text, language_code, region_code, region_name, region_latitude, region_longitude, created_by, updated_by, created_at, updated_at, tags, source_type, review_status) VALUES (620, 'Región', 'es', 'ES', 'Madrid, España', 40.4168, -3.7038, 'langmap', 'langmap', datetime('now'), datetime('now'), '["langmap"]', 'ai', 'approved');
INSERT INTO expression_versions (expression_id, text, region_name, region_latitude, region_longitude, created_by, created_at) VALUES (620, 'Región', 'Madrid, España', 40.4168, -3.7038, 'langmap', datetime('now'));
INSERT INTO expression_meanings (expression_id, meaning_id, created_by, updated_by, created_at, updated_at) VALUES (620, 250674643, 'langmap', 'langmap', datetime('now'), datetime('now'));
INSERT INTO expressions (id, text, language_code, region_code, region_name, region_latitude, region_longitude, created_by, updated_by, created_at, updated_at, tags, source_type, review_status) VALUES (621, 'Idioma', 'es', 'ES', 'Madrid, España', 40.4168, -3.7038, 'langmap', 'langmap', datetime('now'), datetime('now'), '["langmap"]', 'ai', 'approved');
INSERT INTO expression_versions (expression_id, text, region_name, region_latitude, region_longitude, created_by, created_at) VALUES (621, 'Idioma', 'Madrid, España', 40.4168, -3.7038, 'langmap', datetime('now'));
INSERT INTO expression_meanings (expression_id, meaning_id, created_by, updated_by, created_at, updated_at) VALUES (621, 393067094, 'langmap', 'langmap', datetime('now'), datetime('now'));
INSERT INTO expressions (id, text, language_code, region_code, region_name, region_latitude, region_longitude, created_by, updated_by, created_at, updated_at, tags, source_type, review_status) VALUES (622, 'Expresiones', 'es', 'ES', 'Madrid, España', 40.4168, -3.7038, 'langmap', 'langmap', datetime('now'), datetime('now'), '["langmap"]', 'ai', 'approved');
INSERT INTO expression_versions (expression_id, text, region_name, region_latitude, region_longitude, created_by, created_at) VALUES (622, 'Expresiones', 'Madrid, España', 40.4168, -3.7038, 'langmap', datetime('now'));
INSERT INTO expression_meanings (expression_id, meaning_id, created_by, updated_by, created_at, updated_at) VALUES (622, 1843177479, 'langmap', 'langmap', datetime('now'), datetime('now'));
INSERT INTO expressions (id, text, language_code, region_code, region_name, region_latitude, region_longitude, created_by, updated_by, created_at, updated_at, tags, source_type, review_status) VALUES (623, 'Desconocido', 'es', 'ES', 'Madrid, España', 40.4168, -3.7038, 'langmap', 'langmap', datetime('now'), datetime('now'), '["langmap"]', 'ai', 'approved');
INSERT INTO expression_versions (expression_id, text, region_name, region_latitude, region_longitude, created_by, created_at) VALUES (623, 'Desconocido', 'Madrid, España', 40.4168, -3.7038, 'langmap', datetime('now'));
INSERT INTO expression_meanings (expression_id, meaning_id, created_by, updated_by, created_at, updated_at) VALUES (623, 2147181533, 'langmap', 'langmap', datetime('now'), datetime('now'));
INSERT INTO expressions (id, text, language_code, region_code, region_name, region_latitude, region_longitude, created_by, updated_by, created_at, updated_at, tags, source_type, review_status) VALUES (624, 'Agregar nueva →', 'es', 'ES', 'Madrid, España', 40.4168, -3.7038, 'langmap', 'langmap', datetime('now'), datetime('now'), '["langmap"]', 'ai', 'approved');
INSERT INTO expression_versions (expression_id, text, region_name, region_latitude, region_longitude, created_by, created_at) VALUES (624, 'Agregar nueva →', 'Madrid, España', 40.4168, -3.7038, 'langmap', datetime('now'));
INSERT INTO expression_meanings (expression_id, meaning_id, created_by, updated_by, created_at, updated_at) VALUES (624, 1538332181, 'langmap', 'langmap', datetime('now'), datetime('now'));
INSERT INTO expressions (id, text, language_code, region_code, region_name, region_latitude, region_longitude, created_by, updated_by, created_at, updated_at, tags, source_type, review_status) VALUES (625, 'Explorar mapa', 'es', 'ES', 'Madrid, España', 40.4168, -3.7038, 'langmap', 'langmap', datetime('now'), datetime('now'), '["langmap"]', 'ai', 'approved');
INSERT INTO expression_versions (expression_id, text, region_name, region_latitude, region_longitude, created_by, created_at) VALUES (625, 'Explorar mapa', 'Madrid, España', 40.4168, -3.7038, 'langmap', datetime('now'));
INSERT INTO expression_meanings (expression_id, meaning_id, created_by, updated_by, created_at, updated_at) VALUES (625, 700350673, 'langmap', 'langmap', datetime('now'), datetime('now'));
INSERT INTO expressions (id, text, language_code, region_code, region_name, region_latitude, region_longitude, created_by, updated_by, created_at, updated_at, tags, source_type, review_status) VALUES (626, 'Visualiza la diversidad lingüística en un mapa mundial interactivo.', 'es', 'ES', 'Madrid, España', 40.4168, -3.7038, 'langmap', 'langmap', datetime('now'), datetime('now'), '["langmap"]', 'ai', 'approved');
INSERT INTO expression_versions (expression_id, text, region_name, region_latitude, region_longitude, created_by, created_at) VALUES (626, 'Visualiza la diversidad lingüística en un mapa mundial interactivo.', 'Madrid, España', 40.4168, -3.7038, 'langmap', datetime('now'));
INSERT INTO expression_meanings (expression_id, meaning_id, created_by, updated_by, created_at, updated_at) VALUES (626, 26891452, 'langmap', 'langmap', datetime('now'), datetime('now'));
INSERT INTO expressions (id, text, language_code, region_code, region_name, region_latitude, region_longitude, created_by, updated_by, created_at, updated_at, tags, source_type, review_status) VALUES (627, 'Ver mapa →', 'es', 'ES', 'Madrid, España', 40.4168, -3.7038, 'langmap', 'langmap', datetime('now'), datetime('now'), '["langmap"]', 'ai', 'approved');
INSERT INTO expression_versions (expression_id, text, region_name, region_latitude, region_longitude, created_by, created_at) VALUES (627, 'Ver mapa →', 'Madrid, España', 40.4168, -3.7038, 'langmap', datetime('now'));
INSERT INTO expression_meanings (expression_id, meaning_id, created_by, updated_by, created_at, updated_at) VALUES (627, 863807598, 'langmap', 'langmap', datetime('now'), datetime('now'));
INSERT INTO expressions (id, text, language_code, region_code, region_name, region_latitude, region_longitude, created_by, updated_by, created_at, updated_at, tags, source_type, review_status) VALUES (628, 'Cargando mapa...', 'es', 'ES', 'Madrid, España', 40.4168, -3.7038, 'langmap', 'langmap', datetime('now'), datetime('now'), '["langmap"]', 'ai', 'approved');
INSERT INTO expression_versions (expression_id, text, region_name, region_latitude, region_longitude, created_by, created_at) VALUES (628, 'Cargando mapa...', 'Madrid, España', 40.4168, -3.7038, 'langmap', datetime('now'));
INSERT INTO expression_meanings (expression_id, meaning_id, created_by, updated_by, created_at, updated_at) VALUES (628, 984290883, 'langmap', 'langmap', datetime('now'), datetime('now'));
INSERT INTO expressions (id, text, language_code, region_code, region_name, region_latitude, region_longitude, created_by, updated_by, created_at, updated_at, tags, source_type, review_status) VALUES (629, 'Inicio', 'es', 'ES', 'Madrid, España', 40.4168, -3.7038, 'langmap', 'langmap', datetime('now'), datetime('now'), '["langmap"]', 'ai', 'approved');
INSERT INTO expression_versions (expression_id, text, region_name, region_latitude, region_longitude, created_by, created_at) VALUES (629, 'Inicio', 'Madrid, España', 40.4168, -3.7038, 'langmap', datetime('now'));
INSERT INTO expression_meanings (expression_id, meaning_id, created_by, updated_by, created_at, updated_at) VALUES (629, 1175105589, 'langmap', 'langmap', datetime('now'), datetime('now'));
INSERT INTO expression_meanings (expression_id, meaning_id, created_by, updated_by, created_at, updated_at) VALUES (604, 1822030570, 'langmap', 'langmap', datetime('now'), datetime('now'));
INSERT INTO expressions (id, text, language_code, region_code, region_name, region_latitude, region_longitude, created_by, updated_by, created_at, updated_at, tags, source_type, review_status) VALUES (630, '© {year} langmap - Plataforma de mapeo de expresiones lingüísticas', 'es', 'ES', 'Madrid, España', 40.4168, -3.7038, 'langmap', 'langmap', datetime('now'), datetime('now'), '["langmap"]', 'ai', 'approved');
INSERT INTO expression_versions (expression_id, text, region_name, region_latitude, region_longitude, created_by, created_at) VALUES (630, '© {year} langmap - Plataforma de mapeo de expresiones lingüísticas', 'Madrid, España', 40.4168, -3.7038, 'langmap', datetime('now'));
INSERT INTO expression_meanings (expression_id, meaning_id, created_by, updated_by, created_at, updated_at) VALUES (630, 1804466275, 'langmap', 'langmap', datetime('now'), datetime('now'));
INSERT INTO expression_meanings (expression_id, meaning_id, created_by, updated_by, created_at, updated_at) VALUES (615, 480547274, 'langmap', 'langmap', datetime('now'), datetime('now'));
INSERT INTO expressions (id, text, language_code, region_code, region_name, region_latitude, region_longitude, created_by, updated_by, created_at, updated_at, tags, source_type, review_status) VALUES (631, 'Encuentra expresiones lingüísticas en idiomas y regiones', 'es', 'ES', 'Madrid, España', 40.4168, -3.7038, 'langmap', 'langmap', datetime('now'), datetime('now'), '["langmap"]', 'ai', 'approved');
INSERT INTO expression_versions (expression_id, text, region_name, region_latitude, region_longitude, created_by, created_at) VALUES (631, 'Encuentra expresiones lingüísticas en idiomas y regiones', 'Madrid, España', 40.4168, -3.7038, 'langmap', datetime('now'));
INSERT INTO expression_meanings (expression_id, meaning_id, created_by, updated_by, created_at, updated_at) VALUES (631, 666598698, 'langmap', 'langmap', datetime('now'), datetime('now'));
INSERT INTO expressions (id, text, language_code, region_code, region_name, region_latitude, region_longitude, created_by, updated_by, created_at, updated_at, tags, source_type, review_status) VALUES (632, 'Ingresa una palabra o oración...', 'es', 'ES', 'Madrid, España', 40.4168, -3.7038, 'langmap', 'langmap', datetime('now'), datetime('now'), '["langmap"]', 'ai', 'approved');
INSERT INTO expression_versions (expression_id, text, region_name, region_latitude, region_longitude, created_by, created_at) VALUES (632, 'Ingresa una palabra o oración...', 'Madrid, España', 40.4168, -3.7038, 'langmap', datetime('now'));
INSERT INTO expression_meanings (expression_id, meaning_id, created_by, updated_by, created_at, updated_at) VALUES (632, 782154075, 'langmap', 'langmap', datetime('now'), datetime('now'));
INSERT INTO expression_meanings (expression_id, meaning_id, created_by, updated_by, created_at, updated_at) VALUES (604, 808077362, 'langmap', 'langmap', datetime('now'), datetime('now'));
INSERT INTO expressions (id, text, language_code, region_code, region_name, region_latitude, region_longitude, created_by, updated_by, created_at, updated_at, tags, source_type, review_status) VALUES (633, 'Buscando expresiones...', 'es', 'ES', 'Madrid, España', 40.4168, -3.7038, 'langmap', 'langmap', datetime('now'), datetime('now'), '["langmap"]', 'ai', 'approved');
INSERT INTO expression_versions (expression_id, text, region_name, region_latitude, region_longitude, created_by, created_at) VALUES (633, 'Buscando expresiones...', 'Madrid, España', 40.4168, -3.7038, 'langmap', datetime('now'));
INSERT INTO expression_meanings (expression_id, meaning_id, created_by, updated_by, created_at, updated_at) VALUES (633, 1660781369, 'langmap', 'langmap', datetime('now'), datetime('now'));
INSERT INTO expressions (id, text, language_code, region_code, region_name, region_latitude, region_longitude, created_by, updated_by, created_at, updated_at, tags, source_type, review_status) VALUES (634, 'No se encontraron resultados', 'es', 'ES', 'Madrid, España', 40.4168, -3.7038, 'langmap', 'langmap', datetime('now'), datetime('now'), '["langmap"]', 'ai', 'approved');
INSERT INTO expression_versions (expression_id, text, region_name, region_latitude, region_longitude, created_by, created_at) VALUES (634, 'No se encontraron resultados', 'Madrid, España', 40.4168, -3.7038, 'langmap', datetime('now'));
INSERT INTO expression_meanings (expression_id, meaning_id, created_by, updated_by, created_at, updated_at) VALUES (634, 1623339377, 'langmap', 'langmap', datetime('now'), datetime('now'));
INSERT INTO expressions (id, text, language_code, region_code, region_name, region_latitude, region_longitude, created_by, updated_by, created_at, updated_at, tags, source_type, review_status) VALUES (635, 'Prueba con términos de búsqueda diferentes o agrega una nueva expresión', 'es', 'ES', 'Madrid, España', 40.4168, -3.7038, 'langmap', 'langmap', datetime('now'), datetime('now'), '["langmap"]', 'ai', 'approved');
INSERT INTO expression_versions (expression_id, text, region_name, region_latitude, region_longitude, created_by, created_at) VALUES (635, 'Prueba con términos de búsqueda diferentes o agrega una nueva expresión', 'Madrid, España', 40.4168, -3.7038, 'langmap', datetime('now'));
INSERT INTO expression_meanings (expression_id, meaning_id, created_by, updated_by, created_at, updated_at) VALUES (635, 890335645, 'langmap', 'langmap', datetime('now'), datetime('now'));
INSERT INTO expressions (id, text, language_code, region_code, region_name, region_latitude, region_longitude, created_by, updated_by, created_at, updated_at, tags, source_type, review_status) VALUES (636, 'Agregar "{expression}"', 'es', 'ES', 'Madrid, España', 40.4168, -3.7038, 'langmap', 'langmap', datetime('now'), datetime('now'), '["langmap"]', 'ai', 'approved');
INSERT INTO expression_versions (expression_id, text, region_name, region_latitude, region_longitude, created_by, created_at) VALUES (636, 'Agregar "{expression}"', 'Madrid, España', 40.4168, -3.7038, 'langmap', datetime('now'));
INSERT INTO expression_meanings (expression_id, meaning_id, created_by, updated_by, created_at, updated_at) VALUES (636, 556745063, 'langmap', 'langmap', datetime('now'), datetime('now'));
INSERT INTO expressions (id, text, language_code, region_code, region_name, region_latitude, region_longitude, created_by, updated_by, created_at, updated_at, tags, source_type, review_status) VALUES (637, 'nueva expresión', 'es', 'ES', 'Madrid, España', 40.4168, -3.7038, 'langmap', 'langmap', datetime('now'), datetime('now'), '["langmap"]', 'ai', 'approved');
INSERT INTO expression_versions (expression_id, text, region_name, region_latitude, region_longitude, created_by, created_at) VALUES (637, 'nueva expresión', 'Madrid, España', 40.4168, -3.7038, 'langmap', datetime('now'));
INSERT INTO expression_meanings (expression_id, meaning_id, created_by, updated_by, created_at, updated_at) VALUES (637, 831699112, 'langmap', 'langmap', datetime('now'), datetime('now'));
INSERT INTO expressions (id, text, language_code, region_code, region_name, region_latitude, region_longitude, created_by, updated_by, created_at, updated_at, tags, source_type, review_status) VALUES (638, 'Se encontraron {count} expresión{plural}', 'es', 'ES', 'Madrid, España', 40.4168, -3.7038, 'langmap', 'langmap', datetime('now'), datetime('now'), '["langmap"]', 'ai', 'approved');
INSERT INTO expression_versions (expression_id, text, region_name, region_latitude, region_longitude, created_by, created_at) VALUES (638, 'Se encontraron {count} expresión{plural}', 'Madrid, España', 40.4168, -3.7038, 'langmap', datetime('now'));
INSERT INTO expression_meanings (expression_id, meaning_id, created_by, updated_by, created_at, updated_at) VALUES (638, 2052550168, 'langmap', 'langmap', datetime('now'), datetime('now'));
INSERT INTO expressions (id, text, language_code, region_code, region_name, region_latitude, region_longitude, created_by, updated_by, created_at, updated_at, tags, source_type, review_status) VALUES (639, 'es', 'es', 'ES', 'Madrid, España', 40.4168, -3.7038, 'langmap', 'langmap', datetime('now'), datetime('now'), '["langmap"]', 'ai', 'approved');
INSERT INTO expression_versions (expression_id, text, region_name, region_latitude, region_longitude, created_by, created_at) VALUES (639, 'es', 'Madrid, España', 40.4168, -3.7038, 'langmap', datetime('now'));
INSERT INTO expression_meanings (expression_id, meaning_id, created_by, updated_by, created_at, updated_at) VALUES (639, 359270288, 'langmap', 'langmap', datetime('now'), datetime('now'));
INSERT INTO expressions (id, text, language_code, region_code, region_name, region_latitude, region_longitude, created_by, updated_by, created_at, updated_at, tags, source_type, review_status) VALUES (640, 'Atrás', 'es', 'ES', 'Madrid, España', 40.4168, -3.7038, 'langmap', 'langmap', datetime('now'), datetime('now'), '["langmap"]', 'ai', 'approved');
INSERT INTO expression_versions (expression_id, text, region_name, region_latitude, region_longitude, created_by, created_at) VALUES (640, 'Atrás', 'Madrid, España', 40.4168, -3.7038, 'langmap', datetime('now'));
INSERT INTO expression_meanings (expression_id, meaning_id, created_by, updated_by, created_at, updated_at) VALUES (640, 1768300647, 'langmap', 'langmap', datetime('now'), datetime('now'));
INSERT INTO expressions (id, text, language_code, region_code, region_name, region_latitude, region_longitude, created_by, updated_by, created_at, updated_at, tags, source_type, review_status) VALUES (641, 'Agregar nueva expresión', 'es', 'ES', 'Madrid, España', 40.4168, -3.7038, 'langmap', 'langmap', datetime('now'), datetime('now'), '["langmap"]', 'ai', 'approved');
INSERT INTO expression_versions (expression_id, text, region_name, region_latitude, region_longitude, created_by, created_at) VALUES (641, 'Agregar nueva expresión', 'Madrid, España', 40.4168, -3.7038, 'langmap', datetime('now'));
INSERT INTO expression_meanings (expression_id, meaning_id, created_by, updated_by, created_at, updated_at) VALUES (641, 653847431, 'langmap', 'langmap', datetime('now'), datetime('now'));
INSERT INTO expressions (id, text, language_code, region_code, region_name, region_latitude, region_longitude, created_by, updated_by, created_at, updated_at, tags, source_type, review_status) VALUES (642, 'Texto', 'es', 'ES', 'Madrid, España', 40.4168, -3.7038, 'langmap', 'langmap', datetime('now'), datetime('now'), '["langmap"]', 'ai', 'approved');
INSERT INTO expression_versions (expression_id, text, region_name, region_latitude, region_longitude, created_by, created_at) VALUES (642, 'Texto', 'Madrid, España', 40.4168, -3.7038, 'langmap', datetime('now'));
INSERT INTO expression_meanings (expression_id, meaning_id, created_by, updated_by, created_at, updated_at) VALUES (642, 610717035, 'langmap', 'langmap', datetime('now'), datetime('now'));
INSERT INTO expressions (id, text, language_code, region_code, region_name, region_latitude, region_longitude, created_by, updated_by, created_at, updated_at, tags, source_type, review_status) VALUES (643, 'Ingresa la expresión lingüística', 'es', 'ES', 'Madrid, España', 40.4168, -3.7038, 'langmap', 'langmap', datetime('now'), datetime('now'), '["langmap"]', 'ai', 'approved');
INSERT INTO expression_versions (expression_id, text, region_name, region_latitude, region_longitude, created_by, created_at) VALUES (643, 'Ingresa la expresión lingüística', 'Madrid, España', 40.4168, -3.7038, 'langmap', datetime('now'));
INSERT INTO expression_meanings (expression_id, meaning_id, created_by, updated_by, created_at, updated_at) VALUES (643, 378762400, 'langmap', 'langmap', datetime('now'), datetime('now'));
INSERT INTO expressions (id, text, language_code, region_code, region_name, region_latitude, region_longitude, created_by, updated_by, created_at, updated_at, tags, source_type, review_status) VALUES (644, 'La palabra o oración real en el idioma', 'es', 'ES', 'Madrid, España', 40.4168, -3.7038, 'langmap', 'langmap', datetime('now'), datetime('now'), '["langmap"]', 'ai', 'approved');
INSERT INTO expression_versions (expression_id, text, region_name, region_latitude, region_longitude, created_by, created_at) VALUES (644, 'La palabra o oración real en el idioma', 'Madrid, España', 40.4168, -3.7038, 'langmap', datetime('now'));
INSERT INTO expression_meanings (expression_id, meaning_id, created_by, updated_by, created_at, updated_at) VALUES (644, 1251764943, 'langmap', 'langmap', datetime('now'), datetime('now'));
INSERT INTO expression_meanings (expression_id, meaning_id, created_by, updated_by, created_at, updated_at) VALUES (621, 1469373345, 'langmap', 'langmap', datetime('now'), datetime('now'));
INSERT INTO expressions (id, text, language_code, region_code, region_name, region_latitude, region_longitude, created_by, updated_by, created_at, updated_at, tags, source_type, review_status) VALUES (645, 'Seleccionar idioma', 'es', 'ES', 'Madrid, España', 40.4168, -3.7038, 'langmap', 'langmap', datetime('now'), datetime('now'), '["langmap"]', 'ai', 'approved');
INSERT INTO expression_versions (expression_id, text, region_name, region_latitude, region_longitude, created_by, created_at) VALUES (645, 'Seleccionar idioma', 'Madrid, España', 40.4168, -3.7038, 'langmap', datetime('now'));
INSERT INTO expression_meanings (expression_id, meaning_id, created_by, updated_by, created_at, updated_at) VALUES (645, 1745197766, 'langmap', 'langmap', datetime('now'), datetime('now'));
INSERT INTO expressions (id, text, language_code, region_code, region_name, region_latitude, region_longitude, created_by, updated_by, created_at, updated_at, tags, source_type, review_status) VALUES (646, 'Selecciona el idioma para esta expresión', 'es', 'ES', 'Madrid, España', 40.4168, -3.7038, 'langmap', 'langmap', datetime('now'), datetime('now'), '["langmap"]', 'ai', 'approved');
INSERT INTO expression_versions (expression_id, text, region_name, region_latitude, region_longitude, created_by, created_at) VALUES (646, 'Selecciona el idioma para esta expresión', 'Madrid, España', 40.4168, -3.7038, 'langmap', datetime('now'));
INSERT INTO expression_meanings (expression_id, meaning_id, created_by, updated_by, created_at, updated_at) VALUES (646, 1935180845, 'langmap', 'langmap', datetime('now'), datetime('now'));
INSERT INTO expressions (id, text, language_code, region_code, region_name, region_latitude, region_longitude, created_by, updated_by, created_at, updated_at, tags, source_type, review_status) VALUES (647, 'Seleccionar idioma...', 'es', 'ES', 'Madrid, España', 40.4168, -3.7038, 'langmap', 'langmap', datetime('now'), datetime('now'), '["langmap"]', 'ai', 'approved');
INSERT INTO expression_versions (expression_id, text, region_name, region_latitude, region_longitude, created_by, created_at) VALUES (647, 'Seleccionar idioma...', 'Madrid, España', 40.4168, -3.7038, 'langmap', datetime('now'));
INSERT INTO expression_meanings (expression_id, meaning_id, created_by, updated_by, created_at, updated_at) VALUES (647, 1793722761, 'langmap', 'langmap', datetime('now'), datetime('now'));
INSERT INTO expressions (id, text, language_code, region_code, region_name, region_latitude, region_longitude, created_by, updated_by, created_at, updated_at, tags, source_type, review_status) VALUES (648, 'Cargando idiomas...', 'es', 'ES', 'Madrid, España', 40.4168, -3.7038, 'langmap', 'langmap', datetime('now'), datetime('now'), '["langmap"]', 'ai', 'approved');
INSERT INTO expression_versions (expression_id, text, region_name, region_latitude, region_longitude, created_by, created_at) VALUES (648, 'Cargando idiomas...', 'Madrid, España', 40.4168, -3.7038, 'langmap', datetime('now'));
INSERT INTO expression_meanings (expression_id, meaning_id, created_by, updated_by, created_at, updated_at) VALUES (648, 2099029340, 'langmap', 'langmap', datetime('now'), datetime('now'));
INSERT INTO expressions (id, text, language_code, region_code, region_name, region_latitude, region_longitude, created_by, updated_by, created_at, updated_at, tags, source_type, review_status) VALUES (649, 'Región (opcional)', 'es', 'ES', 'Madrid, España', 40.4168, -3.7038, 'langmap', 'langmap', datetime('now'), datetime('now'), '["langmap"]', 'ai', 'approved');
INSERT INTO expression_versions (expression_id, text, region_name, region_latitude, region_longitude, created_by, created_at) VALUES (649, 'Región (opcional)', 'Madrid, España', 40.4168, -3.7038, 'langmap', datetime('now'));
INSERT INTO expression_meanings (expression_id, meaning_id, created_by, updated_by, created_at, updated_at) VALUES (649, 101777746, 'langmap', 'langmap', datetime('now'), datetime('now'));
INSERT INTO expressions (id, text, language_code, region_code, region_name, region_latitude, region_longitude, created_by, updated_by, created_at, updated_at, tags, source_type, review_status) VALUES (650, 'ej. China, España, Global', 'es', 'ES', 'Madrid, España', 40.4168, -3.7038, 'langmap', 'langmap', datetime('now'), datetime('now'), '["langmap"]', 'ai', 'approved');
INSERT INTO expression_versions (expression_id, text, region_name, region_latitude, region_longitude, created_by, created_at) VALUES (650, 'ej. China, España, Global', 'Madrid, España', 40.4168, -3.7038, 'langmap', datetime('now'));
INSERT INTO expression_meanings (expression_id, meaning_id, created_by, updated_by, created_at, updated_at) VALUES (650, 747353279, 'langmap', 'langmap', datetime('now'), datetime('now'));
INSERT INTO expressions (id, text, language_code, region_code, region_name, region_latitude, region_longitude, created_by, updated_by, created_at, updated_at, tags, source_type, review_status) VALUES (651, 'Región geográfica o área', 'es', 'ES', 'Madrid, España', 40.4168, -3.7038, 'langmap', 'langmap', datetime('now'), datetime('now'), '["langmap"]', 'ai', 'approved');
INSERT INTO expression_versions (expression_id, text, region_name, region_latitude, region_longitude, created_by, created_at) VALUES (651, 'Región geográfica o área', 'Madrid, España', 40.4168, -3.7038, 'langmap', datetime('now'));
INSERT INTO expression_meanings (expression_id, meaning_id, created_by, updated_by, created_at, updated_at) VALUES (651, 259247799, 'langmap', 'langmap', datetime('now'), datetime('now'));
INSERT INTO expressions (id, text, language_code, region_code, region_name, region_latitude, region_longitude, created_by, updated_by, created_at, updated_at, tags, source_type, review_status) VALUES (652, 'Detectar mi ubicación', 'es', 'ES', 'Madrid, España', 40.4168, -3.7038, 'langmap', 'langmap', datetime('now'), datetime('now'), '["langmap"]', 'ai', 'approved');
INSERT INTO expression_versions (expression_id, text, region_name, region_latitude, region_longitude, created_by, created_at) VALUES (652, 'Detectar mi ubicación', 'Madrid, España', 40.4168, -3.7038, 'langmap', datetime('now'));
INSERT INTO expression_meanings (expression_id, meaning_id, created_by, updated_by, created_at, updated_at) VALUES (652, 1228718215, 'langmap', 'langmap', datetime('now'), datetime('now'));
INSERT INTO expressions (id, text, language_code, region_code, region_name, region_latitude, region_longitude, created_by, updated_by, created_at, updated_at, tags, source_type, review_status) VALUES (653, 'Seleccionar en el mapa', 'es', 'ES', 'Madrid, España', 40.4168, -3.7038, 'langmap', 'langmap', datetime('now'), datetime('now'), '["langmap"]', 'ai', 'approved');
INSERT INTO expression_versions (expression_id, text, region_name, region_latitude, region_longitude, created_by, created_at) VALUES (653, 'Seleccionar en el mapa', 'Madrid, España', 40.4168, -3.7038, 'langmap', datetime('now'));
INSERT INTO expression_meanings (expression_id, meaning_id, created_by, updated_by, created_at, updated_at) VALUES (653, 1606159683, 'langmap', 'langmap', datetime('now'), datetime('now'));
INSERT INTO expressions (id, text, language_code, region_code, region_name, region_latitude, region_longitude, created_by, updated_by, created_at, updated_at, tags, source_type, review_status) VALUES (654, 'Haz clic en el mapa para seleccionar una región', 'es', 'ES', 'Madrid, España', 40.4168, -3.7038, 'langmap', 'langmap', datetime('now'), datetime('now'), '["langmap"]', 'ai', 'approved');
INSERT INTO expression_versions (expression_id, text, region_name, region_latitude, region_longitude, created_by, created_at) VALUES (654, 'Haz clic en el mapa para seleccionar una región', 'Madrid, España', 40.4168, -3.7038, 'langmap', datetime('now'));
INSERT INTO expression_meanings (expression_id, meaning_id, created_by, updated_by, created_at, updated_at) VALUES (654, 1058233083, 'langmap', 'langmap', datetime('now'), datetime('now'));
INSERT INTO expressions (id, text, language_code, region_code, region_name, region_latitude, region_longitude, created_by, updated_by, created_at, updated_at, tags, source_type, review_status) VALUES (655, 'La geolocalización no es compatible con tu navegador', 'es', 'ES', 'Madrid, España', 40.4168, -3.7038, 'langmap', 'langmap', datetime('now'), datetime('now'), '["langmap"]', 'ai', 'approved');
INSERT INTO expression_versions (expression_id, text, region_name, region_latitude, region_longitude, created_by, created_at) VALUES (655, 'La geolocalización no es compatible con tu navegador', 'Madrid, España', 40.4168, -3.7038, 'langmap', datetime('now'));
INSERT INTO expression_meanings (expression_id, meaning_id, created_by, updated_by, created_at, updated_at) VALUES (655, 1874909642, 'langmap', 'langmap', datetime('now'), datetime('now'));
INSERT INTO expressions (id, text, language_code, region_code, region_name, region_latitude, region_longitude, created_by, updated_by, created_at, updated_at, tags, source_type, review_status) VALUES (656, 'No se pudo detectar tu ubicación', 'es', 'ES', 'Madrid, España', 40.4168, -3.7038, 'langmap', 'langmap', datetime('now'), datetime('now'), '["langmap"]', 'ai', 'approved');
INSERT INTO expression_versions (expression_id, text, region_name, region_latitude, region_longitude, created_by, created_at) VALUES (656, 'No se pudo detectar tu ubicación', 'Madrid, España', 40.4168, -3.7038, 'langmap', datetime('now'));
INSERT INTO expression_meanings (expression_id, meaning_id, created_by, updated_by, created_at, updated_at) VALUES (656, 735160078, 'langmap', 'langmap', datetime('now'), datetime('now'));
INSERT INTO expressions (id, text, language_code, region_code, region_name, region_latitude, region_longitude, created_by, updated_by, created_at, updated_at, tags, source_type, review_status) VALUES (657, 'Analizando información de ubicación...', 'es', 'ES', 'Madrid, España', 40.4168, -3.7038, 'langmap', 'langmap', datetime('now'), datetime('now'), '["langmap"]', 'ai', 'approved');
INSERT INTO expression_versions (expression_id, text, region_name, region_latitude, region_longitude, created_by, created_at) VALUES (657, 'Analizando información de ubicación...', 'Madrid, España', 40.4168, -3.7038, 'langmap', datetime('now'));
INSERT INTO expression_meanings (expression_id, meaning_id, created_by, updated_by, created_at, updated_at) VALUES (657, 1228788957, 'langmap', 'langmap', datetime('now'), datetime('now'));
INSERT INTO expressions (id, text, language_code, region_code, region_name, region_latitude, region_longitude, created_by, updated_by, created_at, updated_at, tags, source_type, review_status) VALUES (658, 'Error al analizar la información de ubicación', 'es', 'ES', 'Madrid, España', 40.4168, -3.7038, 'langmap', 'langmap', datetime('now'), datetime('now'), '["langmap"]', 'ai', 'approved');
INSERT INTO expression_versions (expression_id, text, region_name, region_latitude, region_longitude, created_by, created_at) VALUES (658, 'Error al analizar la información de ubicación', 'Madrid, España', 40.4168, -3.7038, 'langmap', datetime('now'));
INSERT INTO expression_meanings (expression_id, meaning_id, created_by, updated_by, created_at, updated_at) VALUES (658, 535669297, 'langmap', 'langmap', datetime('now'), datetime('now'));
INSERT INTO expressions (id, text, language_code, region_code, region_name, region_latitude, region_longitude, created_by, updated_by, created_at, updated_at, tags, source_type, review_status) VALUES (659, 'Referencia de fuente (opcional)', 'es', 'ES', 'Madrid, España', 40.4168, -3.7038, 'langmap', 'langmap', datetime('now'), datetime('now'), '["langmap"]', 'ai', 'approved');
INSERT INTO expression_versions (expression_id, text, region_name, region_latitude, region_longitude, created_by, created_at) VALUES (659, 'Referencia de fuente (opcional)', 'Madrid, España', 40.4168, -3.7038, 'langmap', datetime('now'));
INSERT INTO expression_meanings (expression_id, meaning_id, created_by, updated_by, created_at, updated_at) VALUES (659, 533920565, 'langmap', 'langmap', datetime('now'), datetime('now'));
INSERT INTO expressions (id, text, language_code, region_code, region_name, region_latitude, region_longitude, created_by, updated_by, created_at, updated_at, tags, source_type, review_status) VALUES (660, 'ej. Wiktionary, Dictionary.com, o una URL', 'es', 'ES', 'Madrid, España', 40.4168, -3.7038, 'langmap', 'langmap', datetime('now'), datetime('now'), '["langmap"]', 'ai', 'approved');
INSERT INTO expression_versions (expression_id, text, region_name, region_latitude, region_longitude, created_by, created_at) VALUES (660, 'ej. Wiktionary, Dictionary.com, o una URL', 'Madrid, España', 40.4168, -3.7038, 'langmap', datetime('now'));
INSERT INTO expression_meanings (expression_id, meaning_id, created_by, updated_by, created_at, updated_at) VALUES (660, 322599747, 'langmap', 'langmap', datetime('now'), datetime('now'));
INSERT INTO expressions (id, text, language_code, region_code, region_name, region_latitude, region_longitude, created_by, updated_by, created_at, updated_at, tags, source_type, review_status) VALUES (661, 'Origen o referencia para esta expresión', 'es', 'ES', 'Madrid, España', 40.4168, -3.7038, 'langmap', 'langmap', datetime('now'), datetime('now'), '["langmap"]', 'ai', 'approved');
INSERT INTO expression_versions (expression_id, text, region_name, region_latitude, region_longitude, created_by, created_at) VALUES (661, 'Origen o referencia para esta expresión', 'Madrid, España', 40.4168, -3.7038, 'langmap', datetime('now'));
INSERT INTO expression_meanings (expression_id, meaning_id, created_by, updated_by, created_at, updated_at) VALUES (661, 996426808, 'langmap', 'langmap', datetime('now'), datetime('now'));
INSERT INTO expressions (id, text, language_code, region_code, region_name, region_latitude, region_longitude, created_by, updated_by, created_at, updated_at, tags, source_type, review_status) VALUES (662, 'Crear expresión', 'es', 'ES', 'Madrid, España', 40.4168, -3.7038, 'langmap', 'langmap', datetime('now'), datetime('now'), '["langmap"]', 'ai', 'approved');
INSERT INTO expression_versions (expression_id, text, region_name, region_latitude, region_longitude, created_by, created_at) VALUES (662, 'Crear expresión', 'Madrid, España', 40.4168, -3.7038, 'langmap', datetime('now'));
INSERT INTO expression_meanings (expression_id, meaning_id, created_by, updated_by, created_at, updated_at) VALUES (662, 1242437667, 'langmap', 'langmap', datetime('now'), datetime('now'));
INSERT INTO expressions (id, text, language_code, region_code, region_name, region_latitude, region_longitude, created_by, updated_by, created_at, updated_at, tags, source_type, review_status) VALUES (663, 'Cancelar', 'es', 'ES', 'Madrid, España', 40.4168, -3.7038, 'langmap', 'langmap', datetime('now'), datetime('now'), '["langmap"]', 'ai', 'approved');
INSERT INTO expression_versions (expression_id, text, region_name, region_latitude, region_longitude, created_by, created_at) VALUES (663, 'Cancelar', 'Madrid, España', 40.4168, -3.7038, 'langmap', datetime('now'));
INSERT INTO expression_meanings (expression_id, meaning_id, created_by, updated_by, created_at, updated_at) VALUES (663, 814856456, 'langmap', 'langmap', datetime('now'), datetime('now'));
INSERT INTO expressions (id, text, language_code, region_code, region_name, region_latitude, region_longitude, created_by, updated_by, created_at, updated_at, tags, source_type, review_status) VALUES (664, 'El idioma y el texto son obligatorios.', 'es', 'ES', 'Madrid, España', 40.4168, -3.7038, 'langmap', 'langmap', datetime('now'), datetime('now'), '["langmap"]', 'ai', 'approved');
INSERT INTO expression_versions (expression_id, text, region_name, region_latitude, region_longitude, created_by, created_at) VALUES (664, 'El idioma y el texto son obligatorios.', 'Madrid, España', 40.4168, -3.7038, 'langmap', datetime('now'));
INSERT INTO expression_meanings (expression_id, meaning_id, created_by, updated_by, created_at, updated_at) VALUES (664, 669906916, 'langmap', 'langmap', datetime('now'), datetime('now'));
INSERT INTO expressions (id, text, language_code, region_code, region_name, region_latitude, region_longitude, created_by, updated_by, created_at, updated_at, tags, source_type, review_status) VALUES (665, 'Asociar con significado', 'es', 'ES', 'Madrid, España', 40.4168, -3.7038, 'langmap', 'langmap', datetime('now'), datetime('now'), '["langmap"]', 'ai', 'approved');
INSERT INTO expression_versions (expression_id, text, region_name, region_latitude, region_longitude, created_by, created_at) VALUES (665, 'Asociar con significado', 'Madrid, España', 40.4168, -3.7038, 'langmap', datetime('now'));
INSERT INTO expression_meanings (expression_id, meaning_id, created_by, updated_by, created_at, updated_at) VALUES (665, 11980301, 'langmap', 'langmap', datetime('now'), datetime('now'));
INSERT INTO expressions (id, text, language_code, region_code, region_name, region_latitude, region_longitude, created_by, updated_by, created_at, updated_at, tags, source_type, review_status) VALUES (666, 'Asociar con significado existente', 'es', 'ES', 'Madrid, España', 40.4168, -3.7038, 'langmap', 'langmap', datetime('now'), datetime('now'), '["langmap"]', 'ai', 'approved');
INSERT INTO expression_versions (expression_id, text, region_name, region_latitude, region_longitude, created_by, created_at) VALUES (666, 'Asociar con significado existente', 'Madrid, España', 40.4168, -3.7038, 'langmap', datetime('now'));
INSERT INTO expression_meanings (expression_id, meaning_id, created_by, updated_by, created_at, updated_at) VALUES (666, 450995876, 'langmap', 'langmap', datetime('now'), datetime('now'));
INSERT INTO expressions (id, text, language_code, region_code, region_name, region_latitude, region_longitude, created_by, updated_by, created_at, updated_at, tags, source_type, review_status) VALUES (667, 'Asociar con nuevo significado', 'es', 'ES', 'Madrid, España', 40.4168, -3.7038, 'langmap', 'langmap', datetime('now'), datetime('now'), '["langmap"]', 'ai', 'approved');
INSERT INTO expression_versions (expression_id, text, region_name, region_latitude, region_longitude, created_by, created_at) VALUES (667, 'Asociar con nuevo significado', 'Madrid, España', 40.4168, -3.7038, 'langmap', datetime('now'));
INSERT INTO expression_meanings (expression_id, meaning_id, created_by, updated_by, created_at, updated_at) VALUES (667, 837067897, 'langmap', 'langmap', datetime('now'), datetime('now'));
INSERT INTO expressions (id, text, language_code, region_code, region_name, region_latitude, region_longitude, created_by, updated_by, created_at, updated_at, tags, source_type, review_status) VALUES (668, 'Expresión seleccionada:', 'es', 'ES', 'Madrid, España', 40.4168, -3.7038, 'langmap', 'langmap', datetime('now'), datetime('now'), '["langmap"]', 'ai', 'approved');
INSERT INTO expression_versions (expression_id, text, region_name, region_latitude, region_longitude, created_by, created_at) VALUES (668, 'Expresión seleccionada:', 'Madrid, España', 40.4168, -3.7038, 'langmap', datetime('now'));
INSERT INTO expression_meanings (expression_id, meaning_id, created_by, updated_by, created_at, updated_at) VALUES (668, 588178763, 'langmap', 'langmap', datetime('now'), datetime('now'));
INSERT INTO expressions (id, text, language_code, region_code, region_name, region_latitude, region_longitude, created_by, updated_by, created_at, updated_at, tags, source_type, review_status) VALUES (669, 'Glosa del significado', 'es', 'ES', 'Madrid, España', 40.4168, -3.7038, 'langmap', 'langmap', datetime('now'), datetime('now'), '["langmap"]', 'ai', 'approved');
INSERT INTO expression_versions (expression_id, text, region_name, region_latitude, region_longitude, created_by, created_at) VALUES (669, 'Glosa del significado', 'Madrid, España', 40.4168, -3.7038, 'langmap', datetime('now'));
INSERT INTO expression_meanings (expression_id, meaning_id, created_by, updated_by, created_at, updated_at) VALUES (669, 1789770084, 'langmap', 'langmap', datetime('now'), datetime('now'));
INSERT INTO expressions (id, text, language_code, region_code, region_name, region_latitude, region_longitude, created_by, updated_by, created_at, updated_at, tags, source_type, review_status) VALUES (670, 'Identificador breve para este significado', 'es', 'ES', 'Madrid, España', 40.4168, -3.7038, 'langmap', 'langmap', datetime('now'), datetime('now'), '["langmap"]', 'ai', 'approved');
INSERT INTO expression_versions (expression_id, text, region_name, region_latitude, region_longitude, created_by, created_at) VALUES (670, 'Identificador breve para este significado', 'Madrid, España', 40.4168, -3.7038, 'langmap', datetime('now'));
INSERT INTO expression_meanings (expression_id, meaning_id, created_by, updated_by, created_at, updated_at) VALUES (670, 1132466761, 'langmap', 'langmap', datetime('now'), datetime('now'));
INSERT INTO expressions (id, text, language_code, region_code, region_name, region_latitude, region_longitude, created_by, updated_by, created_at, updated_at, tags, source_type, review_status) VALUES (671, 'Una frase corta que captura la esencia de este significado', 'es', 'ES', 'Madrid, España', 40.4168, -3.7038, 'langmap', 'langmap', datetime('now'), datetime('now'), '["langmap"]', 'ai', 'approved');
INSERT INTO expression_versions (expression_id, text, region_name, region_latitude, region_longitude, created_by, created_at) VALUES (671, 'Una frase corta que captura la esencia de este significado', 'Madrid, España', 40.4168, -3.7038, 'langmap', datetime('now'));
INSERT INTO expression_meanings (expression_id, meaning_id, created_by, updated_by, created_at, updated_at) VALUES (671, 999221063, 'langmap', 'langmap', datetime('now'), datetime('now'));
INSERT INTO expressions (id, text, language_code, region_code, region_name, region_latitude, region_longitude, created_by, updated_by, created_at, updated_at, tags, source_type, review_status) VALUES (672, 'Descripción del significado', 'es', 'ES', 'Madrid, España', 40.4168, -3.7038, 'langmap', 'langmap', datetime('now'), datetime('now'), '["langmap"]', 'ai', 'approved');
INSERT INTO expression_versions (expression_id, text, region_name, region_latitude, region_longitude, created_by, created_at) VALUES (672, 'Descripción del significado', 'Madrid, España', 40.4168, -3.7038, 'langmap', datetime('now'));
INSERT INTO expression_meanings (expression_id, meaning_id, created_by, updated_by, created_at, updated_at) VALUES (672, 1554575731, 'langmap', 'langmap', datetime('now'), datetime('now'));
INSERT INTO expressions (id, text, language_code, region_code, region_name, region_latitude, region_longitude, created_by, updated_by, created_at, updated_at, tags, source_type, review_status) VALUES (673, 'Explicación detallada de este significado', 'es', 'ES', 'Madrid, España', 40.4168, -3.7038, 'langmap', 'langmap', datetime('now'), datetime('now'), '["langmap"]', 'ai', 'approved');
INSERT INTO expression_versions (expression_id, text, region_name, region_latitude, region_longitude, created_by, created_at) VALUES (673, 'Explicación detallada de este significado', 'Madrid, España', 40.4168, -3.7038, 'langmap', datetime('now'));
INSERT INTO expression_meanings (expression_id, meaning_id, created_by, updated_by, created_at, updated_at) VALUES (673, 1636970553, 'langmap', 'langmap', datetime('now'), datetime('now'));
INSERT INTO expressions (id, text, language_code, region_code, region_name, region_latitude, region_longitude, created_by, updated_by, created_at, updated_at, tags, source_type, review_status) VALUES (674, 'Una descripción completa de lo que representa este significado', 'es', 'ES', 'Madrid, España', 40.4168, -3.7038, 'langmap', 'langmap', datetime('now'), datetime('now'), '["langmap"]', 'ai', 'approved');
INSERT INTO expression_versions (expression_id, text, region_name, region_latitude, region_longitude, created_by, created_at) VALUES (674, 'Una descripción completa de lo que representa este significado', 'Madrid, España', 40.4168, -3.7038, 'langmap', datetime('now'));
INSERT INTO expression_meanings (expression_id, meaning_id, created_by, updated_by, created_at, updated_at) VALUES (674, 1869566903, 'langmap', 'langmap', datetime('now'), datetime('now'));
INSERT INTO expressions (id, text, language_code, region_code, region_name, region_latitude, region_longitude, created_by, updated_by, created_at, updated_at, tags, source_type, review_status) VALUES (675, 'Etiquetas', 'es', 'ES', 'Madrid, España', 40.4168, -3.7038, 'langmap', 'langmap', datetime('now'), datetime('now'), '["langmap"]', 'ai', 'approved');
INSERT INTO expression_versions (expression_id, text, region_name, region_latitude, region_longitude, created_by, created_at) VALUES (675, 'Etiquetas', 'Madrid, España', 40.4168, -3.7038, 'langmap', datetime('now'));
INSERT INTO expression_meanings (expression_id, meaning_id, created_by, updated_by, created_at, updated_at) VALUES (675, 56467778, 'langmap', 'langmap', datetime('now'), datetime('now'));
INSERT INTO expressions (id, text, language_code, region_code, region_name, region_latitude, region_longitude, created_by, updated_by, created_at, updated_at, tags, source_type, review_status) VALUES (676, 'Añadir una etiqueta...', 'es', 'ES', 'Madrid, España', 40.4168, -3.7038, 'langmap', 'langmap', datetime('now'), datetime('now'), '["langmap"]', 'ai', 'approved');
INSERT INTO expression_versions (expression_id, text, region_name, region_latitude, region_longitude, created_by, created_at) VALUES (676, 'Añadir una etiqueta...', 'Madrid, España', 40.4168, -3.7038, 'langmap', datetime('now'));
INSERT INTO expression_meanings (expression_id, meaning_id, created_by, updated_by, created_at, updated_at) VALUES (676, 194913104, 'langmap', 'langmap', datetime('now'), datetime('now'));
INSERT INTO expressions (id, text, language_code, region_code, region_name, region_latitude, region_longitude, created_by, updated_by, created_at, updated_at, tags, source_type, review_status) VALUES (677, 'Las etiquetas ayudan a categorizar y encontrar significados (presiona Enter o coma para añadir)', 'es', 'ES', 'Madrid, España', 40.4168, -3.7038, 'langmap', 'langmap', datetime('now'), datetime('now'), '["langmap"]', 'ai', 'approved');
INSERT INTO expression_versions (expression_id, text, region_name, region_latitude, region_longitude, created_by, created_at) VALUES (677, 'Las etiquetas ayudan a categorizar y encontrar significados (presiona Enter o coma para añadir)', 'Madrid, España', 40.4168, -3.7038, 'langmap', datetime('now'));
INSERT INTO expression_meanings (expression_id, meaning_id, created_by, updated_by, created_at, updated_at) VALUES (677, 1385556360, 'langmap', 'langmap', datetime('now'), datetime('now'));
INSERT INTO expressions (id, text, language_code, region_code, region_name, region_latitude, region_longitude, created_by, updated_by, created_at, updated_at, tags, source_type, review_status) VALUES (678, 'Agregar idioma', 'es', 'ES', 'Madrid, España', 40.4168, -3.7038, 'langmap', 'langmap', datetime('now'), datetime('now'), '["langmap"]', 'ai', 'approved');
INSERT INTO expression_versions (expression_id, text, region_name, region_latitude, region_longitude, created_by, created_at) VALUES (678, 'Agregar idioma', 'Madrid, España', 40.4168, -3.7038, 'langmap', datetime('now'));
INSERT INTO expression_meanings (expression_id, meaning_id, created_by, updated_by, created_at, updated_at) VALUES (678, 1474179643, 'langmap', 'langmap', datetime('now'), datetime('now'));
INSERT INTO expressions (id, text, language_code, region_code, region_name, region_latitude, region_longitude, created_by, updated_by, created_at, updated_at, tags, source_type, review_status) VALUES (679, 'Código de idioma', 'es', 'ES', 'Madrid, España', 40.4168, -3.7038, 'langmap', 'langmap', datetime('now'), datetime('now'), '["langmap"]', 'ai', 'approved');
INSERT INTO expression_versions (expression_id, text, region_name, region_latitude, region_longitude, created_by, created_at) VALUES (679, 'Código de idioma', 'Madrid, España', 40.4168, -3.7038, 'langmap', datetime('now'));
INSERT INTO expression_meanings (expression_id, meaning_id, created_by, updated_by, created_at, updated_at) VALUES (679, 174195536, 'langmap', 'langmap', datetime('now'), datetime('now'));
INSERT INTO expressions (id, text, language_code, region_code, region_name, region_latitude, region_longitude, created_by, updated_by, created_at, updated_at, tags, source_type, review_status) VALUES (680, 'ej. custom-lang, toki-pona', 'es', 'ES', 'Madrid, España', 40.4168, -3.7038, 'langmap', 'langmap', datetime('now'), datetime('now'), '["langmap"]', 'ai', 'approved');
INSERT INTO expression_versions (expression_id, text, region_name, region_latitude, region_longitude, created_by, created_at) VALUES (680, 'ej. custom-lang, toki-pona', 'Madrid, España', 40.4168, -3.7038, 'langmap', datetime('now'));
INSERT INTO expression_meanings (expression_id, meaning_id, created_by, updated_by, created_at, updated_at) VALUES (680, 1355230541, 'langmap', 'langmap', datetime('now'), datetime('now'));
INSERT INTO expressions (id, text, language_code, region_code, region_name, region_latitude, region_longitude, created_by, updated_by, created_at, updated_at, tags, source_type, review_status) VALUES (681, 'Código personalizado para tu idioma (puede ser no estándar)', 'es', 'ES', 'Madrid, España', 40.4168, -3.7038, 'langmap', 'langmap', datetime('now'), datetime('now'), '["langmap"]', 'ai', 'approved');
INSERT INTO expression_versions (expression_id, text, region_name, region_latitude, region_longitude, created_by, created_at) VALUES (681, 'Código personalizado para tu idioma (puede ser no estándar)', 'Madrid, España', 40.4168, -3.7038, 'langmap', datetime('now'));
INSERT INTO expression_meanings (expression_id, meaning_id, created_by, updated_by, created_at, updated_at) VALUES (681, 10528370, 'langmap', 'langmap', datetime('now'), datetime('now'));
INSERT INTO expressions (id, text, language_code, region_code, region_name, region_latitude, region_longitude, created_by, updated_by, created_at, updated_at, tags, source_type, review_status) VALUES (682, 'Nombre del idioma', 'es', 'ES', 'Madrid, España', 40.4168, -3.7038, 'langmap', 'langmap', datetime('now'), datetime('now'), '["langmap"]', 'ai', 'approved');
INSERT INTO expression_versions (expression_id, text, region_name, region_latitude, region_longitude, created_by, created_at) VALUES (682, 'Nombre del idioma', 'Madrid, España', 40.4168, -3.7038, 'langmap', datetime('now'));
INSERT INTO expression_meanings (expression_id, meaning_id, created_by, updated_by, created_at, updated_at) VALUES (682, 54582974, 'langmap', 'langmap', datetime('now'), datetime('now'));
INSERT INTO expressions (id, text, language_code, region_code, region_name, region_latitude, region_longitude, created_by, updated_by, created_at, updated_at, tags, source_type, review_status) VALUES (683, 'ej. Idioma personalizado', 'es', 'ES', 'Madrid, España', 40.4168, -3.7038, 'langmap', 'langmap', datetime('now'), datetime('now'), '["langmap"]', 'ai', 'approved');
INSERT INTO expression_versions (expression_id, text, region_name, region_latitude, region_longitude, created_by, created_at) VALUES (683, 'ej. Idioma personalizado', 'Madrid, España', 40.4168, -3.7038, 'langmap', datetime('now'));
INSERT INTO expression_meanings (expression_id, meaning_id, created_by, updated_by, created_at, updated_at) VALUES (683, 1991926523, 'langmap', 'langmap', datetime('now'), datetime('now'));
INSERT INTO expressions (id, text, language_code, region_code, region_name, region_latitude, region_longitude, created_by, updated_by, created_at, updated_at, tags, source_type, review_status) VALUES (684, 'Nombre nativo', 'es', 'ES', 'Madrid, España', 40.4168, -3.7038, 'langmap', 'langmap', datetime('now'), datetime('now'), '["langmap"]', 'ai', 'approved');
INSERT INTO expression_versions (expression_id, text, region_name, region_latitude, region_longitude, created_by, created_at) VALUES (684, 'Nombre nativo', 'Madrid, España', 40.4168, -3.7038, 'langmap', datetime('now'));
INSERT INTO expression_meanings (expression_id, meaning_id, created_by, updated_by, created_at, updated_at) VALUES (684, 1716022447, 'langmap', 'langmap', datetime('now'), datetime('now'));
INSERT INTO expressions (id, text, language_code, region_code, region_name, region_latitude, region_longitude, created_by, updated_by, created_at, updated_at, tags, source_type, review_status) VALUES (685, 'ej. Idioma Nativo', 'es', 'ES', 'Madrid, España', 40.4168, -3.7038, 'langmap', 'langmap', datetime('now'), datetime('now'), '["langmap"]', 'ai', 'approved');
INSERT INTO expression_versions (expression_id, text, region_name, region_latitude, region_longitude, created_by, created_at) VALUES (685, 'ej. Idioma Nativo', 'Madrid, España', 40.4168, -3.7038, 'langmap', datetime('now'));
INSERT INTO expression_meanings (expression_id, meaning_id, created_by, updated_by, created_at, updated_at) VALUES (685, 1945432180, 'langmap', 'langmap', datetime('now'), datetime('now'));
INSERT INTO expressions (id, text, language_code, region_code, region_name, region_latitude, region_longitude, created_by, updated_by, created_at, updated_at, tags, source_type, review_status) VALUES (686, 'Dirección del Texto', 'es', 'ES', 'Madrid, España', 40.4168, -3.7038, 'langmap', 'langmap', datetime('now'), datetime('now'), '["langmap"]', 'ai', 'approved');
INSERT INTO expression_versions (expression_id, text, region_name, region_latitude, region_longitude, created_by, created_at) VALUES (686, 'Dirección del Texto', 'Madrid, España', 40.4168, -3.7038, 'langmap', datetime('now'));
INSERT INTO expression_meanings (expression_id, meaning_id, created_by, updated_by, created_at, updated_at) VALUES (686, 2030701872, 'langmap', 'langmap', datetime('now'), datetime('now'));
INSERT INTO expressions (id, text, language_code, region_code, region_name, region_latitude, region_longitude, created_by, updated_by, created_at, updated_at, tags, source_type, review_status) VALUES (687, 'Izquierda a Derecha (LTR)', 'es', 'ES', 'Madrid, España', 40.4168, -3.7038, 'langmap', 'langmap', datetime('now'), datetime('now'), '["langmap"]', 'ai', 'approved');
INSERT INTO expression_versions (expression_id, text, region_name, region_latitude, region_longitude, created_by, created_at) VALUES (687, 'Izquierda a Derecha (LTR)', 'Madrid, España', 40.4168, -3.7038, 'langmap', datetime('now'));
INSERT INTO expression_meanings (expression_id, meaning_id, created_by, updated_by, created_at, updated_at) VALUES (687, 822144154, 'langmap', 'langmap', datetime('now'), datetime('now'));
INSERT INTO expressions (id, text, language_code, region_code, region_name, region_latitude, region_longitude, created_by, updated_by, created_at, updated_at, tags, source_type, review_status) VALUES (688, 'Derecha a Izquierda (RTL)', 'es', 'ES', 'Madrid, España', 40.4168, -3.7038, 'langmap', 'langmap', datetime('now'), datetime('now'), '["langmap"]', 'ai', 'approved');
INSERT INTO expression_versions (expression_id, text, region_name, region_latitude, region_longitude, created_by, created_at) VALUES (688, 'Derecha a Izquierda (RTL)', 'Madrid, España', 40.4168, -3.7038, 'langmap', datetime('now'));
INSERT INTO expression_meanings (expression_id, meaning_id, created_by, updated_by, created_at, updated_at) VALUES (688, 208973083, 'langmap', 'langmap', datetime('now'), datetime('now'));
INSERT INTO expressions (id, text, language_code, region_code, region_name, region_latitude, region_longitude, created_by, updated_by, created_at, updated_at, tags, source_type, review_status) VALUES (689, 'Agregando...', 'es', 'ES', 'Madrid, España', 40.4168, -3.7038, 'langmap', 'langmap', datetime('now'), datetime('now'), '["langmap"]', 'ai', 'approved');
INSERT INTO expression_versions (expression_id, text, region_name, region_latitude, region_longitude, created_by, created_at) VALUES (689, 'Agregando...', 'Madrid, España', 40.4168, -3.7038, 'langmap', datetime('now'));
INSERT INTO expression_meanings (expression_id, meaning_id, created_by, updated_by, created_at, updated_at) VALUES (689, 1116697603, 'langmap', 'langmap', datetime('now'), datetime('now'));
INSERT INTO expressions (id, text, language_code, region_code, region_name, region_latitude, region_longitude, created_by, updated_by, created_at, updated_at, tags, source_type, review_status) VALUES (690, 'Error al agregar el idioma. Por favor, inténtelo de nuevo.', 'es', 'ES', 'Madrid, España', 40.4168, -3.7038, 'langmap', 'langmap', datetime('now'), datetime('now'), '["langmap"]', 'ai', 'approved');
INSERT INTO expression_versions (expression_id, text, region_name, region_latitude, region_longitude, created_by, created_at) VALUES (690, 'Error al agregar el idioma. Por favor, inténtelo de nuevo.', 'Madrid, España', 40.4168, -3.7038, 'langmap', datetime('now'));
INSERT INTO expression_meanings (expression_id, meaning_id, created_by, updated_by, created_at, updated_at) VALUES (690, 577671469, 'langmap', 'langmap', datetime('now'), datetime('now'));
INSERT INTO expressions (id, text, language_code, region_code, region_name, region_latitude, region_longitude, created_by, updated_by, created_at, updated_at, tags, source_type, review_status) VALUES (691, 'Latitud', 'es', 'ES', 'Madrid, España', 40.4168, -3.7038, 'langmap', 'langmap', datetime('now'), datetime('now'), '["langmap"]', 'ai', 'approved');
INSERT INTO expression_versions (expression_id, text, region_name, region_latitude, region_longitude, created_by, created_at) VALUES (691, 'Latitud', 'Madrid, España', 40.4168, -3.7038, 'langmap', datetime('now'));
INSERT INTO expression_meanings (expression_id, meaning_id, created_by, updated_by, created_at, updated_at) VALUES (691, 820519387, 'langmap', 'langmap', datetime('now'), datetime('now'));
INSERT INTO expressions (id, text, language_code, region_code, region_name, region_latitude, region_longitude, created_by, updated_by, created_at, updated_at, tags, source_type, review_status) VALUES (692, 'ej. 51.5074', 'es', 'ES', 'Madrid, España', 40.4168, -3.7038, 'langmap', 'langmap', datetime('now'), datetime('now'), '["langmap"]', 'ai', 'approved');
INSERT INTO expression_versions (expression_id, text, region_name, region_latitude, region_longitude, created_by, created_at) VALUES (692, 'ej. 51.5074', 'Madrid, España', 40.4168, -3.7038, 'langmap', datetime('now'));
INSERT INTO expression_meanings (expression_id, meaning_id, created_by, updated_by, created_at, updated_at) VALUES (692, 626365559, 'langmap', 'langmap', datetime('now'), datetime('now'));
INSERT INTO expressions (id, text, language_code, region_code, region_name, region_latitude, region_longitude, created_by, updated_by, created_at, updated_at, tags, source_type, review_status) VALUES (693, 'Longitud', 'es', 'ES', 'Madrid, España', 40.4168, -3.7038, 'langmap', 'langmap', datetime('now'), datetime('now'), '["langmap"]', 'ai', 'approved');
INSERT INTO expression_versions (expression_id, text, region_name, region_latitude, region_longitude, created_by, created_at) VALUES (693, 'Longitud', 'Madrid, España', 40.4168, -3.7038, 'langmap', datetime('now'));
INSERT INTO expression_meanings (expression_id, meaning_id, created_by, updated_by, created_at, updated_at) VALUES (693, 513569115, 'langmap', 'langmap', datetime('now'), datetime('now'));
INSERT INTO expressions (id, text, language_code, region_code, region_name, region_latitude, region_longitude, created_by, updated_by, created_at, updated_at, tags, source_type, review_status) VALUES (694, 'ej. -0.1278', 'es', 'ES', 'Madrid, España', 40.4168, -3.7038, 'langmap', 'langmap', datetime('now'), datetime('now'), '["langmap"]', 'ai', 'approved');
INSERT INTO expression_versions (expression_id, text, region_name, region_latitude, region_longitude, created_by, created_at) VALUES (694, 'ej. -0.1278', 'Madrid, España', 40.4168, -3.7038, 'langmap', datetime('now'));
INSERT INTO expression_meanings (expression_id, meaning_id, created_by, updated_by, created_at, updated_at) VALUES (694, 2107302769, 'langmap', 'langmap', datetime('now'), datetime('now'));
INSERT INTO expressions (id, text, language_code, region_code, region_name, region_latitude, region_longitude, created_by, updated_by, created_at, updated_at, tags, source_type, review_status) VALUES (695, 'Información de Región', 'es', 'ES', 'Madrid, España', 40.4168, -3.7038, 'langmap', 'langmap', datetime('now'), datetime('now'), '["langmap"]', 'ai', 'approved');
INSERT INTO expression_versions (expression_id, text, region_name, region_latitude, region_longitude, created_by, created_at) VALUES (695, 'Información de Región', 'Madrid, España', 40.4168, -3.7038, 'langmap', datetime('now'));
INSERT INTO expression_meanings (expression_id, meaning_id, created_by, updated_by, created_at, updated_at) VALUES (695, 1921468690, 'langmap', 'langmap', datetime('now'), datetime('now'));
INSERT INTO expressions (id, text, language_code, region_code, region_name, region_latitude, region_longitude, created_by, updated_by, created_at, updated_at, tags, source_type, review_status) VALUES (696, 'Nombre de Región', 'es', 'ES', 'Madrid, España', 40.4168, -3.7038, 'langmap', 'langmap', datetime('now'), datetime('now'), '["langmap"]', 'ai', 'approved');
INSERT INTO expression_versions (expression_id, text, region_name, region_latitude, region_longitude, created_by, created_at) VALUES (696, 'Nombre de Región', 'Madrid, España', 40.4168, -3.7038, 'langmap', datetime('now'));
INSERT INTO expression_meanings (expression_id, meaning_id, created_by, updated_by, created_at, updated_at) VALUES (696, 1018972716, 'langmap', 'langmap', datetime('now'), datetime('now'));
INSERT INTO expressions (id, text, language_code, region_code, region_name, region_latitude, region_longitude, created_by, updated_by, created_at, updated_at, tags, source_type, review_status) VALUES (697, 'ej. Londres, Reino Unido', 'es', 'ES', 'Madrid, España', 40.4168, -3.7038, 'langmap', 'langmap', datetime('now'), datetime('now'), '["langmap"]', 'ai', 'approved');
INSERT INTO expression_versions (expression_id, text, region_name, region_latitude, region_longitude, created_by, created_at) VALUES (697, 'ej. Londres, Reino Unido', 'Madrid, España', 40.4168, -3.7038, 'langmap', datetime('now'));
INSERT INTO expression_meanings (expression_id, meaning_id, created_by, updated_by, created_at, updated_at) VALUES (697, 306931297, 'langmap', 'langmap', datetime('now'), datetime('now'));
INSERT INTO expressions (id, text, language_code, region_code, region_name, region_latitude, region_longitude, created_by, updated_by, created_at, updated_at, tags, source_type, review_status) VALUES (698, 'Nombre de Región Nativa', 'es', 'ES', 'Madrid, España', 40.4168, -3.7038, 'langmap', 'langmap', datetime('now'), datetime('now'), '["langmap"]', 'ai', 'approved');
INSERT INTO expression_versions (expression_id, text, region_name, region_latitude, region_longitude, created_by, created_at) VALUES (698, 'Nombre de Región Nativa', 'Madrid, España', 40.4168, -3.7038, 'langmap', datetime('now'));
INSERT INTO expression_meanings (expression_id, meaning_id, created_by, updated_by, created_at, updated_at) VALUES (698, 647664578, 'langmap', 'langmap', datetime('now'), datetime('now'));
INSERT INTO expression_meanings (expression_id, meaning_id, created_by, updated_by, created_at, updated_at) VALUES (697, 765370063, 'langmap', 'langmap', datetime('now'), datetime('now'));
INSERT INTO expressions (id, text, language_code, region_code, region_name, region_latitude, region_longitude, created_by, updated_by, created_at, updated_at, tags, source_type, review_status) VALUES (699, 'Ocultar Mapa', 'es', 'ES', 'Madrid, España', 40.4168, -3.7038, 'langmap', 'langmap', datetime('now'), datetime('now'), '["langmap"]', 'ai', 'approved');
INSERT INTO expression_versions (expression_id, text, region_name, region_latitude, region_longitude, created_by, created_at) VALUES (699, 'Ocultar Mapa', 'Madrid, España', 40.4168, -3.7038, 'langmap', datetime('now'));
INSERT INTO expression_meanings (expression_id, meaning_id, created_by, updated_by, created_at, updated_at) VALUES (699, 2071213119, 'langmap', 'langmap', datetime('now'), datetime('now'));
INSERT INTO expressions (id, text, language_code, region_code, region_name, region_latitude, region_longitude, created_by, updated_by, created_at, updated_at, tags, source_type, review_status) VALUES (700, 'Volver a la búsqueda', 'es', 'ES', 'Madrid, España', 40.4168, -3.7038, 'langmap', 'langmap', datetime('now'), datetime('now'), '["langmap"]', 'ai', 'approved');
INSERT INTO expression_versions (expression_id, text, region_name, region_latitude, region_longitude, created_by, created_at) VALUES (700, 'Volver a la búsqueda', 'Madrid, España', 40.4168, -3.7038, 'langmap', datetime('now'));
INSERT INTO expression_meanings (expression_id, meaning_id, created_by, updated_by, created_at, updated_at) VALUES (700, 1173588834, 'langmap', 'langmap', datetime('now'), datetime('now'));
INSERT INTO expressions (id, text, language_code, region_code, region_name, region_latitude, region_longitude, created_by, updated_by, created_at, updated_at, tags, source_type, review_status) VALUES (701, 'Cargando detalles de la expresión...', 'es', 'ES', 'Madrid, España', 40.4168, -3.7038, 'langmap', 'langmap', datetime('now'), datetime('now'), '["langmap"]', 'ai', 'approved');
INSERT INTO expression_versions (expression_id, text, region_name, region_latitude, region_longitude, created_by, created_at) VALUES (701, 'Cargando detalles de la expresión...', 'Madrid, España', 40.4168, -3.7038, 'langmap', datetime('now'));
INSERT INTO expression_meanings (expression_id, meaning_id, created_by, updated_by, created_at, updated_at) VALUES (701, 916646339, 'langmap', 'langmap', datetime('now'), datetime('now'));
INSERT INTO expressions (id, text, language_code, region_code, region_name, region_latitude, region_longitude, created_by, updated_by, created_at, updated_at, tags, source_type, review_status) VALUES (702, 'Detalles de la expresión', 'es', 'ES', 'Madrid, España', 40.4168, -3.7038, 'langmap', 'langmap', datetime('now'), datetime('now'), '["langmap"]', 'ai', 'approved');
INSERT INTO expression_versions (expression_id, text, region_name, region_latitude, region_longitude, created_by, created_at) VALUES (702, 'Detalles de la expresión', 'Madrid, España', 40.4168, -3.7038, 'langmap', datetime('now'));
INSERT INTO expression_meanings (expression_id, meaning_id, created_by, updated_by, created_at, updated_at) VALUES (702, 303419628, 'langmap', 'langmap', datetime('now'), datetime('now'));
INSERT INTO expressions (id, text, language_code, region_code, region_name, region_latitude, region_longitude, created_by, updated_by, created_at, updated_at, tags, source_type, review_status) VALUES (703, 'Significados asociados', 'es', 'ES', 'Madrid, España', 40.4168, -3.7038, 'langmap', 'langmap', datetime('now'), datetime('now'), '["langmap"]', 'ai', 'approved');
INSERT INTO expression_versions (expression_id, text, region_name, region_latitude, region_longitude, created_by, created_at) VALUES (703, 'Significados asociados', 'Madrid, España', 40.4168, -3.7038, 'langmap', datetime('now'));
INSERT INTO expression_meanings (expression_id, meaning_id, created_by, updated_by, created_at, updated_at) VALUES (703, 1082150934, 'langmap', 'langmap', datetime('now'), datetime('now'));
INSERT INTO expressions (id, text, language_code, region_code, region_name, region_latitude, region_longitude, created_by, updated_by, created_at, updated_at, tags, source_type, review_status) VALUES (704, 'Asociar expresiones', 'es', 'ES', 'Madrid, España', 40.4168, -3.7038, 'langmap', 'langmap', datetime('now'), datetime('now'), '["langmap"]', 'ai', 'approved');
INSERT INTO expression_versions (expression_id, text, region_name, region_latitude, region_longitude, created_by, created_at) VALUES (704, 'Asociar expresiones', 'Madrid, España', 40.4168, -3.7038, 'langmap', datetime('now'));
INSERT INTO expression_meanings (expression_id, meaning_id, created_by, updated_by, created_at, updated_at) VALUES (704, 977355953, 'langmap', 'langmap', datetime('now'), datetime('now'));
INSERT INTO expression_meanings (expression_id, meaning_id, created_by, updated_by, created_at, updated_at) VALUES (663, 840883141, 'langmap', 'langmap', datetime('now'), datetime('now'));
INSERT INTO expressions (id, text, language_code, region_code, region_name, region_latitude, region_longitude, created_by, updated_by, created_at, updated_at, tags, source_type, review_status) VALUES (705, 'Buscar expresiones para asociar...', 'es', 'ES', 'Madrid, España', 40.4168, -3.7038, 'langmap', 'langmap', datetime('now'), datetime('now'), '["langmap"]', 'ai', 'approved');
INSERT INTO expression_versions (expression_id, text, region_name, region_latitude, region_longitude, created_by, created_at) VALUES (705, 'Buscar expresiones para asociar...', 'Madrid, España', 40.4168, -3.7038, 'langmap', datetime('now'));
INSERT INTO expression_meanings (expression_id, meaning_id, created_by, updated_by, created_at, updated_at) VALUES (705, 531232349, 'langmap', 'langmap', datetime('now'), datetime('now'));
INSERT INTO expression_meanings (expression_id, meaning_id, created_by, updated_by, created_at, updated_at) VALUES (604, 1801706047, 'langmap', 'langmap', datetime('now'), datetime('now'));
INSERT INTO expressions (id, text, language_code, region_code, region_name, region_latitude, region_longitude, created_by, updated_by, created_at, updated_at, tags, source_type, review_status) VALUES (706, 'Buscando...', 'es', 'ES', 'Madrid, España', 40.4168, -3.7038, 'langmap', 'langmap', datetime('now'), datetime('now'), '["langmap"]', 'ai', 'approved');
INSERT INTO expression_versions (expression_id, text, region_name, region_latitude, region_longitude, created_by, created_at) VALUES (706, 'Buscando...', 'Madrid, España', 40.4168, -3.7038, 'langmap', datetime('now'));
INSERT INTO expression_meanings (expression_id, meaning_id, created_by, updated_by, created_at, updated_at) VALUES (706, 204956308, 'langmap', 'langmap', datetime('now'), datetime('now'));
INSERT INTO expressions (id, text, language_code, region_code, region_name, region_latitude, region_longitude, created_by, updated_by, created_at, updated_at, tags, source_type, review_status) VALUES (707, 'No se encontraron expresiones. Prueba con términos de búsqueda diferentes.', 'es', 'ES', 'Madrid, España', 40.4168, -3.7038, 'langmap', 'langmap', datetime('now'), datetime('now'), '["langmap"]', 'ai', 'approved');
INSERT INTO expression_versions (expression_id, text, region_name, region_latitude, region_longitude, created_by, created_at) VALUES (707, 'No se encontraron expresiones. Prueba con términos de búsqueda diferentes.', 'Madrid, España', 40.4168, -3.7038, 'langmap', datetime('now'));
INSERT INTO expression_meanings (expression_id, meaning_id, created_by, updated_by, created_at, updated_at) VALUES (707, 396634966, 'langmap', 'langmap', datetime('now'), datetime('now'));
INSERT INTO expressions (id, text, language_code, region_code, region_name, region_latitude, region_longitude, created_by, updated_by, created_at, updated_at, tags, source_type, review_status) VALUES (708, 'Enlazar', 'es', 'ES', 'Madrid, España', 40.4168, -3.7038, 'langmap', 'langmap', datetime('now'), datetime('now'), '["langmap"]', 'ai', 'approved');
INSERT INTO expression_versions (expression_id, text, region_name, region_latitude, region_longitude, created_by, created_at) VALUES (708, 'Enlazar', 'Madrid, España', 40.4168, -3.7038, 'langmap', datetime('now'));
INSERT INTO expression_meanings (expression_id, meaning_id, created_by, updated_by, created_at, updated_at) VALUES (708, 1812761320, 'langmap', 'langmap', datetime('now'), datetime('now'));
INSERT INTO expressions (id, text, language_code, region_code, region_name, region_latitude, region_longitude, created_by, updated_by, created_at, updated_at, tags, source_type, review_status) VALUES (709, 'Ya enlazado', 'es', 'ES', 'Madrid, España', 40.4168, -3.7038, 'langmap', 'langmap', datetime('now'), datetime('now'), '["langmap"]', 'ai', 'approved');
INSERT INTO expression_versions (expression_id, text, region_name, region_latitude, region_longitude, created_by, created_at) VALUES (709, 'Ya enlazado', 'Madrid, España', 40.4168, -3.7038, 'langmap', datetime('now'));
INSERT INTO expression_meanings (expression_id, meaning_id, created_by, updated_by, created_at, updated_at) VALUES (709, 1733733173, 'langmap', 'langmap', datetime('now'), datetime('now'));
INSERT INTO expressions (id, text, language_code, region_code, region_name, region_latitude, region_longitude, created_by, updated_by, created_at, updated_at, tags, source_type, review_status) VALUES (710, 'Los resultados de búsqueda incluyen la expresión actual.', 'es', 'ES', 'Madrid, España', 40.4168, -3.7038, 'langmap', 'langmap', datetime('now'), datetime('now'), '["langmap"]', 'ai', 'approved');
INSERT INTO expression_versions (expression_id, text, region_name, region_latitude, region_longitude, created_by, created_at) VALUES (710, 'Los resultados de búsqueda incluyen la expresión actual.', 'Madrid, España', 40.4168, -3.7038, 'langmap', datetime('now'));
INSERT INTO expression_meanings (expression_id, meaning_id, created_by, updated_by, created_at, updated_at) VALUES (710, 825539610, 'langmap', 'langmap', datetime('now'), datetime('now'));
INSERT INTO expressions (id, text, language_code, region_code, region_name, region_latitude, region_longitude, created_by, updated_by, created_at, updated_at, tags, source_type, review_status) VALUES (711, 'Enlazar al significado:', 'es', 'ES', 'Madrid, España', 40.4168, -3.7038, 'langmap', 'langmap', datetime('now'), datetime('now'), '["langmap"]', 'ai', 'approved');
INSERT INTO expression_versions (expression_id, text, region_name, region_latitude, region_longitude, created_by, created_at) VALUES (711, 'Enlazar al significado:', 'Madrid, España', 40.4168, -3.7038, 'langmap', datetime('now'));
INSERT INTO expression_meanings (expression_id, meaning_id, created_by, updated_by, created_at, updated_at) VALUES (711, 1320578155, 'langmap', 'langmap', datetime('now'), datetime('now'));
INSERT INTO expressions (id, text, language_code, region_code, region_name, region_latitude, region_longitude, created_by, updated_by, created_at, updated_at, tags, source_type, review_status) VALUES (712, '-- Seleccionar significado --', 'es', 'ES', 'Madrid, España', 40.4168, -3.7038, 'langmap', 'langmap', datetime('now'), datetime('now'), '["langmap"]', 'ai', 'approved');
INSERT INTO expression_versions (expression_id, text, region_name, region_latitude, region_longitude, created_by, created_at) VALUES (712, '-- Seleccionar significado --', 'Madrid, España', 40.4168, -3.7038, 'langmap', datetime('now'));
INSERT INTO expression_meanings (expression_id, meaning_id, created_by, updated_by, created_at, updated_at) VALUES (712, 1171371199, 'langmap', 'langmap', datetime('now'), datetime('now'));
INSERT INTO expressions (id, text, language_code, region_code, region_name, region_latitude, region_longitude, created_by, updated_by, created_at, updated_at, tags, source_type, review_status) VALUES (713, 'Crear nuevo significado…', 'es', 'ES', 'Madrid, España', 40.4168, -3.7038, 'langmap', 'langmap', datetime('now'), datetime('now'), '["langmap"]', 'ai', 'approved');
INSERT INTO expression_versions (expression_id, text, region_name, region_latitude, region_longitude, created_by, created_at) VALUES (713, 'Crear nuevo significado…', 'Madrid, España', 40.4168, -3.7038, 'langmap', datetime('now'));
INSERT INTO expression_meanings (expression_id, meaning_id, created_by, updated_by, created_at, updated_at) VALUES (713, 2048212694, 'langmap', 'langmap', datetime('now'), datetime('now'));
INSERT INTO expressions (id, text, language_code, region_code, region_name, region_latitude, region_longitude, created_by, updated_by, created_at, updated_at, tags, source_type, review_status) VALUES (714, 'Glosa del nuevo significado', 'es', 'ES', 'Madrid, España', 40.4168, -3.7038, 'langmap', 'langmap', datetime('now'), datetime('now'), '["langmap"]', 'ai', 'approved');
INSERT INTO expression_versions (expression_id, text, region_name, region_latitude, region_longitude, created_by, created_at) VALUES (714, 'Glosa del nuevo significado', 'Madrid, España', 40.4168, -3.7038, 'langmap', datetime('now'));
INSERT INTO expression_meanings (expression_id, meaning_id, created_by, updated_by, created_at, updated_at) VALUES (714, 787431441, 'langmap', 'langmap', datetime('now'), datetime('now'));
INSERT INTO expressions (id, text, language_code, region_code, region_name, region_latitude, region_longitude, created_by, updated_by, created_at, updated_at, tags, source_type, review_status) VALUES (715, 'Crear significado', 'es', 'ES', 'Madrid, España', 40.4168, -3.7038, 'langmap', 'langmap', datetime('now'), datetime('now'), '["langmap"]', 'ai', 'approved');
INSERT INTO expression_versions (expression_id, text, region_name, region_latitude, region_longitude, created_by, created_at) VALUES (715, 'Crear significado', 'Madrid, España', 40.4168, -3.7038, 'langmap', datetime('now'));
INSERT INTO expression_meanings (expression_id, meaning_id, created_by, updated_by, created_at, updated_at) VALUES (715, 1044591763, 'langmap', 'langmap', datetime('now'), datetime('now'));
INSERT INTO expressions (id, text, language_code, region_code, region_name, region_latitude, region_longitude, created_by, updated_by, created_at, updated_at, tags, source_type, review_status) VALUES (716, 'No hay significados asociados con esta expresión', 'es', 'ES', 'Madrid, España', 40.4168, -3.7038, 'langmap', 'langmap', datetime('now'), datetime('now'), '["langmap"]', 'ai', 'approved');
INSERT INTO expression_versions (expression_id, text, region_name, region_latitude, region_longitude, created_by, created_at) VALUES (716, 'No hay significados asociados con esta expresión', 'Madrid, España', 40.4168, -3.7038, 'langmap', datetime('now'));
INSERT INTO expression_meanings (expression_id, meaning_id, created_by, updated_by, created_at, updated_at) VALUES (716, 2010884750, 'langmap', 'langmap', datetime('now'), datetime('now'));
INSERT INTO expressions (id, text, language_code, region_code, region_name, region_latitude, region_longitude, created_by, updated_by, created_at, updated_at, tags, source_type, review_status) VALUES (717, 'Asociar con significados', 'es', 'ES', 'Madrid, España', 40.4168, -3.7038, 'langmap', 'langmap', datetime('now'), datetime('now'), '["langmap"]', 'ai', 'approved');
INSERT INTO expression_versions (expression_id, text, region_name, region_latitude, region_longitude, created_by, created_at) VALUES (717, 'Asociar con significados', 'Madrid, España', 40.4168, -3.7038, 'langmap', datetime('now'));
INSERT INTO expression_meanings (expression_id, meaning_id, created_by, updated_by, created_at, updated_at) VALUES (717, 1273274090, 'langmap', 'langmap', datetime('now'), datetime('now'));
INSERT INTO expressions (id, text, language_code, region_code, region_name, region_latitude, region_longitude, created_by, updated_by, created_at, updated_at, tags, source_type, review_status) VALUES (718, 'Global', 'es', 'ES', 'Madrid, España', 40.4168, -3.7038, 'langmap', 'langmap', datetime('now'), datetime('now'), '["langmap"]', 'ai', 'approved');
INSERT INTO expression_versions (expression_id, text, region_name, region_latitude, region_longitude, created_by, created_at) VALUES (718, 'Global', 'Madrid, España', 40.4168, -3.7038, 'langmap', datetime('now'));
INSERT INTO expression_meanings (expression_id, meaning_id, created_by, updated_by, created_at, updated_at) VALUES (718, 176252579, 'langmap', 'langmap', datetime('now'), datetime('now'));
INSERT INTO expressions (id, text, language_code, region_code, region_name, region_latitude, region_longitude, created_by, updated_by, created_at, updated_at, tags, source_type, review_status) VALUES (719, 'Reproducir', 'es', 'ES', 'Madrid, España', 40.4168, -3.7038, 'langmap', 'langmap', datetime('now'), datetime('now'), '["langmap"]', 'ai', 'approved');
INSERT INTO expression_versions (expression_id, text, region_name, region_latitude, region_longitude, created_by, created_at) VALUES (719, 'Reproducir', 'Madrid, España', 40.4168, -3.7038, 'langmap', datetime('now'));
INSERT INTO expression_meanings (expression_id, meaning_id, created_by, updated_by, created_at, updated_at) VALUES (719, 2089767296, 'langmap', 'langmap', datetime('now'), datetime('now'));
INSERT INTO expressions (id, text, language_code, region_code, region_name, region_latitude, region_longitude, created_by, updated_by, created_at, updated_at, tags, source_type, review_status) VALUES (720, 'auto', 'es', 'ES', 'Madrid, España', 40.4168, -3.7038, 'langmap', 'langmap', datetime('now'), datetime('now'), '["langmap"]', 'ai', 'approved');
INSERT INTO expression_versions (expression_id, text, region_name, region_latitude, region_longitude, created_by, created_at) VALUES (720, 'auto', 'Madrid, España', 40.4168, -3.7038, 'langmap', datetime('now'));
INSERT INTO expression_meanings (expression_id, meaning_id, created_by, updated_by, created_at, updated_at) VALUES (720, 645537796, 'langmap', 'langmap', datetime('now'), datetime('now'));
INSERT INTO expressions (id, text, language_code, region_code, region_name, region_latitude, region_longitude, created_by, updated_by, created_at, updated_at, tags, source_type, review_status) VALUES (721, 'Historial de versiones', 'es', 'ES', 'Madrid, España', 40.4168, -3.7038, 'langmap', 'langmap', datetime('now'), datetime('now'), '["langmap"]', 'ai', 'approved');
INSERT INTO expression_versions (expression_id, text, region_name, region_latitude, region_longitude, created_by, created_at) VALUES (721, 'Historial de versiones', 'Madrid, España', 40.4168, -3.7038, 'langmap', datetime('now'));
INSERT INTO expression_meanings (expression_id, meaning_id, created_by, updated_by, created_at, updated_at) VALUES (721, 1744326251, 'langmap', 'langmap', datetime('now'), datetime('now'));
INSERT INTO expressions (id, text, language_code, region_code, region_name, region_latitude, region_longitude, created_by, updated_by, created_at, updated_at, tags, source_type, review_status) VALUES (722, 'Cargando versiones...', 'es', 'ES', 'Madrid, España', 40.4168, -3.7038, 'langmap', 'langmap', datetime('now'), datetime('now'), '["langmap"]', 'ai', 'approved');
INSERT INTO expression_versions (expression_id, text, region_name, region_latitude, region_longitude, created_by, created_at) VALUES (722, 'Cargando versiones...', 'Madrid, España', 40.4168, -3.7038, 'langmap', datetime('now'));
INSERT INTO expression_meanings (expression_id, meaning_id, created_by, updated_by, created_at, updated_at) VALUES (722, 715462937, 'langmap', 'langmap', datetime('now'), datetime('now'));
INSERT INTO expressions (id, text, language_code, region_code, region_name, region_latitude, region_longitude, created_by, updated_by, created_at, updated_at, tags, source_type, review_status) VALUES (723, 'No hay versiones disponibles', 'es', 'ES', 'Madrid, España', 40.4168, -3.7038, 'langmap', 'langmap', datetime('now'), datetime('now'), '["langmap"]', 'ai', 'approved');
INSERT INTO expression_versions (expression_id, text, region_name, region_latitude, region_longitude, created_by, created_at) VALUES (723, 'No hay versiones disponibles', 'Madrid, España', 40.4168, -3.7038, 'langmap', datetime('now'));
INSERT INTO expression_meanings (expression_id, meaning_id, created_by, updated_by, created_at, updated_at) VALUES (723, 1713513424, 'langmap', 'langmap', datetime('now'), datetime('now'));
INSERT INTO expression_meanings (expression_id, meaning_id, created_by, updated_by, created_at, updated_at) VALUES (720, 80058487, 'langmap', 'langmap', datetime('now'), datetime('now'));
INSERT INTO expressions (id, text, language_code, region_code, region_name, region_latitude, region_longitude, created_by, updated_by, created_at, updated_at, tags, source_type, review_status) VALUES (724, 'Anónimo', 'es', 'ES', 'Madrid, España', 40.4168, -3.7038, 'langmap', 'langmap', datetime('now'), datetime('now'), '["langmap"]', 'ai', 'approved');
INSERT INTO expression_versions (expression_id, text, region_name, region_latitude, region_longitude, created_by, created_at) VALUES (724, 'Anónimo', 'Madrid, España', 40.4168, -3.7038, 'langmap', datetime('now'));
INSERT INTO expression_meanings (expression_id, meaning_id, created_by, updated_by, created_at, updated_at) VALUES (724, 82914960, 'langmap', 'langmap', datetime('now'), datetime('now'));
