wuu-Hant-x-taiz1238,x-emoji,en-US,x-image,nan-Hant-x-chao1239,ral,swh,wuu-x-ouji1238,zh-Hans-CN,zh-Hant-TW,zyg-x-yang1286
詞句尋來加,,Browse expressions to add,,,,,,,去搜尋並增加表達式,khjam1 wa2 thim2 biau4 ta1 xi3
日晝頭 | 日頭晝 | 日晝,,noon | midday,,,,,,,中午,
,,,,,,chui,,豹,,
新加頭一個收藏集用來捉拾詞句。,,,,,,,,,,
箇收藏集還空白,,This collection is empty,,,,,,这个收藏集是空的,這個收藏是空的,
堂地名字,,Region Name,,,,,,地区名称,地區名稱,moeng2 ti2 khi5
新郎官,,bridegroom,,,,,,,,
所在,,Location,,,,,,位置,位置,
老實約畀條條目從收藏集裏移爻？,,Remove this item from the collection?,,,,,,确定要从收藏集中移除此条目吗？,您確定要從收藏中移除此項目嗎？,
曬臺,,,,,,,,阳台,,
檢查爾个郵箱,,Check your email,,,,,,检查您的邮箱,檢查您的信箱,
,,on the way,,,,,路朗向,路上,,
緯,,Latitude,,,,,,纬度,緯度,
蹋脚車,,,,,,,,自行车,,
加進收藏集裏,,Add to Collection,,,,,,添加到收藏集,加入到收藏,kam1 thang1 xoeu5 xang2 ki2
加條詞句,,Add Another Expression,,,,,,,新增其他詞句,
密碼對不牢。,,Passwords do not match.,,,,,,密码不匹配。,密碼不相符。,
,,,,,,,,雨,,phon1
,,,,,,,,霜,,mok9
收藏集朆尋着。,,No collections found.,,,,,,未找到收藏集。,未找到收藏集。,
,🚲,,,腳車 | 跤車 | 骹車,,,,脚踏车 | 自行车,腳踏車,
堂地信息,,Region Information,,,,,,地区信息,地區信息,
鄰舍,,neighbour,,,,,,,,
,,fortunate | fortune | lucky,,好彩 | 財氣,,,,还好 | 幸运,幸運,
標籤,,Tags,,,,,,标签,標籤,
我同意,,I agree to the,,,,,,我同意,我同意,
,🌽,,,薏仁,,,,玉米,玉米,
郵箱驗證失敗,,Email Verification Failed,,,,,,邮箱验证失败,電子信箱驗證失敗,
尋詞句...,,,,,,,,,,
箇意思个詳細講法,,Detailed explanation of this meaning,,,,,,此含义的详细解释,此含義的詳細解釋,
土話名字,,Native Language Name,,,,,,本地语言名称,本地語言名稱,
屋裏,,domestic,,,,,,,家裏,
囡,,daughter | girl,,,,,,,,
公開,,Public,,,,,,公开,公開,kong3 khai5
讀取牢...,,Loading...,,,,,,加载中...,載入中...,kja3 zai1 jou5 ...
阿叔,,,,,,,,,叔叔,
話當中實際个詞句,,The actual word or sentence in the language,,,,,,语言中的实际单词或句子,該語言中的實際詞語或句子,
加新个話,,Add Language,,,,,,添加语言,新增語言,
,,,,,,nguruwe,,猪,,
老司頭,,mechanic,,,,,,,,
遍加遍 | 垡加垡,,,,,,,,,,
加新个收藏集,,,,,,,,,,xuang3 kjen3 xoeu5 xang2 ki2 moi5
小屋,,hut,,,,,,,,
堂地,,Region,,,,,,地区,地區,ti2 khi5
好省,,optional,,,,,,可选,可選,ti2 khi5
,🚇,,,地鐵,,,,地铁,捷運,
我个收藏,,My Collections,,,,,,我的收藏,我的收藏,
導出,,Export,,,,,,导出,匯出,au1 ok7 ma2
進賬號失敗。轉檢查爾个凭證再試試相。,,Login failed. Please check your credentials and try again.,,,,,,登录失败。请检查您的凭据并重试。,登入失敗。請檢查您的憑據並重試。,
學堂,,school,,,,,,,,
倒退,,Back,,,,,,返回,返回,bai1 tau2
加詞句,,Add expression,,,,,,,新增詞句,
密碼忘記爻？,,Forgot your password?,,,,,,忘记密码？,忘記密碼？,
,,Universe,,宇宙,,,,宇宙,,
老實畀箇穿起斷爻𣍐？,,Are you sure you want to unlink this expression?,,,,,,确定要解除此词句的关联吗？,確定要解除此詞句的連結嗎？,
爲句話定所屬話,,Select the language for this expression,,,,,,为此词句选择语言,為此詞句選擇語言,
僵交互方式个天下地圖裏直觀个望語言多樣性。,,Visualize linguistic diversity on an interactive world map.,,,,,,在交互式世界地图上可视化语言多样性。,在互動式世界地圖上視覺化語言多元化。,
爾个瀏覽器不支持探查所在,,Geolocation is not supported by your browser,,,,,,您的浏览器不支持地理位置,您的瀏覽器不支援地理位置,
夜裏,,night,,,,,,,,
讀户頭信息失敗。,,Failed to fetch user profile information.,,,,,,获取用户资料信息失败。,取得使用者資料失敗。,
穿起斷爻,,Unlink,,,,,,解除关联,解除連結,
意思省講,,Meaning Gloss,,,,,,含义简述,含義標題,
徠𡍲處理...,,Processing...,,,,,,处理中...,處理中...,
下載文件,,Download File,,,,,,下载文件,下載檔案,
有賺,,An error occurred,,,,,,发生错误,發生錯誤,moei2 xa3
,,from,,,,,从,从 ：,,
,🌛,Moon | moon,,月娘,,,,月亮,,hai1 dai5
昨日,,yesterday,,,,,,,昨天,
聾耳朵人,,,,,,,,,,
改密碼功能還朆做起。,,Change password functionality is not implemented yet.,,,,,,更改密码功能尚未实现。,變更密碼功能尚未實現。,
所有,,All,,,,,,全部,全部,
濟手,,hand left,,,,,,,,
還朆翻个,,Untranslated,,,,,,未翻译,未翻譯,
賬號進進來赫好操作,,You must be logged in to perform this action,,,,,,您必须登录才能执行此操作,您必須登入才能執行此操作,
農民伯爺 | 種田人 | 農民,,peasant,,,,,,,農民,
約磹 | 約磹,,Target,,,,,,目标,目標,
提交中...,,Submitting...,,,,,,,提交中...,
天亮晚頭,,,,,,,,明日夜间,明天晚上,
聯結意思,,Associated Meanings,,,,,,关联含义,關聯含義,
尋詞句,,Search Expressions,,,,,,搜索词句,搜尋詞句,
收藏集朆有,,No collections,,,,,,,暫無收藏集,
探查爾个所在失敗,,Failed to detect your location,,,,,,无法检测您的位置,無法偵測您的位置,
開放,,Public access,,,,,,公开访问,公開存取,
後臗頁,,Next,,,,,,下一页,下一頁,moi1 neu2
成功,,Success,,,,,,成功,成功,nai3 a3
,🥔,,,馬鈴薯,,,,土豆,馬鈴薯,
徠𡍲驗證爾个郵箱牢,,Verifying your email,,,,,,正在验证您的邮箱,正在驗證您的電子信箱,
順手,,hand right,,,,,,,,
炮勥,,crackers,,,,,,,,
音樂,,Audio,,,,,,音频,音訊,
賬號進進去,,Sign in to your account,,,,,,登录您的账户,登入您的帳戶,
開賬號成功！,,Registration Successful!,,,,,,注册成功！,註冊成功！,
買菜蔬,,,,,,,,,,
填新个凭證用來進爾个賬號,,Enter your credentials to access your account,,,,,,输入您的凭据以访问您的账户,輸入您的憑據以存取您的帳戶,
删收藏集,,Delete Collection,,,,,,删除收藏集,刪除收藏,
,,Summer | Summer,,熱天時,,,,夏天,夏天,
新婦娘,,bride,,,,,,,新娘,
私下,,Private,,,,,,私有,私人,zi2 kap8
畀下向許信息填起用來開新个賬號,,Fill in the information below to create your account,,,,,,填写以下信息以创建您的账户,填寫以下資訊以建立您的帳戶,
,,long beans,,菜豆,,,,四季豆,,
,🧎,Sorry,,对毋起 | 对毋住,,,,对不起 | 对不住,,
箇意思个短記號,,Brief identifier for this meaning,,,,,,此含义的简短标识,此含義的簡要標識,
,,,,牽摜,,,,提携,提攜,
尋,,Search,,,,,,搜索,搜尋,
箇收藏集講吤某个？,,What is this collection about?,,,,,,这个收藏集是关于什么的？,這個收藏集是關於什麼的？,
徠𡍲讀地圖牢...,,Loading map...,,,,,,加载地图中...,正在載入地圖...,
月加月,,,,,,,,每月,每個月,
有趣 | 有趣相,,,,,,,,可愛,,
語言 | 話,,Languages,,,,,,,語言,ji5 jen2
徠𡍲讀詞句个詳細講法...,,Loading expression details...,,,,,,加载词句详情中...,正在載入詞句詳情...,
,,,,,,pata,,猫,,
孃舅,,,,,,,,,,
詞句朆尋着。用不樣个關鍵詞試試相要物加新个詞句。,,No expressions found. Try different search terms or create a new expression.,,,,,,未找到词句。尝试不同的搜索词或创建新词句。,未找到詞句。請嘗試不同的搜尋詞或建立新詞句。,
家孃爺,,,,,,,,,公婆,
叔伯母隊,,,,,,,,,,
新婦,,son's wife,,,,,,,,
肒膿,,suppurate,,,,,,,,
我个信息,,Profile,,,,,,个人资料,個人資料,
迲進賬號 | 前往登入,,Go to Login,,,,,,前往登录,前往登入,
户頭信息,,User Profile,,,,,,用户资料,使用者資料,
,,Effort,,力相,,,,努力,,
,,,,伊人,,wao,,他们 | 她们,,
,,,,浴室,,bafu,,浴室,,
郵箱地址,,Email address,,,,,,邮箱地址,電子信箱,
快活,,comfortable | happy,,,,,,,,
探索不同堂地个話个講法多樣性。大圈表示箇堂地記録个詞句多。,,Explore the richness of linguistic expressions across different regions. Larger circles indicate more expressions in that area.,,,,,,探索不同地区语言表达的丰富性。较大的圆圈表示该区域有更多词句。,探索不同地區的語言豐富性。圓圈越大表示該地區詞句越多。,
晏邊 | 晏跟,,,,,,,,,,
開導出,,Start Export,,,,,,开始导出,開始匯出 | Start Export,kai3 xi3 au1 ok7 ma2
枯心 | 枯心頭,,early in the morning,,,,,,,,
進有个賬號,,Sign in to existing account,,,,,,登录现有账户,登入現有帳戶,
晏界頭 | 晏界,,,,,,,,下午,,
大大 | 阿哥,,brother,,,,,,,哥哥,
,,smoothly,,,,,顺利,顺利,,
搭,,and,,佮,,,,和,而 | 和,
收藏集名字,,Collection Name,,,,,,收藏集名称,收藏名稱,
地理區塊要物堂地,,Geographic region or area,,,,,,地理区域或地区,地理位置或區域,tei2 tuai2
,,for a long time,,,,,长远,好久,,
長講个客套話,,Useful for greeting,,,,,,常用问候语,用於問候,
導出來爻！,,Export Ready!,,,,,,导出就绪！,匯出就緒！,
開賬號失敗。檢查爾个信息再轉試。,,Registration failed. Please check your information and try again.,,,,,,注册失败。请检查您的信息并重试。,註冊失敗。請檢查您的資訊並重試。,
從濟細順,,Left to Right,,,,,,从左到右,從左到右,
多謝開賬號。相勞望朞爾个郵箱來驗證賬號。,,Thank you for registering. Please check your email to verify your account.,,,,,,感谢您的注册。请检查您的邮箱以验证账户。,感謝您的註冊。請檢查您的信箱以驗證帳戶。,
新个詞句,,new expression,,,,,,新词句,新詞句,
號名,,Username,,,,,,用户名,使用者名稱,
🛠️ 幫忙磹話,,🛠️ Assist Translation,,,,,,,🛠️ 協助翻譯,
早時版本,,Version History,,,,,,版本历史,版本歷史,
關爻,,Close,,,,,,关闭,關閉,
郵箱驗證,,Email Verification,,,,,,邮箱验证,電子信箱驗證,
揀約磹个話,,Select target language,,,,,,请选择目标语言,請選擇目標語言,
服務項目,,Terms of Service,,,,,,服务条款,服務條款,
起屋,,build,,,,,,,,
,🏞️,Day,,日時,,,,白天,,
有關,,About,,,,,,关于,關於,
羹瓢 | 瓢羹,,gravy spoons,,,,,,,,
早界,,morning,,,,,早朗向,早上,早上,
剪衣裳,,to cut out a dress,,,,,,,,
徠𡍲上賬號...,,Signing in...,,,,,,登录中...,登入中...,
,,recently,,,,,搿腔,最近,,
,,,,馬,,farasi,,马,,
新意思省講,,New meaning gloss,,,,,,新含义简述,新含義標題,
,,where,,底搭 | 底塊,,,阿里,哪里,,
眼,,eyes,,,,,,,眼睛,
僵地圖裏揀,,Select on map,,,,,,在地图上选择,在地圖上選擇,
加新个詞句 | 加新个詞句,,Create Expression,,,,,,创建词句,建立詞句,
用别個詞試試相要物加新个詞句 | 用别個詞試試相要物加新个詞句,,Try different search terms or add a new expression,,,,,,尝试不同的搜索词或添加新词句,嘗試不同的搜尋詞或新增詞句,
統天下,,Global,,全球,,,,全球,全球,
,🚌,,,公交車,,,,公交车,公車,
操作,,Actions,,,,,,操作,操作,
查語言搭地區之間个詞句,,Find linguistic expressions across languages and regions,,,,,,查找跨语言和地区的词句,跨語言和地區查詢詞句,
脚布巾 | 繳脚布頭 | 脚布,,rag,,,,,,,抹布,
畀參考个話翻印到所磹个話裏 | 畀參考个話翻印到所磹个話裏,,Copy reference translation to target,,,,,,将参考翻译复制到目标,將參考翻譯複製到目標,
分析所在信息失敗,,Failed to parse location information,,,,,,无法解析位置信息,無法解析位置資訊,
講講相,,Description,,,,,,描述,描述,
變動,,Changes,,,,,,变更,變更,
,,It's okay,,無相干,,,,没关系,,
,,,,,,samaki,,鱼,,
,,Star | star,,,,,,星星,,nau1 nei5
啞佬,,,,,,,,,啞巴,
囡兒壻,,daughter's husband,,,,,,,,
衣裳,,clothes,,,,,,,,
徠𡍲加...,,Adding...,,,,,,添加中...,正在新增...,
裁縫老司 | 裁縫,,tailor,,,,,,,裁縫,
收藏集存起,,Save Collection,,,,,,保存收藏集,儲存收藏,bao5 xoen2 xoeu5 xang2 ki2
探查我所在,,Detect my location,,,,,,检测我的位置,偵測我的位置,khjam1 tei2 ngo5
自己設个話名,,Custom Language,,,,,,自定义语言,自訂語言,
密,,High,,,,,,高,高,
蝦蟆,,toad,,,,,,,,
對箇意思个全面講法,,A comprehensive description of what this meaning represents,,,,,,对此含义所代表内容的全面描述,對此含義所代表內容的全面描述,
探地圖,,Explore Map,,,,,,探索地图,探索地圖,
條目,,items,,,,,,条目,項目,
話代號,,Language Code,,,,,,语言代码,語言代碼,
參考个話,,Reference Language,,,,,,参考语言,參考語言,
無,,none,,,,,,无,無,
中,,Medium,,,,,,中,中,
穿起爻,,Already linked,,,,,,已链接,已連結,
隱私方案,,Privacy Policy,,,,,,隐私政策,隱私政策,
家爺,,wife's fatherinlaw,,,,,,,公公,
進賬號,,Login,,,,,,登录,登入,
聯結有个意思,,Associate with Existing Meaning,,,,,,关联现有含义,關聯現有含義,
適合電子表,,Best for spreadsheets,,,,,,适合电子表格,適合試算表,
聯結新个意思,,Associate with New Meaning,,,,,,关联新含义,關聯新含義,
,,Present,,ché-mi̍h | ché-mia̍h | 今 | 此陣,,,,现在 | 这时 | 此刻,,
,,sky,,,,,,天空 ：,,fa2
箇是條詞句瑲朞个版本 | 箇是條詞句瑲朞个版本,,Current version of this expression,,,,,,这是该词句的当前版本,這是該詞句的當前版本,
,,,,,,,,天气 ： 雾,,nai2 mok9
日裏,,daytime,,,,,,,,
揀話...,,,,,,,,,,
地圖收起,,Hide Map,,,,,,隐藏地图,隱藏地圖,
日加日,,,,,,,,每日,每天,
關聯含義,,Associate with Meaning,,,,,,,,
關聯意思,,Associate with meanings,,,,,,,,
穿起爻个詞句 | 穿起爻个詞句,,Associated Expressions,,,,,,已关联词句,已關聯詞句,
面巾,,a towel for the face,,,,,,,(洗臉用)毛巾,
,,,,,,vuli,,短雨季,,
詞句个詳細講法,,Expression Details,,,,,,词句详情,詞句詳情,
標籤有助分類搭查意思,,Tags help categorize and find meanings,,,,,,标签有助于分类和查找含义,標籤有助於分類和查找含義,
捺回車要物逗號加一個,,press Enter or comma to add,,,,,,按回车或逗号添加,按回車鍵或逗號添加,
約磹个話,,Target Language,,,,,,目标语言,目標語言,
加新个話失敗爻。轉加。,,Failed to add language. Please try again.,,,,,,添加语言失败。请重试。,新增語言失敗，請重試。,
清爽,,pure | clean,,,,,,,乾淨,
,,s,,,,,,,,
加新个意思,,Create Meaning,,,,,,创建含义,建立含義,
開用,,Get Started,,,,,,开始使用,開始使用,
分享个收藏,,Shared Collections,,,,,,共享收藏,共享收藏,kong3 jang3 xoeu5 xang2
 徠𡍲尋地方化捺鍵...,,Search localization keys...,,,,,,搜索本地化键...,搜尋本地化鍵...,
㫰衣裳,,air clothes,,,,,,,,
,,cloud,,,,,,云朵,,woen2 pha3
老官,,husband,,,,,,,,
朗 | 朗,,Low,,,,,,低,低,
布帳鈎,,a hook for mosquito net,,,,,,,,
參考个話無處搭約磹个話樣,,Reference and target languages cannot be the same,,,,,,参考语言和目标语言不能相同,參考語言和目標語言不能相同,
,🩴,,,鞋拖,,,,拖鞋,拖鞋,
望地圖 →,,View Map →,,,,,,查看地图 →,檢視地圖 →,
退賬號失敗。轉試試試相。,,Logout failed. Please try again.,,,,,,退出登录失败。请重试。,登出失敗。請重試。,
隱姓埋名,,Anonymous,,,,,,匿名,匿名,
不佻佗,,unpleasant,,,,,,,,
總个詞句數,,Total Expressions,,,,,,总词句数,總詞句數,
徠𡍲存牢...,,Saving...,,,,,,保存中...,儲存中...,bao5 xoen5 jou5...
先生,,a doctor | physician | master of a school | teacher,,,,,,,,
建立您的第一個收藏集來開始管理表達式。,,Create your first collection to start organizing expressions.,,,,,,,建立您的第一個收藏集來開始管理表達式。,
自動,,auto,,,,,,自动,自動,
頭幅,,Home,,,,,,家庭 | 首页,主頁,
頭前頁,,Prev,,,,,,上一页,上一頁,moi1 bang2
,🚕,,,的士,,,,的士 | 出租车,計程車,
參考,,Reference,,,,,,参考,參考,
,,,,,,tembo,,大象,,
兩孃姨丈,,,,,,,,,,
尋來个帶箇詞句个物事。,,Search results include the current expression.,,,,,,搜索结果包含当前词句。,搜尋結果包含當前詞句。,
開賬號,,Sign up,,,,,,注册,註冊,
適合開發人員,,Best for developers,,,,,,适合开发者,適合開發者,
無處用个版本,,No versions available,,,,,,无可用版本,無可用版本,
磹个進度,,Translation Progress,,,,,,翻译进度,翻譯進度,
晚頭,,,,,,,,,,
✨ 加新个話,,,,,,,,,,
,,,,展臉,,,,显摆 | 炫耀,炫耀,
土話,,dialect,,,,,,,,
加詞句 →,,Add New →,,,,,,添加词句 →,新增新詞 →,
箇詞句意思朆穿過,,No meanings associated with this expression,,,,,,此词句未关联任何含义,此詞句未關聯任何含義,
開尋 →,,Start Searching →,,,,,,开始搜索 →,開始搜尋 →,
戳眼,,,,,,,,,,
趒“我收藏个”加新个收藏集𣍐？瑲个進度不存。 | 趒“我收藏个”加新个收藏集𣍐？瑲个進度不存。,,Go to My Collections to create a new one? Current progress won't be saved.,,,,,,是否前往“我的收藏”创建新收藏集？当前进度将不会保存。,前往『我的收藏』建立新的？目前進度將不會保存。,
JSON,,JSON,,,,,,JSON,JSON,
磹,,Translate,,,,,,翻译,翻譯,
,,Weather,,天時,,,,天气,天氣,
收藏集更新好爻,,Collections updated successfully,,,,,,收藏集更新成功,收藏更新成功,xoeu5 xang2 ki2 koeng3 xim3 nai1 a3
統天下,,Global,,,,,,全球,全球,
穿到意思,,Link to meaning,,,,,,链接到含义,連結到含義,
暫時無窖寫寫,,No description provided.,,,,,,暂无描述。,暫無描述。,moei2 nau4 miau2 su3 nau5
新个收藏集,,New Collection,,,,,,新建收藏集,新建收藏集,
堂地,,Regions,,,,,,地区,地區,
學堂生,,scholar | pupil,,,,,,,學生,
文字,,Text,,,,,,文本,文本,
,,,,,,,早朗头,,,
放,,Play,,,,,,播放,播放,
移爻詞句,,Remove expression,,,,,,,移除詞句,
,🥄,,,調羹,,,,勺子,湯匙,
箇詞句个來源要物參考,,Origin or reference for this expression,,,,,,此词句的来源或参考,此詞句的來源或參考,
尋約穿个詞句...,,,,,,,,,,
會員開算時間 | 會員開算時間,,Member since,,,,,,会员时间,會員時間,
母媽 | 孃 | 阿姨,,,,媽媽,,,,妈妈,媽媽,
天亮早界,,,,,,,,明天上午,明天早上,
鼻頭,👃,nose | smell,,鼻,,,,鼻子,,
已翻印!,,Copied!,,,,,,,已複製!,
布帳,,mosquito curtain,,,,,,,,
夫家,,,,,,,,婆家,,
身份,,Role,,,,,,角色,角色,
加勒,,Created on,,,,,,创建于,建立於,xuang3 kjen3
提交,,Submit,,,,,,,提交,
揀話,,Select language,,,,,,,選擇語言,
,,,,,,,早朗,,,
收藏集,,Collections,,,,,,收藏集,收藏集,xoeu5 xang2 ki2
手末節頭,,fingers,,,,,,,,
開新个賬號,,Create a new account,,,,,,创建新账户,建立新帳戶,
等朞，瑲朞徠𡍲準備文件牢。,,Please wait while we prepare your file.,,,,,,请稍候，正在为您准备文件。,請稍候，正在為您準備檔案。,
尋各種話搭堂地裏許詞句搭講法。,,Find how words and sentences are expressed across different languages and regions.,,,,,,查找不同语言和地区中词汇和句子的词句。,查找不同語言和地區中詞語和句子的表達方式。,
來源參考,,Source reference,,,,,,来源参考,來源參考,
好省,,optional,,,,,,,可選,
磹話存起,,Save Translations,,,,,,保存翻译,儲存翻譯,
磹話填箇𡍲,,Please enter translation,,,,,,请输入翻译,請輸入翻譯,
話還朆激活,,Language Not Activated,,,,,,语言未激活,語言未啟用,
完成度乞達到60%,,completion rate needs to reach 60%,,,,,,完成度需达到60%,完成度需達到60%,
昨夜,,,,,,,,昨晚,昨夜,
大屋,,coffin,,,,,,,,
統天下許話个分佈,,Global Language Distribution,,,,,,全球语言分布,全球語言分佈,
,,World,,世界,,,,世界,,
CSV,,CSV,,,,,,CSV,CSV,
徠𡍲讀收藏集牢...,,Loading collections...,,,,,,,正在載入收藏集...,
兒,,son,,,,,,,兒子,
點地圖選堂地,,Click on the map to select a region,,,,,,点击地图选择区域,點擊地圖選擇區域,tot7 ti2 thu3 khjam3 tei2
,,,,,,,,冰雹,,thap7
話个名字,,Language Name,,,,,,语言名称,語言名稱,moeng2 ji5 jen2
尋着,,Found,,,,,,找到,找到,
大蟲,,tiger,,,,,,老虎,,
從順細濟,,Right to Left,,,,,,从右到左,從右到左,
存,,Save,,,,,,保存,儲存,bao5 xoen2
地方化捺鍵,,Localization Key,,,,,,本地化键,本地化鍵,
徠𡍲尋...,,Searching...,,,,,,搜索中...,正在搜尋...,
轉到尋摗,,Back to Search,,,,,,返回搜索,返回搜尋,
伯,,father,,,,,,,爸爸,
詞句密度,,Expression Density,,,,,,词句密度,詞句密度,
,,you (singular.),,汝,,,,你,你,
激活起爻,,Language Activated,,,,,,语言已激活,語言已啟用,
兄弟 | 兄弟隊,,brethren | brothers,,,,,,,兄弟,
,,,,,,,,冰,,pin5
揀導出个格式：,,Choose a format to export your collection:,,,,,,选择导出格式：,選擇匯出格式：,
編,,Edit,,,,,,编辑,編輯,mai1
,,,,被,,,,被子,棉被,
串起所有話 | 串起所有話,,Connect All Languages,,,,,,连接所有语言,連結所有語言,
孃妗 | 阿妗,,maternal uncle's wife,,,,,,,,
走出去蕩蕩个人覺得越更佻佗,,,,,,,,出去散步的人感觉更舒服,,
註,,Note,,,,,,备注,備註,bei3 zu3
穿起个詞句,,Associate Expressions,,,,,,关联词句,關聯詞句,
確認密碼,,Confirm password,,,,,,确认密码,確認密碼,
,🌞,Sun,,日頭,,,,太阳,太陽,
,🏫,School,,學校,,shule,,学校,,
穿起,,Link,,,,,,链接,連結,
土名字,,Native Name,,,,,,本地名称,本地名稱,
翻印,,Copy,,,,,,,複製,
删,,Delete,,,,,,删除,刪除,tat7
换衣裳,,dress,,,,,,,,
,,,,有竅,,,,有办法,有辦法,
改密碼,,Change Password,,,,,,更改密码,變更密碼,
老安 | 老太,,wife,,,,,,,老婆,
爾个文件生成成功爻。,,Your file has been generated successfully.,,,,,,您的文件已成功生成。,您的檔案已成功產生。,
朆尋着物事,,No results found,,,,,,未找到结果,未找到結果,
孃伯,,parents,,,,,,,,
删牢...,,Deleting...,,,,,,,刪除中...,
驗證鏈接不起作用要物過期爻。,,The verification link is invalid or has expired.,,,,,,验证关联无效或已过期。,驗證連結無效或已過期。,
爾老實約畀箇收藏集删爻啊？,,Are you sure you want to delete this collection?,,,,,,您确定要删除这个收藏集吗？,您確定要刪除此收藏嗎？,
所揀个詞句：,,Selected expression:,,,,,,选定的词句：,已選詞句：,
收藏集導出,,Export Collection,,,,,,导出收藏集,匯出收藏集,
不識,,Unknown,,,,,,未知,未知,
意思講講相,,Meaning Description,,,,,,含义描述,含義描述,
望搭管理爾个賬號信息,,View and manage your account information,,,,,,查看和管理您的账户信息,檢視和管理您的帳戶資訊,
翻好个,,Translated,,,,,,已翻译,已翻譯,
,,sun,,,,,,太阳,,tha1 wan2
書寫方向,,Text Direction,,,,,,文本方向,文字方向,
做衣裳,,to make clothes,,,,,,,,
兩老 | 兩公老安,,,,,,,,,,
地方堂地名字,,Native Region Name,,,,,,本地地区名称,本地地區名稱,moeng2 tei2 ni5
退賬號,,Logout,,,,,,退出登录,登出,
通過加爾个話要物地方个詞句爲我搭爾个數據庫做功勞。,,Contribute to our database by adding expressions from your language or region.,,,,,,通过添加您语言或地区的词句为我们的数据库做贡献。,通過新增您語言或地區的詞句為我們的資料庫做貢獻。,
取消,,Cancel,,,,,,取消,取消,khi3 xiau3
一許收藏集朆更新好,,Failed to update some collections,,,,,,部分收藏集更新失败,部分收藏更新失敗,moei2 ki3 lai1 xoeu5 xang2 ki2 koeng3 xim3 mi3 nai1 nau5
徠𡍲讀話牢...,,Loading languages...,,,,,,加载语言中...,正在載入語言...,
家孃,,wife's motherinlaw,,,,,,,婆婆,
,🦇,,,蝠婆,,,,蝙蝠,,
孃家 | 孃邊,,,,,,,,,,
等朞，瑲還徠𡍲驗證爾个郵箱。,,Please wait while we verify your email address.,,,,,,请稍候，我们正在验证您的邮箱地址。,請稍候，我們正在驗證您的電子信箱。,
我中意个,,My Favorites,,,,,,我的最爱,我的最愛,
頁,,Page,,,,,,页,頁,moi1
,,,,,,,,风,,lam2
話搭文字便約填。,,Language and text are required.,,,,,,语言和文本为必填项。,語言和文字為必填項。,
加新个意思...,,Create new meaning…,,,,,,创建新含义…,建立新含義…,
,,Winter | Winter,,凝天時 | 寒天時,,,,冬天,冬天,
捉箇意思个短話,,A short phrase that captures the essence of this meaning,,,,,,捕捉此含义精髓的短语,捕捉此含義本質的短語,
磹个頁面,,Translation Interface,,,,,,翻译界面,翻譯介面,
轉到收藏,,Back to Collections,,,,,,返回收藏列表,返回收藏列表,bai1 tau2 le2 biau3 xoeu5 xang2
姊妹,,,,,,,,,姐妹,
詞句打𡍲,,Enter the linguistic expression,,,,,,输入词句,輸入語言詞句,
加新詞句,,Add New Expression,,,,,,添加新词句,新增新詞句,
,🍍,,,菠蘿,,,,菠萝,鳳梨,
密碼,,Password,,,,,,密码,密碼,
,,Hello,,汝食饱未 | 汝好,,,,您好 | 你好,你好,
編收藏集,,Edit Collection,,,,,,编辑收藏集,編輯收藏集,
徠𡍲尋詞句牢...,,Searching expressions...,,,,,,搜索词句中...,正在搜尋詞句...,
徠𡍲分析位置信息...,,Parsing location information...,,,,,,解析位置信息中...,正在解析位置資訊...,
畀我記牢,,Remember me,,,,,,记住我,記住我,
詞句,,Expressions,,,,,,词句,詞句數,
轉屋裏,,return,,,,,,,,
要物,,Or,,,,,,或,或,
移爻,,Remove,,,,,,移除,移除,woet9
加標籤...,,Add a tag...,,,,,,添加标签...,添加標籤...,
爾个郵箱通過驗證爻。,,Your email has been verified.,,,,,,您的邮箱已通过验证。,您的電子信箱已通過驗證。,
瑲朞賬號好進進來爻。,,You can now log in to your account.,,,,,,您现在可以登录您的账户。,您現在可以登入您的帳號。,
比方,,e.g.,,,,,,例如,例如,
郵箱驗證成功！,,Email Verified Successfully!,,,,,,邮箱验证成功！,電子信箱驗證成功！,
爾講个話个自定代號,,Custom code for your language,,,,,,您语言的自定义代码,您語言的自訂代碼,
不標準也無窖,,can be non-standard,,,,,,可以是非标准的,可以是非標準的,
收藏集朆尋着,,Collection not found,,,,,,未找到收藏集,未找到收藏集,khjam1 mi3 tham1 xoeu5 xang2 ki2
手㬹頭,,,,,,,,手肘,,
學新个話，守護話个多樣性,,"Learn New Languages, Preserve Linguistic Diversity",,,,,,学习新语言，守护语言多样性,學習新語言，守護語言多元化,
,🌧️,,,落雨,,,,下雨,,phon1 khja5
徠𡍲讀版本牢...,,Loading versions...,,,,,,加载版本中...,載入版本中...,
經,,Longitude,,,,,,经度,經度,
,,Start,,開始,,,,开始,,
,,,,了後,,,,然后,然後,
,,,,siâⁿ,,,,引诱,引誘,
,,,,交通,,,,交通,交通,
,,,,飲食,,,,饮食,飲食,
,,,,跤徛,,,,脚撑,,
,,,,鉸刀鐵錘布袋,,,,石头剪刀布,,
,,,,親厚,,,,亲密,,
,,,,屎壑,,,,茅厕,,
,,,,十年三秋,,,,一日三秋,,
,,,,後生囝,,,,年轻人,,
,,,,經心,,,,用心,用心,
,,,,人面生疏,,,,没有熟人,沒有熟人,
,🏥,,,醫院,,,,医院,病院,
,,,,水龍水,,,,自来水,,
,,,,墘頭,,,,边缘,,
,,,,刣 | 宰,,,,宰,殺,
,,,,我,,,,我,我,
,,,,伊,,,,他 | 它 | 她,,
,,,,恁,,,,你们,,
,,,,我个,,,,我的,,
,,,,汝个,,,,你的,,
,,,,伊个,,,,他的 | 她的 | 它的,,
,🏠,,,厝,,,,房子 | 家,,
,,,,厝邊,,,,邻居,,
,,,,睇,,,,看,,
,,,,呾,,,,说 | 讲,,
,,,,食,,,,吃,,
,🍚,,,飯,,,,饭,,
,,,,米,,,,米,,
,,,,糜,,,,粥,,
,,,,飲,,,,米汤,,
,🥘,,,配,,,,菜,,
,🥢,,,箸,,,,筷子,,
,👔,,,衫褲,,,,衣服,,
,,,,坐,,,,坐,,
,🚶‍➡️,,,行,,,,走,,
,🏃,,,走,,,,跑,,
,,,,行路,,,,走路,,
,,,,走路,,,,跑路,,
,,,,有,,,,有,,
,,,,無 | 未,,,,没有,,
,,,,愛 | 卜,,,,要,,
,,,,唔 | 毋 | 無愛 | 勿,,,,不要,,
,,,,會,,,,会,,
,,,,無會 | 袂 | 𠀾,,,,不会,,
,,,,好,,,,好,,
,,,,孬 | 毋好,,,,不好,,
,,,,卜毋,,,,要不要,,
,,,,用,,,,需要,,
,,,,免,,,,不用 | 不需要,,
,,,,肯,,,,肯 | 愿意,,
,,,,毋肯,,,,不肯 | 不愿意,,
,,,,架勢是,,,,看起来,,
,,,,〇,,,,〇,,
,,,,一,,,,一,,
,,,,二,,,,二,,
,,,,三,,,,三,,
,,,,四,,,,四,,
,,,,五,,,,五,,
,,,,六,,,,六,,
,,,,七,,,,七,,
,,,,八,,,,八,,
,,,,九,,,,九,,
,,,,十,,,,十,,
,,,,只 | 者 | 此,,,,这,,
,,,,彼 | 许,,,,那,,
,,,,乜个,,,,什么,,
,,,,底個,,,,哪个,,
,,,,此個,,,,这个,,
,,,,彼個,,,,那个,,
,,,,怎樣生 | 怎樣 | 怎生,,,,怎样,,
,,,,底樣 | 乜樣,,,,什么样,,
,,,,天,,,,天,,
,,,,地,,,,地,,
,,,,父,,,,父 | 父亲,,
,,,,怎樣呢,,,,干啥呢 | 干啥,,
,,,,怎樣麼,,,,怎么了,,
,,,,此樣,,,,这样,,
,,,,彼樣,,,,那样,,
,,,,此樣生,,,,这样子,,
,,,,彼樣生,,,,那样子,,
,,,,此搭地方 | 此搭 | 此地方,,,,这里,,
,,,,彼搭 | 彼地方,,,,那里,,
,,,,底囝,,,,哪儿,,
,,,,此囝,,,,这儿,,
,,,,彼囝,,,,那儿,,
,,,,底人,,,,什么人 | 谁,,
,,,,底位,,,,哪位,,
,,,,此位,,,,这位,,
,,,,彼位,,,,那位,,
,,,,底時 | 底當時,,,,什么时候,,
,,,,此時,,,,这时,,
,,,,彼時陣 | 彼時,,,,那时 | 那时候,,
,,,,乜事,,,,什么事,,
,,,,幾 | 㩼少 | 若㩼 | 加減,,,,多少 | 几,,
,,,,豈是 | 是毋是 | 敢是,,,,是不是 | 是否是,,
,,,,家己,,,,自己,,
,,,,人家,,,,别人,,
,👨,,,諸夫,,,,男,,
,👩,,,諸母,,,,女,,
,,,,姿娘 | 諸娘,,,,女子,,
,,,,大人,,,,成人,,
,🧓,,,老人,,,,老人,,
,🧒,,,孥囝,,,,小孩子,,
,👦,,,諸夫囝,,,,男孩子 | 儿子,,
,👧,,,諸母囝,,,,女儿 | 女孩子,,
,,,,姿娘仔 | 諸娘囝,,,,年轻女子,,
,👴,,,阿公,,,,爷爷,,
,👵,,,阿媽,,,,奶奶,,
,,,,媽人,,,,妇人,,
,,,,老政府 | 爸爸,,,,爸爸,,
,,,,父母,,,,父母,,
,,,,兄,,,,哥哥,,
,,,,弟,,,,弟弟,,
,,,,姐,,,,姐姐,,
,,,,妹,,,,妹妹,,
,,,,姊妹,,,,姐妹,,
,,,,叔伯兄弟,,,,堂兄弟,,
,,,,同沿,,,,同辈,,
,,,,翁,,,,老公 | 丈夫,丈夫,
,,,,𡚸,,,,老婆 | 妻子,,
,,,,翁姐,,,,夫妻,,
,,,,新婦,,,,媳妇,,
,,,,大家,,,,家婆 | 婆婆,,
,,,,大家官,,,,家公 | 公公,,
,,,,丈人,,,,岳父,,
,,,,丈母,,,,岳母,,
,,,,妻舅,,,,舅子 | 妻舅,,
,,,,妻姨,,,,姨子,,
,,,,伯,,,,伯伯,,
,,,,姆,,,,伯母,,
,,,,叔,,,,叔叔,,
,,,,嬸,,,,婶婶,,
,,,,舅,,,,舅舅,,
,,,,妗,,,,舅妈 | 舅母,,
,,,,姑,,,,姑姑,,
,,,,姑丈,,,,姑父,,
,,,,姨,,,,姨母 | 姨妈,,
,,,,姨丈,,,,姨父,,
,🧑‍🏫,,,先生,,,,老师,老師,
,🧑‍🎓,,,學生,,,,学生,,
,👨‍🔧,,,司阜,,,,工匠师傅,,
,👨‍🦲,,,和尚 | 師父,,,,师父 | 和尚,,
,,,,腳色,,,,帮手 | 人手,,
,👩‍🦯‍➡️,,,青暝囝,,,,瞎子,,
,,,,頭毛,,,,头发,,
,,,,頭神,,,,精神,,
,,,,頭碗骨,,,,头盖骨,,
,,,,旋,,,,旋儿 | 发旋,,
,,,,囟,,,,囟门 | 天灵盖,,
,,,,額頭,,,,额头,,
,,,,面,,,,脸,,
,,,,頰溝,,,,脸颊,,
,,,,痣,,,,痣,,
,👀,,,目,,,,眼睛,,
,,,,目仁,,,,眼珠子 | 眼珠,,
,💧,,,目汁,,,,眼泪,,
,,,,眉,,,,眉毛,,
,👂,,,耳,,,,耳朵,,
,,,,耳空,,,,耳孔,,
,,,,鼻空,,,,鼻孔,,
,👄,,,喙,,,,嘴巴,,
,,,,䶕牙,,,,龅牙,,
,,,,涎,,,,唾液,,
,,,,痰,,,,痰,,
,,,,頷,,,,脖子,,
,,,,下頦,,,,下巴,,
,,,,喙後肚,,,,腮帮子,,
,🧔,,,鬚,,,,胡须,,
,,,,嚨喉,,,,喉咙,,
,👋,,,手,,,,手,,
,,,,正手,,,,右手,,
,,,,倒手,,,,左手,,
,,,,胳囊跤,,,,腋下,,
,,,,手後曲,,,,手肘,,
,🫆,,,手模,,,,手印,,
,,,,腡,,,,螺,,
,👍,,,指頭公,,,,大拇指,,
,,,,尾指囝,,,,小指 | 小指头 | 小拇指,,
,,,,胸,,,,胸,,
,,,,奶 | 嬭,,,,奶子,,
,,,,𩩍篱,,,,肋骨,,
,,,,肚臍,,,,肚脐,,
,,,,背脊,,,,后背 | 脊背,,
,,,,腰,,,,腰,,
,🦵,,,跤 | 骹,,,,脚,,
,,,,跤頭趺,,,,膝盖,,
,,,,大跤腿,,,,大腿,,
,,,,跤腸肚,,,,小腿肚,,
,,,,跤後蹬,,,,脚后跟,,
,,,,跤盤,,,,脚背 | 脚面,,
,,,,跤目,,,,脚踝,,
,,,,跤指公,,,,大脚趾,,
,,,,跤液,,,,脚汗,,
,,,,卵 | 卵鳥,,,,阴茎 | 屌,,
,,,,卵脬,,,,阴囊,,
,,,,卵核,,,,睾丸,,
,,,,膣,,,,阴道,,
,,,,膣眉,,,,阴唇,,
,,,,尻川,,,,屁股,,
,,,,雞母皮,,,,鸡皮疙瘩,,
,,,,汗,,,,汗 | 汗水,,
,,,,垢圿,,,,污垢,,
,🧑‍⚕️,,,先生,,,,医生,醫生,
蹩脚 | 跛脚,,,,,,,,,跛足 | 跛足,
鵓鴿 | 舶鴿,,,,,,,,,鴿子,
,,,,母,,,,母亲 | 母,,
,,,,lau | 綴,,,,跟随 | 跟,,
,,,,咱 | 俺 | 阮,,,,我们,,
,,,,平樣,,,,一样,,
,,,,所在,,,,地方,,
,,,,厝內,,,,家里,,
,,,,咬,,,,咬,,
,,,,哺,,,,咀嚼,,
,,,,吞,,,,吞,,
,,,,舐,,,,舔,,
,,,,含,,,,含,,
,,,,啜,,,,喝,,
,,,,啉,,,,小口喝,,
,,,,灌,,,,灌 | 大口喝,,
,,,,吸,,,,吸,,
,,,,搵,,,,蘸,,
,,,,買鹹,,,,买菜,,
,,,,食透早 | 食眠起,,,,吃早饭,,
,,,,食晝 | 食當晝,,,,吃午餐 | 吃午饭,,
,,,,食夜昏 | 食暝昏,,,,吃晚饭,,
,,,,菜式,,,,菜品,,
,,,,粿 | 餜,,,,粿,,
,🍡,,,丸 | 圓,,,,丸子,,
,,,,汰米,,,,淘米,,
,,,,熬,,,,熬,,
,,,,潘,,,,馊水,,
,,,,油,,,,油,,
,,,,鹽,,,,盐,,
,,,,醋,,,,醋,,
,,,,豆汁 | 豉油,,,,酱油,,
,🥚,,,雞卵,,,,鸡蛋,,
,,,,豬肉,,,,猪肉,,
,,,,澀肉,,,,瘦肉,,
,,,,肉脞,,,,肉末,,
,,,,烏糖,,,,黑糖 | 红糖,,
,🚬,,,薰,,,,香烟 | 烟,,
,🍵,,,茶,,,,茶,,
,🍷,,,酒,,,,酒,,
,,,,淖 | 黐黐,,,,黏稠,,
,,,,凊 | 涼,,,,凉,,
,,,,燒 | 熱,,,,热,,
,,,,燒烘燒烘,,,,热乎乎,,
,,,,芳,,,,香,,
,,,,甜 | 甘,,,,甜,,
,,,,我佮汝,,,,我和你,,
,,,,煲,,,,煲,,
,,,,鹹,,,,咸,,
,,,,薟,,,,辣,,
,,,,䭕,,,,清淡,,
,,,,臊,,,,腥,,
,,,,臭,,,,臭,,
,🎩,,,帽,,,,帽子,,
,👓,,,目鏡,,,,眼镜,,
,🧣,,,圍巾 | 頷圍,,,,围巾,,
,,,,頷幔,,,,披肩,,
,🤵,,,西裝,,,,西装,,
,🧥,,,褸,,,,大衣,,
,,,,葵笠,,,,斗笠,,
,,,,羊毛 | 羊毛衫,,,,毛衣 | 羊毛衫,,
,,,,長䘼衫,,,,长袖上衣,,
,,,,短䘼衫,,,,短袖上衣,,
,,,,貼身衫 | 底衫,,,,内衣,,
,🎽,,,䘥仔 | 䘥囝,,,,背心,,
,,,,肚綰,,,,肚兜,,
,👖,,,長褲,,,,长裤,,
,🩳,,,短褲,,,,短裤,,
,🩲,,,褲橛 | 褲頭,,,,内裤,,
,🩲,,,三角褲,,,,三角裤,,
,👗,,,裙,,,,裙子,,
,,,,圍裙,,,,围裙,,
,,,,奶帕 | 文胸,,,,胸罩,,
,,,,皮帶,,,,腰带,,
,,,,手囊,,,,袖套,,
,👟,,,波鞋,,,,球鞋,,
,,,,釘鞋,,,,钉鞋,,
,👞,,,皮鞋,,,,皮鞋,,
,👠,,,高跟鞋,,,,高跟鞋,,
,👢,,,靴,,,,靴子,,
,🧦,,,襪,,,,袜子,,
,,,,布,,,,布,,
,,,,襊,,,,折痕,,
,,,,頷領,,,,领子,,
,,,,褲袋 | 衫袋,,,,口袋,,
,,,,暗袋,,,,暗袋,,
,,,,鈕,,,,纽扣 | 扣子,,
,🪡,,,針,,,,针,,
,🧵,,,線,,,,线,,
,,,,拉鍊,,,,拉链,,
,,,,穿,,,,穿,,
,,,,褪,,,,脱,,
,,,,紩,,,,缝,,
,,,,補,,,,补,,
,,,,車衫褲,,,,用缝纫机缝衣服,,
,🛏️,,,鋪 | 眠牀,,,,床 | 床铺,,
,,,,高低牀 | 上下鋪,,,,上下铺 | 高低床,,
,,,,翁,,,,翁,,
,,,,唔是 | 毋是,,,,不是,,
,,,,个,,,,的,,
,,,,儂 | 人,,,,人,,
,,,,今年,,,,今年,,
,,,,舊年,,,,去年,,
,,,,前年,,,,前年,,
,,,,下年,,,,明年,,
,,,,春夏秋冬,,,,春夏秋冬,,
,,,,老歷 | 農曆,,,,农历,,
,,,,新曆,,,,公历,,
,,,,今旦日 | 今日,,,,今天,,
,,,,明眠起 | 明日 | 明旦日,,,,明天,,
,,,,昨日,,,,昨天,,
,,,,前日,,,,前天,,
,,,,後日,,,,后天,,
,,,,大前日,,,,大前天,,
,,,,大後日,,,,大后天,,
,🌅,,,天光,,,,天亮,,
,,,,透早,,,,黎明,,
,,,,眠起,,,,早晨,,
,,,,早晝,,,,上午,,
,,,,中晝 | 中晝時,,,,中午,,
,,,,下晝 | 下旰,,,,下午,,
,🌇,,,暗頭時 | 暗頭,,,,傍晚,,
,🌃,,,下昏時 | 夜時 | 夜昏 | 暝時 | 暗時 | 夜昏時 | 夜昏囝 | 下昏囝 | 下昏 | 暝昏時 | 暝昏 | 暝昏囝,,,,晚上,,
,,,,半暝 | 半夜,,,,半夜,,
,,,,時分秒,,,,时分秒,,
,,,,個字,,,,五分钟,,
,,,,兩個字久,,,,十分钟,,
,,,,頭前,,,,之前,,
,,,,頭下 | 頭陣,,,,刚刚 | 刚才,,
,,,,一頃 | 一頃頭,,,,一下子 | 一会儿,,
,,,,煞尾,,,,最后,,
,,,,逐日,,,,每天,,
,,,,逐暝 | 逐夜,,,,每晚,,
,,,,通日,,,,整天,,
,,,,半日,,,,半天,,
,,,,隔日,,,,隔天,,
,,,,隔夜 | 隔暝,,,,隔夜,,
,,,,別日,,,,改天,,
,,,,即時 | 馬上,,,,马上 | 立刻,,
,,,,平常時 | 平時,,,,平时,,
,,,,一日通通,,,,一整天,,
,,,,七早蒙流 | 七早八早,,,,一大早,,
,,,,烏暗天地,,,,天昏地暗,,
,,,,冬節 | 冬至,,,,冬至,,
,,,,五月節,,,,端午节,,
,,,,七月半,,,,鬼节 | 中元节,,
,,,,八月半,,,,中秋节,,
,,,,廿九夜,,,,除夕,,
,,,,做節,,,,过节,,
,,,,做壽,,,,祝寿,,
,🎂,,,做生日,,,,过生日,,
,,,,拜祖,,,,祭拜先祖,,
,,,,拜老爺,,,,拜神,,
,,,,公忌,,,,先祖忌日,,
,,,,假日,,,,假日,,
,,,,放假,,,,放假,,
,,,,暑假,,,,暑假,,
,,,,寒假,,,,寒假,,
,☀️,,,出日,,,,出太阳,,
,,,,透堂白日,,,,大白天,,
,☁️,,,烏陰天,,,,阴天,,
,💨,,,透風,,,,刮风,,
,🌀,,,風颱,,,,台风,,
,,,,南風天,,,,回南天 | 南风天,,
,,,,透南風,,,,刮南风,,
,🌫️,,,蒙煙天,,,,雾霾天,,
,🌩️,,,爍焰,,,,闪电,,
,⛈️,,,敲雷,,,,打雷,,
,🌨️,,,落雪,,,,下雪,,
,,,,落雹,,,,下冰雹,,
,,,,旱,,,,干旱,,
,🥶,,,冷 | 凝 | 寒,,,,寒冷,,
,🥵,,,翕熱,,,,闷热,,
,,,,灱 | 乾燥,,,,干燥,,
,,,,㴷 | 濕,,,,湿润,,
,,,,蓆,,,,席,,
,,,,簟,,,,竹席,,
,,,,毡,,,,毛毯,,
,,,,棉被,,,,棉被,,
,,,,被單,,,,被单,,
,,,,枕頭,,,,枕头,,
,,,,枕頭囊,,,,枕套,,
,,,,蠓罩 | 蚊罩,,,,蚊帐,,
,,,,蠓熏 | 蚊熏,,,,蚊香,,
,,,,壁櫥,,,,壁橱,,
,🪑,,,椅,,,,椅子,,
,,,,桌,,,,桌子,,
,,,,櫃,,,,柜子,,
,,,,架,,,,架子,,
,🗃️,,,盒,,,,盒子,,
,🧺,,,籃,,,,篮子,,
,🫙,,,瓶,,,,瓶子,,
,,,,鎖頭,,,,锁头,,
,🔑,,,鎖匙,,,,钥匙,,
,,,,葉疊,,,,合叶,,
,,,,牙簽,,,,牙签,,
,,,,茶盤,,,,茶盘,,
,,,,沖罐 | 茶壺,,,,茶壶,,
,,,,茶杯,,,,茶杯,,
,,,,茶几,,,,茶几,,
,,,,熏咬,,,,烟斗,,
,,,,熏碟,,,,烟灰缸,,
,,,,熱壺,,,,热水瓶,,
,,,,熨斗,,,,熨斗,,
,💡,,,電燈,,,,电灯,,
,,,,電泡,,,,电灯泡 | 灯泡,,
,🏮,,,燈籠,,,,灯笼,,
,,,,燈火,,,,灯火,,
,🪁,,,風箏,,,,风筝,,
,,,,米甕,,,,米缸,,
,,,,跤桶,,,,洗脚桶 | 洗衣盆,,
,,,,面盆,,,,脸盆,,
,,,,瓠桸,,,,水瓢,,
,,,,口㼦,,,,漱口杯,,
,,,,碗,,,,碗,,
,,,,盤,,,,盘子,,
,,,,碟,,,,碟子,,
,,,,甌,,,,大碗,,
,,,,湯匙 | 糜匙,,,,汤勺,,
,,,,飯匙 | 飯添,,,,饭勺,,
,,,,鼎,,,,锅,,
,,,,鼎㧕,,,,锅铲,,
,,,,鼎蓋,,,,锅盖,,
,🔪,,,菜刀,,,,菜刀,,
,,,,瓜刨,,,,削皮刀,,
,,,,砧,,,,砧板,,
,,,,篩,,,,筛子,,
,,,,菜篩,,,,沥水篮 | 洗菜筛,,
,✂️,,,鉸刀,,,,剪刀,,
,🪛,,,螺絲批,,,,螺丝刀,,
,🔩,,,螺絲釘,,,,螺丝钉,,
,,,,旋螺絲,,,,拧螺丝,,
,🔨,,,鐵錘,,,,铁锤,,
,,,,鉸夾,,,,钳子,,
,🔧,,,扳手,,,,扳手,,
,☀️,,,晴,,,,,,
,🌦️,,,日頭雨,,,,太阳雨,,
,,,,電筆,,,,测电笔,,
,,,,烏膠布,,,,电工胶带,,
,,,,黏紙,,,,透明胶带,,
,,,,布拖,,,,拖把,,
,🧹,,,掃帚,,,,扫把,,
,,,https://images.langmap.io/17704a10-6457-4c3f-be9d-3ed43a5fc7f2.webp,畚箕,,,,畚箕,,
,🪜,,,梯,,,,梯子,,
,🧲,,,吸石,,,,磁铁,,
,,,,角畢,,,,皮箱,,
,,,,樹嬭,,,,橡皮,,
,,,,嬭漱,,,,橡皮擦,,
,,,,毛筆,,,,毛笔,,
,✒️,,,鋼筆,,,,钢笔,,
,✏️,,,鉛筆,,,,铅笔,,
,,,,鉛筆旋,,,,笔刨 | 卷笔刀,,
,,,,模,,,,模子,,
,,,,離衣機,,,,洗衣机,,
,,,,瓦厝,,,,瓦舍,,
,,,,起厝,,,,盖房子,,
,,,,租厝,,,,租房子,,
,,,,手鐲,,,,手镯,,
,,,,內裏,,,,里衬 | 里子,,
,😷,,,口罩,,,,口罩,,
,,,,窗罩,,,,防盗网 | 防盗窗,,
,,,,筅,,,,刷子,,
,,,,箠,,,,藤条 | 竹藤,,
,,,,火箠,,,,火筷子,,
,,,,搬厝,,,,搬家,,
,,,,入新厝,,,,进入新家,,
,🛋️,,,客廳,,,,客厅,,
,,,,客房,,,,客房,,
,,,,廚房,,,,厨房,,
,,,,洗浴,,,,洗澡,,
,🚽,,,廁所,,,,厕所,,
,,,,門窗,,,,门窗,,
,,,,門閂,,,,门栓 | 门闩,,
,,,,門楣,,,,门楣,,
,,,,門橂,,,,门槛,,
,,,,門扇後,,,,门后,,
,,,,柱,,,,柱子,,
,,,,牆壁,,,,墙壁,,
,,,,埕,,,,庭院,,
,,,,塗角,,,,土砖,,
,🧱,,,磚,,,,砖,,
,⛩️,,,廟,,,,庙,,
,,,,庵寺,,,,佛寺,,
,,,,鎮府,,,,镇政府,,
,,,,舖囝,,,,小卖部,,
,🏍️,,,摩托,,,,摩托车,,
,🛺,,,三輪車,,,,三轮车,,
,🚘,,,小車,,,,小车 | 小汽车,,
,,,,汝食饱未,,,,你吃饱了没,,
,,,,去亞,,,,去到,,
,,,,來,,,,来,,
,,,,去,,,,去,,
,,,,汝愛去底塊,,,,你要去哪里,,
,,,,多謝 | 㩼謝,,,,多谢,,
,,,,寬行,,,,慢走,,
,,,,寬駛,,,,开车慢点,,
,,,,毋知頭,,,,不是故意的,,
,👋,,,先此樣呾,,,,回头再聊,,
,🙋,,,相借問,,,,打招呼,,
,,,,時節,,,,时节,,
,,,,稱呼,,,,称呼,,
,,,,身體,,,,身体,,
,,,,穿戴,,,,穿戴,,
,,,,物件,,,,东西,,
,,,,建築,,,,建筑,,
,,,,眾生,,,,牲畜,,
,,,,水產,,,,水产,,
,🥬,,,蔬菜,,,,蔬菜,,
,🌿,,,草藥,,,,草药,,
,,,,天文,,,,天文,,
,,,,地理,,,,地理,,
,,,,計量,,,,计量,,
,,,,動詞,,,,动词,,
,,,,形容,,,,形容,,
,,,,副詞,,,,副词,,
,,,,象聲詞,,,,拟声词,,
,,,,娛樂,,,,娱乐,,
,,,,好話,,,,吉祥话 | 好话,,
,,,,粗話,,,,粗话 | 粗口,,
,,,,俗話,,,,俗话,,
,,,,歇後語 | 後句話,,,,歇后语,,
,,,,神明,,,,神明,,
,,,,風俗,,,,风俗,,
,,,,姓氏,,,,姓氏,,
,,,,亭,,,,亭子,,
,,,,祠堂,,,,祠堂,,
,🚐,,,麵包車,,,,面包车,,
,,,,大巴,,,,大巴,,
,🚉,,,車站,,,,车站,,
,🚢,,,輪船,,,,轮船,,
,,,,龍船,,,,龙舟,,
,🚆,,,火車,,,,火车,,
,🚄,,,高鐵,,,,高铁,,
,✈️,,,飛機,,,,飞机,,
,🚴,,,踏腳車,,,,骑自行车,,
,,,,駛車,,,,开车,,
,,,,撐船,,,,撑船,,
,,,,載客,,,,载客,,
,,,,拗䘥囝,,,,摩托车载客,,
,,,,落車,,,,下车,,
,,,,碼頭,,,,码头,,
,,,,涵空 | 涵孔,,,,地下管道口,,
,,,,橋墩,,,,桥墩,,
,,,,禽獸,,,,禽兽,,
,,,,害蟲,,,,害虫,,
,,,,豬豭,,,,配种公猪,,
,,,,豬槽,,,,猪槽,,
,,,,羊牢,,,,羊圈,,
,🐓,,,雞翁,,,,公鸡 | 雄鸡,,
,,,,雞母,,,,母鸡,,
,🪿,,,鵝,,,,鹅,,
,,,,貓牯,,,,母猫,,
,🐦,,,鳥,,,,鸟儿,,
,,,,燕囝,,,,小燕子,,
,,,,鶴,,,,鹤,,
,🦅,,,鷹,,,,鹰,,
,🕊️,,,白鴿,,,,白鸽,,
,,,,白鷺鷥,,,,白鹭,,
,🦜,,,鸚哥,,,,鹦鹉,,
,,,,麻雀,,,,麻雀,,
,🐍,,,蛇,,,,蛇,,
,,,,狗母蛇,,,,草蜥,,
,,,,兩棲動物,,,,两栖动物,,
,🐸,,,蛤虯,,,,青蛙,,
,,,,蛤蛙,,,,蝌蚪,,
,🐜,,,蚼蟻,,,,蚂蚁,,
,,,,白蟻,,,,白蚁,,
,🐝,,,蜜蜂,,,,蜜蜂,,
,,,,虎頭蜂,,,,黃蜂,,
,🐞,,,龜,,,,甲虫,,
,🐢,,,龜,,,,乌龟,烏龜,
,🪲,,https://images.langmap.io/b1a5213d-c33f-4d5c-9e7e-8c1976aedad2.webp,金龜,,,,金龟子,,
,,,,鱉,,,,鳖,,
,🪱,,,土蚓,,,,蚯蚓,,
,,,,蜈蚣,,,,蜈蚣,,
,,,,火金蛄,,,,萤火虫,,
,,,,牛屎龜,,,,屎壳郎,,
,,,,烏點龜,,,,七星瓢虫,,
,,,https://images.langmap.io/535b5deb-3cd3-4fcb-8cce-2394a1becc9c.webp,紅新娘,,,,红姬缘椿象,,
,,,https://images.langmap.io/d1b059a2-8d31-425b-9012-412c63a7873d.webp,山蛚,,,,蝉,,
,🦗,,,蟋蟀 | 烏龍,,,,蟋蟀,,
,,,,螳蜋 | 草猴 | 螳螂,,,,螳螂,,
,,,,神螂,,,,壁虎 | 🦎,,
,,,,蛤蚧蛇,,,,大壁虎,,
,,,,土猴,,,,蝼蛄,,
,🦋,,,蝶,,,,蝴蝶,,
,,,,山螟,,,,蜻蜓,,
,,,,米龜,,,,米象,,
,,,,蛀蟲,,,,蛀虫,,
,🐛,,,蛓毛蟲,,,,毛毛虫,,
,🐌,,,流鼻螺,,,,蜗牛,,
,🪰,,,戶蠅,,,,苍蝇,,
,,,,掠魚,,,,抓鱼,,
,,,,跳索,,,,跳绳,,
,🦟,,,蠓,,,,蚊子,,
,,,,蝨母,,,,虱子,,
,🪳,,,曱甴 | 虼蚻,,,,蟑螂,,
,,,,䭕水魚,,,,淡水鱼,,
,,,,鹹水魚,,,,海水鱼,,
,,,,刣魚,,,,宰鱼,,
,,,,魚春,,,,鱼卵,,
,,,,魚鱗,,,,鱼鳞,,
,,,,魚鰾,,,,鱼鳔,,
,,,,魚鰓,,,,鱼鳃,,
,,,,魚刺,,,,鱼刺,,
,,,,馬鮫,,,,马鲛鱼,,
,,,,鯧,,,,鲳鱼,,
,🦑,,,鰇魚,,,,鱿鱼,,
,,,,墨斗,,,,乌贼 | 墨鱼 | 墨斗鱼,,
,,,,那哥魚 | 癩瘑魚,,,,多齿蛇鲻,,
,,,,福壽魚,,,,罗非鱼,,
,,,,䱛仔 | 䱛囝,,,,䱛鱼,,
,,,,鮭魚 | 乖魚,,,,河豚 | 河鲀,,
,,,,烏頭 | 烏魚,,,,乌头鱼 | 鲻鱼,,
,,,,金龍䱛,,,,黄花鱼 | 金龙鱼,,
,,,,娘愛魚,,,,泥猛鱼,,
,,,https://images.langmap.io/d46bdae4-b273-4bd1-bdde-0c3f9d92079d.webp,花仙 | 花仙魚,,,,鲭鱼 | 鲐鲅鱼 | 鲐鱼,,
,,,,鰻魚,,,,鳗鱼,,
,,,,烏前 | 烏前魚,,,,,,
,,,,龍舌魚 | 龍舌,,,,龙利鱼,,
,,,,巴浪魚 | 巴浪,,,,蓝圆鯵,,
,,,,鯇魚,,,,草鱼,,
,,,,姑魚,,,,金色小沙丁鱼,,
,,,,鯽魚,,,,鲫鱼,,
,,,,秋刀魚,,,,秋刀鱼,,
,,,,紅目鰱,,,,红目大眼鲷,,
,,,,田鱔,,,,黄鳝 | 鳝鱼,,
,,,,白帶魚,,,,裙带鱼 | 鞭鱼 | 海刀鱼,,
,🐊,,,鰐魚,,,,鳄鱼,,
,🦈,,,鯊魚,,,,鲨鱼,,
,🐳,,,鯨魚,,,,鲸鱼,,
,,,,紅哥鯉,,,,金线鱼,,
,🦐,,,蝦,,,,虾,,
,🍅,,,番茄,,,,西红柿 | 番茄,,
,🦪,,,蚝 | 蠔 | 蚵,,,,牡蛎,,
,,,,車白,,,,文蛤,,
,🦀,,,蟹,,,,螃蟹,,
,,,,花蛤,,,,花甲,,
,🙂‍↕️,,,觸頭,,,,点头,,
,,,,搖頭,,,,摇头,,
,,,,攲頭,,,,歪头,,
,,,,參詳,,,,商量,,
,,,,學古,,,,讲故事,,
,,,,罵,,,,骂,,
,,,,詏,,,,争辩,,
,,,,冤家,,,,吵架,,
,,,,恬,,,,安静,,
,,,,喷,,,,喷,,
,,,,啡痰,,,,吐痰,,
,,,,歕,,,,吹,,
,,,,嗾,,,,呛,,
,🧐,,,看詳睇,,,,仔细看,,
,,,,經心事 | 經頭經腦 | 經心衋事,,,,操心,,
,,,,經破頭腦,,,,想破脑袋,,
,,,,揨,,,,碰,,
,,,,剚 | 拍 | tn̄g,,,,打,,
,,,,舂,,,,捣,,
,,,,刜,,,,挥,,
,,,,拗折,,,,折断,,
,,,,盖,,,,覆盖,,
,,,,掃,,,,扫,,
,,,,揞,,,,掩,,
,,,,擎,,,,拿 | 举,,
,,,,𢭪,,,,拾 | 捡,,
,,,,挈,,,,取,,
,,,,摜,,,,提,,
,,,,厾,,,,戳,,
,,,,割,,,,割,,
,,,,殺,,,,杀,,
,,,,斬,,,,斩,,
,,,,斫,,,,剁,,
,,,,拭,,,,擦,,
,,,,濡,,,,抹,,
,,,,掊,,,,扒,,
,,,,揂,,,,拉,,
,,,,捏,,,,掐,,
,,,,漱牙,,,,刷牙,,
,,,,跋,,,,摔,,
,,,,踏,,,,踩,,
,,,,踢,,,,踢,,
,,,,轉,,,,回,,
,,,,修理,,,,修理,,
,🅿️,,,泊車,,,,停车,,
,,,,tsah | 帶 | 領 | 𤆬,,,,领 | 带,,
,,,,娶,,,,娶,,
,,,,徙,,,,移动,,
,,,,歇,,,,放置,,
,,,,歇,,,,,休息,
,,,,煩惱,,,,担心,,
,,,,相信,,,,相信,,
,,,,相輔,,,,帮忙,,
,,,,含包,,,,包含,,
,,,,拚頭前,,,,争先,,
,,,,輸服,,,,佩服,,
,,,,tak-nn̄g,,,,浪费,,
,,,,交落,,,,掉落,,
,,,,沕,,,,躲 | 藏,,
,,,,支,,,,预支,,
,,,,圖賴,,,,耍赖,,
,,,,放惰,,,,懒得,,
,,,,生好 | 雅 | 媠,,,,漂亮,,
,,,,䆀,,,,差,,
,,,,痞,,,,歹,,
,,,,大細,,,,大小,,
,,,,加加減減,,,,多多少少,,
,,,,稀罕,,,,稀少,,
,,,,排比,,,,安排,,
,,,,猛慢,,,,早晚,,
,,,,肥,,,,胖,,
,,,,肥腯肥腯,,,,胖嘟嘟,,
,,,,㾪,,,,瘦,,
,,,,㾪猴,,,,瘦猴,,
,,,,懸下,,,,高低,,
,,,,早,,,,早,,
,,,,晏,,,,晚,,
,,,,粗,,,,粗,,
,,,,幼,,,,细,,
,,,,粗殘,,,,粗鲁,,
,,,,仔細,,,,小心,,
,,,,僫,,,,难,,
,,,,易,,,,容易,,
,,,,闊,,,,宽,,
,,,,狹,,,,窄,,
,,,,光,,,,亮,,
,,,,暗,,,,暗,,
,,,,吵,,,,吵,,
,,,,吵吵著,,,,吵吵闹闹,,
,,,,飽,,,,饱,,
,,,,枵,,,,饿,,
,,,,橂,,,,坚硬 | 坚实,,
,,,,軟,,,,软弱,,
,,,,韌,,,,坚强,,
,,,,脆,,,,脆弱,,
,,,,聰明,,,,聪明,,
,,,,愚蠢,,,,愚蠢,,
,,,,戇,,,,愚笨,,
,,,,賰,,,,剩,,
,,,,欠,,,,缺少,,
,,,,清,,,,清晰,,
,,,,雾,,,,模糊,,
,,,,清氣,,,,干净,,
,,,,清氣相,,,,干净的样子,,
,,,,垃圾,,,,肮脏,,
,,,,垃圾相,,,,肮脏的样子,,
,,,,無沙無圾,,,,一尘不染,,
,,,,著,,,,对,,
,,,,毋著,,,,不对,,
,,,,錯,,,,错,,
,,,,熟,,,,熟,,
,,,,生,,,,生,,
,,,,切要 | 緊要,,,,要紧,,
,,,,無要緊,,,,不要紧,,
,,,,大扮,,,,阔绰,,
,,,,咸澀,,,,吝啬 | 悭吝,,
,,,,惰,,,,懒惰,,
,,,,鬧熱,,,,热闹,,
,,,,健,,,,矫健,,
,,,,碩㦙,,,,聪明和愚蠢,,
,,,,夠強 | 夠力 | 夠勥,,,,厉害,,
,,,,枝毛細節,,,,鸡毛蒜皮,,
,,,,偪側,,,,烦躁,,
,,,,生分,,,,陌生,,
,,,,無影無跡,,,,无凭无据,,
,,,,一生跪跋,,,,一生坎坷,,
,,,,酷,,,,很,,
,,,,死,,,,特别,,
,,,,遐 | 若,,,,那么,,
,,,,酷㩼人,,,,很多人,,
,,,,死雅,,,,特别漂亮,,
,,,,若雅,,,,那么漂亮,,
,,,,此遐細,,,,这么小,,
,,,,遐好,,,,那么好,,
,,,,上好,,,,最好,,
,,,,上減,,,,最少,,
,,,,上加,,,,最多,,
,,,,捌,,,,曾经,,
,,,,攏總,,,,总共,,
,,,,煞,,,,竟然,,
,,,,顛倒,,,,反而,,
,,,,做包 | 做蜀 | 做平,,,,一起,,
,,,,汝較勥,,,,你比较厉害,,
,,,,毋捌來過,,,,不曾来过,,
,,,,汝煞毋知,,,,你竟然不知道,,
,,,,六月顛倒來落雪,,,,六月反而下起雪,,
,,,,做蜀khà,,,,一起去,,
,,,,薄殼,,,,海瓜子 | 海蛔 | 寻氏肌蛤,,
,,,,田螺,,,,田螺,,
,,,,五穀,,,,五谷,,
,,,,稻,,,,水稻,,
,,,,粟,,,,稻粒,,
,,,,麥,,,,麦,,
,,,,秫米,,,,糯米,,
,,,,薏米,,,,薏米,,
,🍠,,,蕃薯,,,,地瓜 | 蕃薯,,
,,,,黃豆,,,,黃豆 | 大豆,,
,,,,綠豆,,,,绿豆,,
,,,,烏豆,,,,黑豆,,
,,,,赤豆,,,,红小豆,,
,🫛,,,荷目豆 | 荷蘭豆,,,,豌豆,,
,🥜,,,地豆,,,,花生,,
,,,,豆仁,,,,花生米,,
,,,,油麻,,,,芝麻,,
,🍆,,,茄,,,,茄子,,
,,,,苦瓜,,,,苦瓜,,
,,,,角瓜,,,,棱角丝瓜,,
,,,,秋瓜,,,,丝瓜,,
,,,,嬭瓜 | 奶瓜,,,,木瓜,,
,,,,蓮藕,,,,莲藕,,
,,,,菠薐菜,,,,菠菜,,
,,,,蕹菜,,,,空心菜,,
,,,,春菜,,,,长叶芥菜,,
,🥦,,,菜花,,,,花椰菜,,
,,,,芥菜,,,,包心芥菜 | 大芥菜,,
,,,,菜頭,,,,白萝卜,,
,🥕,,,紅菜頭,,,,红萝卜,,
,,,,錢蔥 | 薺蔥,,,,荸荠,,
,,,,韭菜,,,,韭菜,,
,,,,芫荽,,,,香菜,,
,,,,厚合,,,,莙荙菜 | 厚皮菜 | 叶用甜菜,,
,,,,九層塔,,,,金不换 | 罗勒,,
,,,,萵菜,,,,生菜 | 皱叶莴苣,,
,,,,劍菜,,,,油麦菜 | 尖叶油麦菜,,
,,,,芹菜,,,,芹菜,,
,,,,高麗菜,,,,结球甘蓝 | 卷心菜 | 包菜,,
,,,,茼蒿,,,,茼蒿,,
,,,,枸杞菜,,,,枸杞菜,,
,🏹,,,中箭,,,,射箭,射箭,
,,,,三目蠘,,,,三目蟹 | 红星梭子蟹,,
,🥭,,,檨,,,,芒果,,
,,,,生果,,,,水果,,
,🌶️,,,薟椒,,,,辣椒,,
,,,,真珠菜,,,,珍珠花菜,,
,,,,荔果,,,,荔枝,,
,,,,龍眼,,,,龙眼,,
,,,,桑垂,,,,桑葚,,
,🍓,,,草莓,,,,草莓,,
,,,,刺菠,,,,蛇莓 | 覆盆子,,
,🍌,,,弓蕉,,,,香蕉,,
,,,,米蕉,,,,米蕉,,
,,,,菝囝,,,,番石榴,,
,🍉,,,西瓜,,,,西瓜,,
,,,,香櫞,,,,香橼,,
,,,,柚,,,,柚子,,
,,,,柑,,,,柑橘,,
,,,,桔,,,,桔子,,
,,,,橙,,,,橙子,,
,,,,油甘,,,,油甘 | 余甘果,,
,,,,青竹梅,,,,青梅,,
,,,,李,,,,李子,,
,,,,棗,,,,枣,,
,,,,蔗,,,,甘蔗,,
,,,,艾,,,,艾草,,
,,,,無理路,,,,没道理,,
,,,,草粿草,,,,仙草,,
,,,,抹草 | 策草,,,,广防风 | 防风草,,
,,,,青菭,,,,青苔,,
,,,,薄荷,,,,薄荷,,
,,,,午時花 | 金銀花,,,,金银花,,
,,,,四季春,,,,四季春花,,
,,,,葉下紅,,,,一点红,,
,,,,臭草花,,,,马缨丹 | 五色梅,,
,,,,路跤菊,,,,路边菊,,
,,,,臘裏葉,,,,金边红桑,,
,,,,芒囝筍,,,,芒草的嫩芽,,
,,,,竹菜,,,,竹叶草,,
,,,,葛菜,,,,野葛菜,,
,,,,烏規菜,,,,龙葵,,
,,,,豬母菜,,,,马齿苋,,
,,,,苦刺,,,,白簕,,
,,,,苦草,,,,豨莶草,,
,,,,兩公根,,,,崩大碗,,
,,,,鋪地錦,,,,满天星,,
,,,,伸筋藤,,,,蔓九节,,
,,,,見笑草,,,,含羞草,,
,,,,蟋蟀草 | 烏龍草,,,,乌龙草,,
,,,,鸭舌草,,,,苦菜,,
,,,,龍膽草,,,,苦地胆草,,
,,,,奶汁草,,,,乳汁草,,
,,,,大號奶汁草,,,,飞扬草,,
,,,,貓毛兒,,,,金丝草,,
,,,,鹅囝香,,,,鹅不食草,,
,,,,四方枝苦楝,,,,鬼针草,,
,,,,苦楝,,,,苦楝树,,
,,,,挨礱被哺,,,,磨砻草 | 磨盘草,,
,,,,天頂,,,,天上,,
,,,,蝕日,,,,日食,,
,,,,狗齧日,,,,天狗食日,,
,,,,西照日,,,,夕阳,,
,🌙,,,月眉,,,,弦月,,
,,,,蝕月,,,,月食,,
,,,,河溪,,,,银河 | 天河,,
,,,,落屎星,,,,流星,,
,,,,星宿,,,,星宿,,
,,,,中央,,,,中间,,
,,,,內底,,,,里面,,
,,,,外口,,,,外面,,
,,,,頭頂,,,,上面,,
,,,,下底 | 下跤,,,,下面,,
,,,,正手爿,,,,右边,,
,,,,倒手爿,,,,左边,,
,,,,後壁 | 後底,,,,后面,,
,,,,對面,,,,对面,,
,,,,隔壁,,,,旁边,,
,,,,鄰近,,,,邻近,,
,,,,塗跤,,,,地上,,
,,,,番爿,,,,外国,,
,,,,北爿,,,,北面,,
,,,,東南西北,,,,东南西北,,
,,,,地盤,,,,地盘,,
,,,,領域,,,,领域,,
,,,,境內,,,,境内,,
,,,,天涯,,,,天涯,,
,,,,山頂,,,,山顶,,
,,,,山跤,,,,山脚,,
,,,,別地塊 | 外塊 | 別塊,,,,外地,,
,,,,本地,,,,本地,,
,,,,塗,,,,泥,,
,,,,塗膏,,,,泥巴,,
,,,,石頭,,,,石头,,
,,,,田園,,,,田园,,
,,,,溪墘,,,,溪边,,
,,,,草埔,,,,草坪,,
,,,,海湧,,,,海浪,,
,,,,地牛換肩,,,,地震,,
,,,,許婆寮,,,,可和村,,
,,,,北輋,,,,博社村,,
,,,,四捻石,,,,四片石,,
,,,,水銀,,,,水银,,
,,,,碳,,,,碳,,
,,,,大理石,,,,大理石,,
,,,,砂石,,,,砂石,,
,,,,耍遊戲,,,,玩游戏,,
,,,,中珠,,,,打弹珠,,
,🔫,,,彈槍,,,,开枪,,
,,,,踏孔,,,,捉迷藏,,
,🏊,,,泅水,,,,游泳,,
,,,,釣魚,,,,钓鱼,,
,♟️,,,行棋,,,,下棋,,
,🪁,,,放風箏,,,,放风筝,,
,🧨,,,拍連炮,,,,放鞭炮,,
,,,,沃花,,,,浇花,,
,,,,做戲,,,,演戏,,
,,,,萬事應想,,,,万事如意,,
,,,,生理大趁,,,,生意兴隆,,
,,,,新年大趁,,,,新年大赚,,
,,,,新年合想 | 新年應想,,,,新年如意,,
,,,,大吉大利,,,,大吉大利,,
,,,,雞屎藤,,,,鸡屎藤,,
,,,,車前草,,,,车前草,,
,,,,馬鞭草,,,,马鞭草,,
,,,,蒲公英,,,,蒲公英,,
,,,,魚腥草,,,,鱼腥草,,
,,,,益母草,,,,益母草,,
,,,,津白,,,,绍菜 | 黄芽白,,
,,,,蜈蜞,,,,水蛭,,
,,,,草蜢,,,,蚱蜢 | 蚂蚱,,
,,,,蟾蜍,,,,蟾蜍,,
,,,,临檐,,,,檐廊,,
,,,,㾪脯皺,,,,皮包骨,,
,,,,一陣雨,,,,一阵雨,,
,,,,冷空氣,,,,冷空气,,
,,,,媽祖,,,,妈祖,,
,,,,白砂糖,,,,白砂糖,,
,,,,赤砂糖,,,,赤砂糖,,
,,,,此遐,,,,这些,,
,,,,彼遐,,,,那些,,
,,,,倒帳,,,,倒闭,,
,,,,𤰉賤,,,,繁多,,
,,,,猛慢,,,,快慢,,
,,,,恬,,,,闭嘴,,
,,,,李,,,,李,,
,,,,攏總 100銀,,,,总共 100块,,
,,,,此遐,,,,这么,,
,,,,百,,,,百,,
,,,,千,,,,千,,
,,,,萬,,,,万,,
,,,,億,,,,亿,,
,,,,一二個,,,,一两个,,
,,,,二十六,,,,二十六,,
,,,,廿六號,,,,二十六号,,
,,,,五十外個,,,,五十多个,,
,,,,一百空八,,,,一百零八,,
,,,,第一,,,,第一,,
,,,,第二,,,,第二,,
,,,,第三,,,,第三,,
,,,,一個人,,,,一个人,,
,,,,一爿花,,,,一片花瓣,,
,,,,一蕊花 | 一葩花,,,,一朵花,,
,,,,一枝花,,,,一枝花,,
,,,,一縛花,,,,一束花,,
,🌲,,,一叢樹,,,,一棵树,,
,,,,一簇頭毛,,,,一撮头发,,
,,,,一粒糖,,,,一颗糖,,
,,,,一隻車 | 一架車,,,,一辆车,,
,,,,一杯茶,,,,一杯茶,,
,,,,一碗水,,,,一碗水,,
,,,,一喙水,,,,一口水,,
,,,,一條弓蕉,,,,一条香蕉,,
,,,,一本書,,,,一本书,,
,,,,一支手機,,,,一只手机,,
,,,,一支鎖匙,,,,一把钥匙,,
,,,,一個銀,,,,一元 | 一块钱,,
,,,,一領被,,,,一席被子,,
,,,,一個鋪,,,,一张床,,
,,,,一個鐘頭,,,,一个小时,,
,,,,一副衫褲,,,,一套衣服,,
,,,,一腰裙,,,,一件裙子,,
,,,,一尾魚,,,,一条鱼,,
,,,,一墩物件,,,,一堆东西,,
,,,,一橛蔗,,,,一截甘蔗,,
,,,,一葩電火,,,,一盏电灯,,
,,,,一跤箸,,,,一支筷子,,
,,,,一雙箸,,,,一双筷子,,
,,,,一腹火,,,,一肚子火,,
,,,,一脬屎,,,,一坨屎,,
,,,,一脬尿,,,,一泡尿,,
,,,,一逝路,,,,一趟路,,
,,,,一丸塗,,,,一团泥土,,
,,,,一過,,,,一遍,,
,,,,立春,,,,立春,,
,,,,雨水,,,,雨水,,
,,,,驚蟄,,,,惊蛰,,
,,,,春分,,,,春分,,
,,,,清明,,,,清明,,
,,,,谷雨,,,,谷雨,,
,,,,立夏,,,,立夏,,
,,,,小滿,,,,小满,,
,,,,芒種,,,,芒种,,
,,,,夏至,,,,夏至,,
,,,,小暑,,,,小暑,,
,,,,立秋,,,,立秋,,
,,,,處暑,,,,处暑,,
,,,,白露,,,,白露,,
,,,,秋分,,,,秋分,,
,,,,寒露,,,,寒露,,
,,,,霜降,,,,霜降,,
,,,,立冬,,,,立冬,,
,,,,小雪,,,,小雪,,
,,,,大雪,,,,大雪,,
,,,,小寒,,,,小寒,,
,,,,大寒,,,,大寒,,
,,,,元宵節,,,,元宵节,,
,,,,春節,,,,春节,,
,,,,重陽,,,,重阳节,,
,,,,清明節,,,,清明节,,
,,,,方位,,,,方位,,
,,,,頭前,,,,前面,,
,,,,鯁,,,,鲠 | 卡,,
,,,,虎耳草,,,,虎耳草,,
,,,,礦物,,,,矿物,,
,,,,化石,,,,化石,,
,,,,原油,,,,原油,,
,,,,燃料,,,,燃料,,
,,,,金屬,,,,金属,,
,,,,金銀財寶,,,,金银财宝,,
,,,,鋼鐵,,,,钢铁,,
,,,,蘇打,,,,苏打,,
,,,,蠟,,,,蜡,,
,,,,硫磺,,,,硫磺,,
,,,,砒霜,,,,砒霜,,
,,,,轉南風,,,,回南天来了,,
,,,,烏寒雨,,,,阴天且寒冷的下雨天气,,
,,,,臭酸,,,,酸臭味,,
,,,,臭生,,,,生臭味,,
,,,,活神,,,,灵活有神,,
,,,,雨傘節,,,,雨伞节 | 银环蛇,,
,,,,枯蠅,,,,蚤蝇 | 果蝇,,
,,,,絲丁魚,,,,豆腐鱼 | 龙头鱼 | 硬鱼,,
,,,,塗虱,,,,胡子鲶,,
,,,,黃牆,,,,黄鳍鲷,,
,,,,軟甘,,,,杜氏𫚕,,
,,,,沙尖,,,,多鳞𬶮 | 沙鲮,,
,,,,龍箭,,,,鲮鱼,,
,,,,石剎,,,,松鲷,,
,,,,淡角魚,,,,鲬鱼 | 辫子鱼,,
,,,,海蜇,,,,海蜇,,
,,,,蚶,,,,蚶子,,
,,,,蜆,,,,蛤蜊,,
,,,,青匙,,,,绿壳菜蛤,,
,,,,青蛤,,,,环文蛤,,
,,,,毛蚶,,,,毛蚶,,
,,,,指甲螳,,,,蛏子,,
,,,,上海青,,,,上海青,,
,,,,芥藍,,,,芥蓝,,
,,,,鳥梨,,,,鸟梨,,
,,,,飛天蜈蚣,,,,百足草 | 竹节蓼,,
,,,,刺莧,,,,刺苋,,
,,,,燈籠草,,,,苦蘵,,
,,,,貓鬚草,,,,猫须草,,
,,,,白花蛇舌草,,,,白花蛇舌草,,
,,,,白花蟛蜞草,,,,白花蟛蜞草,,
,,,,三十夜,,,,除夕,,
,,,,煲藥,,,,熬药,,
,,,,摔,,,,抽打,,
,,,,tiù竹囝,,,,挨藤条,,
,🤦,,,揞面,,,,掩面,,
,,,,掃面龐,,,,扇耳光,,
,,,,抶手,,,,打手心,,
,,,,爬,,,,挠 | 搔,,
,,,,紅肉,,,,红肉蓝蛤,,
,,,,尖螺,,,,锥螺,,
,,,,無頭藤,,,,无根藤,,
,,,,盐酸鸡囝,,,,酢酱草,,
,,,,食齋菜,,,,吃斋菜,,
,,,,食七樣菜,,,,吃七样菜,,
,,,,食蔗,,,,吃甘蔗,,
,,,,食青草飯,,,,吃青草饭,,
,,,,食硬殼餅,,,,吃硬壳饼,,
,,,,食飯茶,,,,吃饭茶,,
,,,,食梔粽,,,,吃栀粽,,
,,,,食梔粿,,,,吃栀粿,,
,,,,洗午時水,,,,用午时水洗脸洗澡,,
,,,,出花園,,,,出花园,,
,,,,拜月娘,,,,拜月亮,,
,,,,食雞湯,,,,吃鸡汤,,
,,,,食冬節丸,,,,吃冬至丸,,
,,,,食羊肉,,,,吃羊肉,,
,,,,食羊血,,,,喝羊血,,
,,,,食團圓飯,,,,吃团圆饭,,
,,,,壓腰錢,,,,压岁钱,,
,,,,敲英歌,,,,英歌舞表演,,
,,,,咒誓,,,,发誓赌咒,,
,,,,痟,,,,疯子,,
,,,,神經,,,,神经病,,
,,,,腦孬,,,,脑子坏了,,
,,,,破脑囝,,,,弱智,,
,,,,哭呻,,,,哭喊,,
,,,,哭父死母,,,,哭爹喊娘,,
,,,,咋死人,,,,吵死了,,
,,,,鬼囝 | 鬼卒囝,,,,小鬼,,
,,,,鬼然然,,,,像鬼一样,,
,,,,鬼囉作禍,,,,鬼在作祟,,
,,,,妖怪精,,,,妖怪,,
,,,,去死掉掉,,,,去死吧,,
,,,,臭膣,,,,臭婊子,,
,,,,豺狗,,,,狗腿子,,
,,,,無卵,,,,没胆量,,
,,,,無腦,,,,没脑子,,
,,,,𠀾好,,,,不会好,,
,,,,痞囝,,,,流氓 | 痞子,,
,,,,破家囝,,,,败家子,,
,,,,痴哥囝,,,,色狼,,
,,,,我無閒,,,,我没空,,
,,,,走街邊,,,,摆地摊,,
,,,,汝愛去怎樣麼緊,,,,你赶着去干嘛,,
,,,,勿此樣生,,,,不要这样,,
,,,,知收煞,,,,适可而止,,
,,,,毋別世代,,,,不懂事,,
,,,,無變,,,,没有办法,,
,,,,堵著無變,,,,逃不掉,,
,,,,無奈何,,,,无可奈何,,
,,,,呾死無會變,,,,冥顽不灵,,
,,,,橂過石部,,,,比石头还硬,,
,,,,三斗油麻倒無一粒落耳,,,,耳边风,,
,,,,見笑 | 瀉衰人,,,,丟人,,
,,,,無目睇,,,,不想看,,
,,,,鴨囝聽雷,,,,听不懂 | 鸭子听雷,,
,,,,平安當大趁,,,,平安是福,,
,,,,大細目,,,,偏心,,
,,,,平樣平樣,,,,一模一样,,
,,,,勞生拚死,,,,拼死拼活,,
,,,,乞鬼侵著,,,,鬼附身,,
,,,,食呾會，躕人強,,,,能吃会说还很顽皮,,
,,,,無會少禮,,,,不害臊,,
,,,,暗過魂宫,,,,比阴间还暗,,
,,,,雙目囥著褲底,,,,双眼藏在裤子底下,,
,,,,戅過隻鴨,,,,比鸭子还戆,,
,,,,一樣糜飯飼千外樣人,,,,一样的米饭养了上千种人,,
,,,,三更想，半暝反,,,,三更想这样，半夜又反过来那样,,
,,,,過跤事知歇,,,,过去的事就不要再提了,,
,,,,刣雞教猴,,,,杀鸡儆猴,,
,,,,勿踟躕我,,,,别缠着我,,
,,,,老過伯爺,,,,比土地公还老,,
,,,,假力洗茶渣,,,,装勤奋去洗茶渣,,
,,,,死無命凝,,,,冷死了,,
,,,,富到流油,,,,很富有,,
,,,,千人千般苦，無人苦平樣,,,,一千个人有一千种苦，没有人的苦是一样的,,
,🦆,,,鴨囝,,,,鸭子,,
,,,https://images.langmap.io/e9147980-f261-41c8-afe5-36eb971ee206.webp,鸚哥魚,,,,洛神项鳍鱼,,
,,,,竹仔魚,,,,绿鳍马面鲀,,
,,,,鳥飛會落毛，人行有跤跡,,,,鸟飞过会掉落羽毛，人走过会有脚印,,
,,,,蟹有橂奅，人有碩㦙,,,,有人聪明有人笨,,
,,,,客情好過吊頷鬼,,,,待客比吊死鬼还热情,,
,,,,貓兒無葷無著厝，鴨囝無粟無會過暝,,,,小猫没有荤菜就不在家，小鸭没有稻粒就不过夜,,
,,,,衰雞無會食粟,,,,病鸡吃不下稻粒,,
,,,,無會死大破相,,,,不死也会头破血流,,
,,,https://images.langmap.io/df43bd8c-c970-4aa1-a9aa-10d5714d8cc5.webp,烏點龜,,,,,,
,,,https://images.langmap.io/03460189-cf02-471c-b353-39a254b6b2bd.webp,蝘悲蟬,,,,蟪蛄,,
,🫒,,,橄欖,,,,橄榄,,
,,,https://images.langmap.io/060867f5-47ba-48e2-8d22-85ee556efe6d.webp,畚斗,,,,垃圾铲,,
,,,,,,,来事,,,
,,,,臭尿薟,,,,尿骚味,,
,,,,通來通好 | 愈來愈好,,,,越来越好,,
,,,,通下行，通下食,,,,边走边吃,,
,,,,siãn,,,,累,,
,,,,了有呢,,,,有这事吗,,
,,,,百潲有,,,,什么都有,,
,,,,káiⁿ-chhèng-chhèng,,,,自以为是,,
,,,,半桶屎 | 半桶師,,,,半桶水,,
,,,,觸塗機,,,,推土机,,
,,,,厚塗車,,,,拖拉机,,
,,,,俯pau撐,,,,俯卧撑,,
,,,,孥囝角,,,,小孩子气,,
,,,,好角,,,,好人,,
,,,,車大炮 | 發潲,,,,吹牛,,
,,,,hiàⁿ氣,,,,不中用,,
,,,,放沙,,,,放鸽子,,
,,,,袂徛電,,,,掉电快 | 耗电快,,
,,,,舞,,,,搞,,
,,,,汝囉舞乜个,,,,你在搞什么,,
,,,,舞龍舞虎,,,,搞东搞西,,
,,,,lèng跤尾,,,,踮脚尖,,
,,,,番話鳥話,,,,外国语 | 听不懂的话,,
,,,,hè-hè,,,,散散的,,
,,,,凊彩 | zuãn,,,,随便,,
,,,,àiⁿ-hiōⁿ,,,,好像,,
,,,,無相絀,,,,不欺客,,
,,,,絀秤,,,,缺斤少两,,
,,,,絀遠了,,,,差远了,,
,,,,知頭知尾,,,,知道来龙去脉,,
,,,,搞搞震,,,,捣乱 | 搞破坏,,
,,,,搭,,,,暂放 | 委托,,
,,,,落葉,,,,落叶,,
,,,,hiâu,,,,奇怪,,
,,,,跤肢拳頭,,,,拳脚,,
,,,,椅斗,,,,凳子,,
,,,,浮雞母皮,,,,起鸡皮疙瘩,,
,,,,kîng,,,,油凝固,,
,,,,開勢是,,,,原来是,,
,,,,伊開勢是阮叔伯,,,,他原来是我们叔伯,,
,,,,拄鬥,,,,凑合 | 拼凑,,
,,,,kiâm-sî,,,,临时,,
,,,,kiâm拄鬥,,,,临时凑合,,
,,,,埋,,,,活埋,,
,,,,䃭,,,,掩埋,,
,,,,好臉,,,,爱面子,,
,,,,擔枷,,,,自找苦吃,,
,,,,牽成,,,,成全,,
,,,,一節路,,,,一段路,,
,,,,汕頭,,,,汕头,,
,,,,汕尾,,,,汕尾,,
,,,,佮汝卵事,,,,关你屁事,,
,,,,等下汝著肉痛,,,,等下你就会感到肉痛,,
,,,,香口膠,,,,口香糖,,
,,,,雪條,,,,冰棍,,
,🥤,,,汽水,,,,汽水,,
,,,,雪糕,,,,雪糕,,
,,,,我囉做乜个,,,,我在做什么,,
,,,,開喙呾話,,,,开口说话,,
,,,,伊是乜生樣,,,,她是什么样的 | 他是什么样的,,
,,,,加滴囝修飾,,,,加一点修饰,,
,,,,拜拜,,,,祭拜,,
,,,,拜拜,,,,再见,,
,,,,天地父母,,,,天地父母,,
,,,,七聖娘,,,,七圣娘,,
,,,,觀音娘,,,,观音娘娘,,
,,,,拍好地基,,,,打好地基,,
,,,,我汝伊,,,,我你他,,
,,,,算一算,,,,数一数,,
,,,,邏輯,,,,逻辑,,
,,,,語氣,,,,语气,,
,,,,人佮身體,,,,人和身体,,
,,,,親情佮稱呼,,,,亲缘和称呼,,
,,,,身體佮感官,,,,身体和感官,,
,,,,日常生活,,,,日常生活,,
,,,,煮食,,,,煮饭,,
,,,,穿衫褲,,,,穿衣服,,
,,,,在厝內,,,,在家里,,
,,,,出外口,,,,去外面,,
,,,,娛樂佮運動,,,,娱乐和运动,,
,,,,感知世界,,,,感知世界,,
,,,,地理佮方位,,,,地理和方位,,
,,,,深入文化,,,,深入文化,,
,,,,落地生根,,,,落地生根,,
,,,,陳,,,,陈,,
,,,,林,,,,林,,
,,,,蔡,,,,蔡,,
,,,,范,,,,范,,
,,,,黃,,,,黄,,
,,,,鄭,,,,郑,,
,,,,許,,,,许,,
,,,,吳,,,,吴,,
,,,,劉,,,,刘,,
,,,,郭,,,,郭,,
,,,,王,,,,王,,
,,,,汪,,,,汪,,
,,,,楊,,,,杨,,
,,,,張,,,,张,,
,,,,趙,,,,赵,,
,,,,周,,,,周,,
,,,,洪,,,,洪,,
,,,,卓,,,,卓,,
,,,,沈,,,,沈,,
,,,,溫,,,,温,,
,,,,鐘,,,,钟,,
,,,,姚,,,,姚,,
,,,,謝,,,,谢,,
,,,,尤,,,,尤,,
,,,,歐,,,,欧,,
,,,,余,,,,余,,
,,,,龔,,,,龚,,
,,,,口詞,,,,说法,,
,,,,第一印象,,,,第一印象,,
,,,,呾好話,,,,说好话,,
,,,,疑問,,,,疑问,,
,,,,添丁進財 | 財丁興旺,,,,人财两旺,,
,,,,做生理,,,,做生意,,
,,,,拍工,,,,打工,,
,,,,做工課,,,,做工作,,
,,,,做中,,,,做中介,,
,,,,跳經絲,,,,跳橡皮筋 | 跳皮筋,,
,,,,凍露,,,,被寒露侵袭,,
,,,,崎,,,,山坡,,
,,,,坑,,,,坑 | 山谷,,
,,,,嶺,,,,山岭,,
,,,,岑,,,,岑,,
,,,,墟,,,,墟,,
,,,,壩,,,,沙洲,,
,,,,潭,,,,潭,,
,,,,溪,,,,溪,,
,,,,江,,,,江,,
,,,,河,,,,河,,
,,,,湖,,,,湖,,
,,,,海,,,,海,,
,,,,海拔,,,,海拔,,
,,,,洲,,,,洲,,
,,,,港,,,,港,,
,,,,灣,,,,湾,,
,,,,溝,,,,沟,,
,,,,渠,,,,渠,,
,,,,浦,,,,浦,,
,,,,澳,,,,澳,,
,,,,汕,,,,汕,,
,,,,拖磨,,,,劳累,,
,,,,嵁硈,,,,坎坷,,
,,,,夠衰,,,,太惨,,
,,,,將才,,,,魁梧,,
,,,,傻,,,,傻瓜,,
,,,,算囉算囉,,,,算了算了,,
,,,,道歉,,,,道歉,,
,,,,免客氣,,,,不用客气,,
,,,,有閒來食茶,,,,有空来喝茶,,
,,,,腊蔗,,,,乌腊蔗,,
,,,,竹蔗,,,,竹蔗,,
,🍦,,,甜筒,,,,甜筒,,
,🪒,,,鬚刨,,,,剃须刀,,
,,,,掠沙蜢,,,,捉蜻蜓,,
,,,,掠金龜,,,,捉金龟子,,
,,,,通世儂,,,,一辈子 | 一世,,
,,,,大暑,,,,大暑,,
,,,,節假日,,,,节假日,,
,,,,時年八節,,,,时年八节,,
,,,,公忌節,,,,公忌节,,
,,,,拜公忌,,,,拜公忌,,
,,,,無彩,,,,可惜,,
,,,,khiám彩 | khiám-tshái,,,,万一,,
,,,,癩瘑糜烂,,,,污秽不堪,,
,,,,無奈寫作不得已,,,,无奈写作不得已,,
,,,,曾,,,,曾,,
,,,,程,,,,程,,
,,,,掛紙,,,,扫墓,,
,,,https://images.langmap.io/2b4704b6-9f11-4200-84de-f49a78d287ad.webp,芳菜,,,,圆叶油麦菜 | 孔雀菜,,
,,,,此爿,,,,这边,,
,,,,彼爿,,,,那边,,
,,,,一ûe | che̍k-ûe,,,,一半,,
,,,,祭,,,,狼吞虎咽,,
,,,,雨沃日曝,,,,日晒雨淋,,
,,,,烏溶汁漿,,,,泥泞不堪,,
,,,,㪗開,,,,解开,,
,,,,落雨㴷渧,,,,下雨使得路面湿润,,
,,,,臭羶味,,,,动物体臭味,,
,,,,相共,,,,共同,,
,,,,較,,,,比较,,
,,,,哇浪,,,,哇塞,,
,,,,三山國王,,,,三山国王,,
,,,,財神爺,,,,财神爷,,
,,,,地主爺,,,,地主爷,,
,,,,百姓公,,,,百姓公,,
,,,,灶公,,,,灶君,,
,,,,皇帝公,,,,皇帝公,,
,,,,城隍公,,,,城隍老爷,,
,,,,五穀公,,,,五谷公,,
,,,,慈悲娘,,,,慈悲娘,,
,,,,佛祖,,,,佛祖,,
,,,,達摩祖師,,,,达摩祖师,,
,,,,元天上帝,,,,元天上帝,,
,,,,水仙大帝,,,,水仙大帝,,
,,,,汾陽王帝,,,,汾阳王帝,,
,,,,王爺公 | 王公 | 隴尾王爺,,,,陇尾王爷,,
,,,,關公,,,,关公,,
,,,,八仙公,,,,八仙公,,
,,,,伯公 | 福德老爺,,,,土地公,,
,,,,註生娘,,,,注生娘娘,,
,,,,喫蔗,,,,啃甘蔗,,
,,,,腦痹痹,,,,麻痹大意,,
,,,,關汝卵事,,,,与你何干,,
,,,,雙目望無一寸長,,,,鼠目寸光,,
,,,,閒過仙,,,,比神仙还闲,,
,,,,兩間直,,,,两间直,,
,,,,獨跤靴,,,,独脚靴,,
,,,,下山虎,,,,下山虎,,
,,,,四點金,,,,四点金,,
,,,,竹竿厝,,,,竹竿厝,,
,,,,駟馬拖車,,,,驷马拖车,,
,,,,寮,,,,寮,,
,,,,厝手,,,,厢房,,
,,,,時處,,,,,,
,,,,乜个時處了,,,,什么时候了,,
,,,,tsú-kàu,,,,稳固,,
,,,,tsú-kàu,,,,靠谱,靠譜,
,,,,喙尖舌囝利,,,,牙尖嘴利,,
,,,,問到支柄好擎,,,,打破沙锅问到底,,
,,,,差豬差狗，不如家己走,,,,求人不如求己,,
,,,,通街市獵無,,,,走遍整条街都找不到,,
,,,,lau壁伯呾話,,,,跟墙壁说话,,
,,,,阿龜笑阿鱉,,,,五十步笑百步,,
,,,,後生擔石，老人食藥,,,,年轻拼过头，老来病缠身,,
,,,,,kei,,,,,
,,,,, a ma,,,,,
,,,,,kei mu,,,,,
,,,,,nang mu,,,,,
,,,,,a mu,,,,,
,,,,,hii hi,,,,,
,,,,,tou hi,,,,,
,,,,,hi tou va,,,,,
,,,,,tou va,,,,,
,,,,,kuu haa,,,,,
,,,,,ii haa,,,,,
,,,,,khoi a haa,,,,,
,,,,,ii tik laai,,,,,
,,,,,ii tin haa,,,,,
凳頭,,,,,,,,,,
,,,,褪褲放屁 — 假工夫,,,,,,
,,,,閻羅王出告示 — 無句人話,,,,,,
大娘,,,,,,,,,,
,,,,tiù,,,,,,
,,,,醫生開了棺材舖 — 死活都愛錢,,,,,,
,,,,蘇州,,,,,,
,,,,㨹,,,,,,
,,,,青暝睇天 — 張樣張相,,,,,,
,,,,𠡒,,,,,,
,,,,竹葉包沙 — 假壯,,,,,,
自來火,,,,,,,,,,
,,,,呾破無酒食,,,,,,
,,,,有錢買蠓香，無錢買蠓罩 — 會算無會除,,,,,,
,,,,ēⁿ,,,,,,
,☔️,,,,,,,,,
,⚡️,,,,,,,,,
,❄️,,,,,,,,,
,,,,吐血死囝,,,,,,
,,,,菜頭粿熱單爿 — 自作多情,,,,,,
,,,,孥囝拍炮 — 又驚又好,,,,,,
,,,,茶薄人情厚，茶厚有禮貌,,,,,,
,,,,汝愛去底地,,,,,,
,,,,lau我做蜀kà,,,,,,
,,,,阿媽生諸母囝 — 生菇,,,,,,
饅頭,,,,,,,,,,
,,,,扣人囝,,,,,,
,,,,命物,,,,,,
,,,,和尚擎雨遮 — 無法無天,,,,,,
,,,,別地地,,,,,,
,,,,嗾？,,,,,,
,,,,How do you do，好事來堵,,,,,,
,,,,愛母著刻苦,,,,,,
,,,,喂,,,,,,
,,,,爐底碳 — 塊塊通,,,,,,
,,,,熟人免行生禮,,,,,,
,,,,涵空、涵孔,,,,,,
,,,,歪喙和尚 — 唸無一句正經,,,,,,
眼快脚手緊,,,,,,,,,,
,,,,面烏烏，喙臭臭,,,,,,
後生頭,,,,,,,,,,
,,,,替人死囝,,,,,,
,👷,,,,,,,,,
,,,,元宵燈籠 — 一肚火,,,,,,
孃姨丈,,,,,,,,,,
,,,,七角錢二人分 — 毋三毋四,,,,,,
,,,,山螟咬尾 — 食家己,,,,,,
,,,,兄獨目弟缺喙 — 大無好樣，細無好相,,,,,,
,,,,閻羅王賣假貨 — 騙鬼,,,,,,
,,,,一鼠二牛三虎四兔五龍六蛇七馬八羊九猴十雞十一狗十二豬,,,,,,
,,,,烏蔗,,,,,,
,,,,五行缺一 — 欠金,,,,,,
,,,,青暝點燈 — 照舊,,,,,,
,,,,喏,,,,,,
,,,,啊,,,,,,
,👱,,,,,,,,,
,,,,,,,,,,mui1
,,,,先這呾,,,,,,
,,,,哎,,,,,,
,,,,短命囝,,,,,,
,,,,茂生進酒 — 厚情,,,,,,
,,,,目汁是財，愈哭愈來,,,,,,
,,,,臭喙卵面,,,,,,
,,,,酒甕囝,,,,,,
,,,,交關,,,,,,
,,,,龍眼核拭尻川 — 賽道行,,,,,,
細佬頭,,,,,,,,,,
,,,,túi,,,,,,
,,,,老鼠心肝 — 頭食頭搬,,,,,,
,,,,橄欖尻川 — 坐毋恬,,,,,,
,👦🏽,,,,,,,,,
,,,,身長棺材短 — 屈死人,,,,,,
起屋老司,,,,,,,,,,
,,,,隔暝皇帝 — 無權勢,,,,,,
,,,,半天吊燈籠 —四搭无向,,,,,,
,,,,散哭父,,,,,,
,,,,囉,,,,,,
,,,,黑白電視 — 無彩,,,,,,
大娘頭,,,,,,,,,,
,,,,食人雞肉還人豬肉 — 物來物去,,,,,,
,,,,孥囝食奶 — 坐亭,,,,,,
,,,,青暝擎手電 — 各人各人善,,,,,,
,,,,青暝掠魚 — 散摸,,,,,,
,,,,大人彎，孥囝直,,,,,,
,,,,啞囝食黃連 — 有苦難言,,,,,,
,,,,卵屎話,,,,,,
,,,,請帖,,,,,,
,,,,東濠湧,,,,,,
,,,,狗母魚,,,,,,
,,,,時日,,,,,,
,,,,閻羅王嫁諸母囝 — 鬼正敢愛,,,,,,
,,,,秋瓜棚下無好人,,,,,,
,,,,腳車、跤車,,,,,,
,,,,怪卵,,,,,,
,,,,嗯,,,,,,
,,,,外地,,,,,,
,,,,十月芥菜 — 大䀌心,,,,,,
,,,,勿者樣生,,,,,,
,,,,肚痛,,,,,,
,,,,此塊,,,,,,
肚痛,,,,,,,,,,
,,,,hō,,,,,,
,,,,老人食豬跤 — 試味,,,,,,
,,,,ōiⁿ,,,,,,
,,,,鬼叫,,,,,,
,,,,雞跤長鴨跤短 — 有懸下,,,,,,
,,,,盖頭,,,,,,
,,,,賤,,,,,,
,,,,呾無半句是,,,,,,
,,,,大炮拍麻雀 — 騙伊驚,,,,,,
,,,,燈籠照路 — 目前光,,,,,,
,,,,呀,,,,,,
,,,,一人主張，毋如二人參詳,,,,,,
,,,,青暝睇電影 — 聽聲,,,,,,
,,,,九月狗吶日，無用諸娘理毋直,,,,,,
,,,,湧泉相報,,,,,,
,,,,狗母囝,,,,,,
外婆,,,,,,,,,,
,,,,六月蕃薯 — 雙死,,,,,,
,,,,怨食家神無保庇,,,,,,
,,,,暗室穿針 — 難過,,,,,,
,,,,棺材囝,,,,,,
,,,,hōiⁿ,,,,,,
聾耳朵,,,,,,,,,,
,🎎,,,,,,,,,
,,,,刀截蕹菜 — 二頭空,,,,,,
,,,,青暝睒鏡 — 無望,,,,,,
,,,,內仙囝 ,,,,,,
姑孃,,,,,,,,,,
,,,,柴目狗耳 — 假靈,,,,,,
,,,,錢囝毋使使大錢,,,,,,
,,,,下,,,,,,
,,,,嗐,,,,,,
,,,,,,,,,,nam2
,,,,祭屎祭䷀,,,,,,
嫂,,,,,,,,,,
,,,,啞人食苦瓜 — 有苦難言,,,,,,
,,,,火燒草料場 — 事出有因,,,,,,
,,,,金雞脫殼,,,,,,
,,,,未學行，先學飛,,,,,,
,,,,狗母蛇 — 假靈,,,,,,
,,,,師公和尚 — 毋同道,,,,,,
,,,,小郎遇著雨 — 積惡,,,,,,
,,,,來往,,,,,,
,,,,十惡囝,,,,,,
,,,,䷀囝,,,,,,
,,,,閻羅王請人 — 鬼正敢食 ,,,,,,
後生,,,,,,,,,,
,,,,三個半錢 — 趕勢,,,,,,
蚊蟲,,,,,,,,,,
,,,,老人跤纏 — 又長又臭,,,,,,
,,,,半路死囝,,,,,,
,,,,䷀落,,,,,,
,,,,鬼簿無名 — 免死,,,,,,
,,,,件物件搭汝下,,,,,,
,,,,祭屎祭hē,,,,,,
,,,,彼塊,,,,,,
,,,,,,,近来,,,
,,,,陳林李蔡，天下佔一半,,,,,,
,,,,老婆个阿兄 — 痴哥,,,,,,
,,,,人熟禮毋熟,,,,,,
木匠人,,,,,,,,,,
,,,,食夜昏、食暝昏,,,,,,
鼓號,,,,,,,,,,
木匠,,,,,,,,,,
,,,,抶,,,,,,
,,,,別地,,,,,,
,,,,無好家神通外鬼,,,,,,
,,,,火燒豬頭 — 熟面熟面,,,,,,
,,,,水仙不開花 — 裝蒜,,,,,,
,,,,嬭、奶,,,,,,
,,,,唵,,,,,,
,,,,碩入無碩出,,,,,,
,,,,ō,,,,,,
大孃,,,,,,,,,,
木匠老司,,,,,,,,,,
,,,,毋記得tsah來,,,,,,
口舌,,,,,,,,,,
,,,,大肚水蛙 — 假鮭,,,,,,
,,,,老鼠跋落粟倉 — 倒好,,,,,,
,,,,三十歲無妻是孩童,,,,,,
椅,,,,,,,,,,
桌,,,,,,,,,,
,,,,䷀䷀,,,,,,
,,,,,,,,,,nai1
,,,,吐屎,,,,,,
懶椅,,,,,,,,,,
,,,,dng⁷,,,,,,
,,,,早死囝,,,,,,
家孃新婦,,,,,,,,,,
麪包,,,,,,,,,,
,,,,五月龍船 — 相鬥,,,,,,
,,,,地名,,,,,,
,,,,天頂滴鳥屎 — 無好相覓,,,,,,
,,,,六月薄殼 — 假大頭,,,,,,
,,,,樹大分椏，囝大分家,,,,,,
泥水人,,,,,,,,,,
,,,,哇,,,,,,
,,,,風吹牆頭草 — 就勢倚勢,,,,,,
,,,,零星,,,,,,
夜遊,,,,,,,,,,
,,,,卵屎人,,,,,,
,,,,過關送文憑 — 做人情,,,,,,
,,,,人客,,,,,,
,,,,十八棚頭做到透,,,,,,
,,,,菜頭面刺無血 — 面皮厚,,,,,,
,,,,疑心生暗鬼,,,,,,
糖梗,,,,,,,,,,
,,,,油䭔,,,,,,
,,,,軟過豆腐,,,,,,
,,,,白目噯,,,,,,
,,,,羊尾短短，遮毋著羊尻川,,,,,,
,,,,膣精,,,,,,
姑孃嫂,,,,,,,,,,
,,,,水䀇,,,,,,
,,,,嫁諸母囝娶新婦 — 出入平安,,,,,,
,,,,六月芥菜 — 假有心,,,,,,
,,,,哼,,,,,,
,,,,三跤椅囝毋知䆀,,,,,,
,,,,無跤蟹,,,,,,
,,,,棺材頭畫老虎 — 驚死人,,,,,,
,,,,綴病人,,,,,,
,,,,喔,,,,,,
,,,,li̍h-lop,,,,,,
,,,,青暝娶母 — 稱重,,,,,,
,,,,十二碗圓食賰一粒 — 假客氣,,,,,,
,,,,烏面神,,,,,,
,,,,肏母囝,,,,,,
,,,,老婆跋落水 — 淒涼,,,,,,
,,,,和尚抹粉 — 白勞,,,,,,
